pengirim,teks_chat,label_intent,chat_sebelumnya,daftar_pemain,target
Tono,"Nggak ada, aku cuma malas ngetik. Kalau kalian curiga vote aku saja sekarang.",offend,"[{""pengirim"":""Budi"",""teks_chat"":""Tono belum mengetik sejak diskusi dibuka. Apa ada kendala?"",""label_intent"":""neutral"",""target"":[]}]","[""Tono"",""Budi""]","[{""pemain"":""Tono"",""relasi"":""offend""}]"
Caca,"Langsung vote Doni aja guys, feeling aku dia Hitman.",offend,[],"[""Caca"",""Doni""]","[{""pemain"":""Doni"",""relasi"":""offend""}]"
Eka,Aku setuju dengan tuduhan itu. Aku ingin vote dia kalau tidak ada penjelasan yang masuk akal.,offend,"[{""pengirim"":""Eka"",""teks_chat"":""Ada klaim penggunaan skill semalam yang ingin dibagikan?"",""label_intent"":""neutral"",""target"":[]},{""pengirim"":""Hani"",""teks_chat"":""Aku belum membaca klaim baru."",""label_intent"":""neutral"",""target"":[]},{""pengirim"":""Fajar"",""teks_chat"":""Kita beri waktu pemain menyusun pesannya."",""label_intent"":""neutral"",""target"":[]},{""pengirim"":""Eka"",""teks_chat"":""Klaim itu nanti tetap perlu dibandingkan dengan aturan role."",""label_intent"":""neutral"",""target"":[]},{""pengirim"":""Hani"",""teks_chat"":""Iya, konsistensi cerita bisa diperiksa dari chat."",""label_intent"":""neutral"",""target"":[]},{""pengirim"":""Fajar"",""teks_chat"":""Gilang tadi mengaku Spy, lalu Stalker. Aku curiga Gilang Hitman."",""label_intent"":""offend"",""target"":[{""pemain"":""Gilang"",""relasi"":""offend""}]},{""pengirim"":""Hani"",""teks_chat"":""Ada penjelasan kenapa klaimnya berubah?"",""label_intent"":""neutral"",""target"":[]},{""pengirim"":""Eka"",""teks_chat"":""Aku belum lihat dia jelasin kenapa klaimnya berubah."",""label_intent"":""neutral"",""target"":[]},{""pengirim"":""Fajar"",""teks_chat"":""Aku juga belum, kedua klaimnya masih berbeda."",""label_intent"":""neutral"",""target"":[]},{""pengirim"":""Hani"",""teks_chat"":""Berarti kita bisa meminta penjelasan dari orangnya."",""label_intent"":""neutral"",""target"":[]},{""pengirim"":""Eka"",""teks_chat"":""Kita tidak melihat role asli, tetapi ketidaksesuaian ucapannya jelas."",""label_intent"":""neutral"",""target"":[]},{""pengirim"":""Fajar"",""teks_chat"":""Aku masih curiga dia sedang mengarang untuk cari aman."",""label_intent"":""offend"",""target"":[{""pemain"":""Gilang"",""relasi"":""offend""}]}]","[""Eka"",""Fajar"",""Gilang"",""Hani""]","[{""pemain"":""Gilang"",""relasi"":""offend""}]"
Hana,Aku curiga dia Hitman yang sengaja mengubah arah tuduhan.,offend,"[{""pengirim"":""Hana"",""teks_chat"":""Siapa yang menarik ajakan vote di chat tadi?"",""label_intent"":""neutral"",""target"":[]},{""pengirim"":""Kevin"",""teks_chat"":""Ivan dan Jojo sama-sama menarik ajakan votenya."",""label_intent"":""neutral"",""target"":[]},{""pengirim"":""Ivan"",""teks_chat"":""Aku ragu dengan alasannya, jadi menarik ajakan itu."",""label_intent"":""neutral"",""target"":[]},{""pengirim"":""Jojo"",""teks_chat"":""Aku juga belum punya alasan kuat."",""label_intent"":""neutral"",""target"":[]},{""pengirim"":""Kevin"",""teks_chat"":""Tapi perpindahannya barengan gitu."",""label_intent"":""neutral"",""target"":[]},{""pengirim"":""Ivan"",""teks_chat"":""Kami sama-sama berubah pikiran, tetapi belum menjelaskan alasannya satu per satu."",""label_intent"":""neutral"",""target"":[]}]","[""Ivan"",""Jojo"",""Hana"",""Kevin""]","[{""pemain"":""tidak_diketahui"",""relasi"":""offend""}]"
Nisa,"Aku tetap curiga Lani dan Maya, alasan mereka berubah setelah ditanya. Aku ingin vote keduanya.",offend,"[{""pengirim"":""Nisa"",""teks_chat"":""Lani dan Maya, kenapa kalian sama-sama menarik ajakan vote?"",""label_intent"":""neutral"",""target"":[]},{""pengirim"":""Lani"",""teks_chat"":""Aku sdh membaca jawaban yang membuat dugaan awalku lemah."",""label_intent"":""neutral"",""target"":[]},{""pengirim"":""Maya"",""teks_chat"":""Aku juga berubah pikiran setelah membaca jawaban itu."",""label_intent"":""neutral"",""target"":[]},{""pengirim"":""Nisa"",""teks_chat"":""Kalian sebelumnya mengaku sudah membaca semua pesan, kan?"",""label_intent"":""neutral"",""target"":[]},{""pengirim"":""Lani"",""teks_chat"":""Ada satu pesan yang ternyata terlewat."",""label_intent"":""neutral"",""target"":[]},{""pengirim"":""Maya"",""teks_chat"":""Aku juga baru melihatnya belakangan."",""label_intent"":""neutral"",""target"":[]},{""pengirim"":""Nisa"",""teks_chat"":""Aku curiga kalian berdua Hitman yang sedang mengganti cerita."",""label_intent"":""offend"",""target"":[{""pemain"":""Lani"",""relasi"":""offend""},{""pemain"":""Maya"",""relasi"":""offend""}]},{""pengirim"":""Lani"",""teks_chat"":""Aku bukan Hitman. Aku mengoreksi dugaan yang kurang teliti."",""label_intent"":""defend"",""target"":[{""pemain"":""Lani"",""relasi"":""defend""}]},{""pengirim"":""Maya"",""teks_chat"":""Aku juga tidak bersalah, perubahan pendapatku bukan untuk menjebak orang."",""label_intent"":""defend"",""target"":[{""pemain"":""Maya"",""relasi"":""defend""}]}]","[""Lani"",""Maya"",""Nisa""]","[{""pemain"":""Lani"",""relasi"":""offend""},{""pemain"":""Maya"",""relasi"":""offend""}]"
Oki,Aku tarik pembelaanku. Aku curiga Putri Hitman karena pilihan Guard yang diklaim bertentangan dengan aturan.,offend,"[{""pengirim"":""Qori"",""teks_chat"":""Putri mengaku Spy tetapi belum menjelaskan pilihan Guard. Aku curiga Putri."",""label_intent"":""offend"",""target"":[{""pemain"":""Putri"",""relasi"":""offend""}]},{""pengirim"":""Putri"",""teks_chat"":""Aku bukan Hitman. Aku mengaku memilih Guard untuk Oki semalam."",""label_intent"":""defend"",""target"":[{""pemain"":""Putri"",""relasi"":""defend""}]},{""pengirim"":""Oki"",""teks_chat"":""Aku belum bisa memastikan klaim itu dari chat saja."",""label_intent"":""neutral"",""target"":[]},{""pengirim"":""Oki"",""teks_chat"":""Tetapi Putri belum pantas dituduh; belum ada kontradiksi dalam klaimnya."",""label_intent"":""defend"",""target"":[{""pemain"":""Putri"",""relasi"":""defend""}]},{""pengirim"":""Qori"",""teks_chat"":""Bagaimana pilihan Guard pada malam sebelumnya?"",""label_intent"":""neutral"",""target"":[]},{""pengirim"":""Oki"",""teks_chat"":""Iya, itu penting untuk memeriksa konsistensi klaimnya."",""label_intent"":""neutral"",""target"":[]},{""pengirim"":""Putri"",""teks_chat"":""Malam sebelumnya aku juga memilih Oki."",""label_intent"":""neutral"",""target"":[]},{""pengirim"":""Qori"",""teks_chat"":""Spy tidak bisa memilih target sama dua malam berturut-turut."",""label_intent"":""neutral"",""target"":[]},{""pengirim"":""Putri"",""teks_chat"":""Aku salah ingat malam yang kumaksud."",""label_intent"":""neutral"",""target"":[]},{""pengirim"":""Qori"",""teks_chat"":""Ceritanya langsung berubah begitu ketahuan nggak cocok."",""label_intent"":""neutral"",""target"":[]}]","[""Oki"",""Putri"",""Qori""]","[{""pemain"":""Putri"",""relasi"":""offend""}]"
Raka,"Siska jelas bukan Hitman, justru Tio yang alasannya dari tadi nggak nyambung, vote Tio aja.",offend,"[{""pengirim"":""Udin"",""teks_chat"":""Gimana nih, waktu diskusinya mau abis."",""label_intent"":""neutral"",""target"":[]},{""pengirim"":""Tio"",""teks_chat"":""Aku tetep curiga sama Siska, omongannya nggak konsisten."",""label_intent"":""offend"",""target"":[{""pemain"":""Siska"",""relasi"":""offend""}]},{""pengirim"":""Siska"",""teks_chat"":""Aku bukan Hitman. Bagian mana dari ucapanku yang menurutmu tidak konsisten?"",""label_intent"":""defend"",""target"":[{""pemain"":""Siska"",""relasi"":""defend""}]},{""pengirim"":""Tio"",""teks_chat"":""Tadi kamu bilang belum nentuin mau vote siapa, terus tiba-tiba nyebut nama. Itu yang aneh."",""label_intent"":""offend"",""target"":[{""pemain"":""Siska"",""relasi"":""offend""}]},{""pengirim"":""Raka"",""teks_chat"":""Menurutku Siska wajar aja kok ngomong gitu."",""label_intent"":""defend"",""target"":[{""pemain"":""Siska"",""relasi"":""defend""}]},{""pengirim"":""Tio"",""teks_chat"":""Kamu nutupin dia ya Raka?"",""label_intent"":""offend"",""target"":[{""pemain"":""Raka"",""relasi"":""offend""}]},{""pengirim"":""Raka"",""teks_chat"":""Aku hanya menilai alasan tuduhannya belum cukup kuat."",""label_intent"":""defend"",""target"":[{""pemain"":""Raka"",""relasi"":""defend""},{""pemain"":""Siska"",""relasi"":""defend""}]},{""pengirim"":""Siska"",""teks_chat"":""Aku bukan Hitman. Mengubah dugaan setelah membaca chat baru itu wajar."",""label_intent"":""defend"",""target"":[{""pemain"":""Siska"",""relasi"":""defend""}]},{""pengirim"":""Tio"",""teks_chat"":""Claim doang nggak cukup."",""label_intent"":""neutral"",""target"":[]},{""pengirim"":""Raka"",""teks_chat"":""Tio, coba jelaskan alasan tuduhanmu tadi."",""label_intent"":""neutral"",""target"":[]},{""pengirim"":""Tio"",""teks_chat"":""Aku hanya merasa perubahan ajakan vote itu mencurigakan."",""label_intent"":""offend"",""target"":[{""pemain"":""Siska"",""relasi"":""offend""}]},{""pengirim"":""Siska"",""teks_chat"":""Ada alasan lain selain perubahan pendapat?"",""label_intent"":""neutral"",""target"":[]}]","[""Raka"",""Siska"",""Tio"",""Udin""]","[{""pemain"":""Siska"",""relasi"":""defend""},{""pemain"":""Tio"",""relasi"":""offend""}]"
Umar,Aku tetap curiga dia Hitman karena klaimnya berubah dan belum dijelaskan dengan baik.,offend,"[{""pengirim"":""Wira"",""teks_chat"":""Ada klaim role yang berubah di chat tadi?"",""label_intent"":""neutral"",""target"":[]},{""pengirim"":""Umar"",""teks_chat"":""Aku belum selesai membaca semuanya."",""label_intent"":""neutral"",""target"":[]},{""pengirim"":""Yayan"",""teks_chat"":""Aku melihat ada dua klaim berbeda dari satu pengirim."",""label_intent"":""neutral"",""target"":[]},{""pengirim"":""Wira"",""teks_chat"":""Klaim apa yang dimaksud?"",""label_intent"":""neutral"",""target"":[]},{""pengirim"":""Umar"",""teks_chat"":""Kita sebutkan isi pesannya dulu supaya jelas."",""label_intent"":""neutral"",""target"":[]},{""pengirim"":""Wira"",""teks_chat"":""Vina sempat mengaku Spy lalu Stalker. Aku curiga Vina Hitman."",""label_intent"":""offend"",""target"":[{""pemain"":""Vina"",""relasi"":""offend""}]},{""pengirim"":""Vina"",""teks_chat"":""Aku bukan Hitman, pesan pertama salah ketik."",""label_intent"":""defend"",""target"":[{""pemain"":""Vina"",""relasi"":""defend""}]},{""pengirim"":""Umar"",""teks_chat"":""Terus, klaim mana yang sekarang kamu pertahankan?"",""label_intent"":""neutral"",""target"":[]},{""pengirim"":""Vina"",""teks_chat"":""Aku mengaku Stalker."",""label_intent"":""neutral"",""target"":[]},{""pengirim"":""Yayan"",""teks_chat"":""Kalau begitu, kapan kamu memakai Peek?"",""label_intent"":""neutral"",""target"":[]},{""pengirim"":""Wira"",""teks_chat"":""Aku juga ingin mendengar penjelasan penggunaan skillnya."",""label_intent"":""neutral"",""target"":[]},{""pengirim"":""Vina"",""teks_chat"":""Aku belum mau membuka hasilnya, tetapi aku bukan Hitman."",""label_intent"":""defend"",""target"":[{""pemain"":""Vina"",""relasi"":""defend""}]}]","[""Umar"",""Vina"",""Wira"",""Yayan""]","[{""pemain"":""Vina"",""relasi"":""offend""}]"
Yoga,Aku tetap curiga dia Hitman karena terlalu pasif dan ingin vote dia.,offend,"[{""pengirim"":""Zara"",""teks_chat"":""Eh bentar, dari tadi ada yang ngerasa kena Gag Order nggak?"",""label_intent"":""neutral"",""target"":[]},{""pengirim"":""Andi"",""teks_chat"":""Aku nggak, dari tadi masih bisa ngetik."",""label_intent"":""neutral"",""target"":[]},{""pengirim"":""Yoga"",""teks_chat"":""Aku juga aman. Terus semalam ada yang disandera nggak ya?"",""label_intent"":""neutral"",""target"":[]},{""pengirim"":""Zara"",""teks_chat"":""Belum ada yang tahu, belum ada yang ngaku kena juga."",""label_intent"":""neutral"",""target"":[]},{""pengirim"":""Andi"",""teks_chat"":""Semalam aku juga nggak dapat petunjuk apa-apa."",""label_intent"":""neutral"",""target"":[]},{""pengirim"":""Yoga"",""teks_chat"":""Berarti kita cuma bisa nilai dari obrolan siang ini."",""label_intent"":""neutral"",""target"":[]},{""pengirim"":""Zara"",""teks_chat"":""Iya, perhatiin aja siapa yang jarang ngetik."",""label_intent"":""neutral"",""target"":[]},{""pengirim"":""Andi"",""teks_chat"":""Saat siang juga kita belum tahu pasti penyebab diam seseorang."",""label_intent"":""neutral"",""target"":[]},{""pengirim"":""Yoga"",""teks_chat"":""Bisa tidak ingin mengetik atau masalah koneksi juga."",""label_intent"":""neutral"",""target"":[]},{""pengirim"":""Zara"",""teks_chat"":""Iya, jadi jangan buru-buru nyimpulin dari diamnya orang."",""label_intent"":""neutral"",""target"":[]},{""pengirim"":""Andi"",""teks_chat"":""Oke, soal itu cukup dulu deh."",""label_intent"":""neutral"",""target"":[]},{""pengirim"":""Zara"",""teks_chat"":""Kembali ke orang yang kita bahas sebelum soal Gag Order tadi."",""label_intent"":""neutral"",""target"":[]}]","[""Yoga"",""Zara"",""Andi"",""Bimo""]","[{""pemain"":""tidak_diketahui"",""relasi"":""offend""}]"
Coki,"Dari pengamatan Elsa soal dua klaim tadi, aku curiga Dena Hitman yang mengarang pilihan Guard. Aku ingin vote Dena.",offend,"[{""pengirim"":""Feri"",""teks_chat"":""Ada klaim Spy yang ingin kita periksa."",""label_intent"":""neutral"",""target"":[]},{""pengirim"":""Dena"",""teks_chat"":""Klaim dari siapa?"",""label_intent"":""neutral"",""target"":[]},{""pengirim"":""Feri"",""teks_chat"":""Klaimmu sendiri tentang pilihan Guard semalam."",""label_intent"":""neutral"",""target"":[]},{""pengirim"":""Elsa"",""teks_chat"":""Aku membaca Dena menyebut dua target berbeda untuk malam yang sama."",""label_intent"":""neutral"",""target"":[]},{""pengirim"":""Coki"",""teks_chat"":""Elsa, apa kedua pesannya masih ada di riwayat chat?"",""label_intent"":""neutral"",""target"":[]},{""pengirim"":""Elsa"",""teks_chat"":""Ada, satu menyebut Feri dan satu menyebut Coki."",""label_intent"":""neutral"",""target"":[]},{""pengirim"":""Dena"",""teks_chat"":""Pesan pertama salah ketik, yang kumaksud Coki."",""label_intent"":""neutral"",""target"":[]},{""pengirim"":""Coki"",""teks_chat"":""Kapan kamu memberi koreksi itu?"",""label_intent"":""neutral"",""target"":[]},{""pengirim"":""Dena"",""teks_chat"":""Aku bukan Hitman. Aku memang mengaku Spy, tetapi baru sekarang mengoreksinya."",""label_intent"":""defend"",""target"":[{""pemain"":""Dena"",""relasi"":""defend""}]},{""pengirim"":""Feri"",""teks_chat"":""Berarti koreksi baru muncul setelah perbedaannya ditanyakan."",""label_intent"":""neutral"",""target"":[]},{""pengirim"":""Elsa"",""teks_chat"":""Iya, itu urutan pesan yang kubaca."",""label_intent"":""neutral"",""target"":[]}]","[""Coki"",""Dena"",""Elsa"",""Feri""]","[{""pemain"":""Dena"",""relasi"":""offend""}]"
Agus,"Budi jelas bukan pelakunya, justru Citra yang dari tadi menuduh sembarangan tanpa bukti, ayo vote Citra!",offend,"[{""pengirim"":""Agus"",""teks_chat"":""Setelah malam selesai, aku masih belum tahu siapa sasaran Hostage."",""label_intent"":""neutral"",""target"":[]},{""pengirim"":""Budi"",""teks_chat"":""Belum ada yang tahu siapa yang disandera, mending nggak usah dibahas dulu."",""label_intent"":""neutral"",""target"":[]},{""pengirim"":""Citra"",""teks_chat"":""Budi, kamu buru-buru banget nyuruh kita berhenti bahas korban. Aku curiga kamu Hitman."",""label_intent"":""offend"",""target"":[{""pemain"":""Budi"",""relasi"":""offend""}]}]","[""Agus"",""Budi"",""Citra""]","[{""pemain"":""Budi"",""relasi"":""defend""},{""pemain"":""Citra"",""relasi"":""offend""}]"
Eka,Diam saja belum membuktikan Gita Hitman. Justru Fahmi yang aku curigai karena langsung mendorong tuduhan itu; aku pilih vote Fahmi.,offend,"[{""pengirim"":""Deni"",""teks_chat"":""Halo semua, ada yang terkena efek Gag Order tidak hari ini?"",""label_intent"":""neutral"",""target"":[]},{""pengirim"":""Eka"",""teks_chat"":""Aku aman, masih bisa mengetik dengan normal."",""label_intent"":""neutral"",""target"":[]},{""pengirim"":""Fahmi"",""teks_chat"":""Gita kok dari tadi diam saja, kamu terkena Gag Order ya?"",""label_intent"":""neutral"",""target"":[]},{""pengirim"":""Gita"",""teks_chat"":""Tidak, aku hanya menyimak diskusi kalian dari tadi."",""label_intent"":""neutral"",""target"":[]},{""pengirim"":""Deni"",""teks_chat"":""Aku curiga Gita Hitman, biasanya dia paling aktif diskusi, sekarang malah diam."",""label_intent"":""offend"",""target"":[{""pemain"":""Gita"",""relasi"":""offend""}]},{""pengirim"":""Fahmi"",""teks_chat"":""Iya benar, jangan-jangan dia Hitman yang sedang bersembunyi di balik diamnya."",""label_intent"":""offend"",""target"":[{""pemain"":""Gita"",""relasi"":""offend""}]}]","[""Deni"",""Eka"",""Fahmi"",""Gita""]","[{""pemain"":""Gita"",""relasi"":""defend""},{""pemain"":""Fahmi"",""relasi"":""offend""}]"
Hadi,"Kita turunkan saja dia sekarang, bahaya membiarkan orang provokasi begitu terus ada di permainan.",offend,"[{""pengirim"":""Hadi"",""teks_chat"":""Joko mengajak kita vote Intan tanpa alasan. Aku curiga Joko Hitman yang ingin mengarahkan vote."",""label_intent"":""offend"",""target"":[{""pemain"":""Joko"",""relasi"":""offend""}]},{""pengirim"":""Joko"",""teks_chat"":""Aku cuma mau melihat reaksi orang saja, siapa tahu ada yang panik."",""label_intent"":""defend"",""target"":[{""pemain"":""Joko"",""relasi"":""defend""}]},{""pengirim"":""Intan"",""teks_chat"":""Melihat reaksi bagaimana, kamu tidak ada bukti sama sekali untuk menuduhku."",""label_intent"":""defend"",""target"":[{""pemain"":""Intan"",""relasi"":""defend""}]},{""pengirim"":""Rina"",""teks_chat"":""Sangat bahaya kalau kita ikut vote tanpa dasar yang jelas."",""label_intent"":""neutral"",""target"":[]},{""pengirim"":""Joko"",""teks_chat"":""Aku tidak sedang memfitnah siapa pun; aku hanya mencoba melihat reaksi kalian."",""label_intent"":""defend"",""target"":[{""pemain"":""Joko"",""relasi"":""defend""}]},{""pengirim"":""Hadi"",""teks_chat"":""Tetapi caramu itu membuat keruh suasana diskusi sejak awal."",""label_intent"":""neutral"",""target"":[]},{""pengirim"":""Intan"",""teks_chat"":""Aku makin curiga dia Hitman, ajakan votenya tidak punya dasar."",""label_intent"":""offend"",""target"":[{""pemain"":""Joko"",""relasi"":""offend""}]},{""pengirim"":""Rina"",""teks_chat"":""Kita harus fokus mencari bukti nyata, bukan bermain tebak-tebakan."",""label_intent"":""neutral"",""target"":[]},{""pengirim"":""Joko"",""teks_chat"":""Aku bukan Hitman, kalian terlalu jauh menafsirkan caraku bertanya."",""label_intent"":""defend"",""target"":[{""pemain"":""Joko"",""relasi"":""defend""}]},{""pengirim"":""Hadi"",""teks_chat"":""Sikap masa bodohmu malah membuat semuanya semakin aneh."",""label_intent"":""neutral"",""target"":[]},{""pengirim"":""Intan"",""teks_chat"":""Aku juga curiga dia pelakunya karena terus menghindari pertanyaan soal alasan vote."",""label_intent"":""offend"",""target"":[{""pemain"":""Joko"",""relasi"":""offend""}]},{""pengirim"":""Rina"",""teks_chat"":""Jadi kita harus mengambil langkah apa sekarang? Waktu hampir habis."",""label_intent"":""neutral"",""target"":[]}]","[""Hadi"",""Intan"",""Joko"",""Rina""]","[{""pemain"":""Joko"",""relasi"":""offend""}]"
Maman,"Ah aku pusing memikirkan mekanik gamenya, kalian vote aku saja lah biar aku cepat keluar.",offend,"[{""pengirim"":""Kiki"",""teks_chat"":""Chat udah kebuka lagi nih, ada yang tahu semalam siapa yang disandera?"",""label_intent"":""neutral"",""target"":[]},{""pengirim"":""Lala"",""teks_chat"":""Belum ada yang tahu, dari tadi juga banyak yang diam."",""label_intent"":""neutral"",""target"":[]},{""pengirim"":""Maman"",""teks_chat"":""Berarti pemain yang diam belum tentu sengaja tidak ikut diskusi?"",""label_intent"":""neutral"",""target"":[]},{""pengirim"":""Maman"",""teks_chat"":""Aku jadi bingung membedakan yang pasif dan yang tidak bisa mengetik."",""label_intent"":""neutral"",""target"":[]}]","[""Kiki"",""Lala"",""Maman""]","[{""pemain"":""Maman"",""relasi"":""offend""}]"
Putra,Buat apa kita harus percaya sama orang yang target tuduhannya berganti terus setiap menit?,offend,"[{""pengirim"":""Nando"",""teks_chat"":""Opi tadi menuduh Putra, sekarang tiba-tiba menuduh Qila, maunya apa sebenarnya?"",""label_intent"":""offend"",""target"":[{""pemain"":""Opi"",""relasi"":""offend""}]},{""pengirim"":""Opi"",""teks_chat"":""Karena menurutku cara mereka berdua menjawab chat mencurigakan."",""label_intent"":""offend"",""target"":[{""pemain"":""Putra"",""relasi"":""offend""},{""pemain"":""Qila"",""relasi"":""offend""}]},{""pengirim"":""Putra"",""teks_chat"":""Aku tidak bersalah. Tuduhanmu kepadaku tidak disertai bukti."",""label_intent"":""defend"",""target"":[{""pemain"":""Putra"",""relasi"":""defend""}]},{""pengirim"":""Qila"",""teks_chat"":""Opi, kamu menuduh kami berdua agar perhatian beralih darimu. Aku curiga kamu Hitman."",""label_intent"":""offend"",""target"":[{""pemain"":""Opi"",""relasi"":""offend""}]},{""pengirim"":""Nando"",""teks_chat"":""Seharusnya kita fokus membahas satu per satu, jangan melompat-lompat target."",""label_intent"":""neutral"",""target"":[]},{""pengirim"":""Opi"",""teks_chat"":""Aku kan cuma menyampaikan hasil analisisku saja kepada kalian."",""label_intent"":""defend"",""target"":[{""pemain"":""Opi"",""relasi"":""defend""}]}]","[""Nando"",""Opi"",""Putra"",""Qila""]","[{""pemain"":""Opi"",""relasi"":""offend""}]"
Sinta,Umar belum pantas dituduh sebagai Hitman hanya karena telat menjawab. Justru Tomi yang terus memaksakan tuduhan; aku curiga Tomi dan ingin vote dia.,offend,"[{""pengirim"":""Sinta"",""teks_chat"":""Tomi tadi menuduh Rafi, sekarang berganti menuduh Umar."",""label_intent"":""neutral"",""target"":[]},{""pengirim"":""Tomi"",""teks_chat"":""Kan informasi yang kita dapat selalu berkembang, Sinta."",""label_intent"":""defend"",""target"":[{""pemain"":""Tomi"",""relasi"":""defend""}]},{""pengirim"":""Rafi"",""teks_chat"":""Aku bukan pelakunya; tuduhanmu kepadaku tadi tidak memiliki dasar."",""label_intent"":""defend"",""target"":[{""pemain"":""Rafi"",""relasi"":""defend""}]},{""pengirim"":""Umar"",""teks_chat"":""Sekarang kamu mau menjadikan aku korban fitnahmu selanjutnya?"",""label_intent"":""defend"",""target"":[{""pemain"":""Umar"",""relasi"":""defend""}]},{""pengirim"":""Tomi"",""teks_chat"":""Rafi dan Umar sama-sama menghindari pertanyaanku soal alasan vote. Aku curiga kalian berdua."",""label_intent"":""offend"",""target"":[{""pemain"":""Rafi"",""relasi"":""offend""},{""pemain"":""Umar"",""relasi"":""offend""}]},{""pengirim"":""Sinta"",""teks_chat"":""Jangan asal nuduh gitu dong, caramu main kotor banget."",""label_intent"":""defend"",""target"":[{""pemain"":""Rafi"",""relasi"":""defend""},{""pemain"":""Umar"",""relasi"":""defend""}]},{""pengirim"":""Tomi"",""teks_chat"":""Aku ini Civilian, bukan Hitman yang sedang memfitnah kalian!"",""label_intent"":""defend"",""target"":[{""pemain"":""Tomi"",""relasi"":""defend""}]},{""pengirim"":""Rafi"",""teks_chat"":""Kalau memang Civilian, harusnya kasih alasan tuduhan yang jelas dong."",""label_intent"":""neutral"",""target"":[]},{""pengirim"":""Umar"",""teks_chat"":""Aku tidak bersalah, tuduhanmu tdk berdasar sama sekali."",""label_intent"":""defend"",""target"":[{""pemain"":""Umar"",""relasi"":""defend""}]}]","[""Rafi"",""Sinta"",""Tomi"",""Umar""]","[{""pemain"":""Umar"",""relasi"":""defend""},{""pemain"":""Tomi"",""relasi"":""offend""}]"
Xander,Aku juga curiga dia Hitman yang memakai klaim palsu. Aku akan vote dia.,offend,"[{""pengirim"":""Vera"",""teks_chat"":""Sebelum malam tadi, ada yang mengaku sebagai Spy."",""label_intent"":""neutral"",""target"":[]},{""pengirim"":""Wawan"",""teks_chat"":""Aku yang mengaku Spy."",""label_intent"":""neutral"",""target"":[]},{""pengirim"":""Xander"",""teks_chat"":""Siapa yang kamu Guard semalam?"",""label_intent"":""neutral"",""target"":[]},{""pengirim"":""Wawan"",""teks_chat"":""Aku memilih Yuli."",""label_intent"":""neutral"",""target"":[]},{""pengirim"":""Yuli"",""teks_chat"":""Aku tidak bisa memastikan klaim Guard itu dari chat saja."",""label_intent"":""neutral"",""target"":[]},{""pengirim"":""Vera"",""teks_chat"":""Iya, kita juga nggak bisa ngecek siapa yang beneran dijaga semalam."",""label_intent"":""neutral"",""target"":[]},{""pengirim"":""Xander"",""teks_chat"":""Yang bisa kita periksa sekarang adalah konsistensi ceritanya."",""label_intent"":""neutral"",""target"":[]},{""pengirim"":""Wawan"",""teks_chat"":""Silakan, aku tidak keberatan ditanya."",""label_intent"":""neutral"",""target"":[]},{""pengirim"":""Yuli"",""teks_chat"":""Bisa jelaskan lagi pilihan Guard yang barusan kamu sebut?"",""label_intent"":""neutral"",""target"":[]},{""pengirim"":""Wawan"",""teks_chat"":""Aku memilih Vera semalam."",""label_intent"":""neutral"",""target"":[]},{""pengirim"":""Vera"",""teks_chat"":""Tunggu, jawaban itu berbeda dari jawaban pertamamu."",""label_intent"":""neutral"",""target"":[]},{""pengirim"":""Yuli"",""teks_chat"":""Wawan, tadi bilang Guard aku, sekarang Vera. Aku curiga Wawan mengarang klaim Spy."",""label_intent"":""offend"",""target"":[{""pemain"":""Wawan"",""relasi"":""offend""}]}]","[""Vera"",""Wawan"",""Xander"",""Yuli""]","[{""pemain"":""Wawan"",""relasi"":""offend""}]"
Dion,"Diam-diam begini biasanya dia Hitman yang sedang bersembunyi dari kita, ayo vote Citra!",offend,"[{""pengirim"":""Andi"",""teks_chat"":""Aku curiga Bayu Hitman karena dari tadi tidak menjawab pertanyaan soal alasan vote."",""label_intent"":""offend"",""target"":[{""pemain"":""Bayu"",""relasi"":""offend""}]},{""pengirim"":""Bayu"",""teks_chat"":""Aku bukan Hitman, aku sedang membaca ulang chat sebelum menjawab."",""label_intent"":""defend"",""target"":[{""pemain"":""Bayu"",""relasi"":""defend""}]},{""pengirim"":""Citra"",""teks_chat"":""Bayu belum pantas dituduh; membaca ulang chat itu alasan yang masuk akal."",""label_intent"":""defend"",""target"":[{""pemain"":""Bayu"",""relasi"":""defend""}]},{""pengirim"":""Dion"",""teks_chat"":""Eh ngomong-ngomong, dari tadi Citra baru ngomong sekali ya?"",""label_intent"":""neutral"",""target"":[]},{""pengirim"":""Andi"",""teks_chat"":""Oh iya, benar juga kata Dion, Citra jarang ikut diskusi di ronde ini."",""label_intent"":""neutral"",""target"":[]}]","[""Andi"",""Bayu"",""Citra"",""Dion""]","[{""pemain"":""Citra"",""relasi"":""offend""}]"
Gani,"Aku tetap merasa keduanya adalah pelaku yang bekerja sama di belakang kita, vote mereka berdua!",offend,"[{""pengirim"":""Egi"",""teks_chat"":""Gani, kamu dari tadi menuduh aku, sekarang tiba-tiba menuduh Farah."",""label_intent"":""neutral"",""target"":[]},{""pengirim"":""Gani"",""teks_chat"":""Karena kalian berdua perilakunya sangat mencurigakan di mataku."",""label_intent"":""offend"",""target"":[{""pemain"":""Egi"",""relasi"":""offend""},{""pemain"":""Farah"",""relasi"":""offend""}]},{""pengirim"":""Farah"",""teks_chat"":""Aku bukan Hitman, tuduhanmu kepadaku tidak berdasar."",""label_intent"":""defend"",""target"":[{""pemain"":""Farah"",""relasi"":""defend""}]},{""pengirim"":""Hilda"",""teks_chat"":""Gani memang dari awal permainan selalu berganti-ganti target vote."",""label_intent"":""neutral"",""target"":[]},{""pengirim"":""Egi"",""teks_chat"":""Aku juga tidak bersalah; kamu belum menjelaskan alasan menuduh kami."",""label_intent"":""defend"",""target"":[{""pemain"":""Egi"",""relasi"":""defend""}]},{""pengirim"":""Gani"",""teks_chat"":""Aku kan cuma menimbang kemungkinan berbagai skenario, namanya juga main."",""label_intent"":""defend"",""target"":[{""pemain"":""Gani"",""relasi"":""defend""}]},{""pengirim"":""Farah"",""teks_chat"":""Menimbang kemungkinan atau sengaja membuat pikiran orang lain bingung?"",""label_intent"":""offend"",""target"":[{""pemain"":""Gani"",""relasi"":""offend""}]},{""pengirim"":""Hilda"",""teks_chat"":""Menurutku Egi dan Farah belum pantas dituduh; mereka sudah menjawab alasan pilihan votenya."",""label_intent"":""defend"",""target"":[{""pemain"":""Egi"",""relasi"":""defend""},{""pemain"":""Farah"",""relasi"":""defend""}]}]","[""Egi"",""Farah"",""Gani"",""Hilda""]","[{""pemain"":""Egi"",""relasi"":""offend""},{""pemain"":""Farah"",""relasi"":""offend""}]"
Santi,"Yang paling jelas kelihatan memanipulasi arah vote itu adalah Riki, vote Riki sekarang!",offend,"[{""pengirim"":""Riki"",""teks_chat"":""Dalam diskusi tadi, beberapa pemain mengubah nama yang mereka ajak vote."",""label_intent"":""neutral"",""target"":[]}]","[""Riki"",""Santi""]","[{""pemain"":""Riki"",""relasi"":""offend""}]"
Danang,Bagas nggak pantas dituduh karena bertanya. Justru Anton yang aku curigai sebagai Hitman karena memaksa kita percaya klaimnya.,offend,"[{""pengirim"":""Anton"",""teks_chat"":""Aku mengaku Spy. Menurutku Bagas mencurigakan karena tidak langsung percaya klaimku."",""label_intent"":""offend"",""target"":[{""pemain"":""Bagas"",""relasi"":""offend""}]},{""pengirim"":""Bagas"",""teks_chat"":""Aku bukan Hitman. Meragukan klaim role tidak berarti aku pelakunya."",""label_intent"":""defend"",""target"":[{""pemain"":""Bagas"",""relasi"":""defend""}]},{""pengirim"":""Cinta"",""teks_chat"":""Aku membela Bagas; pertanyaannya soal Guard tadi masih wajar."",""label_intent"":""defend"",""target"":[{""pemain"":""Bagas"",""relasi"":""defend""}]}]","[""Anton"",""Bagas"",""Cinta"",""Danang""]","[{""pemain"":""Bagas"",""relasi"":""defend""},{""pemain"":""Anton"",""relasi"":""offend""}]"
Hasan,Aku sudah menjawab. Fahri dan Gilang mengabaikan jawabanku untuk memaksakan tuduhan; aku curiga mereka berdua Hitman.,offend,"[{""pengirim"":""Erna"",""teks_chat"":""Fahri dan Gilang, alasan kalian mengajak vote Hasan apa?"",""label_intent"":""neutral"",""target"":[]},{""pengirim"":""Fahri"",""teks_chat"":""Karena Hasan belum menjawab pertanyaanku. Aku curiga dia Hitman."",""label_intent"":""offend"",""target"":[{""pemain"":""Hasan"",""relasi"":""offend""}]},{""pengirim"":""Gilang"",""teks_chat"":""Aku setuju, vote dia saja."",""label_intent"":""offend"",""target"":[{""pemain"":""Hasan"",""relasi"":""offend""}]}]","[""Erna"",""Fahri"",""Gilang"",""Hasan""]","[{""pemain"":""Hasan"",""relasi"":""defend""},{""pemain"":""Fahri"",""relasi"":""offend""},{""pemain"":""Gilang"",""relasi"":""offend""}]"
Indra,"Wah kalau kamu memang bisa mengetik bebas sedari tadi, aku tarik kata-kataku, Jihan pasti Hitman yang sengaja pura-pura pasif!",offend,"[{""pengirim"":""Indra"",""teks_chat"":""Sepertinya Jihan sedang terkena Gag Order deh, kasihan dia tidak bisa membela diri."",""label_intent"":""defend"",""target"":[{""pemain"":""Jihan"",""relasi"":""defend""}]},{""pengirim"":""Jihan"",""teks_chat"":""Aku tidak kena efek apa-apa kok, cuma lagi malas mengetik saja."",""label_intent"":""neutral"",""target"":[]},{""pengirim"":""Lulu"",""teks_chat"":""Tuh kan, ternyata dia bisa berbicara normal."",""label_intent"":""neutral"",""target"":[]},{""pengirim"":""Kiki"",""teks_chat"":""Sangat mencurigakan kalau civilian malah malas berdiskusi."",""label_intent"":""offend"",""target"":[{""pemain"":""Jihan"",""relasi"":""offend""}]}]","[""Indra"",""Jihan"",""Lulu"",""Kiki""]","[{""pemain"":""Jihan"",""relasi"":""offend""}]"
Maman,"Reza, aku curiga kamu Hitman yang memakai alasan koneksi untuk menghindar. Aku akan vote kamu.",offend,"[{""pengirim"":""Maman"",""teks_chat"":""Ada beberapa pemain yang belum mengetik, tetapi kita belum tahu sebabnya."",""label_intent"":""neutral"",""target"":[]},{""pengirim"":""Nia"",""teks_chat"":""Aku masih bisa mengetik sekarang."",""label_intent"":""neutral"",""target"":[]},{""pengirim"":""Oman"",""teks_chat"":""Aku juga masih bisa. Tapi yang lain belum pada muncul nih."",""label_intent"":""neutral"",""target"":[]},{""pengirim"":""Putri"",""teks_chat"":""Reza, kamu masih bisa ikut diskusi?"",""label_intent"":""neutral"",""target"":[]},{""pengirim"":""Reza"",""teks_chat"":""Aku bisa. Koneksiku tadi sempat terputus."",""label_intent"":""neutral"",""target"":[]},{""pengirim"":""Maman"",""teks_chat"":""Jadi jeda chat tadi menurutmu karena koneksi?"",""label_intent"":""neutral"",""target"":[]},{""pengirim"":""Reza"",""teks_chat"":""Iya, aku baru bisa membaca pesan kalian lagi."",""label_intent"":""neutral"",""target"":[]},{""pengirim"":""Oman"",""teks_chat"":""Berarti tadi kamu sempat ketinggalan banyak chat dong?"",""label_intent"":""neutral"",""target"":[]},{""pengirim"":""Putri"",""teks_chat"":""Reza, apa alasanmu belum menjawab pertanyaan soal ajakan vote tadi?"",""label_intent"":""neutral"",""target"":[]}]","[""Maman"",""Nia"",""Oman"",""Putri"",""Reza""]","[{""pemain"":""Reza"",""relasi"":""offend""}]"
Sandi,Tari langsung berubah tanpa menjelaskan alasannya. Aku curiga Tari Hitman yang mau menggiring vote.,offend,"[{""pengirim"":""Sandi"",""teks_chat"":""Tari, tadi kamu mengajak vote siapa? Ada yg ingin aku cocokkan dari ucapanmu."",""label_intent"":""neutral"",""target"":[]},{""pengirim"":""Tari"",""teks_chat"":""Aku mengajak vote Umar karena menurutku alasannya mencurigakan."",""label_intent"":""offend"",""target"":[{""pemain"":""Umar"",""relasi"":""offend""}]},{""pengirim"":""Umar"",""teks_chat"":""Sebelumnya kamu bilang ingin menunda vote sampai ada alasan yang jelas."",""label_intent"":""neutral"",""target"":[]}]","[""Sandi"",""Tari"",""Umar""]","[{""pemain"":""Tari"",""relasi"":""offend""}]"
Yudi,"Pilihanmu berubah begitu, masa aku harus percaya? Aku curiga kamu Hitman yang mengarang klaim Spy.",offend,"[{""pengirim"":""Vina"",""teks_chat"":""Aku mengaku Spy. Semalam aku memakai Guard untuk Wira."",""label_intent"":""neutral"",""target"":[]},{""pengirim"":""Wira"",""teks_chat"":""Kenapa kamu Guard aku?"",""label_intent"":""neutral"",""target"":[]},{""pengirim"":""Vina"",""teks_chat"":""Soalnya kamu dari awal aktif, kupikir kamu bakal diincar Hitman."",""label_intent"":""neutral"",""target"":[]},{""pengirim"":""Yudi"",""teks_chat"":""Klaim pilihan Guard tidak bisa langsung kami pastikan benar."",""label_intent"":""neutral"",""target"":[]},{""pengirim"":""Zaki"",""teks_chat"":""Kamu tadi bilang memilih Wira. Masih sama jawabanmu?"",""label_intent"":""neutral"",""target"":[]},{""pengirim"":""Vina"",""teks_chat"":""Tunggu, maksudku aku memilih Zaki semalam."",""label_intent"":""neutral"",""target"":[]}]","[""Vina"",""Wira"",""Yudi"",""Zaki""]","[{""pemain"":""Vina"",""relasi"":""offend""}]"
Aldo,Dika belum pantas dituduh hanya karena lambat menjawab. Justru Elin yang aku curigai sebagai Hitman karena terlalu cepat memastikan orang lain aman.,offend,"[{""pengirim"":""Aldo"",""teks_chat"":""Gimana nih, semalam ada yang disandera tapi kita nggak tahu siapa."",""label_intent"":""neutral"",""target"":[]},{""pengirim"":""Bela"",""teks_chat"":""Iya, bikin pusing, kita cuma bisa nebak dari obrolan."",""label_intent"":""neutral"",""target"":[]},{""pengirim"":""Ciko"",""teks_chat"":""Aku menaruh curiga pada Dika, dari awal dia tidak menjawab pertanyaan soal pilihan vote."",""label_intent"":""offend"",""target"":[{""pemain"":""Dika"",""relasi"":""offend""}]},{""pengirim"":""Dika"",""teks_chat"":""Aku bukan Hitman. Aku sedang membaca ulang percakapan sebelum menjawab."",""label_intent"":""defend"",""target"":[{""pemain"":""Dika"",""relasi"":""defend""}]},{""pengirim"":""Aldo"",""teks_chat"":""Jawabanmu di chat tetap membuatku curiga kamu Hitman."",""label_intent"":""offend"",""target"":[{""pemain"":""Dika"",""relasi"":""offend""}]},{""pengirim"":""Elin"",""teks_chat"":""Dika belum pantas dituduh hanya karena butuh waktu membaca chat."",""label_intent"":""defend"",""target"":[{""pemain"":""Dika"",""relasi"":""defend""}]},{""pengirim"":""Bela"",""teks_chat"":""Tumben sekali Elin bergerak sangat cepat membela orang lain."",""label_intent"":""offend"",""target"":[{""pemain"":""Elin"",""relasi"":""offend""}]},{""pengirim"":""Ciko"",""teks_chat"":""Benar sekali, baru juga diberi tekanan sedikit langsung ada yang pasang badan."",""label_intent"":""offend"",""target"":[{""pemain"":""Elin"",""relasi"":""offend""}]},{""pengirim"":""Dika"",""teks_chat"":""Aku tidak bersalah; aku tadi hanya membaca ulang chat."",""label_intent"":""defend"",""target"":[{""pemain"":""Dika"",""relasi"":""defend""}]}]","[""Aldo"",""Bela"",""Ciko"",""Dika"",""Elin""]","[{""pemain"":""Dika"",""relasi"":""defend""},{""pemain"":""Elin"",""relasi"":""offend""}]"
Feri,"Permainan baru mulai, tapi tebakanku Gilang yang jadi Hitman. Aku ingin vote Gilang.",offend,[],"[""Feri"",""Gilang""]","[{""pemain"":""Gilang"",""relasi"":""offend""}]"
Karin,Aku percaya klaim itu dan ingin vote dia saat Tribunal.,offend,"[{""pengirim"":""Hana"",""teks_chat"":""Hari ini ada yang mau maju klaim Stalker nggak?"",""label_intent"":""neutral"",""target"":[]},{""pengirim"":""Iqbal"",""teks_chat"":""Sepertinya belum ada tanda-tanda yang ingin membuka identitasnya."",""label_intent"":""neutral"",""target"":[]},{""pengirim"":""Jaka"",""teks_chat"":""Biarkan saja dulu, mungkin dia masih menunggu waktu yang lebih aman."",""label_intent"":""neutral"",""target"":[]},{""pengirim"":""Karin"",""teks_chat"":""Namun kita sangat membutuhkan hasil Peek untuk menyaring siapa Hitman-nya."",""label_intent"":""neutral"",""target"":[]},{""pengirim"":""Hana"",""teks_chat"":""Bagaimana kalau Stalker terkena Hostage sebelum sempat menyampaikan klaim hasilnya?"",""label_intent"":""neutral"",""target"":[]},{""pengirim"":""Iqbal"",""teks_chat"":""Makanya lebih baik bersuara dari sekarang selagi posisi masih menguntungkan."",""label_intent"":""neutral"",""target"":[]},{""pengirim"":""Leo"",""teks_chat"":""Aku mengaku Stalker, dan aku punya klaim hasil Peek semalam."",""label_intent"":""neutral"",""target"":[]},{""pengirim"":""Karin"",""teks_chat"":""Bagus sekali. Lalu siapa orang yang kamu Peek semalam?"",""label_intent"":""neutral"",""target"":[]},{""pengirim"":""Leo"",""teks_chat"":""Aku memilih seorang pemain yang belum pernah kuperiksa sebelumnya."",""label_intent"":""neutral"",""target"":[]},{""pengirim"":""Hana"",""teks_chat"":""Kalau kamu mau membagikan klaim itu, sebutkan siapa yang kamu pilih."",""label_intent"":""neutral"",""target"":[]},{""pengirim"":""Iqbal"",""teks_chat"":""Lantas apa yang kamu temukan dari sana Leo?"",""label_intent"":""neutral"",""target"":[]},{""pengirim"":""Leo"",""teks_chat"":""Aku mengaku memakai Peek pada Jaka dan melihat role Hitman. Menurutku Jaka pelakunya."",""label_intent"":""offend"",""target"":[{""pemain"":""Jaka"",""relasi"":""offend""}]}]","[""Hana"",""Iqbal"",""Jaka"",""Karin"",""Leo""]","[{""pemain"":""Jaka"",""relasi"":""offend""}]"
Oman,Aku curiga Oki Hitman karena memaksakan vote sebelum ada penjelasan. Aku pilih Oki.,offend,"[{""pengirim"":""Nisa"",""teks_chat"":""Oki tadi mengajak kita vote pemain yang belum sempat menjawab. Bagaimana menurut kalian?"",""label_intent"":""neutral"",""target"":[]}]","[""Nisa"",""Oki"",""Oman""]","[{""pemain"":""Oki"",""relasi"":""offend""}]"
Doni,"Cika wajar saja merasa ragu, justru Bima yang memancing suasana untuk menyudutkan Cika, Bima ini pasti pelakunya!",offend,"[{""pengirim"":""Arief"",""teks_chat"":""Tadi ada yang memperhatikan kenapa ajakan vote tiba-tiba berubah arah menjelang diskusi selesai?"",""label_intent"":""neutral"",""target"":[]},{""pengirim"":""Bima"",""teks_chat"":""Iya, Cika tadinya mengajak vote, lalu bilang ingin menunda."",""label_intent"":""neutral"",""target"":[]},{""pengirim"":""Cika"",""teks_chat"":""Aku menarik ajakanku karena ragu dengan alasannya, bukan mau menjebak siapa pun."",""label_intent"":""defend"",""target"":[{""pemain"":""Cika"",""relasi"":""defend""}]}]","[""Arief"",""Bima"",""Cika"",""Doni""]","[{""pemain"":""Cika"",""relasi"":""defend""},{""pemain"":""Bima"",""relasi"":""offend""}]"
Gilang,"Erna ini terlalu pasif dari awal ronde, dia pasti Hitman yang lagi sembunyi, ayo kita vote Erna sekarang!",offend,"[{""pengirim"":""Fikri"",""teks_chat"":""Diskusi kita sudah mau habis nih, tapi informasinya belum jelas."",""label_intent"":""neutral"",""target"":[]},{""pengirim"":""Gilang"",""teks_chat"":""Iya, kok ada pemain yang dari tadi diam terus ya?"",""label_intent"":""neutral"",""target"":[]},{""pengirim"":""Erna"",""teks_chat"":""Aku lagi menyimak chat kalian dulu dari awal."",""label_intent"":""neutral"",""target"":[]},{""pengirim"":""Fikri"",""teks_chat"":""Hati-hati, kalau pasif terus nanti malah dicurigai sama yang lain."",""label_intent"":""neutral"",""target"":[]}]","[""Erna"",""Fikri"",""Gilang""]","[{""pemain"":""Erna"",""relasi"":""offend""}]"
Joko,Aku setuju dengan tuduhan itu. Aku akan vote dia.,offend,"[{""pengirim"":""Hani"",""teks_chat"":""Beberapa pesan datang terlambat. Apa koneksi kalian lancar?"",""label_intent"":""neutral"",""target"":[]},{""pengirim"":""Intan"",""teks_chat"":""Koneksiku lancar."",""label_intent"":""neutral"",""target"":[]},{""pengirim"":""Joko"",""teks_chat"":""Aku sempat terlambat menerima chat."",""label_intent"":""neutral"",""target"":[]},{""pengirim"":""Kiki"",""teks_chat"":""Aku juga. Tadi aku mengajak vote Intan, lalu pesannya baru terkirim."",""label_intent"":""offend"",""target"":[{""pemain"":""Intan"",""relasi"":""offend""}]},{""pengirim"":""Hani"",""teks_chat"":""Ajakan vote perlu alasan, bukan sekadar nama."",""label_intent"":""neutral"",""target"":[]},{""pengirim"":""Intan"",""teks_chat"":""Aku tidak bersalah. Kenapa aku langsung diajak vote?"",""label_intent"":""defend"",""target"":[{""pemain"":""Intan"",""relasi"":""defend""}]},{""pengirim"":""Joko"",""teks_chat"":""Kita tunggu penjelasan ajakan vote tadi."",""label_intent"":""neutral"",""target"":[]},{""pengirim"":""Hani"",""teks_chat"":""Chat telat itu wajar, tapi ajakan votenya tetap perlu dijelaskan."",""label_intent"":""neutral"",""target"":[]},{""pengirim"":""Intan"",""teks_chat"":""Benar, aku mau tahu kenapa namaku yang disebut."",""label_intent"":""neutral"",""target"":[]},{""pengirim"":""Kiki"",""teks_chat"":""Aku tidak pernah mengajak vote siapa pun."",""label_intent"":""neutral"",""target"":[]},{""pengirim"":""Hani"",""teks_chat"":""Padahal ada ajakan vote di pesan tadi."",""label_intent"":""neutral"",""target"":[]},{""pengirim"":""Intan"",""teks_chat"":""Kiki menyangkal ajakan votenya sendiri. Aku curiga Kiki Hitman."",""label_intent"":""offend"",""target"":[{""pemain"":""Kiki"",""relasi"":""offend""}]}]","[""Hani"",""Intan"",""Joko"",""Kiki""]","[{""pemain"":""Kiki"",""relasi"":""offend""}]"
Mira,Aku curiga Nando dan Oki sedang memakai klaim Spy untuk menghindari pertanyaan. Aku ingin vote mereka berdua.,offend,"[{""pengirim"":""Lusi"",""teks_chat"":""Nando dan Oki sama-sama mengaku Spy, tetapi kita belum memeriksa cerita mereka."",""label_intent"":""neutral"",""target"":[]},{""pengirim"":""Nando"",""teks_chat"":""Aku mengaku memakai Guard untuk Lusi semalam."",""label_intent"":""neutral"",""target"":[]},{""pengirim"":""Oki"",""teks_chat"":""Aku mengaku memakai Guard untuk Mira."",""label_intent"":""neutral"",""target"":[]}]","[""Lusi"",""Mira"",""Nando"",""Oki""]","[{""pemain"":""Nando"",""relasi"":""offend""},{""pemain"":""Oki"",""relasi"":""offend""}]"
Raka,"Pasti Putri cuma mau cari aman dengan pura-pura memberikan klaim kosong, mari kita turunkan dia saja sekarang.",offend,"[{""pengirim"":""Putri"",""teks_chat"":""Halo semuanya, aku mau klaim sebagai Spy pada ronde ini ya."",""label_intent"":""neutral"",""target"":[]},{""pengirim"":""Qori"",""teks_chat"":""Klaim begitu saja tanpa membawa info apa-apa rasanya kurang meyakinkan buat kita."",""label_intent"":""neutral"",""target"":[]}]","[""Putri"",""Qori"",""Raka""]","[{""pemain"":""Putri"",""relasi"":""offend""}]"
Vina,"Jangan terlalu cepat menuduh, klaim yang belum terbukti tidak otomatis membuat dia pelakunya.",defend,"[{""pengirim"":""Sari"",""teks_chat"":""Aku mengaku Spy. Semalam aku memilih Guard untuk Vina."",""label_intent"":""neutral"",""target"":[]},{""pengirim"":""Tono"",""teks_chat"":""Apa yang bisa kami periksa dari klaim itu?"",""label_intent"":""neutral"",""target"":[]},{""pengirim"":""Sari"",""teks_chat"":""Aku hanya bisa menyampaikan pilihanku, kalian tidak melihat aksi malamku."",""label_intent"":""neutral"",""target"":[]},{""pengirim"":""Umar"",""teks_chat"":""Jadi klaim itu belum bisa kami pastikan dari chat saja."",""label_intent"":""neutral"",""target"":[]},{""pengirim"":""Vina"",""teks_chat"":""Iya, aku juga tidak bisa membuktikan siapa yang memilih Guard."",""label_intent"":""neutral"",""target"":[]},{""pengirim"":""Sari"",""teks_chat"":""Aku paham kalau klaimku perlu dipertanyakan."",""label_intent"":""neutral"",""target"":[]},{""pengirim"":""Tono"",""teks_chat"":""Terus malam ini kamu mau Guard siapa?"",""label_intent"":""neutral"",""target"":[]},{""pengirim"":""Sari"",""teks_chat"":""Belum tahu, yang jelas bukan Vina lagi karena semalam sudah."",""label_intent"":""neutral"",""target"":[]},{""pengirim"":""Vina"",""teks_chat"":""Oke, kita catat dulu klaimmu."",""label_intent"":""neutral"",""target"":[]},{""pengirim"":""Umar"",""teks_chat"":""Tahu soal Guard belum membuktikan dia beneran Spy."",""label_intent"":""neutral"",""target"":[]},{""pengirim"":""Tono"",""teks_chat"":""Betul, siapa pun bisa ngaku-ngaku Spy."",""label_intent"":""neutral"",""target"":[]},{""pengirim"":""Umar"",""teks_chat"":""Aku tetap curiga Sari Hitman yang menggunakan klaim Spy untuk cari aman."",""label_intent"":""offend"",""target"":[{""pemain"":""Sari"",""relasi"":""offend""}]}]","[""Sari"",""Tono"",""Umar"",""Vina""]","[{""pemain"":""Sari"",""relasi"":""defend""}]"
Fina,"Aku sangat yakin dia itu cuma civilian biasa, jangan main asal singkirkan saja.",defend,"[{""pengirim"":""Fina"",""teks_chat"":""Belum tentu dia Hitman, mungkin koneksinya sedang bermasalah."",""label_intent"":""defend"",""target"":[{""pemain"":""Wawan"",""relasi"":""defend""}]},{""pengirim"":""Gilang"",""teks_chat"":""Tapi permainan kan sudah berjalan dari tadi, masa masih diam."",""label_intent"":""offend"",""target"":[{""pemain"":""Wawan"",""relasi"":""offend""}]},{""pengirim"":""Hana"",""teks_chat"":""Aku juga curiga dia Hitman, dari tadi tidak menjawab."",""label_intent"":""offend"",""target"":[{""pemain"":""Wawan"",""relasi"":""offend""}]},{""pengirim"":""Eko"",""teks_chat"":""Kita kan butuh semua orang ikut ngomong biar ada info."",""label_intent"":""neutral"",""target"":[]},{""pengirim"":""Fina"",""teks_chat"":""Aku tetap membela dia; belum ada alasan selain jeda chat."",""label_intent"":""defend"",""target"":[{""pemain"":""Wawan"",""relasi"":""defend""}]},{""pengirim"":""Gilang"",""teks_chat"":""Waktu diskusi kita terbatas loh, diam merugikan kita semua."",""label_intent"":""neutral"",""target"":[]},{""pengirim"":""Hana"",""teks_chat"":""Iya, aku juga ingin vote dia kalau alasannya tidak jelas."",""label_intent"":""offend"",""target"":[{""pemain"":""Wawan"",""relasi"":""offend""}]},{""pengirim"":""Eko"",""teks_chat"":""Bagaimana kalau kita jadikan dia target vote saja biar aman?"",""label_intent"":""offend"",""target"":[{""pemain"":""Wawan"",""relasi"":""offend""}]},{""pengirim"":""Fina"",""teks_chat"":""Jangan gegabah, belum tentu dia pelakunya."",""label_intent"":""defend"",""target"":[{""pemain"":""Wawan"",""relasi"":""defend""}]},{""pengirim"":""Gilang"",""teks_chat"":""Bahaya juga kalau ternyata kita membuang civilian."",""label_intent"":""neutral"",""target"":[]},{""pengirim"":""Hana"",""teks_chat"":""Iya, tapi kalau dibiarkan malah tambah berisiko."",""label_intent"":""neutral"",""target"":[]},{""pengirim"":""Eko"",""teks_chat"":""Pokoknya aku setuju, langsung turunin dia sekarang juga."",""label_intent"":""offend"",""target"":[{""pemain"":""Wawan"",""relasi"":""offend""}]}]","[""Eko"",""Fina"",""Gilang"",""Hana"",""Wawan""]","[{""pemain"":""Wawan"",""relasi"":""defend""}]"
Nita,Menurutku dia belum pantas dituduh hanya karena cepat membela.,defend,"[{""pengirim"":""Nita"",""teks_chat"":""Kita hentikan dulu pembahasan orang. Aku mau tahu semalam kalian gimana."",""label_intent"":""neutral"",""target"":[]},{""pengirim"":""Ovi"",""teks_chat"":""Semalam aku nggak ngapa-ngapain, cuma nunggu pagi."",""label_intent"":""neutral"",""target"":[]},{""pengirim"":""Lina"",""teks_chat"":""Aku juga, nggak ada kejadian aneh."",""label_intent"":""neutral"",""target"":[]},{""pengirim"":""Nita"",""teks_chat"":""Berarti belum ada petunjuk baru dari semalam."",""label_intent"":""neutral"",""target"":[]},{""pengirim"":""Ovi"",""teks_chat"":""Lalu kita pegang apa buat diskusi sekarang?"",""label_intent"":""neutral"",""target"":[]},{""pengirim"":""Lina"",""teks_chat"":""Isi chat siang ini aja, siapa ngomong apa."",""label_intent"":""neutral"",""target"":[]},{""pengirim"":""Nita"",""teks_chat"":""Terus vote nanti gimana, langsung ikut ajakan yang ada?"",""label_intent"":""neutral"",""target"":[]},{""pengirim"":""Ovi"",""teks_chat"":""Jangan, tiap orang kasih alasan dulu sebelum milih."",""label_intent"":""neutral"",""target"":[]},{""pengirim"":""Lina"",""teks_chat"":""Berarti ajakan vote saat diskusi belum sama dengan hasil voting."",""label_intent"":""neutral"",""target"":[]},{""pengirim"":""Nita"",""teks_chat"":""Betul, itu baru pendapat pemain di chat."",""label_intent"":""neutral"",""target"":[]},{""pengirim"":""Ovi"",""teks_chat"":""Oke, sepakat ya soal itu."",""label_intent"":""neutral"",""target"":[]},{""pengirim"":""Lina"",""teks_chat"":""Oke, cukup soal itu. Aku mau balik ke orang yang kita curigai sebelumnya."",""label_intent"":""neutral"",""target"":[]}]","[""Lina"",""Maya"",""Nita"",""Ovi""]","[{""pemain"":""tidak_diketahui"",""relasi"":""defend""}]"
Tari,"Siska, tadi kamu menyebut Udin sebagai pilihan Guard, ya?",neutral,"[{""pengirim"":""Rama"",""teks_chat"":""Siapa yang ingin membagikan klaim role hari ini?"",""label_intent"":""neutral"",""target"":[]},{""pengirim"":""Siska"",""teks_chat"":""Aku mengaku Spy dan memilih Guard untuk Udin semalam."",""label_intent"":""neutral"",""target"":[]},{""pengirim"":""Tari"",""teks_chat"":""Oke, ada klaim lain lagi?"",""label_intent"":""neutral"",""target"":[]},{""pengirim"":""Udin"",""teks_chat"":""Aku blm mau klaim dulu, masih mau dengerin."",""label_intent"":""neutral"",""target"":[]},{""pengirim"":""Siska"",""teks_chat"":""Kalau aku tadi udah klaim, tinggal kalian aja."",""label_intent"":""neutral"",""target"":[]},{""pengirim"":""Rama"",""teks_chat"":""Semalam kamu ngerasa ada yang aneh nggak, Siska?"",""label_intent"":""neutral"",""target"":[]},{""pengirim"":""Siska"",""teks_chat"":""Nggak ada, semalam lewat biasa aja."",""label_intent"":""neutral"",""target"":[]},{""pengirim"":""Tari"",""teks_chat"":""Oke, berarti belum ada info lain dari semalam."",""label_intent"":""neutral"",""target"":[]},{""pengirim"":""Udin"",""teks_chat"":""Iya, sejauh ini baru klaim dari Siska."",""label_intent"":""neutral"",""target"":[]},{""pengirim"":""Rama"",""teks_chat"":""Baik, kita catat siapa mengklaim apa tanpa langsung memastikan role."",""label_intent"":""neutral"",""target"":[]}]","[""Rama"",""Siska"",""Tari"",""Udin""]",[]
Wandi,"Salah satu dari mereka itu bukan Hitman menurutku, tetapi aku belum mau menyebut siapa.",defend,"[{""pengirim"":""Vera"",""teks_chat"":""Wandi dan Xena sama-sama dituduh karena terlambat mengetik, tanpa alasan lain."",""label_intent"":""neutral"",""target"":[]}]","[""Vera"",""Wandi"",""Xena""]","[{""pemain"":""tidak_diketahui"",""relasi"":""defend""}]"
Eko,Cika dan Dita belum pantas dituduh; jeda chat saja tidak membuktikan mereka Hitman.,defend,"[{""pengirim"":""Andi"",""teks_chat"":""Cika dan Dita tadi sempat tidak mengirim chat."",""label_intent"":""neutral"",""target"":[]},{""pengirim"":""Beni"",""teks_chat"":""Aku curiga Cika dan Dita sengaja pasif karena Hitman. Vote mereka berdua saja."",""label_intent"":""offend"",""target"":[{""pemain"":""Cika"",""relasi"":""offend""},{""pemain"":""Dita"",""relasi"":""offend""}]},{""pengirim"":""Cika"",""teks_chat"":""Aku bukan Hitman, aku tadi sedang membaca percakapan."",""label_intent"":""defend"",""target"":[{""pemain"":""Cika"",""relasi"":""defend""}]},{""pengirim"":""Dita"",""teks_chat"":""Aku juga tidak bersalah, koneksiku sempat terputus."",""label_intent"":""defend"",""target"":[{""pemain"":""Dita"",""relasi"":""defend""}]}]","[""Andi"",""Beni"",""Cika"",""Dita"",""Eko""]","[{""pemain"":""Cika"",""relasi"":""defend""},{""pemain"":""Dita"",""relasi"":""defend""}]"
Iwan,"Iya juga, aku setuju dengan pendapatmu barusan, dia pasti tidak bersalah.",defend,"[{""pengirim"":""Gilang"",""teks_chat"":""Fajar belum mengirim chat sejak diskusi dibuka. Ada yang tahu alasannya?"",""label_intent"":""neutral"",""target"":[]},{""pengirim"":""Hana"",""teks_chat"":""Orang yang terlalu pasif kayak Fajar biasanya lagi menyembunyikan sesuatu, dia pasti Hitman."",""label_intent"":""offend"",""target"":[{""pemain"":""Fajar"",""relasi"":""offend""}]},{""pengirim"":""Iwan"",""teks_chat"":""Iya benar, setuju banget sama teori itu."",""label_intent"":""offend"",""target"":[{""pemain"":""Fajar"",""relasi"":""offend""}]},{""pengirim"":""Gilang"",""teks_chat"":""Padahal kita butuh semua orang buat berdiskusi dan mencari petunjuk bersama."",""label_intent"":""neutral"",""target"":[]},{""pengirim"":""Jihan"",""teks_chat"":""Bisa saja kan dia sedang membaca riwayat chat karena baru kembali dari toilet, dia civilian kok."",""label_intent"":""defend"",""target"":[{""pemain"":""Fajar"",""relasi"":""defend""}]}]","[""Fajar"",""Gilang"",""Hana"",""Iwan"",""Jihan""]","[{""pemain"":""Fajar"",""relasi"":""defend""}]"
Kiki,Menurutku mereka berdua bukan pelakunya. Belum ada alasan tuduhan selain telat mengetik.,defend,"[{""pengirim"":""Kiki"",""teks_chat"":""Semalam ada yang disandera lagi, tapi belum ketahuan siapa."",""label_intent"":""neutral"",""target"":[]},{""pengirim"":""Lala"",""teks_chat"":""Pasti ulah Hitman lagi."",""label_intent"":""neutral"",""target"":[]},{""pengirim"":""Kiki"",""teks_chat"":""Aku perhatikan Maman dan Nando belum mengirim chat sejak diskusi dibuka."",""label_intent"":""neutral"",""target"":[]},{""pengirim"":""Lala"",""teks_chat"":""Wah, jangan-jangan Maman dan Nando ini pelakunya yang lagi bersembunyi habis menculik orang."",""label_intent"":""offend"",""target"":[{""pemain"":""Maman"",""relasi"":""offend""},{""pemain"":""Nando"",""relasi"":""offend""}]},{""pengirim"":""Maman"",""teks_chat"":""Aku tidak bersalah. Jangan jadikan jeda chat sebagai bukti bahwa aku Hitman."",""label_intent"":""defend"",""target"":[{""pemain"":""Maman"",""relasi"":""defend""}]},{""pengirim"":""Nando"",""teks_chat"":""Maman dan aku bukan Hitman. Kami sama-sama butuh waktu membaca chat sebelum menjawab."",""label_intent"":""defend"",""target"":[{""pemain"":""Nando"",""relasi"":""defend""},{""pemain"":""Maman"",""relasi"":""defend""}]},{""pengirim"":""Lala"",""teks_chat"":""Kita bisa baca lagi pesan yang mereka kirim setelah diskusi dibuka."",""label_intent"":""neutral"",""target"":[]}]","[""Kiki"",""Lala"",""Maman"",""Nando""]","[{""pemain"":""Maman"",""relasi"":""defend""},{""pemain"":""Nando"",""relasi"":""defend""}]"
Sandi,Masa sih Tomi pelakunya? Belum ada bukti selain dugaan bahwa dia menghindari pertanyaan.,defend,"[{""pengirim"":""Risa"",""teks_chat"":""Aku mau klaim Spy ronde ini ya."",""label_intent"":""neutral"",""target"":[]},{""pengirim"":""Sandi"",""teks_chat"":""Siapa yang kamu pilih untuk Guard?"",""label_intent"":""neutral"",""target"":[]},{""pengirim"":""Risa"",""teks_chat"":""Aku mengaku memilih Guard untuk Tomi semalam."",""label_intent"":""neutral"",""target"":[]},{""pengirim"":""Vina"",""teks_chat"":""Itu kan baru klaim darimu, belum ada yang bisa mastiin."",""label_intent"":""neutral"",""target"":[]},{""pengirim"":""Wira"",""teks_chat"":""Aku tetap curiga Tomi Hitman karena dari tadi menghindari pertanyaan soal alasan vote."",""label_intent"":""offend"",""target"":[{""pemain"":""Tomi"",""relasi"":""offend""}]},{""pengirim"":""Sandi"",""teks_chat"":""Tapi klaim Spy dari Risa ini kan belum terbukti kebenarannya."",""label_intent"":""neutral"",""target"":[]},{""pengirim"":""Risa"",""teks_chat"":""Kalian tdk percaya dengan laporanku?"",""label_intent"":""neutral"",""target"":[]},{""pengirim"":""Wira"",""teks_chat"":""Bisa saja kamu sebenarnya Hitman yang pura-pura ngaku Spy biar nggak dicurigai."",""label_intent"":""offend"",""target"":[{""pemain"":""Risa"",""relasi"":""offend""}]}]","[""Risa"",""Sandi"",""Tomi"",""Vina"",""Wira""]","[{""pemain"":""Tomi"",""relasi"":""defend""}]"
Budi,"Oh kalau kenyataannya begitu aku tarik tuduhanku tadi, dia sangat wajar telat membalas karena masalah teknis jaringannya.",defend,"[{""pengirim"":""Yanto"",""teks_chat"":""Kenapa ya setiap kali Zaki membalas chat selalu telat dan terpotong?"",""label_intent"":""neutral"",""target"":[]},{""pengirim"":""Budi"",""teks_chat"":""Aku curiga Zaki sengaja menunda jawabannya untuk menyusun alasan palsu. Vote Zaki saja!"",""label_intent"":""offend"",""target"":[{""pemain"":""Zaki"",""relasi"":""offend""}]},{""pengirim"":""Aldo"",""teks_chat"":""Bisa jadi sih, telatnya sangat tidak wajar soalnya."",""label_intent"":""offend"",""target"":[{""pemain"":""Zaki"",""relasi"":""offend""}]},{""pengirim"":""Yanto"",""teks_chat"":""Coba Zaki kamu klarifikasi dulu kebenarannya."",""label_intent"":""neutral"",""target"":[]},{""pengirim"":""Zaki"",""teks_chat"":""Sinyalku memang sedang jelek banget dari tadi pagi, maaf ya teman-teman."",""label_intent"":""defend"",""target"":[{""pemain"":""Zaki"",""relasi"":""defend""}]},{""pengirim"":""Aldo"",""teks_chat"":""Alasan klasik banget menyalahkan masalah sinyal internet."",""label_intent"":""offend"",""target"":[{""pemain"":""Zaki"",""relasi"":""offend""}]},{""pengirim"":""Yanto"",""teks_chat"":""Iya, sangat gampang banget buat dibikin-bikin alesan seperti itu."",""label_intent"":""offend"",""target"":[{""pemain"":""Zaki"",""relasi"":""offend""}]},{""pengirim"":""Zaki"",""teks_chat"":""Beneran kok, ini saja aku mengetiknya harus menunggu proses loading lama banget."",""label_intent"":""defend"",""target"":[{""pemain"":""Zaki"",""relasi"":""defend""}]},{""pengirim"":""Aldo"",""teks_chat"":""Aku sendiri sempat gagal mengirim pesan juga. Masalah koneksi itu mungkin terjadi, jadi aku tidak ingin menuduh Zaki dari jeda chat saja."",""label_intent"":""defend"",""target"":[{""pemain"":""Zaki"",""relasi"":""defend""}]}]","[""Yanto"",""Zaki"",""Budi"",""Aldo""]","[{""pemain"":""Zaki"",""relasi"":""defend""}]"
Heri,"Jangan asal vote, dia cuma menyanggah tuduhan yang belum terbukti. Itu tidak membuatnya Hitman.",defend,"[{""pengirim"":""Erwin"",""teks_chat"":""Aku curiga Dian Hitman karena membela Fara terlalu cepat tanpa menjelaskan alasan."",""label_intent"":""offend"",""target"":[{""pemain"":""Dian"",""relasi"":""offend""}]},{""pengirim"":""Galih"",""teks_chat"":""Iya, baru juga dituduh sedikit langsung pasang badan buat melindungi."",""label_intent"":""offend"",""target"":[{""pemain"":""Dian"",""relasi"":""offend""}]},{""pengirim"":""Heri"",""teks_chat"":""Menurutku wajar saja kalau dia emang mengetahui fakta sebenarnya."",""label_intent"":""defend"",""target"":[{""pemain"":""Dian"",""relasi"":""defend""}]},{""pengirim"":""Erwin"",""teks_chat"":""Tapi aneh tau, kelihatan seperti sudah direncanakan dari awal."",""label_intent"":""offend"",""target"":[{""pemain"":""Dian"",""relasi"":""offend""}]},{""pengirim"":""Galih"",""teks_chat"":""Mungkin mereka berdua sebenarnya adalah satu tim Hitman."",""label_intent"":""offend"",""target"":[{""pemain"":""Dian"",""relasi"":""offend""},{""pemain"":""Fara"",""relasi"":""offend""}]},{""pengirim"":""Heri"",""teks_chat"":""Kalian ini gampang banget punya pikiran negatif ke orang lain."",""label_intent"":""neutral"",""target"":[]},{""pengirim"":""Erwin"",""teks_chat"":""Bukan berpikiran negatif, tapi ini kan permainan deduksi, wajar harus curiga."",""label_intent"":""neutral"",""target"":[]},{""pengirim"":""Galih"",""teks_chat"":""Pokoknya kita harus ekstra waspada sama orang yang membela terlalu cepat."",""label_intent"":""neutral"",""target"":[]},{""pengirim"":""Fara"",""teks_chat"":""Aku tidak minta dibela kok, itu murni inisiatifnya sendiri."",""label_intent"":""defend"",""target"":[{""pemain"":""Fara"",""relasi"":""defend""}]},{""pengirim"":""Erwin"",""teks_chat"":""Coba kita perhatikan jawaban mereka pada pertanyaan berikutnya."",""label_intent"":""neutral"",""target"":[]},{""pengirim"":""Galih"",""teks_chat"":""Aku sih sudah siapin tombol vote buat berjaga-jaga."",""label_intent"":""neutral"",""target"":[]},{""pengirim"":""Erwin"",""teks_chat"":""Aku ingin vote orang yang cepat membela tadi; menurutku dia yang paling mencurigakan."",""label_intent"":""offend"",""target"":[{""pemain"":""Dian"",""relasi"":""offend""}]}]","[""Dian"",""Erwin"",""Fara"",""Galih"",""Heri""]","[{""pemain"":""Dian"",""relasi"":""defend""}]"
Kiki,Cepat membela tidak membuktikan dia pelakunya. Tuduhan awalnya memang belum punya alasan kuat.,defend,"[{""pengirim"":""Ira"",""teks_chat"":""Setelah fase malam selesai, apa ada informasi yang ingin dibagikan?"",""label_intent"":""neutral"",""target"":[]},{""pengirim"":""Joni"",""teks_chat"":""Belum ada info korban, tetapi ada jawaban chat yang mencurigakan."",""label_intent"":""neutral"",""target"":[]},{""pengirim"":""Kiki"",""teks_chat"":""Siapa yang terlihat aneh menurut pantauanmu?"",""label_intent"":""neutral"",""target"":[]},{""pengirim"":""Joni"",""teks_chat"":""Tadi ada pemain yang langsung menyanggah pas diskusi baru dimulai."",""label_intent"":""neutral"",""target"":[]},{""pengirim"":""Dani"",""teks_chat"":""Maksudmu perdebatan di chat saat diskusi dibuka tadi?"",""label_intent"":""neutral"",""target"":[]},{""pengirim"":""Ira"",""teks_chat"":""Iya, pas Kiki dituduh sedikit, langsung ada yg membela."",""label_intent"":""neutral"",""target"":[]},{""pengirim"":""Joni"",""teks_chat"":""Rina tadi langsung membela Kiki. Aku curiga Rina Hitman karena belum menjelaskan alasannya."",""label_intent"":""offend"",""target"":[{""pemain"":""Rina"",""relasi"":""offend""}]},{""pengirim"":""Kiki"",""teks_chat"":""Memang tadi dia sempat belain aku waktu aku ditanya."",""label_intent"":""neutral"",""target"":[]},{""pengirim"":""Dani"",""teks_chat"":""Pemain yang reaksinya secepat itu biasanya komplotannya, dia pasti Hitman!"",""label_intent"":""offend"",""target"":[{""pemain"":""Rina"",""relasi"":""offend""}]},{""pengirim"":""Joni"",""teks_chat"":""Masuk akal sih, terlihat seperti sudah janjian skenario sebelumnya."",""label_intent"":""offend"",""target"":[{""pemain"":""Rina"",""relasi"":""offend""}]},{""pengirim"":""Dani"",""teks_chat"":""Langsung vote dia saja kalau begitu, biar nggak makin pusing."",""label_intent"":""offend"",""target"":[{""pemain"":""Rina"",""relasi"":""offend""}]},{""pengirim"":""Ira"",""teks_chat"":""Aku setuju dengan tuduhan itu dan ingin vote dia saat Tribunal."",""label_intent"":""offend"",""target"":[{""pemain"":""Rina"",""relasi"":""offend""}]}]","[""Ira"",""Joni"",""Rina"",""Kiki"",""Dani""]","[{""pemain"":""Rina"",""relasi"":""defend""}]"
Nia,"Jangan langsung menuduh dia. Bisa saja pembelaannya masuk akal, mari baca lagi alasannya.",defend,"[{""pengirim"":""Lina"",""teks_chat"":""Kayaknya ada yang janggal deh sama obrolan di ronde ini."",""label_intent"":""neutral"",""target"":[]},{""pengirim"":""Miko"",""teks_chat"":""Janggal di bagian mananya Lina?"",""label_intent"":""neutral"",""target"":[]},{""pengirim"":""Nia"",""teks_chat"":""Tadi ada pemain yang membela orang lain dengan kecepatan nggak masuk akal."",""label_intent"":""neutral"",""target"":[]},{""pengirim"":""Oman"",""teks_chat"":""Oh iya, aku juga menyadari ada hal yang seperti itu."",""label_intent"":""neutral"",""target"":[]},{""pengirim"":""Putu"",""teks_chat"":""Padahal buktinya belum ada sama sekali, tapi udah berani menjamin 100 persen aman."",""label_intent"":""neutral"",""target"":[]},{""pengirim"":""Lina"",""teks_chat"":""Mungkin itu cara Hitman mencari kepercayaan, tetapi kita perlu melihat isi pembelaannya."",""label_intent"":""neutral"",""target"":[]},{""pengirim"":""Miko"",""teks_chat"":""Iya, kecepatan membalas saja belum menjelaskan sikap orangnya."",""label_intent"":""neutral"",""target"":[]},{""pengirim"":""Nia"",""teks_chat"":""Terus kita harus menindaklanjutinya bagaimana nih sekarang?"",""label_intent"":""neutral"",""target"":[]},{""pengirim"":""Oman"",""teks_chat"":""Sebaiknya kita baca alasan pembelaannya lagi sebelum memilih vote."",""label_intent"":""neutral"",""target"":[]},{""pengirim"":""Putu"",""teks_chat"":""Jangan sampai kita melewatkan bagian penting dari pesannya."",""label_intent"":""neutral"",""target"":[]},{""pengirim"":""Lina"",""teks_chat"":""Aku udah siapin jari buat memencet panel vote sih."",""label_intent"":""neutral"",""target"":[]},{""pengirim"":""Miko"",""teks_chat"":""Kalau nggak salah itu Rudi. Aku curiga Rudi Hitman karena menjamin orang lain aman tanpa alasan."",""label_intent"":""offend"",""target"":[{""pemain"":""Rudi"",""relasi"":""offend""}]}]","[""Lina"",""Miko"",""Nia"",""Oman"",""Putu"",""Rudi""]","[{""pemain"":""Rudi"",""relasi"":""defend""}]"
Udin,Aku membela dia; jeda menjawab belum cukup untuk menyebutnya Hitman.,defend,"[{""pengirim"":""Udin"",""teks_chat"":""Sebelum lanjut bahas pemain, dari tadi ada yang kena Gag Order nggak?"",""label_intent"":""neutral"",""target"":[]},{""pengirim"":""Vera"",""teks_chat"":""Aku nggak, masih bisa ngetik dari tadi."",""label_intent"":""neutral"",""target"":[]},{""pengirim"":""Sari"",""teks_chat"":""Aku juga aman. Tapi tadi chat sempat sepi lama, ya?"",""label_intent"":""neutral"",""target"":[]},{""pengirim"":""Udin"",""teks_chat"":""Iya, beberapa orang lama banget nggak bales."",""label_intent"":""neutral"",""target"":[]},{""pengirim"":""Vera"",""teks_chat"":""Kalau pesan seseorang terlambat masuk, penyebabnya belum tentu skill itu."",""label_intent"":""neutral"",""target"":[]},{""pengirim"":""Sari"",""teks_chat"":""Bisa karena koneksi juga, ya?"",""label_intent"":""neutral"",""target"":[]},{""pengirim"":""Udin"",""teks_chat"":""Iya, atau pemainnya memang belum mengirim pesan."",""label_intent"":""neutral"",""target"":[]},{""pengirim"":""Vera"",""teks_chat"":""Kita tidak mendapat kepastian penyebab diam dari chat saja."",""label_intent"":""neutral"",""target"":[]},{""pengirim"":""Sari"",""teks_chat"":""Berarti kita tidak bisa memastikan role dari diamnya pemain."",""label_intent"":""neutral"",""target"":[]},{""pengirim"":""Udin"",""teks_chat"":""Benar, diam bisa punya beberapa penyebab."",""label_intent"":""neutral"",""target"":[]},{""pengirim"":""Vera"",""teks_chat"":""Oke, soal yang diam-diam itu cukup dulu."",""label_intent"":""neutral"",""target"":[]},{""pengirim"":""Sari"",""teks_chat"":""Aku mau balik ke orang yang dibahas sebelum ngomongin Gag Order tadi."",""label_intent"":""neutral"",""target"":[]}]","[""Sari"",""Tono"",""Udin"",""Vera""]","[{""pemain"":""tidak_diketahui"",""relasi"":""defend""}]"
Wawan,"Aku bukan Hitman. Aku menarik ajakan vote tadi karena sadar alasannya belum kuat, bukan sedang menyusun fitnah.",defend,"[{""pengirim"":""Xena"",""teks_chat"":""Bagian mana dari diskusi tadi yang perlu kita periksa lagi?"",""label_intent"":""neutral"",""target"":[]},{""pengirim"":""Yogi"",""teks_chat"":""Aku ingin membahas orang yang tidak menjawab soal alasan vote."",""label_intent"":""neutral"",""target"":[]},{""pengirim"":""Zain"",""teks_chat"":""Kita bisa mulai dari pertanyaan yang belum terjawab."",""label_intent"":""neutral"",""target"":[]},{""pengirim"":""Xena"",""teks_chat"":""Wawan, tadi alasanmu mengajak vote apa?"",""label_intent"":""neutral"",""target"":[]},{""pengirim"":""Yogi"",""teks_chat"":""Aku juga belum membaca jawaban Wawan."",""label_intent"":""neutral"",""target"":[]},{""pengirim"":""Zain"",""teks_chat"":""Aku curiga Wawan Hitman yang sengaja tidak mau menjelaskan alasannya."",""label_intent"":""offend"",""target"":[{""pemain"":""Wawan"",""relasi"":""offend""}]},{""pengirim"":""Xena"",""teks_chat"":""Aku setuju, aku juga curiga dia."",""label_intent"":""offend"",""target"":[{""pemain"":""Wawan"",""relasi"":""offend""}]},{""pengirim"":""Yogi"",""teks_chat"":""Wawan, kamu masih bisa ikut menjawab?"",""label_intent"":""neutral"",""target"":[]},{""pengirim"":""Zain"",""teks_chat"":""Kalau tidak ada penjelasan, aku ingin vote Wawan."",""label_intent"":""offend"",""target"":[{""pemain"":""Wawan"",""relasi"":""offend""}]},{""pengirim"":""Xena"",""teks_chat"":""Kita beri waktu sebentar untuk menjawab."",""label_intent"":""neutral"",""target"":[]}]","[""Wawan"",""Xena"",""Yogi"",""Zain""]","[{""pemain"":""Wawan"",""relasi"":""defend""}]"
Coki,"Aku dan Budi bukan Hitman. Kamu nuduh kami tanpa alasan sama sekali, korbannya aja kita belum tahu siapa.",defend,"[{""pengirim"":""Andi"",""teks_chat"":""Aku yakin banget Budi dan Coki komplotan Hitman yang nyandera orang semalam."",""label_intent"":""offend"",""target"":[{""pemain"":""Budi"",""relasi"":""offend""},{""pemain"":""Coki"",""relasi"":""offend""}]}]","[""Andi"",""Budi"",""Coki""]","[{""pemain"":""Coki"",""relasi"":""defend""},{""pemain"":""Budi"",""relasi"":""defend""}]"
Eka,"Fikri, aku membela kamu. Membaca panduan itu masuk akal, dan jeda chat belum membuktikan kamu Hitman.",defend,"[{""pengirim"":""Eka"",""teks_chat"":""Fikri kok diam terus dari tadi, pasif sekali permainannya."",""label_intent"":""offend"",""target"":[{""pemain"":""Fikri"",""relasi"":""offend""}]},{""pengirim"":""Gani"",""teks_chat"":""Mari kita vote Fikri saja, orang yang diam biasanya adalah pelakunya."",""label_intent"":""offend"",""target"":[{""pemain"":""Fikri"",""relasi"":""offend""}]},{""pengirim"":""Fikri"",""teks_chat"":""Aku sedang membaca panduan permainan karena ada yang belum aku pahami."",""label_intent"":""defend"",""target"":[{""pemain"":""Fikri"",""relasi"":""defend""}]},{""pengirim"":""Hani"",""teks_chat"":""Itu pasti hanya alasan kamu untuk menghindari pertanyaan kami."",""label_intent"":""offend"",""target"":[{""pemain"":""Fikri"",""relasi"":""offend""}]}]","[""Eka"",""Fikri"",""Gani"",""Hani""]","[{""pemain"":""Fikri"",""relasi"":""defend""}]"
Mamat,Masa Kiki langsung dianggap Hitman hanya karena menarik dugaan yang belum kuat? Jangan tuduh dia begitu.,defend,"[{""pengirim"":""Jaka"",""teks_chat"":""Kiki tadi mengajak vote Lina, lalu bilang belum menentukan pilihan. Aku curiga Kiki."",""label_intent"":""offend"",""target"":[{""pemain"":""Kiki"",""relasi"":""offend""}]},{""pengirim"":""Kiki"",""teks_chat"":""Aku tidak bermaksud menipu. Aku menarik ajakan itu karena alasannya belum kuat."",""label_intent"":""defend"",""target"":[{""pemain"":""Kiki"",""relasi"":""defend""}]},{""pengirim"":""Lina"",""teks_chat"":""Jadi sekarang kamu belum ingin mengajak vote siapa pun?"",""label_intent"":""neutral"",""target"":[]},{""pengirim"":""Jaka"",""teks_chat"":""Kiki pasti berbohong, aku ingin vote Kiki."",""label_intent"":""offend"",""target"":[{""pemain"":""Kiki"",""relasi"":""offend""}]},{""pengirim"":""Kiki"",""teks_chat"":""Aku bukan Hitman. Mengubah pendapat setelah berpikir lagi bukan berarti aku berbohong."",""label_intent"":""defend"",""target"":[{""pemain"":""Kiki"",""relasi"":""defend""}]}]","[""Jaka"",""Kiki"",""Lina"",""Mamat""]","[{""pemain"":""Kiki"",""relasi"":""defend""}]"
Oki,Benar kata Sinta. Dia belum pantas dituduh sebagai Hitman hanya karena mengubah dugaan.,defend,"[{""pengirim"":""Oki"",""teks_chat"":""Ada klaim atau omongan di chat yang perlu kita cek nggak?"",""label_intent"":""neutral"",""target"":[]},{""pengirim"":""Putri"",""teks_chat"":""Aku belum mendapat informasi apa-apa nih, kondisi sangat sepi."",""label_intent"":""neutral"",""target"":[]},{""pengirim"":""Rafi"",""teks_chat"":""Tadi ada pemain yang mengganti nama orang yang dituduh, ya?"",""label_intent"":""neutral"",""target"":[]},{""pengirim"":""Sinta"",""teks_chat"":""Siapa memangnya yang berani menuduh tanpa bukti begitu?"",""label_intent"":""neutral"",""target"":[]},{""pengirim"":""Oki"",""teks_chat"":""Itu sdh ada yang mengganti target tuduhan berkali-kali sejak tadi."",""label_intent"":""neutral"",""target"":[]},{""pengirim"":""Putri"",""teks_chat"":""Nanda menuduh aku, lalu Rafi tanpa menjelaskan alasannya. Aku curiga Nanda Hitman."",""label_intent"":""offend"",""target"":[{""pemain"":""Nanda"",""relasi"":""offend""}]},{""pengirim"":""Rafi"",""teks_chat"":""Aku juga curiga dia, alasannya belum jelas."",""label_intent"":""offend"",""target"":[{""pemain"":""Nanda"",""relasi"":""offend""}]},{""pengirim"":""Sinta"",""teks_chat"":""Mungkin dia sedang panik makanya asal menunjuk orang lain."",""label_intent"":""neutral"",""target"":[]},{""pengirim"":""Oki"",""teks_chat"":""Pola seperti itu biasanya dipakai oleh pelaku untuk mengadu domba kita semua."",""label_intent"":""offend"",""target"":[{""pemain"":""Nanda"",""relasi"":""offend""}]},{""pengirim"":""Putri"",""teks_chat"":""Lebih baik kita kumpulkan suara untuk mengeluarkan dia saja."",""label_intent"":""offend"",""target"":[{""pemain"":""Nanda"",""relasi"":""offend""}]},{""pengirim"":""Rafi"",""teks_chat"":""Aku setuju, mending kita keluarin dia sekarang."",""label_intent"":""offend"",""target"":[{""pemain"":""Nanda"",""relasi"":""offend""}]},{""pengirim"":""Sinta"",""teks_chat"":""Jangan vote dia dulu; perubahan dugaan belum membuktikan dia pelakunya."",""label_intent"":""defend"",""target"":[{""pemain"":""Nanda"",""relasi"":""defend""}]}]","[""Oki"",""Putri"",""Rafi"",""Sinta"",""Nanda""]","[{""pemain"":""Nanda"",""relasi"":""defend""}]"
Vina,Yudi belum pantas dituduh sebagai Hitman karena mengikuti dugaan awal. Kita belum memberi dia kesempatan menjelaskan.,defend,"[{""pengirim"":""Tito"",""teks_chat"":""Ada yang tahu kenapa Vina menarik ajakan votenya di chat tadi?"",""label_intent"":""neutral"",""target"":[]},{""pengirim"":""Umar"",""teks_chat"":""Vina pasti takut ketahuan kalau dia Hitman."",""label_intent"":""offend"",""target"":[{""pemain"":""Vina"",""relasi"":""offend""}]},{""pengirim"":""Vina"",""teks_chat"":""Aku tidak berniat menjebak siapa pun; aku menarik ajakan itu karena alasannya belum kuat."",""label_intent"":""defend"",""target"":[{""pemain"":""Vina"",""relasi"":""defend""}]},{""pengirim"":""Tito"",""teks_chat"":""Itu hanya alasan buatan Vina saja untuk menutupi kesalahannya."",""label_intent"":""offend"",""target"":[{""pemain"":""Vina"",""relasi"":""offend""}]},{""pengirim"":""Wawan"",""teks_chat"":""Sekarang aku justru curiga Yudi, dia mendorong ajakan vote baru tanpa memberi alasan."",""label_intent"":""offend"",""target"":[{""pemain"":""Yudi"",""relasi"":""offend""}]},{""pengirim"":""Yudi"",""teks_chat"":""Aku hanya mengikuti instingku saja saat waktu berdiskusi hampir habis."",""label_intent"":""defend"",""target"":[{""pemain"":""Yudi"",""relasi"":""defend""}]},{""pengirim"":""Umar"",""teks_chat"":""Insting apa maksudnya, Yudi pasti sengaja mau memecah suara agar teman Hitman-nya selamat."",""label_intent"":""offend"",""target"":[{""pemain"":""Yudi"",""relasi"":""offend""}]}]","[""Tito"",""Umar"",""Vina"",""Wawan"",""Yudi""]","[{""pemain"":""Yudi"",""relasi"":""defend""}]"
Beni,"Aldo, aku membela kamu. Klaim yang belum terbukti bukan berarti kamu Hitman.",defend,"[{""pengirim"":""Aldo"",""teks_chat"":""Aku mengaku Spy dan memilih Guard untuk Beni semalam."",""label_intent"":""neutral"",""target"":[]},{""pengirim"":""Cika"",""teks_chat"":""Aku curiga Aldo memakai klaim Spy palsu supaya aman dari vote."",""label_intent"":""offend"",""target"":[{""pemain"":""Aldo"",""relasi"":""offend""}]},{""pengirim"":""Beni"",""teks_chat"":""Aku tidak bisa memastikan klaim Guard dari Aldo, tetapi belum ada kontradiksi dalam ceritanya."",""label_intent"":""neutral"",""target"":[]}]","[""Aldo"",""Beni"",""Cika""]","[{""pemain"":""Aldo"",""relasi"":""defend""}]"
Dona,"Halo, aku bukan Hitman. Jangan langsung curiga kepadaku, ya.",defend,[],"[""Dona"",""Eri""]","[{""pemain"":""Dona"",""relasi"":""defend""}]"
Gilang,"Kamu tidak bisa mengajak kami vote Fira hanya bermodalkan firasat saja, dia memiliki hak untuk menjelaskan posisinya.",defend,"[{""pengirim"":""Erwin"",""teks_chat"":""Ayo semuanya langsung kumpulkan suara ke Fira saja, aku merasa dia pelakunya."",""label_intent"":""offend"",""target"":[{""pemain"":""Fira"",""relasi"":""offend""}]}]","[""Erwin"",""Fira"",""Gilang""]","[{""pemain"":""Fira"",""relasi"":""defend""}]"
Kiki,"Irfan belum tentu bersalah, bisa saja dia sedang membaca ulang chat sebelum menyimpulkan sesuatu.",defend,"[{""pengirim"":""Hadi"",""teks_chat"":""Dari tadi permainan dimulai Irfan sama sekali tidak mengeluarkan sepatah kata pun di diskusi kita."",""label_intent"":""neutral"",""target"":[]},{""pengirim"":""Joko"",""teks_chat"":""Pemain yang memilih untuk diam saja seperti Irfan ini sangat pantas untuk dicurigai sebagai Hitman, mari kita keluarkan dia."",""label_intent"":""offend"",""target"":[{""pemain"":""Irfan"",""relasi"":""offend""}]}]","[""Hadi"",""Irfan"",""Joko"",""Kiki""]","[{""pemain"":""Irfan"",""relasi"":""defend""}]"
Lani,Tebakanku dia Hitman yang menyamar sebagai Civilian.,offend,[],"[""Lani"",""Miko""]","[{""pemain"":""tidak_diketahui"",""relasi"":""offend""}]"
Denis,Citra belum pantas dituduh hanya dari jeda chat. Penyebabnya bisa masalah koneksi.,defend,"[{""pengirim"":""Andi"",""teks_chat"":""Citra belum membalas pertanyaan soal alasan vote."",""label_intent"":""neutral"",""target"":[]},{""pengirim"":""Budi"",""teks_chat"":""Aku curiga Citra Hitman yang sengaja menghindari pertanyaan."",""label_intent"":""offend"",""target"":[{""pemain"":""Citra"",""relasi"":""offend""}]},{""pengirim"":""Citra"",""teks_chat"":""Aku bukan Hitman. Pesanku tadi gagal terkirim karena koneksi."",""label_intent"":""defend"",""target"":[{""pemain"":""Citra"",""relasi"":""defend""}]}]","[""Andi"",""Budi"",""Citra"",""Denis""]","[{""pemain"":""Citra"",""relasi"":""defend""}]"
Fajar,Klaim role kamu berubah tanpa penjelasan. Aku curiga kamu Hitman yang sedang mengarang.,offend,"[{""pengirim"":""Eko"",""teks_chat"":""Eh, ralat, aku Stalker, bukan Spy kayak yang tadi aku bilang."",""label_intent"":""neutral"",""target"":[]}]","[""Eko"",""Fajar""]","[{""pemain"":""Eko"",""relasi"":""offend""}]"
Kiki,"Aku setuju banget dengan pendapat Joko, mending kita turunin dia sekarang juga.",offend,"[{""pengirim"":""Gani"",""teks_chat"":""Hani dari tadi diam saja, mencurigakan sekali."",""label_intent"":""offend"",""target"":[{""pemain"":""Hani"",""relasi"":""offend""}]},{""pengirim"":""Ira"",""teks_chat"":""Hani belum pantas dituduh; mungkin dia sedang membaca ulang percakapan."",""label_intent"":""defend"",""target"":[{""pemain"":""Hani"",""relasi"":""defend""}]},{""pengirim"":""Joko"",""teks_chat"":""Kok Ira cepat banget maju buat ngebela Hani?"",""label_intent"":""offend"",""target"":[{""pemain"":""Ira"",""relasi"":""offend""}]},{""pengirim"":""Ira"",""teks_chat"":""Aku hanya menyampaikan kemungkinan penyebab diam, bukan memastikan rolenya."",""label_intent"":""defend"",""target"":[{""pemain"":""Ira"",""relasi"":""defend""}]},{""pengirim"":""Joko"",""teks_chat"":""Ira, pembelaanmu terlalu cepat. Aku curiga kamu Hitman yang sedang mencari kepercayaan."",""label_intent"":""offend"",""target"":[{""pemain"":""Ira"",""relasi"":""offend""}]},{""pengirim"":""Ira"",""teks_chat"":""Enak aja, aku ini civilian murni tau."",""label_intent"":""defend"",""target"":[{""pemain"":""Ira"",""relasi"":""defend""}]}]","[""Gani"",""Hani"",""Ira"",""Joko"",""Kiki""]","[{""pemain"":""Ira"",""relasi"":""offend""}]"
Oscar,"Nah aku sepemikiran dengan Nina, jangan sampai kita salah menyingkirkan orang.",defend,"[{""pengirim"":""Lani"",""teks_chat"":""Aku mau claim Stalker nih, hasil Peek aku semalam nunjukin dengan jelas kalau Miko itu Hitman!"",""label_intent"":""offend"",""target"":[{""pemain"":""Miko"",""relasi"":""offend""}]},{""pengirim"":""Nina"",""teks_chat"":""Jangan asal percaya, kita sdh tahu itu baru klaim pemain. Miko belum pantas langsung divote."",""label_intent"":""defend"",""target"":[{""pemain"":""Miko"",""relasi"":""defend""}]}]","[""Lani"",""Miko"",""Nina"",""Oscar""]","[{""pemain"":""Miko"",""relasi"":""defend""}]"
Tino,"Jangan langsung menuduh, kalian berdua wajar merespons lambat kalau masalahnya ada di koneksi internet.",defend,"[{""pengirim"":""Puput"",""teks_chat"":""Qori sama Rian kok balas chatnya lama banget ya dari tadi?"",""label_intent"":""neutral"",""target"":[]},{""pengirim"":""Siska"",""teks_chat"":""Aku curiga Qori dan Rian sengaja menunda jawaban supaya bisa mengarang alasan. Aku ingin vote mereka."",""label_intent"":""offend"",""target"":[{""pemain"":""Qori"",""relasi"":""offend""},{""pemain"":""Rian"",""relasi"":""offend""}]},{""pengirim"":""Qori"",""teks_chat"":""Maaf banget, sinyalku dari tadi putus-putus jadinya telat masuk."",""label_intent"":""defend"",""target"":[{""pemain"":""Qori"",""relasi"":""defend""}]},{""pengirim"":""Rian"",""teks_chat"":""Aku juga nge-lag parah ini aplikasinya, baru bisa buka."",""label_intent"":""defend"",""target"":[{""pemain"":""Rian"",""relasi"":""defend""}]}]","[""Puput"",""Siska"",""Qori"",""Rian"",""Tino""]","[{""pemain"":""Qori"",""relasi"":""defend""},{""pemain"":""Rian"",""relasi"":""defend""}]"
Vina,Klaim Spy yg bertentangan dengan aturan itu membuatku curiga dia Hitman.,offend,"[{""pengirim"":""Udin"",""teks_chat"":""Aku mengaku Spy dan memilih Guard untuk Vina semalam. Malam sebelumnya juga Vina."",""label_intent"":""neutral"",""target"":[]},{""pengirim"":""Vina"",""teks_chat"":""Spy tidak bisa Guard orang yang sama dua malam berturut-turut. Aku curiga klaimmu palsu."",""label_intent"":""offend"",""target"":[{""pemain"":""Udin"",""relasi"":""offend""}]},{""pengirim"":""Wawan"",""teks_chat"":""Pasti Udin cuma ngarang klaimnya biar aman dari vote."",""label_intent"":""offend"",""target"":[{""pemain"":""Udin"",""relasi"":""offend""}]},{""pengirim"":""Xena"",""teks_chat"":""Eh ngomong-ngomong waktu diskusi kita sisa berapa menit lagi ya?"",""label_intent"":""neutral"",""target"":[]},{""pengirim"":""Udin"",""teks_chat"":""Sisa 2 menit kayaknya di timer layarku."",""label_intent"":""neutral"",""target"":[]},{""pengirim"":""Vina"",""teks_chat"":""Wah harus buruan nentuin pilihan nih kalau begitu."",""label_intent"":""neutral"",""target"":[]},{""pengirim"":""Wawan"",""teks_chat"":""Iya, putaran ini entah kenapa terasa cepat banget jalannya."",""label_intent"":""neutral"",""target"":[]},{""pengirim"":""Xena"",""teks_chat"":""Balik ke klaim Guard tadi, pilihannya emang nggak masuk akal."",""label_intent"":""neutral"",""target"":[]}]","[""Udin"",""Vina"",""Wawan"",""Xena""]","[{""pemain"":""Udin"",""relasi"":""offend""}]"
Zaki,Salah satu dari dua orang itu pasti mengarang untuk menutupi role Hitman. Aku belum mau menyebut siapa.,offend,"[{""pengirim"":""Yanto"",""teks_chat"":""Tadi ada dua orang yang sama-sama ganti klaim role, tapi aku belum mau bahas siapa duluan."",""label_intent"":""neutral"",""target"":[]}]","[""Yanto"",""Zaki""]","[{""pemain"":""tidak_diketahui"",""relasi"":""offend""}]"
Caca,"Eh kok aku jadi ngerasa pembelaanku sendiri terlalu cepat dan malah mencurigakan, ya udah kalau kalian ragu mending vote aku saja!",offend,"[{""pengirim"":""Andi"",""teks_chat"":""Budi dari tadi pasif banget dan tidak membantu, jangan-jangan dia Hitman."",""label_intent"":""offend"",""target"":[{""pemain"":""Budi"",""relasi"":""offend""}]},{""pengirim"":""Caca"",""teks_chat"":""Budi belum pantas dituduh sebagai Hitman hanya karena belum membalas."",""label_intent"":""defend"",""target"":[{""pemain"":""Budi"",""relasi"":""defend""}]}]","[""Andi"",""Budi"",""Caca""]","[{""pemain"":""Caca"",""relasi"":""offend""}]"
Dika,"Dari pengamatan Eka soal chat tadi, aku curiga Fajar Hitman yang mau menggiring vote tanpa alasan.",offend,"[{""pengirim"":""Dika"",""teks_chat"":""Eka, apa yang kamu perhatikan dari chat Fajar?"",""label_intent"":""neutral"",""target"":[]},{""pengirim"":""Eka"",""teks_chat"":""Fajar tadi mengajak vote, tetapi tidak menjawab saat diminta alasannya."",""label_intent"":""neutral"",""target"":[]},{""pengirim"":""Fajar"",""teks_chat"":""Aku tidak sedang memfitnah siapa pun, aku belum selesai menyusun jawaban."",""label_intent"":""defend"",""target"":[{""pemain"":""Fajar"",""relasi"":""defend""}]}]","[""Dika"",""Eka"",""Fajar""]","[{""pemain"":""Fajar"",""relasi"":""offend""}]"
Joko,Aku sangat yakin bukan Hadi pelakunya karena ajakan vote tanpa bukti dari Gilang ini terlalu memaksa.,defend,"[{""pengirim"":""Gilang"",""teks_chat"":""Ayo semuanya langsung kumpulkan suara buat Hadi aja sekarang!"",""label_intent"":""offend"",""target"":[{""pemain"":""Hadi"",""relasi"":""offend""}]},{""pengirim"":""Hadi"",""teks_chat"":""Loh, buktinya apa kamu tiba-tiba mengajak orang untuk vote aku?"",""label_intent"":""defend"",""target"":[{""pemain"":""Hadi"",""relasi"":""defend""}]},{""pengirim"":""Gilang"",""teks_chat"":""Pokoknya feeling aku kuat banget kalau kamu itu Hitman yang lagi nyamar."",""label_intent"":""offend"",""target"":[{""pemain"":""Hadi"",""relasi"":""offend""}]},{""pengirim"":""Irfan"",""teks_chat"":""Kita main deduksi, tidak bisa mengandalkan feeling doang."",""label_intent"":""neutral"",""target"":[]},{""pengirim"":""Gilang"",""teks_chat"":""Aku tetap curiga Hadi Hitman dan ingin kalian ikut vote Hadi."",""label_intent"":""offend"",""target"":[{""pemain"":""Hadi"",""relasi"":""offend""}]}]","[""Gilang"",""Hadi"",""Irfan"",""Joko""]","[{""pemain"":""Hadi"",""relasi"":""defend""}]"
Gita,Menurutku dia belum pantas divote. Membalas tuduhan dengan cepat tidak membuktikan dia pelakunya.,defend,"[{""pengirim"":""Fani"",""teks_chat"":""Pasti orang itu satu tim komplotan Hitman yang sama."",""label_intent"":""offend"",""target"":[{""pemain"":""Lusi"",""relasi"":""offend""}]},{""pengirim"":""Gita"",""teks_chat"":""Belum tentu dia Hitman, bisa saja tuduhan yang dibantahnya memang lemah."",""label_intent"":""defend"",""target"":[{""pemain"":""Lusi"",""relasi"":""defend""}]},{""pengirim"":""Hari"",""teks_chat"":""Membela terlalu cepat itu strategi klasik buat nutupin kedok."",""label_intent"":""offend"",""target"":[{""pemain"":""Lusi"",""relasi"":""offend""}]},{""pengirim"":""Eka"",""teks_chat"":""Terus sebenarnya yang dibela itu siapa sih?"",""label_intent"":""neutral"",""target"":[]},{""pengirim"":""Fani"",""teks_chat"":""Iya, kelihatan banget paniknya pas temannya disenggol dikit."",""label_intent"":""offend"",""target"":[{""pemain"":""Lusi"",""relasi"":""offend""}]},{""pengirim"":""Gita"",""teks_chat"":""Jangan asal ambil kesimpulan dulu sebelum tahu cerita lengkapnya."",""label_intent"":""neutral"",""target"":[]},{""pengirim"":""Hari"",""teks_chat"":""Kita harus waspada sama pola permainan kayak gini."",""label_intent"":""neutral"",""target"":[]},{""pengirim"":""Eka"",""teks_chat"":""Terus langkah kita selanjutnya mau gimana nih?"",""label_intent"":""neutral"",""target"":[]},{""pengirim"":""Fani"",""teks_chat"":""Vote aja langsung biar nggak pusing."",""label_intent"":""offend"",""target"":[{""pemain"":""Lusi"",""relasi"":""offend""}]},{""pengirim"":""Gita"",""teks_chat"":""Mending kita interogasi aja dulu baik-baik."",""label_intent"":""neutral"",""target"":[]},{""pengirim"":""Hari"",""teks_chat"":""Interogasi kelamaan, keburu dimakan waktu."",""label_intent"":""neutral"",""target"":[]},{""pengirim"":""Eka"",""teks_chat"":""Tapi emang agak ngeri sih melihat manuver kilatnya."",""label_intent"":""neutral"",""target"":[]}]","[""Eka"",""Fani"",""Gita"",""Hari"",""Lusi""]","[{""pemain"":""Lusi"",""relasi"":""defend""}]"
Citra,Aku membela dia. Lambat menjawab bukan bukti bahwa dia Hitman.,defend,"[{""pengirim"":""Citra"",""teks_chat"":""Sebentar, ganti topik dulu. Ada yang mau ngaku Spy?"",""label_intent"":""neutral"",""target"":[]},{""pengirim"":""Doni"",""teks_chat"":""Aku Spy. Semalam aku pakai Guard ke Andi."",""label_intent"":""neutral"",""target"":[]},{""pengirim"":""Andi"",""teks_chat"":""Oh gitu, makasih kalau memang benar."",""label_intent"":""neutral"",""target"":[]},{""pengirim"":""Citra"",""teks_chat"":""Doni, kenapa milih Andi?"",""label_intent"":""neutral"",""target"":[]},{""pengirim"":""Doni"",""teks_chat"":""Soalnya Andi paling aktif nanya, takutnya dia yang diincar."",""label_intent"":""neutral"",""target"":[]},{""pengirim"":""Andi"",""teks_chat"":""Masuk akal sih, aku memang banyak nanya dari awal."",""label_intent"":""neutral"",""target"":[]},{""pengirim"":""Citra"",""teks_chat"":""Ada yang mau ngaku Stalker juga?"",""label_intent"":""neutral"",""target"":[]},{""pengirim"":""Doni"",""teks_chat"":""Kayaknya belum ada yang berani ngaku."",""label_intent"":""neutral"",""target"":[]},{""pengirim"":""Andi"",""teks_chat"":""Wajar sih, yang ngaku Stalker bisa jadi incaran."",""label_intent"":""neutral"",""target"":[]},{""pengirim"":""Citra"",""teks_chat"":""Oke, klaim Guard Doni kita catat dulu."",""label_intent"":""neutral"",""target"":[]},{""pengirim"":""Doni"",""teks_chat"":""Silakan, nanti bisa dicek dari konsistensi ceritaku."",""label_intent"":""neutral"",""target"":[]},{""pengirim"":""Andi"",""teks_chat"":""Kembali ke orang yang kita bahas sebelum soal Guard tadi."",""label_intent"":""neutral"",""target"":[]}]","[""Andi"",""Bima"",""Citra"",""Doni""]","[{""pemain"":""tidak_diketahui"",""relasi"":""defend""}]"
Ivan,"Aku cuma bertanya karena belum melihat chatnya, bukan karena tahu siapa korban. Aku bukan Hitman.",defend,"[{""pengirim"":""Ega"",""teks_chat"":""Semalam ada yang disandera lagi, tapi kita nggak tahu siapa."",""label_intent"":""neutral"",""target"":[]},{""pengirim"":""Hani"",""teks_chat"":""Skill Hitman ini sungguh bikin kita kebingungan siapa yang aman dan yang nggak."",""label_intent"":""neutral"",""target"":[]},{""pengirim"":""Ivan"",""teks_chat"":""Joko belum mengirim pesan sejak chat dibuka lagi, ya?"",""label_intent"":""neutral"",""target"":[]},{""pengirim"":""Joko"",""teks_chat"":""Pasti Ivan ini pelakunya, dia sengaja nanyain aku biar seolah-olah dia nggak tahu apa-apa!"",""label_intent"":""offend"",""target"":[{""pemain"":""Ivan"",""relasi"":""offend""}]}]","[""Ega"",""Hani"",""Ivan"",""Joko""]","[{""pemain"":""Ivan"",""relasi"":""defend""}]"
Kiki,"Maman bilang 'Dia pasti Hitman', tetapi aku tidak setuju. Lala belum pantas dituduh dari perubahan dugaan itu.",defend,"[{""pengirim"":""Kiki"",""teks_chat"":""Lala, alasanmu mengajak vote tadi apa?"",""label_intent"":""neutral"",""target"":[]},{""pengirim"":""Lala"",""teks_chat"":""Aku belum punya alasan kuat. Aku ingin menarik ajakan itu."",""label_intent"":""neutral"",""target"":[]},{""pengirim"":""Maman"",""teks_chat"":""Lala mengganti pendapat, aku curiga Lala sedang mengarang alasan."",""label_intent"":""offend"",""target"":[{""pemain"":""Lala"",""relasi"":""offend""}]},{""pengirim"":""Lala"",""teks_chat"":""Aku bukan Hitman; aku menyadari dugaan awalku terlalu lemah."",""label_intent"":""defend"",""target"":[{""pemain"":""Lala"",""relasi"":""defend""}]},{""pengirim"":""Nisa"",""teks_chat"":""Jadi sekarang kamu ingin menunda pilihan vote?"",""label_intent"":""neutral"",""target"":[]},{""pengirim"":""Maman"",""teks_chat"":""Dia pasti Hitman yang panik mengarang cerita. Vote dia saja."",""label_intent"":""offend"",""target"":[{""pemain"":""Lala"",""relasi"":""offend""}]},{""pengirim"":""Nisa"",""teks_chat"":""Menurutku dia belum pantas dituduh hanya karena mengoreksi dugaan."",""label_intent"":""defend"",""target"":[{""pemain"":""Lala"",""relasi"":""defend""}]},{""pengirim"":""Maman"",""teks_chat"":""Aku tetap curiga dia sengaja mengubah cerita supaya lolos."",""label_intent"":""offend"",""target"":[{""pemain"":""Lala"",""relasi"":""offend""}]},{""pengirim"":""Lala"",""teks_chat"":""Aku tidak bersalah. Aku justru berhenti mengajak vote ketika sadar buktinya kurang."",""label_intent"":""defend"",""target"":[{""pemain"":""Lala"",""relasi"":""defend""}]}]","[""Kiki"",""Lala"",""Maman"",""Nisa""]","[{""pemain"":""Lala"",""relasi"":""defend""}]"
Omar,"Menurutku kamu bukan Hitman, aku belum punya alasan untuk mencurigaimu.",defend,[],"[""Omar"",""Putri""]","[{""pemain"":""tidak_diketahui"",""relasi"":""defend""}]"
Toni,Sandi belum pantas dituduh sebagai Hitman hanya karena menarik ajakan vote yang belum berdasar.,defend,"[{""pengirim"":""Qila"",""teks_chat"":""Kenapa Sandi menarik ajakan votenya di chat tadi?"",""label_intent"":""neutral"",""target"":[]},{""pengirim"":""Raka"",""teks_chat"":""Sandi ini pasti pelakunya yang berniat mengacaukan arah suara kita, mari kita singkirkan dia!"",""label_intent"":""offend"",""target"":[{""pemain"":""Sandi"",""relasi"":""offend""}]},{""pengirim"":""Sandi"",""teks_chat"":""Aku menarik ajakan itu karena ragu, alasannya masih kurang kuat."",""label_intent"":""defend"",""target"":[{""pemain"":""Sandi"",""relasi"":""defend""}]}]","[""Qila"",""Raka"",""Sandi"",""Toni""]","[{""pemain"":""Sandi"",""relasi"":""defend""}]"
Willy,"Aku yakin Umar bukanlah Hitman, dia cuma asal berargumen karena dia civilian pemula yang kebingungan.",defend,"[{""pengirim"":""Vina"",""teks_chat"":""Umar, aku tidak bersalah. Kamu mengajak vote aku tanpa bukti."",""label_intent"":""defend"",""target"":[{""pemain"":""Vina"",""relasi"":""defend""}]},{""pengirim"":""Umar"",""teks_chat"":""Aku tetap curiga kamu pelakunya, walaupun baru berdasarkan firasat."",""label_intent"":""offend"",""target"":[{""pemain"":""Vina"",""relasi"":""offend""}]}]","[""Umar"",""Vina"",""Willy""]","[{""pemain"":""Umar"",""relasi"":""defend""}]"
Aldi,Menurutku dia belum pantas dituduh; respons lambat bisa karena koneksi.,defend,"[{""pengirim"":""Aldi"",""teks_chat"":""Kita jeda pembahasan orang dulu. Ada yang semalam pakai Peek?"",""label_intent"":""neutral"",""target"":[]},{""pengirim"":""Beni"",""teks_chat"":""Belum ada yang ngaku Stalker dari tadi."",""label_intent"":""neutral"",""target"":[]},{""pengirim"":""Yoga"",""teks_chat"":""Mungkin Stalker-nya masih nahan info."",""label_intent"":""neutral"",""target"":[]},{""pengirim"":""Aldi"",""teks_chat"":""Bisa jadi, biar nggak langsung diincar."",""label_intent"":""neutral"",""target"":[]},{""pengirim"":""Beni"",""teks_chat"":""Kalau nanti ada yang ngaku, kita tanya dia Peek siapa."",""label_intent"":""neutral"",""target"":[]},{""pengirim"":""Yoga"",""teks_chat"":""Iya, terus kita cocokin sama omongannya sebelumnya."",""label_intent"":""neutral"",""target"":[]},{""pengirim"":""Aldi"",""teks_chat"":""Tapi gimana kalau dia bohong soal hasilnya?"",""label_intent"":""neutral"",""target"":[]},{""pengirim"":""Beni"",""teks_chat"":""Makanya jangan langsung ditelan mentah-mentah."",""label_intent"":""neutral"",""target"":[]},{""pengirim"":""Yoga"",""teks_chat"":""Terus kalau ada dua orang ngaku Stalker?"",""label_intent"":""neutral"",""target"":[]},{""pengirim"":""Aldi"",""teks_chat"":""Itu tetap klaim yang mungkin benar atau mungkin bohong."",""label_intent"":""neutral"",""target"":[]},{""pengirim"":""Beni"",""teks_chat"":""Oke, jadi klaim Peek tetap harus dicek dulu."",""label_intent"":""neutral"",""target"":[]},{""pengirim"":""Yoga"",""teks_chat"":""Sekarang balik ke orang yang dibahas sebelum obrolan Peek tadi."",""label_intent"":""neutral"",""target"":[]}]","[""Yoga"",""Zain"",""Aldi"",""Beni""]","[{""pemain"":""tidak_diketahui"",""relasi"":""defend""}]"
Fahmi,Aku bukan pelakunya. Salah mengetik ajakan vote tadi tidak berarti aku sedang mengatur suara.,defend,"[{""pengirim"":""Chika"",""teks_chat"":""Ajakan vote di chat ronde ini berubah-ubah terus."",""label_intent"":""neutral"",""target"":[]},{""pengirim"":""Dita"",""teks_chat"":""Iya, banyak yg tiba-tiba menarik ajakannya."",""label_intent"":""neutral"",""target"":[]},{""pengirim"":""Eka"",""teks_chat"":""Fahmi tadi mengajak vote lalu bilang ingin menunda."",""label_intent"":""neutral"",""target"":[]},{""pengirim"":""Fahmi"",""teks_chat"":""Lah, aku ngga mindahin pilihan sama sekali daritadi."",""label_intent"":""defend"",""target"":[{""pemain"":""Fahmi"",""relasi"":""defend""}]},{""pengirim"":""Chika"",""teks_chat"":""Di pesan sebelumnya kamu sempat mengajak kita vote, lalu bilang ingin menunda."",""label_intent"":""neutral"",""target"":[]},{""pengirim"":""Dita"",""teks_chat"":""Pasti kamu sengaja mengacaukan pemungutan suara ini."",""label_intent"":""offend"",""target"":[{""pemain"":""Fahmi"",""relasi"":""offend""}]},{""pengirim"":""Eka"",""teks_chat"":""Iya, niat banget mau nyelametin temannya yang Hitman."",""label_intent"":""offend"",""target"":[{""pemain"":""Fahmi"",""relasi"":""offend""}]},{""pengirim"":""Fahmi"",""teks_chat"":""Aku salah mengetik waktu mengajak vote. Aku tidak berniat menggiring kalian."",""label_intent"":""defend"",""target"":[{""pemain"":""Fahmi"",""relasi"":""defend""}]},{""pengirim"":""Chika"",""teks_chat"":""Alasan salah mengetik itu perlu dijelaskan lebih rinci."",""label_intent"":""neutral"",""target"":[]},{""pengirim"":""Dita"",""teks_chat"":""Udah fix kita kumpul suara aja buat menendang Fahmi."",""label_intent"":""offend"",""target"":[{""pemain"":""Fahmi"",""relasi"":""offend""}]},{""pengirim"":""Eka"",""teks_chat"":""Ayo cepetan mumpung belum di-close sistemnya."",""label_intent"":""offend"",""target"":[{""pemain"":""Fahmi"",""relasi"":""offend""}]},{""pengirim"":""Fahmi"",""teks_chat"":""Aku mau mengoreksi pesanku yang salah, bukan menutupi role Hitman."",""label_intent"":""defend"",""target"":[{""pemain"":""Fahmi"",""relasi"":""defend""}]}]","[""Chika"",""Dita"",""Eka"",""Fahmi""]","[{""pemain"":""Fahmi"",""relasi"":""defend""}]"
Joko,Hani tadi mengingatkan bahwa alasan vote itu keliru. Wajar Ivan mengoreksi dugaan setelah mendengarnya; Ivan belum pantas dituduh.,defend,"[{""pengirim"":""Gani"",""teks_chat"":""Ivan tadi mengajak vote, lalu menarik ajakannya. Aku curiga Ivan Hitman."",""label_intent"":""offend"",""target"":[{""pemain"":""Ivan"",""relasi"":""offend""}]}]","[""Gani"",""Hani"",""Ivan"",""Joko""]","[{""pemain"":""Ivan"",""relasi"":""defend""}]"
Doni,Andi dan Budi belum pantas dituduh sebagai Hitman karena mau mengoreksi dugaan mereka.,defend,"[{""pengirim"":""Doni"",""teks_chat"":""Andi dan Budi sama-sama menarik ajakan vote di chat tadi, ya?"",""label_intent"":""neutral"",""target"":[]},{""pengirim"":""Caca"",""teks_chat"":""Iya curiga banget, mereka berdua pasti Hitman yang lagi koordinasi buat nyelamatin temannya!"",""label_intent"":""offend"",""target"":[{""pemain"":""Andi"",""relasi"":""offend""},{""pemain"":""Budi"",""relasi"":""offend""}]},{""pengirim"":""Andi"",""teks_chat"":""Aku dan Budi bukan Hitman. Aku meminta Budi menunda ajakan vote karena alasan awal kami ternyata lemah."",""label_intent"":""defend"",""target"":[{""pemain"":""Andi"",""relasi"":""defend""},{""pemain"":""Budi"",""relasi"":""defend""}]}]","[""Andi"",""Budi"",""Caca"",""Doni""]","[{""pemain"":""Andi"",""relasi"":""defend""},{""pemain"":""Budi"",""relasi"":""defend""}]"
Fahmi,Eka tidak pantas dituduh sebagai Hitman dari jeda chat saja. Kita belum tahu penyebabnya.,defend,"[{""pengirim"":""Dina"",""teks_chat"":""Eka sempat berhenti mengetik, ada yang tahu kenapa?"",""label_intent"":""neutral"",""target"":[]},{""pengirim"":""Fahmi"",""teks_chat"":""Kita belum tahu, jangan langsung menyimpulkan Gag Order."",""label_intent"":""neutral"",""target"":[]},{""pengirim"":""Eka"",""teks_chat"":""Koneksiku sempat terputus, sekarang aku bisa mengetik lagi."",""label_intent"":""neutral"",""target"":[]},{""pengirim"":""Gilang"",""teks_chat"":""Aku curiga Eka Hitman yang memakai alasan koneksi untuk bersembunyi."",""label_intent"":""offend"",""target"":[{""pemain"":""Eka"",""relasi"":""offend""}]},{""pengirim"":""Dina"",""teks_chat"":""Belum tentu dia pelakunya, masalah koneksi bisa terjadi."",""label_intent"":""defend"",""target"":[{""pemain"":""Eka"",""relasi"":""defend""}]},{""pengirim"":""Gilang"",""teks_chat"":""Aku tetap curiga dia sedang mengarang alasan."",""label_intent"":""offend"",""target"":[{""pemain"":""Eka"",""relasi"":""offend""}]}]","[""Dina"",""Eka"",""Fahmi"",""Gilang""]","[{""pemain"":""Eka"",""relasi"":""defend""}]"
Gita,"Hana, jangan panik. Aku membela kamu karena mengubah dugaan setelah ada penjelasan baru tidak membuktikan kamu Hitman.",defend,"[{""pengirim"":""Gita"",""teks_chat"":""Kenapa dari tadi arah tuduhannya ganti-ganti terus ya?"",""label_intent"":""neutral"",""target"":[]},{""pengirim"":""Irfan"",""teks_chat"":""Iya nih, bingung jadinya ngikutin alur diskusi kita hari ini."",""label_intent"":""neutral"",""target"":[]},{""pengirim"":""Joko"",""teks_chat"":""Hana tadi menuduh Irfan, sekarang menuduh aku tanpa menjelaskan perubahan itu. Aku curiga Hana."",""label_intent"":""offend"",""target"":[{""pemain"":""Hana"",""relasi"":""offend""}]},{""pengirim"":""Hana"",""teks_chat"":""Aku bukan Hitman; dugaanku berubah setelah membaca penjelasan baru di chat."",""label_intent"":""defend"",""target"":[{""pemain"":""Hana"",""relasi"":""defend""}]},{""pengirim"":""Irfan"",""teks_chat"":""Pasti Hana pelakunya yang lagi panik dan mau adu domba kita!"",""label_intent"":""offend"",""target"":[{""pemain"":""Hana"",""relasi"":""offend""}]},{""pengirim"":""Hana"",""teks_chat"":""Kok gitu? Aku cuma ngikutin info dari laporan yang beredar aja kok."",""label_intent"":""defend"",""target"":[{""pemain"":""Hana"",""relasi"":""defend""}]},{""pengirim"":""Joko"",""teks_chat"":""Alasan aja kamu, kelihatan banget bohongnya, ayo vote dia sekarang!"",""label_intent"":""offend"",""target"":[{""pemain"":""Hana"",""relasi"":""offend""}]}]","[""Gita"",""Hana"",""Irfan"",""Joko""]","[{""pemain"":""Hana"",""relasi"":""defend""}]"
Kevin,"Aku belum punya alasan mencurigai Lila, jadi jangan langsung ajak vote Lila.",defend,[],"[""Kevin"",""Lila""]","[{""pemain"":""Lila"",""relasi"":""defend""}]"
Mira,Menurutku kamu bukan Hitman. Aku tidak mau menuduhmu tanpa alasan.,defend,[],"[""Mira"",""Niko""]","[{""pemain"":""tidak_diketahui"",""relasi"":""defend""}]"
Omar,"Setelah kupikir-pikir, dia memang nggak terlihat seperti Hitman, mending kita batalin aja niat buat vote-nya.",defend,"[{""pengirim"":""Putri"",""teks_chat"":""Aku juga curiga dia, dari tadi hanya diam."",""label_intent"":""offend"",""target"":[{""pemain"":""Qori"",""relasi"":""offend""}]},{""pengirim"":""Raka"",""teks_chat"":""Kenapa langsung menuduh dia tanpa alasan selain diam? Aku membela dia."",""label_intent"":""defend"",""target"":[{""pemain"":""Qori"",""relasi"":""defend""}]},{""pengirim"":""Putri"",""teks_chat"":""Dia tidak bertanya apa pun soal kejadian malam. Aku tetap curiga."",""label_intent"":""offend"",""target"":[{""pemain"":""Qori"",""relasi"":""offend""}]},{""pengirim"":""Omar"",""teks_chat"":""Bener juga sih, santai banget kelihatannya padahal situasinya lagi genting."",""label_intent"":""offend"",""target"":[{""pemain"":""Qori"",""relasi"":""offend""}]},{""pengirim"":""Raka"",""teks_chat"":""Kan nggak semua orang bakal panik heboh kalau ada korban hilang."",""label_intent"":""defend"",""target"":[{""pemain"":""Qori"",""relasi"":""defend""}]},{""pengirim"":""Putri"",""teks_chat"":""Tapi diamnya itu udah kelewat batas dan terlalu mencurigakan."",""label_intent"":""offend"",""target"":[{""pemain"":""Qori"",""relasi"":""offend""}]},{""pengirim"":""Omar"",""teks_chat"":""Udah vote aja dia dari pada kita repot mikirin teori lain."",""label_intent"":""offend"",""target"":[{""pemain"":""Qori"",""relasi"":""offend""}]},{""pengirim"":""Raka"",""teks_chat"":""Kasihan tau kalau ternyata kita salah nuduh orang yang nggak bersalah."",""label_intent"":""defend"",""target"":[{""pemain"":""Qori"",""relasi"":""defend""}]},{""pengirim"":""Putri"",""teks_chat"":""Mending kita cari aman aja sih demi keselamatan bersama."",""label_intent"":""offend"",""target"":[{""pemain"":""Qori"",""relasi"":""offend""}]},{""pengirim"":""Omar"",""teks_chat"":""Setuju, kita harus cepat ngambil keputusan sebelum waktunya habis."",""label_intent"":""neutral"",""target"":[]},{""pengirim"":""Putri"",""teks_chat"":""Ayo cepetan kumpulin vote sekarang juga."",""label_intent"":""offend"",""target"":[{""pemain"":""Qori"",""relasi"":""offend""}]},{""pengirim"":""Raka"",""teks_chat"":""Jangan vote dia dulu; kita masih bisa meminta penjelasan saat dia bisa membalas."",""label_intent"":""defend"",""target"":[{""pemain"":""Qori"",""relasi"":""defend""}]}]","[""Omar"",""Putri"",""Qori"",""Raka""]","[{""pemain"":""Qori"",""relasi"":""defend""}]"
Udin,"Setelah kupikir, Tari belum pantas dituduh. Menarik dugaan yang lemah itu wajar.",defend,"[{""pengirim"":""Sani"",""teks_chat"":""Siapa tadi yang menarik ajakan vote di chat?"",""label_intent"":""neutral"",""target"":[]},{""pengirim"":""Udin"",""teks_chat"":""Tari yang menarik ajakannya. Aku curiga Tari Hitman yang sedang main aman."",""label_intent"":""offend"",""target"":[{""pemain"":""Tari"",""relasi"":""offend""}]},{""pengirim"":""Tari"",""teks_chat"":""Aku bukan Hitman; aku menarik ajakan itu karena ragu dengan alasannya."",""label_intent"":""defend"",""target"":[{""pemain"":""Tari"",""relasi"":""defend""}]},{""pengirim"":""Vera"",""teks_chat"":""Eh btw waktu siang ini sisa berapa detik lagi nih di layar kalian?"",""label_intent"":""neutral"",""target"":[]},{""pengirim"":""Sani"",""teks_chat"":""Masih ada sekitar 40 detik lagi kok, santai aja."",""label_intent"":""neutral"",""target"":[]},{""pengirim"":""Vera"",""teks_chat"":""Oke sip, masih lumayan lama buat mikir strategi."",""label_intent"":""neutral"",""target"":[]}]","[""Sani"",""Tari"",""Udin"",""Vera""]","[{""pemain"":""Tari"",""relasi"":""defend""}]"
Xena,Aku bukan pelakunya. Mengoreksi dugaan setelah membaca chat baru bukan berarti aku menyusun kebohongan.,defend,"[{""pengirim"":""Wawan"",""teks_chat"":""Ada ajakan vote yang berubah setelah muncul penjelasan baru di chat, ya?"",""label_intent"":""neutral"",""target"":[]},{""pengirim"":""Yoga"",""teks_chat"":""Xena tadi mengajak vote, lalu bilang ingin menunda. Aku curiga Xena."",""label_intent"":""offend"",""target"":[{""pemain"":""Xena"",""relasi"":""offend""}]},{""pengirim"":""Xena"",""teks_chat"":""Aku bukan Hitman. Aku membaca penjelasan baru, jadi menarik dugaan awal."",""label_intent"":""defend"",""target"":[{""pemain"":""Xena"",""relasi"":""defend""}]},{""pengirim"":""Zaki"",""teks_chat"":""Pasti lu Hitman yang bingung ngarang alibi biar kelihatan sibuk."",""label_intent"":""offend"",""target"":[{""pemain"":""Xena"",""relasi"":""offend""}]},{""pengirim"":""Wawan"",""teks_chat"":""Coba dengerin dulu penjelasannya dia sebelum langsung ngejudge."",""label_intent"":""defend"",""target"":[{""pemain"":""Xena"",""relasi"":""defend""}]},{""pengirim"":""Yoga"",""teks_chat"":""Halah, nggak usah didengerin, pasti isinya bohong semua."",""label_intent"":""offend"",""target"":[{""pemain"":""Xena"",""relasi"":""offend""}]},{""pengirim"":""Xena"",""teks_chat"":""Sumpah demi apapun aku nggak bohong sama sekali!"",""label_intent"":""defend"",""target"":[{""pemain"":""Xena"",""relasi"":""defend""}]},{""pengirim"":""Zaki"",""teks_chat"":""Udah fix vote Xena aja guys, bukti kebohongannya udah jelas."",""label_intent"":""offend"",""target"":[{""pemain"":""Xena"",""relasi"":""offend""}]},{""pengirim"":""Wawan"",""teks_chat"":""Waktunya sisa dikit nih, yakin mau langsung ambil tindakan?"",""label_intent"":""neutral"",""target"":[]}]","[""Wawan"",""Xena"",""Yoga"",""Zaki""]","[{""pemain"":""Xena"",""relasi"":""defend""}]"
Aldi,"Bima tidak pantas dituduh hanya karena diam. Kita belum tahu apakah dia pasif, bermasalah koneksi, atau terkena efek skill.",defend,"[{""pengirim"":""Aldi"",""teks_chat"":""Bima belum membalas lagi sejak diskusi dimulai."",""label_intent"":""neutral"",""target"":[]},{""pengirim"":""Citra"",""teks_chat"":""Aku curiga Bima Hitman yang sengaja diam agar tidak ditanya."",""label_intent"":""offend"",""target"":[{""pemain"":""Bima"",""relasi"":""offend""}]}]","[""Aldi"",""Bima"",""Citra""]","[{""pemain"":""Bima"",""relasi"":""defend""}]"
Deni,Menurutku kamu bukan Hitman. Aku ingin memberimu kesempatan ikut diskusi dulu.,defend,[],"[""Deni"",""Eko""]","[{""pemain"":""tidak_diketahui"",""relasi"":""defend""}]"
Eka,"Aku bukan Hitman, semoga kita bisa berdiskusi dengan tenang dari awal.",defend,[],"[""Eka"",""Fani""]","[{""pemain"":""Eka"",""relasi"":""defend""}]"
Iwan,Gani belum pantas dituduh sebagai Hitman hanya karena menarik ajakan yang belum punya bukti kuat.,defend,"[{""pengirim"":""Hadi"",""teks_chat"":""Gani menarik ajakan vote di chat tadi. Aku curiga Gani Hitman yang ingin mengacaukan keputusan."",""label_intent"":""offend"",""target"":[{""pemain"":""Gani"",""relasi"":""offend""}]}]","[""Gani"",""Hadi"",""Iwan""]","[{""pemain"":""Gani"",""relasi"":""defend""}]"
Jaka,"Lila belum pantas dituduh. Kita tidak tahu penyebab diamnya, bisa saja koneksi atau efek skill.",defend,"[{""pengirim"":""Jaka"",""teks_chat"":""Lila belum membalas pertanyaan sejak tadi."",""label_intent"":""neutral"",""target"":[]},{""pengirim"":""Kiki"",""teks_chat"":""Aku curiga Lila Hitman yang sengaja diam agar tidak ditanya."",""label_intent"":""offend"",""target"":[{""pemain"":""Lila"",""relasi"":""offend""}]}]","[""Jaka"",""Kiki"",""Lila""]","[{""pemain"":""Lila"",""relasi"":""defend""}]"
Rudi,"Dia kayaknya cuma asal nebak karena bingung, jangan langsung nuduh balik begitu ke dia.",defend,"[{""pengirim"":""Nina"",""teks_chat"":""Mamat mengajak vote Putri tanpa bukti. Aku curiga Mamat Hitman yang mau menggiring kita."",""label_intent"":""offend"",""target"":[{""pemain"":""Mamat"",""relasi"":""offend""}]},{""pengirim"":""Oman"",""teks_chat"":""Iya nih, padahal dari tadi kita belum nemu bukti apa-apa."",""label_intent"":""neutral"",""target"":[]},{""pengirim"":""Mamat"",""teks_chat"":""Aku cuma punya feeling kuat aja kalau dia pelakunya."",""label_intent"":""offend"",""target"":[{""pemain"":""Putri"",""relasi"":""offend""}]},{""pengirim"":""Putri"",""teks_chat"":""Kamu mau numbalin aku ya karena kamu sendiri Hitman-nya?"",""label_intent"":""offend"",""target"":[{""pemain"":""Mamat"",""relasi"":""offend""}]},{""pengirim"":""Rudi"",""teks_chat"":""Mencurigakan banget sih cara main kayak gitu."",""label_intent"":""neutral"",""target"":[]},{""pengirim"":""Nina"",""teks_chat"":""Seorang Hitman emang suka ngelempar tuduhan palsu buat mancing kepanikan."",""label_intent"":""neutral"",""target"":[]},{""pengirim"":""Oman"",""teks_chat"":""Bener, kita nggak boleh gampang kepancing sama ajakan yang nggak ada buktinya."",""label_intent"":""neutral"",""target"":[]},{""pengirim"":""Mamat"",""teks_chat"":""Aku bukan Hitman, aku hanya menyampaikan dugaan yang belum matang."",""label_intent"":""defend"",""target"":[{""pemain"":""Mamat"",""relasi"":""defend""}]},{""pengirim"":""Putri"",""teks_chat"":""Sekarang malah bersikap masa bodoh."",""label_intent"":""neutral"",""target"":[]},{""pengirim"":""Rudi"",""teks_chat"":""Ini sih udah fiks nyari masalah aja dari tadi."",""label_intent"":""neutral"",""target"":[]},{""pengirim"":""Nina"",""teks_chat"":""Tapi dia ini masih pemula kan di game ini?"",""label_intent"":""neutral"",""target"":[]},{""pengirim"":""Oman"",""teks_chat"":""Dia belum pantas dituduh sebagai Hitman hanya karena menebak asal."",""label_intent"":""defend"",""target"":[{""pemain"":""Mamat"",""relasi"":""defend""}]}]","[""Mamat"",""Nina"",""Oman"",""Putri"",""Rudi""]","[{""pemain"":""Mamat"",""relasi"":""defend""}]"
Umar,Cepat membalas bukan bukti bahwa dia Hitman. Aku menolak ajakan vote kepadanya.,defend,"[{""pengirim"":""Umar"",""teks_chat"":""Gerakannya memang cepat banget, tapi aku belum mau menyimpulkan apa-apa."",""label_intent"":""neutral"",""target"":[]},{""pengirim"":""Vina"",""teks_chat"":""Itu pasti kelakuan Hitman yang lagi panik temen satu timnya dituduh."",""label_intent"":""offend"",""target"":[{""pemain"":""Sani"",""relasi"":""offend""}]},{""pengirim"":""Tono"",""teks_chat"":""Bener, strategi kyk gitu udah kebaca banget sama kita."",""label_intent"":""offend"",""target"":[{""pemain"":""Sani"",""relasi"":""offend""}]},{""pengirim"":""Umar"",""teks_chat"":""Belum tentu dia pelakunya, bisa saja dia melihat kelemahan alasan tuduhan itu."",""label_intent"":""defend"",""target"":[{""pemain"":""Sani"",""relasi"":""defend""}]},{""pengirim"":""Vina"",""teks_chat"":""Nggak mungkin secepat itu kalau nggak ada rencana dari awal."",""label_intent"":""offend"",""target"":[{""pemain"":""Sani"",""relasi"":""offend""}]},{""pengirim"":""Tono"",""teks_chat"":""Lebih aman kita singkirkan aja yang tingkahnya begitu."",""label_intent"":""offend"",""target"":[{""pemain"":""Sani"",""relasi"":""offend""}]},{""pengirim"":""Umar"",""teks_chat"":""Gimana kalau ternyata dia civilian murni yang terlalu antusias?"",""label_intent"":""defend"",""target"":[{""pemain"":""Sani"",""relasi"":""defend""}]},{""pengirim"":""Vina"",""teks_chat"":""Risikonya terlalu besar buat kita membiarkan dia lolos."",""label_intent"":""offend"",""target"":[{""pemain"":""Sani"",""relasi"":""offend""}]},{""pengirim"":""Tono"",""teks_chat"":""Kita harus cepet ambil tindakan sebelum waktunya habis."",""label_intent"":""neutral"",""target"":[]},{""pengirim"":""Umar"",""teks_chat"":""Ya udah sih, silakan aja kalau kalian mau tetep ngeyel."",""label_intent"":""neutral"",""target"":[]},{""pengirim"":""Vina"",""teks_chat"":""Aku udah siap ngevote dia dari tadi nih."",""label_intent"":""offend"",""target"":[{""pemain"":""Sani"",""relasi"":""offend""}]},{""pengirim"":""Tono"",""teks_chat"":""Sama, aku juga nunggu aba-aba dari yang lain."",""label_intent"":""offend"",""target"":[{""pemain"":""Sani"",""relasi"":""offend""}]}]","[""Sani"",""Tono"",""Umar"",""Vina""]","[{""pemain"":""Sani"",""relasi"":""defend""}]"
Yogi,"Xena belum pantas dituduh. Menarik dugaan yang lemah itu wajar, bukan otomatis berbohong.",defend,"[{""pengirim"":""Wawan"",""teks_chat"":""Xena tadi mengajak vote lalu menarik ajakannya. Aku curiga Xena Hitman yang sedang mengubah cerita."",""label_intent"":""offend"",""target"":[{""pemain"":""Xena"",""relasi"":""offend""}]},{""pengirim"":""Yogi"",""teks_chat"":""Waktu ronde ini sisa berapa menit lagi sih?"",""label_intent"":""neutral"",""target"":[]},{""pengirim"":""Zain"",""teks_chat"":""Kayaknya tinggal dua menitan doang deh di timerku."",""label_intent"":""neutral"",""target"":[]}]","[""Wawan"",""Xena"",""Yogi"",""Zain""]","[{""pemain"":""Xena"",""relasi"":""defend""}]"
Aldo,Beni belum tentu Hitman. Kita beri kesempatan dia menjelaskan alasan tuduhannya.,defend,"[{""pengirim"":""Aldo"",""teks_chat"":""Dodi tadi menjawab pertanyaan sebelum selesai membaca isi pesannya, ya?"",""label_intent"":""neutral"",""target"":[]},{""pengirim"":""Beni"",""teks_chat"":""Aku curiga Dodi Hitman yang asal menjawab supaya terlihat ikut diskusi."",""label_intent"":""offend"",""target"":[{""pemain"":""Dodi"",""relasi"":""offend""}]},{""pengirim"":""Citra"",""teks_chat"":""Sekarang aku justru curiga Beni, dia menuduh orang lain tanpa menjelaskan alasannya."",""label_intent"":""offend"",""target"":[{""pemain"":""Beni"",""relasi"":""offend""}]},{""pengirim"":""Erna"",""teks_chat"":""Beni belum pantas dituduh karena dugaan itu saja."",""label_intent"":""defend"",""target"":[{""pemain"":""Beni"",""relasi"":""defend""}]}]","[""Aldo"",""Beni"",""Citra"",""Dodi"",""Erna""]","[{""pemain"":""Beni"",""relasi"":""defend""}]"
Fikri,"Sumpah aku bukan pelakunya, koneksiku emang dari tadi bermasalah makanya pesanku kepotong-potong dan lambat banget masuknya.",defend,"[{""pengirim"":""Fikri"",""teks_chat"":""Apa yang sedang dibahas sejak chat dibuka lagi?"",""label_intent"":""neutral"",""target"":[]},{""pengirim"":""Gita"",""teks_chat"":""Fikri, kenapa kamu ngetiknya baru muncul sekarang sih? Telat banget reaksimu."",""label_intent"":""neutral"",""target"":[]},{""pengirim"":""Hana"",""teks_chat"":""Iya nih, dari tadi kita udah ngobrolin topik lain."",""label_intent"":""neutral"",""target"":[]},{""pengirim"":""Iqbal"",""teks_chat"":""Aku curiga Fikri Hitman yang sengaja terlambat ikut diskusi supaya tidak ditanya."",""label_intent"":""offend"",""target"":[{""pemain"":""Fikri"",""relasi"":""offend""}]},{""pengirim"":""Gita"",""teks_chat"":""Aku juga curiga dia sengaja menghindari pertanyaan."",""label_intent"":""offend"",""target"":[{""pemain"":""Fikri"",""relasi"":""offend""}]},{""pengirim"":""Fikri"",""teks_chat"":""Aku ini baru bisa nyambung lagi soalnya tadi tiba-tiba WiFi di rumah putus, jadi koneksinya error sebentar."",""label_intent"":""defend"",""target"":[{""pemain"":""Fikri"",""relasi"":""defend""}]}]","[""Fikri"",""Gita"",""Hana"",""Iqbal""]","[{""pemain"":""Fikri"",""relasi"":""defend""}]"
Joko,"Kiki jelas bukan Hitman kok, dia emang sering masalah device kalau main game ini.",defend,"[{""pengirim"":""Joko"",""teks_chat"":""Eh, si Kiki kok chatnya lambat banget sih munculnya?"",""label_intent"":""neutral"",""target"":[]},{""pengirim"":""Lila"",""teks_chat"":""Aku curiga dia Hitman yang sedang menunda jawaban untuk mengarang alasan."",""label_intent"":""offend"",""target"":[{""pemain"":""Kiki"",""relasi"":""offend""}]},{""pengirim"":""Kiki"",""teks_chat"":""HP aku ngelag banget dari tadi sumpah deh."",""label_intent"":""defend"",""target"":[{""pemain"":""Kiki"",""relasi"":""defend""}]}]","[""Joko"",""Kiki"",""Lila""]","[{""pemain"":""Kiki"",""relasi"":""defend""}]"
Maman,Aku rasa dia bukan Hitman. Jangan langsung menuduh tanpa alasan.,defend,[],"[""Maman"",""Nisa""]","[{""pemain"":""tidak_diketahui"",""relasi"":""defend""}]"
Hasan,"Aku cuma ganti pikiran doang gara-gara tadi baru dikasih tau info baru, bukan karena aku Hitman kok.",defend,"[{""pengirim"":""Galih"",""teks_chat"":""Ajakan vote di diskusi tadi berubah-ubah terus."",""label_intent"":""neutral"",""target"":[]},{""pengirim"":""Imam"",""teks_chat"":""Hasan tadi yang pertama menarik ajakan votenya di chat."",""label_intent"":""neutral"",""target"":[]},{""pengirim"":""Joko"",""teks_chat"":""Itu udah jadi bukti jelas kalau Hasan adalah Hitman yang mau ngelindungin temennya, vote Hasan aja!"",""label_intent"":""offend"",""target"":[{""pemain"":""Hasan"",""relasi"":""offend""}]}]","[""Galih"",""Hasan"",""Imam"",""Joko""]","[{""pemain"":""Hasan"",""relasi"":""defend""}]"
Nisa,Kik belum pantas dituduh sebagai Hitman hanya karena mengoreksi dugaan.,defend,"[{""pengirim"":""Lila"",""teks_chat"":""Kiki tadi mengajak vote lalu menariknya. Aku curiga Kiki sedang berbohong."",""label_intent"":""offend"",""target"":[{""pemain"":""Kiki"",""relasi"":""offend""}]},{""pengirim"":""Kiki"",""teks_chat"":""Aku tidak berbohong, aku sadar dugaan awalku belum punya dasar."",""label_intent"":""defend"",""target"":[{""pemain"":""Kiki"",""relasi"":""defend""}]},{""pengirim"":""Maman"",""teks_chat"":""Aku juga curiga dia Hitman yang panik setelah ditanya."",""label_intent"":""offend"",""target"":[{""pemain"":""Kiki"",""relasi"":""offend""}]},{""pengirim"":""Kiki"",""teks_chat"":""Aku bukan Hitman. Aku mau memperbaiki pendapat yang terburu-buru."",""label_intent"":""defend"",""target"":[{""pemain"":""Kiki"",""relasi"":""defend""}]},{""pengirim"":""Lila"",""teks_chat"":""Aku tetap curiga dia sengaja mengubah cerita."",""label_intent"":""offend"",""target"":[{""pemain"":""Kiki"",""relasi"":""offend""}]}]","[""Kiki"",""Lila"",""Maman"",""Nisa""]","[{""pemain"":""Kiki"",""relasi"":""defend""}]"
Omar,Dia belum pantas dituduh. Bisa saja dia mengubah pikiran karena membaca pembelaan yang masuk akal.,defend,"[{""pengirim"":""Omar"",""teks_chat"":""Ada yang sadar ajakan vote tadi berubah menjelang akhir diskusi?"",""label_intent"":""neutral"",""target"":[]},{""pengirim"":""Putri"",""teks_chat"":""Iya, ada yang menarik ajakannya, tetapi aku belum ingat siapa."",""label_intent"":""neutral"",""target"":[]},{""pengirim"":""Qila"",""teks_chat"":""Kita perlu melihat alasan perubahan itu sebelum menilai."",""label_intent"":""neutral"",""target"":[]},{""pengirim"":""Omar"",""teks_chat"":""Coba baca ulang chat orang yang menarik ajakannya."",""label_intent"":""neutral"",""target"":[]},{""pengirim"":""Putri"",""teks_chat"":""Iya, jangan cuma mengandalkan ingatan sekilas."",""label_intent"":""neutral"",""target"":[]},{""pengirim"":""Qila"",""teks_chat"":""Ada yang inget nggak siapa orangnya?"",""label_intent"":""neutral"",""target"":[]},{""pengirim"":""Omar"",""teks_chat"":""Aku tadi agak kurang merhatiin soalnya lagi fokus baca log chat."",""label_intent"":""neutral"",""target"":[]},{""pengirim"":""Putri"",""teks_chat"":""Aku cuma sempat membaca potongan pesannya."",""label_intent"":""neutral"",""target"":[]},{""pengirim"":""Qila"",""teks_chat"":""Aduh, sayang banget kalau sampai kita kelewatan info penting ini."",""label_intent"":""neutral"",""target"":[]},{""pengirim"":""Omar"",""teks_chat"":""Mungkin ada orang lain yang lihat dengan lebih jelas?"",""label_intent"":""neutral"",""target"":[]},{""pengirim"":""Putri"",""teks_chat"":""Eh, tunggu bentar, aku baru inget sesuatu."",""label_intent"":""neutral"",""target"":[]},{""pengirim"":""Qila"",""teks_chat"":""Rama tadi menarik ajakan votenya. Aku curiga Rama sedang mengatur arah tuduhan."",""label_intent"":""offend"",""target"":[{""pemain"":""Rama"",""relasi"":""offend""}]}]","[""Omar"",""Putri"",""Qila"",""Rama""]","[{""pemain"":""Rama"",""relasi"":""defend""}]"
Vera,Aku tetap membela dia. Mengoreksi dugaan yang lemah bukan bukti bahwa dia Hitman.,defend,"[{""pengirim"":""Udin"",""teks_chat"":""Aku juga curiga dia sedang mengarang alasan."",""label_intent"":""offend"",""target"":[{""pemain"":""Toni"",""relasi"":""offend""}]},{""pengirim"":""Vera"",""teks_chat"":""Belum tentu dia pelakunya, mungkin dugaan awalnya memang lemah."",""label_intent"":""defend"",""target"":[{""pemain"":""Toni"",""relasi"":""defend""}]},{""pengirim"":""Sandi"",""teks_chat"":""Aku tetap curiga dia sengaja membuat kita bingung."",""label_intent"":""offend"",""target"":[{""pemain"":""Toni"",""relasi"":""offend""}]},{""pengirim"":""Udin"",""teks_chat"":""Aku juga curiga dia Hitman krn belum menjelaskan perubahan itu."",""label_intent"":""offend"",""target"":[{""pemain"":""Toni"",""relasi"":""offend""}]},{""pengirim"":""Vera"",""teks_chat"":""Jangan langsung vote dia sebelum membaca penjelasannya."",""label_intent"":""defend"",""target"":[{""pemain"":""Toni"",""relasi"":""defend""}]},{""pengirim"":""Sandi"",""teks_chat"":""Apa bagian yang menurutmu perlu dibaca lagi?"",""label_intent"":""neutral"",""target"":[]},{""pengirim"":""Vera"",""teks_chat"":""Dia bilang alasan awalnya belum cukup kuat untuk mengajak orang lain."",""label_intent"":""neutral"",""target"":[]},{""pengirim"":""Udin"",""teks_chat"":""Aku paham kalimatnya, tetapi tetap curiga dia hanya mencari alasan."",""label_intent"":""offend"",""target"":[{""pemain"":""Toni"",""relasi"":""offend""}]},{""pengirim"":""Vera"",""teks_chat"":""Menurutku dia justru mengoreksi dugaan, jadi aku menolak tuduhan itu."",""label_intent"":""defend"",""target"":[{""pemain"":""Toni"",""relasi"":""defend""}]},{""pengirim"":""Sandi"",""teks_chat"":""Aku belum berubah pikiran, aku ingin vote dia."",""label_intent"":""offend"",""target"":[{""pemain"":""Toni"",""relasi"":""offend""}]},{""pengirim"":""Udin"",""teks_chat"":""Aku juga tetap ingin vote dia."",""label_intent"":""offend"",""target"":[{""pemain"":""Toni"",""relasi"":""offend""}]},{""pengirim"":""Sandi"",""teks_chat"":""Kita sudah mendengar dua pendapat yang berbeda."",""label_intent"":""neutral"",""target"":[]}]","[""Sandi"",""Toni"",""Udin"",""Vera""]","[{""pemain"":""Toni"",""relasi"":""defend""}]"
Yoga,"Aku juga membela dia, belum ada alasan kuat untuk menyebutnya Hitman.",defend,"[{""pengirim"":""Yoga"",""teks_chat"":""Sebelum lanjut, semalam ada yang punya info baru?"",""label_intent"":""neutral"",""target"":[]},{""pengirim"":""Zain"",""teks_chat"":""Belum ada, pagi ini chat juga masih sepi."",""label_intent"":""neutral"",""target"":[]},{""pengirim"":""Wawan"",""teks_chat"":""Mungkin yang lain masih mikir mau ngomong apa."",""label_intent"":""neutral"",""target"":[]},{""pengirim"":""Yoga"",""teks_chat"":""Kita atur giliran ngomong aja biar nggak saling potong."",""label_intent"":""neutral"",""target"":[]},{""pengirim"":""Zain"",""teks_chat"":""Setuju, satu orang satu giliran kasih pendapat."",""label_intent"":""neutral"",""target"":[]},{""pengirim"":""Wawan"",""teks_chat"":""Oke, habis itu baru kita tentukan mau vote atau nggak."",""label_intent"":""neutral"",""target"":[]},{""pengirim"":""Yoga"",""teks_chat"":""Jangan sampai waktunya habis sebelum kita sempat vote."",""label_intent"":""neutral"",""target"":[]},{""pengirim"":""Zain"",""teks_chat"":""Iya, ronde kemarin kita kehabisan waktu gara-gara ngobrol muter-muter."",""label_intent"":""neutral"",""target"":[]},{""pengirim"":""Wawan"",""teks_chat"":""Makanya sekarang langsung ke intinya aja."",""label_intent"":""neutral"",""target"":[]},{""pengirim"":""Yoga"",""teks_chat"":""Kalau ada yang mau klaim role, mending sekarang."",""label_intent"":""neutral"",""target"":[]},{""pengirim"":""Zain"",""teks_chat"":""Kayaknya belum ada yang mau klaim, lanjut aja."",""label_intent"":""neutral"",""target"":[]},{""pengirim"":""Wawan"",""teks_chat"":""Aku mau balik ke orang yang kubela di awal tadi."",""label_intent"":""neutral"",""target"":[]}]","[""Wawan"",""Xena"",""Yoga"",""Zain""]","[{""pemain"":""tidak_diketahui"",""relasi"":""defend""}]"
Erna,Dia belum pantas dituduh hanya karena menarik ajakan vote. Bisa saja dia ragu dengan alasan awalnya.,defend,"[{""pengirim"":""Aldo"",""teks_chat"":""Aku curiga Erna Hitman karena belum ikut berdiskusi."",""label_intent"":""offend"",""target"":[{""pemain"":""Erna"",""relasi"":""offend""}]},{""pengirim"":""Citra"",""teks_chat"":""Erna belum tentu pelakunya, kita belum tahu penyebab diamnya."",""label_intent"":""defend"",""target"":[{""pemain"":""Erna"",""relasi"":""defend""}]},{""pengirim"":""Dodi"",""teks_chat"":""Iya, diam doang belum bisa jadi bukti dia Hitman."",""label_intent"":""defend"",""target"":[{""pemain"":""Erna"",""relasi"":""defend""}]},{""pengirim"":""Aldo"",""teks_chat"":""Sekarang aku justru curiga Bima karena tiba-tiba menarik ajakan votenya."",""label_intent"":""offend"",""target"":[{""pemain"":""Bima"",""relasi"":""offend""}]}]","[""Aldo"",""Bima"",""Citra"",""Dodi"",""Erna""]","[{""pemain"":""Bima"",""relasi"":""defend""}]"
Hani,"Iwan hanya menyampaikan dugaan, bukan bukti klaim itu palsu. Gani belum pantas divote dari alasan itu.",defend,"[{""pengirim"":""Fikri"",""teks_chat"":""Ada klaim yang ingin dibahas?"",""label_intent"":""neutral"",""target"":[]},{""pengirim"":""Gani"",""teks_chat"":""Aku mengaku Spy dan memilih Guard untuk Hani semalam."",""label_intent"":""neutral"",""target"":[]},{""pengirim"":""Iwan"",""teks_chat"":""Aku curiga Gani Hitman yang memakai klaim Spy untuk cari aman."",""label_intent"":""offend"",""target"":[{""pemain"":""Gani"",""relasi"":""offend""}]},{""pengirim"":""Gani"",""teks_chat"":""Aku bukan Hitman, itulah pilihanku sebagai Spy."",""label_intent"":""defend"",""target"":[{""pemain"":""Gani"",""relasi"":""defend""}]},{""pengirim"":""Fikri"",""teks_chat"":""Aku juga curiga Gani karena klaimnya muncul setelah orang lain ditanya."",""label_intent"":""offend"",""target"":[{""pemain"":""Gani"",""relasi"":""offend""}]},{""pengirim"":""Iwan"",""teks_chat"":""Aku tetap ingin vote dia."",""label_intent"":""offend"",""target"":[{""pemain"":""Gani"",""relasi"":""offend""}]},{""pengirim"":""Gani"",""teks_chat"":""Aku tidak bersalah. Kalian boleh bertanya tentang klaimku."",""label_intent"":""defend"",""target"":[{""pemain"":""Gani"",""relasi"":""defend""}]}]","[""Fikri"",""Gani"",""Hani"",""Iwan""]","[{""pemain"":""Gani"",""relasi"":""defend""}]"
Kiki,"Jaka, setelah kupikir, kamu belum pantas dituduh. Gangguan koneksi bisa menjelaskan responsmu yang lambat.",defend,"[{""pengirim"":""Kiki"",""teks_chat"":""Aku curiga Jaka Hitman karena terus menunda jawaban."",""label_intent"":""offend"",""target"":[{""pemain"":""Jaka"",""relasi"":""offend""}]},{""pengirim"":""Jaka"",""teks_chat"":""Sinyalku bener-bener lagi jelek dari tadi, maaf ya."",""label_intent"":""defend"",""target"":[{""pemain"":""Jaka"",""relasi"":""defend""}]},{""pengirim"":""Lila"",""teks_chat"":""Ah, alesan klise banget nyalahin sinyal."",""label_intent"":""offend"",""target"":[{""pemain"":""Jaka"",""relasi"":""offend""}]},{""pengirim"":""Kiki"",""teks_chat"":""Aku juga curiga dia sengaja mengulur waktu supaya tidak perlu menjawab."",""label_intent"":""offend"",""target"":[{""pemain"":""Jaka"",""relasi"":""offend""}]},{""pengirim"":""Jaka"",""teks_chat"":""Beneran kok, lagian daritadi aku diem juga karena ngga ada hal penting buat dibahas."",""label_intent"":""defend"",""target"":[{""pemain"":""Jaka"",""relasi"":""defend""}]},{""pengirim"":""Lila"",""teks_chat"":""Nggak penting gimana? Kan kita butuh info buat nentuin siapa pelakunya."",""label_intent"":""neutral"",""target"":[]},{""pengirim"":""Kiki"",""teks_chat"":""Pasti dia sengaja nggak mau nimbrung biar nggak blunder."",""label_intent"":""offend"",""target"":[{""pemain"":""Jaka"",""relasi"":""offend""}]},{""pengirim"":""Jaka"",""teks_chat"":""Sumpah aku bukan Hitman, aku cuma beneran ngga tau apa-apa."",""label_intent"":""defend"",""target"":[{""pemain"":""Jaka"",""relasi"":""defend""}]},{""pengirim"":""Lila"",""teks_chat"":""Makin ngeles makin kelihatan bohongnya."",""label_intent"":""offend"",""target"":[{""pemain"":""Jaka"",""relasi"":""offend""}]},{""pengirim"":""Kiki"",""teks_chat"":""Vote Jaka aja guys, daripada pusing mikirin alasannya yang nggak masuk akal."",""label_intent"":""offend"",""target"":[{""pemain"":""Jaka"",""relasi"":""offend""}]},{""pengirim"":""Jaka"",""teks_chat"":""Aku tidak bersalah. Jangan vote aku hanya karena respons chat lambat."",""label_intent"":""defend"",""target"":[{""pemain"":""Jaka"",""relasi"":""defend""}]},{""pengirim"":""Lila"",""teks_chat"":""Tapi tingkah lu itu bikin kita curiga setengah mati tau."",""label_intent"":""offend"",""target"":[{""pemain"":""Jaka"",""relasi"":""offend""}]}]","[""Jaka"",""Kiki"",""Lila""]","[{""pemain"":""Jaka"",""relasi"":""defend""}]"
Maman,Aku belum punya alasan mencurigai Nisa. Jangan langsung ajak vote Nisa.,defend,[],"[""Maman"",""Nisa""]","[{""pemain"":""Nisa"",""relasi"":""defend""}]"
Omar,"Menurutku dia bukan Hitman, jangan langsung menyudutkannya tanpa alasan.",defend,[],"[""Omar"",""Puput""]","[{""pemain"":""tidak_diketahui"",""relasi"":""defend""}]"
Sinta,Dia belum pantas dituduh sebagai Hitman hanya karena cepat membantah tuduhan yang lemah.,defend,"[{""pengirim"":""Rama"",""teks_chat"":""Tadi pas diskusi baru aja mulai, Tito langsung nge-cover Sinta biar nggak di-vote."",""label_intent"":""offend"",""target"":[{""pemain"":""Tito"",""relasi"":""offend""}]},{""pengirim"":""Sinta"",""teks_chat"":""Tito belum pantas dituduh; dia hanya menunjukkan bahwa alasan tuduhan kepadaku lemah."",""label_intent"":""defend"",""target"":[{""pemain"":""Tito"",""relasi"":""defend""}]},{""pengirim"":""Umar"",""teks_chat"":""Kecepatan cover-nya itu loh yang mencurigakan, kayak udah dikasih tau sebelumnya."",""label_intent"":""offend"",""target"":[{""pemain"":""Tito"",""relasi"":""offend""}]}]","[""Rama"",""Sinta"",""Tito"",""Umar""]","[{""pemain"":""Tito"",""relasi"":""defend""}]"
Vera,Masa dia dianggap Hitman hanya karena pesan terlambat terkirim? Jangan tuduh dia dari itu saja.,defend,"[{""pengirim"":""Vera"",""teks_chat"":""Setelah chat dibuka lagi, siapa yang belum sempat menjawab?"",""label_intent"":""neutral"",""target"":[]},{""pengirim"":""Wawan"",""teks_chat"":""Aku masih membaca percakapan sejak awal."",""label_intent"":""neutral"",""target"":[]},{""pengirim"":""Xena"",""teks_chat"":""Yoga belum menjawab pertanyaan soal ajakan vote."",""label_intent"":""neutral"",""target"":[]},{""pengirim"":""Yoga"",""teks_chat"":""Pesanku sempat gagal terkirim. Sekarang aku bisa ikut diskusi."",""label_intent"":""neutral"",""target"":[]},{""pengirim"":""Zain"",""teks_chat"":""Aku curiga Yoga mengarang alasan koneksi karena dia Hitman."",""label_intent"":""offend"",""target"":[{""pemain"":""Yoga"",""relasi"":""offend""}]},{""pengirim"":""Vera"",""teks_chat"":""Belum tentu dia pelakunya, koneksi memang bisa bermasalah."",""label_intent"":""defend"",""target"":[{""pemain"":""Yoga"",""relasi"":""defend""}]},{""pengirim"":""Wawan"",""teks_chat"":""Aku tetap curiga dia sengaja menghindari pertanyaan."",""label_intent"":""offend"",""target"":[{""pemain"":""Yoga"",""relasi"":""offend""}]},{""pengirim"":""Xena"",""teks_chat"":""Aku juga curiga dia sedang menunda supaya bisa mengarang alasan."",""label_intent"":""offend"",""target"":[{""pemain"":""Yoga"",""relasi"":""offend""}]},{""pengirim"":""Zain"",""teks_chat"":""Aku ingin vote Yoga saja."",""label_intent"":""offend"",""target"":[{""pemain"":""Yoga"",""relasi"":""offend""}]},{""pengirim"":""Vera"",""teks_chat"":""Jangan vote dia dulu, kita belum membaca jawabannya."",""label_intent"":""defend"",""target"":[{""pemain"":""Yoga"",""relasi"":""defend""}]},{""pengirim"":""Wawan"",""teks_chat"":""Aku masih curiga dia Hitman."",""label_intent"":""offend"",""target"":[{""pemain"":""Yoga"",""relasi"":""offend""}]}]","[""Vera"",""Wawan"",""Xena"",""Yoga"",""Zain""]","[{""pemain"":""Yoga"",""relasi"":""defend""}]"
Gilang,Aku tarik tuduhanku kepada Fina. Dia benar soal cooldown; itu bukan alasan untuk menyebutnya Hitman.,defend,"[{""pengirim"":""Dian"",""teks_chat"":""Ada yang semalam pakai skill dan mau cerita?"",""label_intent"":""neutral"",""target"":[]},{""pengirim"":""Edi"",""teks_chat"":""Fina tadi mengaku Stalker, mungkin bisa ditanya."",""label_intent"":""neutral"",""target"":[]},{""pengirim"":""Gilang"",""teks_chat"":""Apa yang membuat klaim itu dipertanyakan?"",""label_intent"":""neutral"",""target"":[]},{""pengirim"":""Hani"",""teks_chat"":""Aku curiga Fina Hitman karena bilang tidak bisa Peek setiap ronde."",""label_intent"":""offend"",""target"":[{""pemain"":""Fina"",""relasi"":""offend""}]},{""pengirim"":""Fina"",""teks_chat"":""Aku bukan Hitman. Peek-ku semalam masih cooldown, jadi belum bisa dipakai."",""label_intent"":""defend"",""target"":[{""pemain"":""Fina"",""relasi"":""defend""}]},{""pengirim"":""Gilang"",""teks_chat"":""Fina belum pantas dituduh; alasan cooldown itu masih masuk akal."",""label_intent"":""defend"",""target"":[{""pemain"":""Fina"",""relasi"":""defend""}]},{""pengirim"":""Dian"",""teks_chat"":""Aku sendiri belum hafal batasan skill itu."",""label_intent"":""neutral"",""target"":[]},{""pengirim"":""Edi"",""teks_chat"":""Jangan buru-buru nilai klaimnya dulu."",""label_intent"":""neutral"",""target"":[]},{""pengirim"":""Gilang"",""teks_chat"":""Tapi setahuku Peek bisa dipakai tiap ronde. Kalau begitu, aku curiga Fina sedang berbohong."",""label_intent"":""offend"",""target"":[{""pemain"":""Fina"",""relasi"":""offend""}]},{""pengirim"":""Fina"",""teks_chat"":""Aku nggak bohong soal cooldown, Peek-ku memang belum bisa dipakai semalam."",""label_intent"":""defend"",""target"":[{""pemain"":""Fina"",""relasi"":""defend""}]},{""pengirim"":""Dian"",""teks_chat"":""Oh iya, aku ingat, Peek memang nggak bisa dipakai tiap ronde."",""label_intent"":""neutral"",""target"":[]},{""pengirim"":""Edi"",""teks_chat"":""Oke, berarti soal cooldown sudah jelas."",""label_intent"":""neutral"",""target"":[]}]","[""Dian"",""Edi"",""Fina"",""Gilang"",""Hani""]","[{""pemain"":""Fina"",""relasi"":""defend""}]"
Rina,"Tuh kan bener, Coki cuma ada urusan sebentar doang di dunia nyata.",defend,"[{""pengirim"":""Intan"",""teks_chat"":""Eh, Coki dari tadi nggak ngerespon obrolan kita sama sekali ya."",""label_intent"":""neutral"",""target"":[]},{""pengirim"":""Joko"",""teks_chat"":""Aku curiga Coki sengaja terlambat membalas untuk menghindari pertanyaan. Vote Coki!"",""label_intent"":""offend"",""target"":[{""pemain"":""Coki"",""relasi"":""offend""}]},{""pengirim"":""Coki"",""teks_chat"":""Sorry, barusan ada paket datang jadi aku buka pintu dulu."",""label_intent"":""defend"",""target"":[{""pemain"":""Coki"",""relasi"":""defend""}]}]","[""Intan"",""Joko"",""Rina"",""Coki""]","[{""pemain"":""Coki"",""relasi"":""defend""}]"
Ovi,Dia belum pantas divote. Jeda chat dan menarik dugaan yang lemah belum membuktikan dia Hitman.,defend,"[{""pengirim"":""Nando"",""teks_chat"":""Puput belum menjawab pertanyaan soal ajakan vote. Aku curiga Puput Hitman."",""label_intent"":""offend"",""target"":[{""pemain"":""Puput"",""relasi"":""offend""}]},{""pengirim"":""Ovi"",""teks_chat"":""Kita belum tahu penyebab jeda chatnya."",""label_intent"":""neutral"",""target"":[]},{""pengirim"":""Puput"",""teks_chat"":""Tadi koneksiku terputus, sekarang aku bisa membaca lagi."",""label_intent"":""defend"",""target"":[{""pemain"":""Puput"",""relasi"":""defend""}]},{""pengirim"":""Qori"",""teks_chat"":""Jeda chat memang bisa karena koneksi, bukan selalu Gag Order."",""label_intent"":""neutral"",""target"":[]},{""pengirim"":""Rafa"",""teks_chat"":""Aku curiga dia sengaja memakai alasan koneksi untuk menghindar."",""label_intent"":""offend"",""target"":[{""pemain"":""Puput"",""relasi"":""offend""}]},{""pengirim"":""Nando"",""teks_chat"":""Aku juga masih curiga dia Hitman."",""label_intent"":""offend"",""target"":[{""pemain"":""Puput"",""relasi"":""offend""}]},{""pengirim"":""Ovi"",""teks_chat"":""Kalau begitu, beri kesempatan menjawab pertanyaan tadi."",""label_intent"":""neutral"",""target"":[]},{""pengirim"":""Qori"",""teks_chat"":""Iya, biarin dia jwb dulu sebelum kita nilai."",""label_intent"":""neutral"",""target"":[]},{""pengirim"":""Rafa"",""teks_chat"":""Boleh, tapi aku tetap curiga dia sedang mengarang."",""label_intent"":""offend"",""target"":[{""pemain"":""Puput"",""relasi"":""offend""}]},{""pengirim"":""Nando"",""teks_chat"":""Apa alasan ajakan vote tadi?"",""label_intent"":""neutral"",""target"":[]},{""pengirim"":""Puput"",""teks_chat"":""Aku bukan Hitman. Aku sudah menarik ajakan itu karena belum punya alasan kuat."",""label_intent"":""defend"",""target"":[{""pemain"":""Puput"",""relasi"":""defend""}]},{""pengirim"":""Rafa"",""teks_chat"":""Aku tetap curiga dia berbohong."",""label_intent"":""offend"",""target"":[{""pemain"":""Puput"",""relasi"":""offend""}]}]","[""Nando"",""Ovi"",""Puput"",""Qori"",""Rafa""]","[{""pemain"":""Puput"",""relasi"":""defend""}]"
Vina,"Kalau begitu, aku tarik tuduhan kepadanya. Penjelasannya soal cooldown benar.",defend,"[{""pengirim"":""Sani"",""teks_chat"":""Ada bagian klaim role yang perlu kita cocokkan?"",""label_intent"":""neutral"",""target"":[]},{""pengirim"":""Tari"",""teks_chat"":""Ada yang bilang tidak bisa memakai Peek malam ini."",""label_intent"":""neutral"",""target"":[]},{""pengirim"":""Umar"",""teks_chat"":""Emang itu pasti berarti klaimnya palsu?"",""label_intent"":""neutral"",""target"":[]},{""pengirim"":""Vina"",""teks_chat"":""Kita perlu tahu kapan skill itu dipakai sebelumnya."",""label_intent"":""neutral"",""target"":[]},{""pengirim"":""Sani"",""teks_chat"":""Benar, jangan lewatkan soal cooldown."",""label_intent"":""neutral"",""target"":[]},{""pengirim"":""Tari"",""teks_chat"":""Willy mengaku memakai Peek malam sebelumnya. Aku curiga Willy memakai alasan cooldown untuk menghindar."",""label_intent"":""offend"",""target"":[{""pemain"":""Willy"",""relasi"":""offend""}]},{""pengirim"":""Umar"",""teks_chat"":""Coba jelasin dulu kenapa semalam nggak bisa Peek."",""label_intent"":""neutral"",""target"":[]},{""pengirim"":""Vina"",""teks_chat"":""Aku juga curiga dia Hitman yang mengarang alasan tidak punya hasil baru."",""label_intent"":""offend"",""target"":[{""pemain"":""Willy"",""relasi"":""offend""}]},{""pengirim"":""Willy"",""teks_chat"":""Aku bukan Hitman. Peek hanya bisa satu kali tiap dua ronde."",""label_intent"":""defend"",""target"":[{""pemain"":""Willy"",""relasi"":""defend""}]},{""pengirim"":""Sani"",""teks_chat"":""Aku masih curiga dia berbohong soal itu."",""label_intent"":""offend"",""target"":[{""pemain"":""Willy"",""relasi"":""offend""}]},{""pengirim"":""Tari"",""teks_chat"":""Kita pikirin baik-baik dulu sebelum memutuskan."",""label_intent"":""neutral"",""target"":[]},{""pengirim"":""Umar"",""teks_chat"":""Iya, aku juga pernah nggak bisa Peek dua malam berturut-turut waktu jadi Stalker."",""label_intent"":""neutral"",""target"":[]}]","[""Sani"",""Tari"",""Umar"",""Vina"",""Willy""]","[{""pemain"":""Willy"",""relasi"":""defend""}]"
Yogi,Dia belum pantas dituduh dari jeda chat saja. Kita belum tahu penyebabnya.,defend,"[{""pengirim"":""Yogi"",""teks_chat"":""Kok ada yang ngerespons chatnya lama banget ya daritadi."",""label_intent"":""neutral"",""target"":[]},{""pengirim"":""Zain"",""teks_chat"":""Iya, terus kalau pas bales malah balesannya kelihatan ngga nyambung."",""label_intent"":""neutral"",""target"":[]},{""pengirim"":""Aldi"",""teks_chat"":""Ciri-ciri pemain yang asik sendiri nih."",""label_intent"":""neutral"",""target"":[]},{""pengirim"":""Bima"",""teks_chat"":""Jangan asal nebak dulu, kita kan nggak tahu dia lagi ngapain."",""label_intent"":""neutral"",""target"":[]},{""pengirim"":""Yogi"",""teks_chat"":""Iya, keterlambatan pesan bisa punya beberapa penyebab."",""label_intent"":""neutral"",""target"":[]},{""pengirim"":""Zain"",""teks_chat"":""Kita lihat dulu siapa orangnya yang dimaksud."",""label_intent"":""neutral"",""target"":[]},{""pengirim"":""Aldi"",""teks_chat"":""Coba perhatiin riwayat chatnya di atas deh."",""label_intent"":""neutral"",""target"":[]},{""pengirim"":""Bima"",""teks_chat"":""Aku ngerasa aneh aja sih, masa di saat genting kayak gini masih aja lemot."",""label_intent"":""neutral"",""target"":[]},{""pengirim"":""Yogi"",""teks_chat"":""Mungkin koneksinya bermasalah, tetapi itu juga baru dugaan."",""label_intent"":""neutral"",""target"":[]},{""pengirim"":""Zain"",""teks_chat"":""Masuk akal juga sih teori itu."",""label_intent"":""neutral"",""target"":[]},{""pengirim"":""Aldi"",""teks_chat"":""Kita pancing aja orangnya biar dia keluar."",""label_intent"":""neutral"",""target"":[]},{""pengirim"":""Bima"",""teks_chat"":""Cita belum membalas pertanyaan. Aku curiga Cita Hitman yang sedang menghindar."",""label_intent"":""offend"",""target"":[{""pemain"":""Cita"",""relasi"":""offend""}]}]","[""Yogi"",""Zain"",""Aldi"",""Bima"",""Cita""]","[{""pemain"":""Cita"",""relasi"":""defend""}]"
Fahmi,"Hei, jangan mentang-mentang aku daritadi diam kalian curiga ke aku ya, sumpah aku bukan pelakunya yang menyandera korban semalam!",defend,"[{""pengirim"":""Dian"",""teks_chat"":""Semalam ada yang disandera nih, kalian aman kan semua?"",""label_intent"":""neutral"",""target"":[]},{""pengirim"":""Ega"",""teks_chat"":""Aman kok, mungkin pelakunya ada di antara kita yang berusaha bersikap tenang."",""label_intent"":""neutral"",""target"":[]}]","[""Dian"",""Ega"",""Fahmi""]","[{""pemain"":""Fahmi"",""relasi"":""defend""}]"
Gani,"Dari pengamatan Joko soal chat tadi, Intan belum pantas dituduh. Dia mengoreksi dugaan, bukan terbukti mengatur suara.",defend,"[{""pengirim"":""Gani"",""teks_chat"":""Intan tadi menarik ajakan vote di chat, ya?"",""label_intent"":""neutral"",""target"":[]},{""pengirim"":""Hasan"",""teks_chat"":""Pasti Intan mau menyelamatkan temannya sesama Hitman yang lagi terpojok."",""label_intent"":""offend"",""target"":[{""pemain"":""Intan"",""relasi"":""offend""}]},{""pengirim"":""Joko"",""teks_chat"":""Aku membaca Intan bilang alasan votenya belum kuat, jadi dia menarik ajakannya."",""label_intent"":""neutral"",""target"":[]}]","[""Gani"",""Hasan"",""Intan"",""Joko""]","[{""pemain"":""Intan"",""relasi"":""defend""}]"
Kiki,"Wajar sih kalau mereka cuma menyimak, kita jangan sembarangan menuduh mereka karena diam itu belum tentu Hitman.",defend,"[{""pengirim"":""Kiki"",""teks_chat"":""Kok Miko sama Nina dari tadi pasif banget dan mojok terus di chat room ya?"",""label_intent"":""neutral"",""target"":[]},{""pengirim"":""Lani"",""teks_chat"":""Orang yang mojok pasif begitu biasanya Hitman yang lagi nyamar, mari kita habisi Miko dan Nina!"",""label_intent"":""offend"",""target"":[{""pemain"":""Miko"",""relasi"":""offend""},{""pemain"":""Nina"",""relasi"":""offend""}]},{""pengirim"":""Miko"",""teks_chat"":""Loh, aku kan lagi dengerin penjelasan kalian biar ngerti alur diskusinya."",""label_intent"":""defend"",""target"":[{""pemain"":""Miko"",""relasi"":""defend""}]},{""pengirim"":""Nina"",""teks_chat"":""Aku juga cuma nyimak doang kok, belum ada info tambahan yang bisa kuberikan."",""label_intent"":""defend"",""target"":[{""pemain"":""Nina"",""relasi"":""defend""}]}]","[""Kiki"",""Lani"",""Miko"",""Nina""]","[{""pemain"":""Miko"",""relasi"":""defend""},{""pemain"":""Nina"",""relasi"":""defend""}]"
Erik,"Fani, setelah kupikir, kamu belum pantas dituduh hanya karena tenang. Aku membela kamu.",defend,"[{""pengirim"":""Bimo"",""teks_chat"":""Ada yang tahu siapa yang disandera semalam?"",""label_intent"":""neutral"",""target"":[]},{""pengirim"":""Dinda"",""teks_chat"":""Penyebab pemain diam bisa bermacam-macam, kita belum tahu."",""label_intent"":""neutral"",""target"":[]},{""pengirim"":""Erik"",""teks_chat"":""Aku perhatiin Fani dari tadi santai banget kayak nggak terjadi apa-apa."",""label_intent"":""offend"",""target"":[{""pemain"":""Fani"",""relasi"":""offend""}]},{""pengirim"":""Fani"",""teks_chat"":""Aku santai karena aku nggak ngerasa bersalah, ngapain panik?"",""label_intent"":""defend"",""target"":[{""pemain"":""Fani"",""relasi"":""defend""}]},{""pengirim"":""Bimo"",""teks_chat"":""Kita aja belum tahu siapa yang disandera semalam."",""label_intent"":""neutral"",""target"":[]},{""pengirim"":""Dinda"",""teks_chat"":""Aku curiga Fani Hitman karena terlihat tidak ingin membahas kejadian malam."",""label_intent"":""offend"",""target"":[{""pemain"":""Fani"",""relasi"":""offend""}]},{""pengirim"":""Erik"",""teks_chat"":""Fix sih, Fani ini Hitman yang nyulik korbannya semalam, ayo vote dia!"",""label_intent"":""offend"",""target"":[{""pemain"":""Fani"",""relasi"":""offend""}]}]","[""Bimo"",""Dinda"",""Erik"",""Fani""]","[{""pemain"":""Fani"",""relasi"":""defend""}]"
Imam,"Setuju dengan omongan Jihan tadi, kita nggak bisa nge-vote orang cuma bermodalkan feeling doang.",defend,"[{""pengirim"":""Galih"",""teks_chat"":""Aku yakin 100 persen pelakunya itu Hana, langsung kumpulin vote aja buat dia sekarang!"",""label_intent"":""offend"",""target"":[{""pemain"":""Hana"",""relasi"":""offend""}]},{""pengirim"":""Jihan"",""teks_chat"":""Buktinya blm jelas, jangan asal ngajak orang buat ngevote dong."",""label_intent"":""defend"",""target"":[{""pemain"":""Hana"",""relasi"":""defend""}]},{""pengirim"":""Hana"",""teks_chat"":""Iya, kamu kenapa tiba-tiba nuduh aku tanpa alasan yang jelas gitu?"",""label_intent"":""defend"",""target"":[{""pemain"":""Hana"",""relasi"":""defend""}]}]","[""Galih"",""Hana"",""Imam"",""Jihan""]","[{""pemain"":""Hana"",""relasi"":""defend""}]"
Bima,"Aku sudah baca ulang urutan chat. Aku tarik tuduhanku pada Citra; dia mengoreksi dugaan setelah ada jawaban, bukan terbukti berbohong.",defend,"[{""pengirim"":""Bima"",""teks_chat"":""Citra tadi menuduh Doni lalu menarik tuduhannya. Aku curiga Citra sedang berbohong."",""label_intent"":""offend"",""target"":[{""pemain"":""Citra"",""relasi"":""offend""}]},{""pengirim"":""Citra"",""teks_chat"":""Aku bukan Hitman. Aku menariknya setelah membaca jawaban yang belum kulihat."",""label_intent"":""defend"",""target"":[{""pemain"":""Citra"",""relasi"":""defend""}]},{""pengirim"":""Doni"",""teks_chat"":""Jawabanku tadi menjelaskan kenapa aku belum membalas."",""label_intent"":""neutral"",""target"":[]},{""pengirim"":""Citra"",""teks_chat"":""Ya, aku melewatkan jawaban itu lalu memperbaiki dugaanku."",""label_intent"":""defend"",""target"":[{""pemain"":""Citra"",""relasi"":""defend""}]},{""pengirim"":""Doni"",""teks_chat"":""Pesanku memang muncul sebelum dia menarik tuduhan."",""label_intent"":""neutral"",""target"":[]},{""pengirim"":""Bima"",""teks_chat"":""Aku masih curiga Citra sengaja mengganti cerita."",""label_intent"":""offend"",""target"":[{""pemain"":""Citra"",""relasi"":""offend""}]}]","[""Bima"",""Citra"",""Doni""]","[{""pemain"":""Citra"",""relasi"":""defend""}]"
Gita,Dia belum pantas divote hanya karena klaimnya belum terbukti. Sejauh ini belum ada kontradiksi yang ditunjukkan.,defend,"[{""pengirim"":""Eka"",""teks_chat"":""Fahmi tiba-tiba mengaku Spy saat ditanya. Aku curiga Fahmi Hitman yang mencari aman."",""label_intent"":""offend"",""target"":[{""pemain"":""Fahmi"",""relasi"":""offend""}]},{""pengirim"":""Gita"",""teks_chat"":""Iya, tapi sayang laporannya kurang lengkap jadi agak diragukan kebenarannya."",""label_intent"":""neutral"",""target"":[]},{""pengirim"":""Fahmi"",""teks_chat"":""Aku belum sempat mengetik lengkap pilihanku sebagai Spy."",""label_intent"":""neutral"",""target"":[]},{""pengirim"":""Hasan"",""teks_chat"":""Klaim role perlu dicatat dulu, bukan langsung dipercaya atau ditolak."",""label_intent"":""neutral"",""target"":[]},{""pengirim"":""Ira"",""teks_chat"":""Bisa jadi dia cuma ngasal claim biar aman dari sasaran vote kita."",""label_intent"":""offend"",""target"":[{""pemain"":""Fahmi"",""relasi"":""offend""}]},{""pengirim"":""Eka"",""teks_chat"":""Aku juga curiga dia memakai klaim role untuk lolos dari vote."",""label_intent"":""offend"",""target"":[{""pemain"":""Fahmi"",""relasi"":""offend""}]},{""pengirim"":""Fahmi"",""teks_chat"":""Aku bukan Hitman. Aku mengaku memilih Guard untuk Hasan semalam."",""label_intent"":""defend"",""target"":[{""pemain"":""Fahmi"",""relasi"":""defend""}]},{""pengirim"":""Gita"",""teks_chat"":""Oke, klaim Guard ke Hasan kita catat dulu."",""label_intent"":""neutral"",""target"":[]},{""pengirim"":""Hasan"",""teks_chat"":""Alesannya makin keliatan ngarang deh."",""label_intent"":""offend"",""target"":[{""pemain"":""Fahmi"",""relasi"":""offend""}]},{""pengirim"":""Ira"",""teks_chat"":""Aku setuju sama Hasan, mending kita turunin dia sekarang juga."",""label_intent"":""offend"",""target"":[{""pemain"":""Fahmi"",""relasi"":""offend""}]},{""pengirim"":""Fahmi"",""teks_chat"":""Aku tetap mengaku Spy, bukan Hitman. Kalian boleh bertanya soal klaimku."",""label_intent"":""defend"",""target"":[{""pemain"":""Fahmi"",""relasi"":""defend""}]},{""pengirim"":""Eka"",""teks_chat"":""Aku masih curiga dia mengarang klaim."",""label_intent"":""offend"",""target"":[{""pemain"":""Fahmi"",""relasi"":""offend""}]}]","[""Eka"",""Fahmi"",""Gita"",""Hasan"",""Ira""]","[{""pemain"":""Fahmi"",""relasi"":""defend""}]"
Joko,"Untuk orang yang menarik tuduhan itu, aku membela dia. Mengoreksi dugaan bukan bukti dia Hitman.",defend,"[{""pengirim"":""Joko"",""teks_chat"":""Ada perubahan dugaan dalam diskusi tadi yang ingin kalian bahas?"",""label_intent"":""neutral"",""target"":[]},{""pengirim"":""Kiki"",""teks_chat"":""Aku membaca orang yang menarik tuduhan setelah mendapat jawaban."",""label_intent"":""neutral"",""target"":[]},{""pengirim"":""Lila"",""teks_chat"":""Apakah dia menjelaskan alasannya?"",""label_intent"":""neutral"",""target"":[]},{""pengirim"":""Nisa"",""teks_chat"":""Katanya dia melewatkan satu pesan penting."",""label_intent"":""neutral"",""target"":[]},{""pengirim"":""Joko"",""teks_chat"":""Siapa yang menarik tuduhan itu?"",""label_intent"":""neutral"",""target"":[]},{""pengirim"":""Nisa"",""teks_chat"":""Maman. Aku curiga Maman Hitman karena cepat sekali berganti dugaan."",""label_intent"":""offend"",""target"":[{""pemain"":""Maman"",""relasi"":""offend""}]},{""pengirim"":""Kiki"",""teks_chat"":""Maman belum pantas dituduh; mengoreksi dugaan setelah membaca jawaban itu wajar."",""label_intent"":""defend"",""target"":[{""pemain"":""Maman"",""relasi"":""defend""}]},{""pengirim"":""Lila"",""teks_chat"":""Kiki, kenapa kamu langsung membela?"",""label_intent"":""neutral"",""target"":[]},{""pengirim"":""Joko"",""teks_chat"":""Aku curiga Kiki sengaja membela untuk mencari kepercayaan."",""label_intent"":""offend"",""target"":[{""pemain"":""Kiki"",""relasi"":""offend""}]},{""pengirim"":""Nisa"",""teks_chat"":""Aku juga curiga Kiki Hitman karena terlalu yakin dengan pembelaan itu."",""label_intent"":""offend"",""target"":[{""pemain"":""Kiki"",""relasi"":""offend""}]},{""pengirim"":""Kiki"",""teks_chat"":""Aku bukan Hitman. Aku hanya membaca urutan chatnya."",""label_intent"":""defend"",""target"":[{""pemain"":""Kiki"",""relasi"":""defend""}]},{""pengirim"":""Lila"",""teks_chat"":""Kembali ke orang yang menarik tuduhan tadi, apakah kita punya alasan lain selain perubahan dugaan?"",""label_intent"":""neutral"",""target"":[]}]","[""Joko"",""Kiki"",""Lila"",""Maman"",""Nisa""]","[{""pemain"":""Maman"",""relasi"":""defend""}]"
Omar,"Aku setuju membela dia untuk sekarang, meskipun hasil Peek itu masih berupa klaim pemain.",defend,"[{""pengirim"":""Omar"",""teks_chat"":""Apa ada yang udah ngelakuin Peek semalam? Kita butuh info secepatnya."",""label_intent"":""neutral"",""target"":[]},{""pengirim"":""Puput"",""teks_chat"":""Tadi ada yang klaim Stalker, tapi kok belum share hasilnya sih?"",""label_intent"":""neutral"",""target"":[]},{""pengirim"":""Qori"",""teks_chat"":""Iya, daritadi cuma ngasih tau kalau dia udah meriksa orang, tapi namanya ditahan."",""label_intent"":""neutral"",""target"":[]},{""pengirim"":""Rama"",""teks_chat"":""Mungkin dia takut kalau langsung buka kartu bakal diincer Hitman."",""label_intent"":""neutral"",""target"":[]},{""pengirim"":""Omar"",""teks_chat"":""Tapi kan ini udah mau waktunya voting, kalau nggak sekarang kapan lagi."",""label_intent"":""neutral"",""target"":[]},{""pengirim"":""Puput"",""teks_chat"":""Setuju, lebih baik ambil risiko sekarang daripada kita salah eksekusi civilian."",""label_intent"":""neutral"",""target"":[]},{""pengirim"":""Qori"",""teks_chat"":""Lagian kalau beneran Stalker, harusnya berani bertanggung jawab sama klaimnya."",""label_intent"":""neutral"",""target"":[]},{""pengirim"":""Rama"",""teks_chat"":""Coba kita tanya lagi orangnya dengan baik-baik, jangan ditekan."",""label_intent"":""neutral"",""target"":[]},{""pengirim"":""Omar"",""teks_chat"":""Iya, siapa tahu dia punya alasan logis kenapa nahan infonya."",""label_intent"":""neutral"",""target"":[]},{""pengirim"":""Puput"",""teks_chat"":""Ayo dong, masa kita mau main tebak-tebakan terus sampai akhir ronde."",""label_intent"":""neutral"",""target"":[]},{""pengirim"":""Qori"",""teks_chat"":""Waktu terus berjalan loh, jangan buang-buang kesempatan yang ada."",""label_intent"":""neutral"",""target"":[]},{""pengirim"":""Rama"",""teks_chat"":""Ada klaim Peek tentang Sinta yang menyebut dia bukan Hitman. Menurutku Sinta belum pantas divote."",""label_intent"":""defend"",""target"":[{""pemain"":""Sinta"",""relasi"":""defend""}]}]","[""Omar"",""Puput"",""Qori"",""Rama"",""Sinta""]","[{""pemain"":""Sinta"",""relasi"":""defend""}]"
Udin,Aku membela dia. Menarik ajakan yang belum berdasar lebih masuk akal daripada terus memaksakannya.,defend,"[{""pengirim"":""Udin"",""teks_chat"":""Kayaknya itu trik biar kita pada kebingungan nentuin target."",""label_intent"":""offend"",""target"":[{""pemain"":""Willy"",""relasi"":""offend""}]},{""pengirim"":""Vera"",""teks_chat"":""Aku juga curiga dia Hitman yang panik setelah ditanya."",""label_intent"":""offend"",""target"":[{""pemain"":""Willy"",""relasi"":""offend""}]},{""pengirim"":""Tomi"",""teks_chat"":""Aku tetap curiga dia sengaja mengubah pendapat agar kita bingung."",""label_intent"":""offend"",""target"":[{""pemain"":""Willy"",""relasi"":""offend""}]},{""pengirim"":""Udin"",""teks_chat"":""Belum tentu dia pelakunya, mungkin dia sadar alasan awalnya lemah."",""label_intent"":""defend"",""target"":[{""pemain"":""Willy"",""relasi"":""defend""}]},{""pengirim"":""Vera"",""teks_chat"":""Aku tetap curiga dia berbohong soal alasan perubahan itu."",""label_intent"":""offend"",""target"":[{""pemain"":""Willy"",""relasi"":""offend""}]},{""pengirim"":""Tomi"",""teks_chat"":""Emang paling aman kita keluarin aja orang yang mainnya manipulatif gitu."",""label_intent"":""offend"",""target"":[{""pemain"":""Willy"",""relasi"":""offend""}]},{""pengirim"":""Udin"",""teks_chat"":""Tunggu dulu, kita jangan asal main hakim sendiri tanpa mikirin kemungkinan lain."",""label_intent"":""defend"",""target"":[{""pemain"":""Willy"",""relasi"":""defend""}]},{""pengirim"":""Vera"",""teks_chat"":""Lagian buktinya udah lumayan mengarah ke dia kan."",""label_intent"":""offend"",""target"":[{""pemain"":""Willy"",""relasi"":""offend""}]},{""pengirim"":""Tomi"",""teks_chat"":""Setuju, daripada kita yang disandera nanti malam, mending kita gerak duluan."",""label_intent"":""offend"",""target"":[{""pemain"":""Willy"",""relasi"":""offend""}]},{""pengirim"":""Udin"",""teks_chat"":""Aku tetep nggak yakin sih kalau dia pelakunya."",""label_intent"":""defend"",""target"":[{""pemain"":""Willy"",""relasi"":""defend""}]},{""pengirim"":""Vera"",""teks_chat"":""Ya terserah kalau mau tetep percaya sama dia."",""label_intent"":""neutral"",""target"":[]},{""pengirim"":""Tomi"",""teks_chat"":""Aku sih udah mantap mau ngarahin suara ke dia."",""label_intent"":""offend"",""target"":[{""pemain"":""Willy"",""relasi"":""offend""}]}]","[""Tomi"",""Udin"",""Vera"",""Willy""]","[{""pemain"":""Willy"",""relasi"":""defend""}]"
Bima,Aku membela dia. Cepat membantah tuduhan yang lemah tidak membuatnya Hitman.,defend,"[{""pengirim"":""Bima"",""teks_chat"":""Aku mau berhenti membahas nama dulu. Semalam ada yang ngerasa aneh nggak?"",""label_intent"":""neutral"",""target"":[]},{""pengirim"":""Citra"",""teks_chat"":""Aku nggak ngerasa apa-apa, malamku biasa aja."",""label_intent"":""neutral"",""target"":[]},{""pengirim"":""Andi"",""teks_chat"":""Aku juga, nggak ada kejadian aneh."",""label_intent"":""neutral"",""target"":[]},{""pengirim"":""Bima"",""teks_chat"":""Berarti kita cuma bisa pegang isi chat siang ini."",""label_intent"":""neutral"",""target"":[]},{""pengirim"":""Citra"",""teks_chat"":""Iya, makanya tiap orang kasih alasan yang jelas."",""label_intent"":""neutral"",""target"":[]},{""pengirim"":""Andi"",""teks_chat"":""Terus yang dari tadi belum ngomong gimana?"",""label_intent"":""neutral"",""target"":[]},{""pengirim"":""Bima"",""teks_chat"":""Kita tanya baik-baik aja, jangan langsung dituduh."",""label_intent"":""neutral"",""target"":[]},{""pengirim"":""Citra"",""teks_chat"":""Setuju, biar diskusinya nggak ribut."",""label_intent"":""neutral"",""target"":[]},{""pengirim"":""Andi"",""teks_chat"":""Oke, jadi keputusan vote nanti kita ambil dari obrolan di sini."",""label_intent"":""neutral"",""target"":[]},{""pengirim"":""Bima"",""teks_chat"":""Iya, sambil ingat bahwa klaim role bisa saja bohong."",""label_intent"":""neutral"",""target"":[]},{""pengirim"":""Citra"",""teks_chat"":""Oke, cukup soal itu."",""label_intent"":""neutral"",""target"":[]},{""pengirim"":""Andi"",""teks_chat"":""Balik lagi ke orang yang kita bahas sebelum ini."",""label_intent"":""neutral"",""target"":[]}]","[""Andi"",""Bima"",""Citra"",""Doni""]","[{""pemain"":""tidak_diketahui"",""relasi"":""defend""}]"
Gilang,"Terserah kamu curiga yang mana, tapi diam aja belum membuktikan dia pelakunya.",defend,"[{""pengirim"":""Ega"",""teks_chat"":""Kok permainan berasa lambat banget ya ronde ini."",""label_intent"":""neutral"",""target"":[]},{""pengirim"":""Fira"",""teks_chat"":""Itu gara-gara banyak yang main pasif dan nggak mau nimbrung obrolan."",""label_intent"":""neutral"",""target"":[]},{""pengirim"":""Gilang"",""teks_chat"":""Aku sama Ega emang belum banyak ngomong sih dari tadi."",""label_intent"":""neutral"",""target"":[]},{""pengirim"":""Ega"",""teks_chat"":""Ya kan kita lagi mengobservasi situasi biar nggak blunder ngasih info."",""label_intent"":""neutral"",""target"":[]},{""pengirim"":""Fira"",""teks_chat"":""Salah satu dari dua orang itu pasti Hitman menurutku, tetapi aku belum mau menyebut siapa."",""label_intent"":""offend"",""target"":[{""pemain"":""tidak_diketahui"",""relasi"":""offend""}]}]","[""Ega"",""Fira"",""Gilang""]","[{""pemain"":""tidak_diketahui"",""relasi"":""defend""}]"
Hasan,Aku tidak sedang memfitnah siapa pun. Aku menarik ajakan vote supaya kita tidak memutuskan dari dugaan yang lemah.,defend,"[{""pengirim"":""Irfan"",""teks_chat"":""Ada yang menarik ajakan vote tanpa menjelaskan alasannya?"",""label_intent"":""neutral"",""target"":[]},{""pengirim"":""Joko"",""teks_chat"":""San tadi menarik ajakannya setelah membaca beberapa pesan baru."",""label_intent"":""neutral"",""target"":[]},{""pengirim"":""Irfan"",""teks_chat"":""Hasan, aku curiga kamu Hitman yang sengaja mengubah arah tuduhan."",""label_intent"":""offend"",""target"":[{""pemain"":""Hasan"",""relasi"":""offend""}]},{""pengirim"":""Joko"",""teks_chat"":""Aku juga curiga dia karena belum menjelaskan perubahannya."",""label_intent"":""offend"",""target"":[{""pemain"":""Hasan"",""relasi"":""offend""}]},{""pengirim"":""Hasan"",""teks_chat"":""Aku bukan Hitman. Aku sadar dugaan awalku blm punya alasan kuat."",""label_intent"":""defend"",""target"":[{""pemain"":""Hasan"",""relasi"":""defend""}]},{""pengirim"":""Irfan"",""teks_chat"":""Aku tetap curiga dia menggunakan alasan itu untuk lolos."",""label_intent"":""offend"",""target"":[{""pemain"":""Hasan"",""relasi"":""offend""}]}]","[""Hasan"",""Irfan"",""Joko""]","[{""pemain"":""Hasan"",""relasi"":""defend""}]"
Eka,"Gani belum pantas dituduh sebagai Hitman. Sejauh ini alasannya hanya firasat, jadi aku membela Gani.",defend,"[{""pengirim"":""Sari"",""teks_chat"":""Ayo semuanya, langsung kumpulin vote buat Gani sekarang juga!"",""label_intent"":""offend"",""target"":[{""pemain"":""Gani"",""relasi"":""offend""}]},{""pengirim"":""Gani"",""teks_chat"":""Eh, ada apa ini? Kok main asal vote aja?"",""label_intent"":""defend"",""target"":[{""pemain"":""Gani"",""relasi"":""defend""}]},{""pengirim"":""Eka"",""teks_chat"":""Iya nih, Sari nggak ngasih bukti apa-apa kok main ngajak vote."",""label_intent"":""defend"",""target"":[{""pemain"":""Gani"",""relasi"":""defend""}]},{""pengirim"":""Bimo"",""teks_chat"":""Pasti Sari pelakunya yang lagi nyoba nipu kita semua."",""label_intent"":""offend"",""target"":[{""pemain"":""Sari"",""relasi"":""offend""}]},{""pengirim"":""Maya"",""teks_chat"":""Jangan gampang terpengaruh sama ajakan yang nggak jelas dasarnya."",""label_intent"":""neutral"",""target"":[]},{""pengirim"":""Sari"",""teks_chat"":""Pokoknya aku yakin banget dia Hitman, firasatku nggak pernah salah."",""label_intent"":""offend"",""target"":[{""pemain"":""Gani"",""relasi"":""offend""}]},{""pengirim"":""Gani"",""teks_chat"":""Aku tidak bersalah. Firasat saja tidak cukup untuk menyebutku Hitman."",""label_intent"":""defend"",""target"":[{""pemain"":""Gani"",""relasi"":""defend""}]},{""pengirim"":""Eka"",""teks_chat"":""Bahaya banget kalau kita turutin omongan Sari yang nggak berdasar ini."",""label_intent"":""neutral"",""target"":[]},{""pengirim"":""Bimo"",""teks_chat"":""Sari itu provokator, mending kita keluarin Sari aja biar aman."",""label_intent"":""offend"",""target"":[{""pemain"":""Sari"",""relasi"":""offend""}]},{""pengirim"":""Maya"",""teks_chat"":""Kita harus objektif, jangan sampai civilian saling bunuh."",""label_intent"":""neutral"",""target"":[]},{""pengirim"":""Sari"",""teks_chat"":""Aku tetap ingin vote Gani."",""label_intent"":""offend"",""target"":[{""pemain"":""Gani"",""relasi"":""offend""}]},{""pengirim"":""Gani"",""teks_chat"":""Aku bukan Hitman, tolong jangan vote aku dari firasat saja."",""label_intent"":""defend"",""target"":[{""pemain"":""Gani"",""relasi"":""defend""}]}]","[""Eka"",""Gani"",""Sari"",""Bimo"",""Maya""]","[{""pemain"":""Gani"",""relasi"":""defend""}]"
Nando,Aku bukan Hitman. Semoga kita bisa mencari alasan yang jelas sebelum menentukan vote.,defend,[],"[""Nando"",""Opi""]","[{""pemain"":""Nando"",""relasi"":""defend""}]"
Risa,"Btw, ada yang tau nggak sisa waktu vote kita tinggal berapa?",neutral,"[{""pengirim"":""Risa"",""teks_chat"":""Kalian pada nge-vote Sandi gara-gara apa sih? Nggak ada buktinya kan?"",""label_intent"":""defend"",""target"":[{""pemain"":""Sandi"",""relasi"":""defend""}]},{""pengirim"":""Sandi"",""teks_chat"":""Iya nih, pada ngawur semua, aku aja nggak ngapa-ngapain dari tadi."",""label_intent"":""defend"",""target"":[{""pemain"":""Sandi"",""relasi"":""defend""}]},{""pengirim"":""Toni"",""teks_chat"":""Vina tadi yang mengajak kita vote Sandi."",""label_intent"":""neutral"",""target"":[]},{""pengirim"":""Vina"",""teks_chat"":""Aku cuma menyampaikan dugaan yang belum pasti."",""label_intent"":""neutral"",""target"":[]},{""pengirim"":""Budi"",""teks_chat"":""Feeling doang nggak bisa jadi patokan, bahaya buat tim kita."",""label_intent"":""neutral"",""target"":[]},{""pengirim"":""Risa"",""teks_chat"":""Setuju, kalau nggak ada saksi mending kita cari petunjuk lain aja."",""label_intent"":""neutral"",""target"":[]},{""pengirim"":""Sandi"",""teks_chat"":""Terima kasih sudah membela, aku memang bukan Hitman."",""label_intent"":""defend"",""target"":[{""pemain"":""Sandi"",""relasi"":""defend""}]},{""pengirim"":""Toni"",""teks_chat"":""Pasti Vina ini aslinya Hitman yang lagi nyari kambing hitam."",""label_intent"":""offend"",""target"":[{""pemain"":""Vina"",""relasi"":""offend""}]},{""pengirim"":""Vina"",""teks_chat"":""Kalian kok jadi mojokin aku sih? Aku kan cuma kasih saran."",""label_intent"":""defend"",""target"":[{""pemain"":""Vina"",""relasi"":""defend""}]},{""pengirim"":""Budi"",""teks_chat"":""Saran yang menyesatkan mending nggak usah dikeluarin sekalian."",""label_intent"":""neutral"",""target"":[]}]","[""Risa"",""Sandi"",""Toni"",""Vina"",""Budi""]",[]
Andi,Aku setuju dengan pembelaan Doni. Jangan vote dia hanya dari jeda chat.,defend,"[{""pengirim"":""Andi"",""teks_chat"":""Caca tadi belum menjawab, apa koneksinya bermasalah?"",""label_intent"":""neutral"",""target"":[]},{""pengirim"":""Bima"",""teks_chat"":""Aku curiga Caca Hitman yang sengaja diam supaya tidak ditanya."",""label_intent"":""offend"",""target"":[{""pemain"":""Caca"",""relasi"":""offend""}]},{""pengirim"":""Caca"",""teks_chat"":""Aku bukan Hitman. Koneksiku terputus, sekarang aku sudah bisa membaca chat."",""label_intent"":""defend"",""target"":[{""pemain"":""Caca"",""relasi"":""defend""}]},{""pengirim"":""Doni"",""teks_chat"":""Caca belum pantas dituduh dari jeda chat saja. Penyebabnya bisa macam-macam."",""label_intent"":""defend"",""target"":[{""pemain"":""Caca"",""relasi"":""defend""}]}]","[""Andi"",""Bima"",""Caca"",""Doni""]","[{""pemain"":""Caca"",""relasi"":""defend""}]"
Hana,Masa Joko langsung dianggap Hitman tanpa alasan selain insting? Aku menolak tuduhan itu.,defend,"[{""pengirim"":""Hana"",""teks_chat"":""kalian sadar ngga tdi Imam ngajak vote Joko tanpa nyebutin alasannya sama sekali?"",""label_intent"":""neutral"",""target"":[]},{""pengirim"":""Imam"",""teks_chat"":""Ya aku emang ngerasa dia pelakunya aja, instingku jarang meleset kok."",""label_intent"":""offend"",""target"":[{""pemain"":""Joko"",""relasi"":""offend""}]},{""pengirim"":""Joko"",""teks_chat"":""Masa cuma gara-gara insting doang lu mau ngorbanin gw mam?"",""label_intent"":""defend"",""target"":[{""pemain"":""Joko"",""relasi"":""defend""}]},{""pengirim"":""Rina"",""teks_chat"":""Emang bahaya banget main tuduh tanpa bawa info atau bukti."",""label_intent"":""neutral"",""target"":[]},{""pengirim"":""Hana"",""teks_chat"":""Joko dari tadi mainnya kalem kok, ngga keliatan kayak orang yang nyembunyiin sesuatu."",""label_intent"":""defend"",""target"":[{""pemain"":""Joko"",""relasi"":""defend""}]},{""pengirim"":""Imam"",""teks_chat"":""Justru orang yang kalem itu yang biasanya nusuk dari belakang."",""label_intent"":""offend"",""target"":[{""pemain"":""Joko"",""relasi"":""offend""}]},{""pengirim"":""Joko"",""teks_chat"":""Aku bukan Hitman, aku sedang membaca ulang chat sebelum menjawab."",""label_intent"":""defend"",""target"":[{""pemain"":""Joko"",""relasi"":""defend""}]},{""pengirim"":""Rina"",""teks_chat"":""Setuju sih, mending kita kumpulin info dulu daripada ntar nyesel."",""label_intent"":""neutral"",""target"":[]}]","[""Hana"",""Imam"",""Joko"",""Rina""]","[{""pemain"":""Joko"",""relasi"":""defend""}]"
Nisa,"Benar, aku tarik tuduhanku kepada Maman. Aku terlalu cepat menganggap sikap tenangnya sebagai bukti.",defend,"[{""pengirim"":""Gilang"",""teks_chat"":""Semalam ada yang disandera nih, siapa ya kira-kira?"",""label_intent"":""neutral"",""target"":[]},{""pengirim"":""Lila"",""teks_chat"":""Maman kok dari tadi anteng-anteng aja? Pasti dia yang narik korbannya kan!"",""label_intent"":""offend"",""target"":[{""pemain"":""Maman"",""relasi"":""offend""}]},{""pengirim"":""Maman"",""teks_chat"":""Apaan sih? Aku dari tadi lagi pusing nyari petunjuk, jangan asal nuduh."",""label_intent"":""defend"",""target"":[{""pemain"":""Maman"",""relasi"":""defend""}]},{""pengirim"":""Nisa"",""teks_chat"":""Jangan-jangan Maman ini beneran Hitman Hostage-nya, ayo vote Maman!"",""label_intent"":""offend"",""target"":[{""pemain"":""Maman"",""relasi"":""offend""}]},{""pengirim"":""Gilang"",""teks_chat"":""Iya tuh, alibinya kurang kuat, mencurigakan banget."",""label_intent"":""offend"",""target"":[{""pemain"":""Maman"",""relasi"":""offend""}]},{""pengirim"":""Maman"",""teks_chat"":""Aku bukan Hitman. Ketenanganku tidak membuktikan aku pelakunya."",""label_intent"":""defend"",""target"":[{""pemain"":""Maman"",""relasi"":""defend""}]},{""pengirim"":""Lila"",""teks_chat"":""Aku tetap curiga kamu sedang berpura-pura tenang untuk menghindari tuduhan."",""label_intent"":""offend"",""target"":[{""pemain"":""Maman"",""relasi"":""offend""}]},{""pengirim"":""Nisa"",""teks_chat"":""Aku setuju sama Lila, udah fix kita keluarin Maman aja ronde ini."",""label_intent"":""offend"",""target"":[{""pemain"":""Maman"",""relasi"":""offend""}]},{""pengirim"":""Gilang"",""teks_chat"":""Tapi kita juga nggak tahu apa-apa soal semalam, tenang doang belum tentu pelaku."",""label_intent"":""neutral"",""target"":[]}]","[""Gilang"",""Lila"",""Maman"",""Nisa""]","[{""pemain"":""Maman"",""relasi"":""defend""}]"
Sinta,"Aku yakin bukan Tito pelakunya, dia cuma civilian yang mainnya terlalu grasa-grusu karena bingung.",defend,"[{""pengirim"":""Oki"",""teks_chat"":""Diskusi kita daritadi ngga ada arahnya yang jelas nih."",""label_intent"":""neutral"",""target"":[]},{""pengirim"":""Puji"",""teks_chat"":""Iya, banyak yang diem aja ngga mau ngeluarin info."",""label_intent"":""neutral"",""target"":[]},{""pengirim"":""Rama"",""teks_chat"":""Waktu vote kita sisa dikit lagi, kita harus gerak cepet."",""label_intent"":""neutral"",""target"":[]},{""pengirim"":""Sinta"",""teks_chat"":""Tadi ada yang tiba-tiba nyuruh kita kumpulin suara padahal ga ada buktinya."",""label_intent"":""neutral"",""target"":[]},{""pengirim"":""Oki"",""teks_chat"":""Siapa tuh yang berani main tuduh asal-asalan gitu?"",""label_intent"":""neutral"",""target"":[]},{""pengirim"":""Puji"",""teks_chat"":""Aku rasa itu cara kotor buat ngalihin perhatian kita dari pelaku aslinya."",""label_intent"":""neutral"",""target"":[]},{""pengirim"":""Rama"",""teks_chat"":""Bener banget, kita nggak boleh kepancing sama trik kayak gitu."",""label_intent"":""neutral"",""target"":[]},{""pengirim"":""Sinta"",""teks_chat"":""Kalian ingat nggak, Tito kan tadi yang teriak-teriak ngajakin vote?"",""label_intent"":""neutral"",""target"":[]},{""pengirim"":""Oki"",""teks_chat"":""Aku curiga dia Hitman karena mengajak vote tanpa alasan."",""label_intent"":""offend"",""target"":[{""pemain"":""Tito"",""relasi"":""offend""}]},{""pengirim"":""Tito"",""teks_chat"":""Aku cuma panik doang makanya pengen cepet-cepet kelar, bukan pelakunya."",""label_intent"":""defend"",""target"":[{""pemain"":""Tito"",""relasi"":""defend""}]},{""pengirim"":""Puji"",""teks_chat"":""Tapi tetep aja ajakan tanpa dasar itu ngerugiin kita."",""label_intent"":""neutral"",""target"":[]},{""pengirim"":""Rama"",""teks_chat"":""Gimana menurut kalian, mau lanjutin interogasi atau langsung vote?"",""label_intent"":""neutral"",""target"":[]}]","[""Oki"",""Puji"",""Rama"",""Sinta"",""Tito""]","[{""pemain"":""Tito"",""relasi"":""defend""}]"
Udin,"Oke, aku akan membaca ulang pesan Wawan.",neutral,"[{""pengirim"":""Udin"",""teks_chat"":""Tadi siapa yang ngaku habis Peek semalam?"",""label_intent"":""neutral"",""target"":[]},{""pengirim"":""Vera"",""teks_chat"":""Wawan yang bilang di chat."",""label_intent"":""neutral"",""target"":[]}]","[""Udin"",""Vera"",""Wawan""]",[]
Zain,"Belum, aku baru mau menyampaikan klaim role. Hasilnya belum ingin kubagikan.",neutral,"[{""pengirim"":""Xena"",""teks_chat"":""Ada yang ingin membagikan klaim Stalker pada ronde ini?"",""label_intent"":""neutral"",""target"":[]},{""pengirim"":""Yogi"",""teks_chat"":""Aku mengaku Civilian, jadi tidak punya Peek."",""label_intent"":""neutral"",""target"":[]},{""pengirim"":""Zain"",""teks_chat"":""Aku mengaku Stalker dan memakai Peek semalam."",""label_intent"":""neutral"",""target"":[]},{""pengirim"":""Aldi"",""teks_chat"":""Apa kamu mau membagikan hasil yang kamu klaim itu?"",""label_intent"":""neutral"",""target"":[]}]","[""Xena"",""Yogi"",""Zain"",""Aldi""]",[]
Fikri,Aku membela dia. Mengubah dugaan saja belum membuatnya Hitman.,defend,"[{""pengirim"":""Fikri"",""teks_chat"":""Boleh jeda soal nama? Aku mau bahas kejadian semalam dulu."",""label_intent"":""neutral"",""target"":[]},{""pengirim"":""Gani"",""teks_chat"":""Boleh, semalam ada yang ngerasa aneh?"",""label_intent"":""neutral"",""target"":[]},{""pengirim"":""Dodi"",""teks_chat"":""Aku sih nggak ngerasa apa-apa."",""label_intent"":""neutral"",""target"":[]},{""pengirim"":""Fikri"",""teks_chat"":""Aku juga, pagi ini semuanya kelihatan biasa aja."",""label_intent"":""neutral"",""target"":[]},{""pengirim"":""Gani"",""teks_chat"":""Ada yang ngaku disandera semalam?"",""label_intent"":""neutral"",""target"":[]},{""pengirim"":""Dodi"",""teks_chat"":""Belum ada yang ngaku sampai sekarang."",""label_intent"":""neutral"",""target"":[]},{""pengirim"":""Fikri"",""teks_chat"":""Jadi kita belum punya petunjuk apa-apa dari semalam."",""label_intent"":""neutral"",""target"":[]},{""pengirim"":""Gani"",""teks_chat"":""Iya, kita cuma bisa ngandelin obrolan siang ini."",""label_intent"":""neutral"",""target"":[]},{""pengirim"":""Dodi"",""teks_chat"":""Kalau gitu jangan asal nebak dari siapa yang diam."",""label_intent"":""neutral"",""target"":[]},{""pengirim"":""Fikri"",""teks_chat"":""Iya, kita masih perlu membaca ucapan dan alasannya."",""label_intent"":""neutral"",""target"":[]},{""pengirim"":""Gani"",""teks_chat"":""Oke, soal semalam cukup segitu dulu."",""label_intent"":""neutral"",""target"":[]},{""pengirim"":""Dodi"",""teks_chat"":""Sekarang kembali ke orang yang dibahas sebelum kita ngomongin soal semalam."",""label_intent"":""neutral"",""target"":[]}]","[""Dodi"",""Erna"",""Fikri"",""Gani""]","[{""pemain"":""tidak_diketahui"",""relasi"":""defend""}]"
Fahmi,"Kembali ke tuduhan tadi, aku bukan Hitman. Aku hanya menyebut risiko membagikan klaim, bukan melarang diskusi.",defend,"[{""pengirim"":""Eka"",""teks_chat"":""Udah ada yang berani buka suara soal hasil Peek-nya belom nih?"",""label_intent"":""neutral"",""target"":[]},{""pengirim"":""Fahmi"",""teks_chat"":""Kayaknya pada takut kena incer Hitman nanti malem kalau langsung ngaku Stalker."",""label_intent"":""neutral"",""target"":[]},{""pengirim"":""Gita"",""teks_chat"":""Aku curiga Fahmi Hitman yang sengaja membuat orang lain takut berbagi klaim."",""label_intent"":""offend"",""target"":[{""pemain"":""Fahmi"",""relasi"":""offend""}]},{""pengirim"":""Hana"",""teks_chat"":""Eh by the way, sisa waktu buat diskusi ini brapa menit lagi ya?"",""label_intent"":""neutral"",""target"":[]},{""pengirim"":""Eka"",""teks_chat"":""Di layarku sih sisa sekitar 3 menitan lagi, harus cepet nih."",""label_intent"":""neutral"",""target"":[]},{""pengirim"":""Fahmi"",""teks_chat"":""Wah mepet banget waktunya buat mikir mateng-mateng."",""label_intent"":""neutral"",""target"":[]},{""pengirim"":""Hana"",""teks_chat"":""Iya makanya jangan kelamaan buang waktu bahas yang ngga penting."",""label_intent"":""neutral"",""target"":[]}]","[""Eka"",""Fahmi"",""Gita"",""Hana""]","[{""pemain"":""Fahmi"",""relasi"":""defend""}]"
Maya,"Aku membela salah satu dari dua orang tadi, tetapi belum mau menyebut namanya. Menarik dugaan bukan bukti dia Hitman.",defend,"[{""pengirim"":""Ivan"",""teks_chat"":""Ajakan vote tadi berganti-ganti sampai aku sulit mengikuti."",""label_intent"":""neutral"",""target"":[]},{""pengirim"":""Joko"",""teks_chat"":""Iya, keliatannya ada yang sengaja nyuruh temen-temennya pindah haluan."",""label_intent"":""neutral"",""target"":[]},{""pengirim"":""Lina"",""teks_chat"":""Pasti tujuannya buat ngegagalin kita ngevote Hitman yang sebenernya."",""label_intent"":""neutral"",""target"":[]},{""pengirim"":""Maya"",""teks_chat"":""Bisa jadi, atau emang pada dapet info baru aja makanya ragu."",""label_intent"":""neutral"",""target"":[]},{""pengirim"":""Ivan"",""teks_chat"":""Ada dua orang yang sama-sama menarik ajakan vote, tapi aku nggak tahu alasan keduanya."",""label_intent"":""neutral"",""target"":[]},{""pengirim"":""Joko"",""teks_chat"":""Menurutku salah satu dari dua orang yang berubah pilihan itu Hitman, tetapi aku belum mau menyebut siapa."",""label_intent"":""offend"",""target"":[{""pemain"":""tidak_diketahui"",""relasi"":""offend""}]},{""pengirim"":""Lina"",""teks_chat"":""Kalau belum mau menyebut siapa, tuduhannya belum bisa ditanggapi secara khusus."",""label_intent"":""neutral"",""target"":[]},{""pengirim"":""Maya"",""teks_chat"":""Makanya bahaya banget kalau langsung asal tebak siapa dalangnya."",""label_intent"":""neutral"",""target"":[]},{""pengirim"":""Ivan"",""teks_chat"":""Terus kita diemin aja gitu orang-orang yang manipulasi vote?"",""label_intent"":""neutral"",""target"":[]},{""pengirim"":""Joko"",""teks_chat"":""Kita sebaiknya meminta alasan perubahan ajakan vote satu per satu."",""label_intent"":""neutral"",""target"":[]}]","[""Ivan"",""Joko"",""Lina"",""Maya""]","[{""pemain"":""tidak_diketahui"",""relasi"":""defend""}]"
Raka,Oman belum pantas dituduh setelah penjelasannya kubaca. Justru Nando yang aku curigai sebagai Hitman karena terus memaksa tuduhan tanpa alasan.,offend,"[{""pengirim"":""Nando"",""teks_chat"":""Raka, kamu tadi pagi menuduh Oman, tapi sekarang kok malah bilang kalau Oman itu aman? Kamu ini mencurigakan banget sih, pasti kamu pelakunya!"",""label_intent"":""offend"",""target"":[{""pemain"":""Raka"",""relasi"":""offend""}]}]","[""Nando"",""Oman"",""Raka""]","[{""pemain"":""Oman"",""relasi"":""defend""},{""pemain"":""Nando"",""relasi"":""offend""}]"
Tito,"Aku bukan Hitman. Wawan membaca jawabanku yang sudah terkirim, jadi jangan anggap jeda chat tadi sebagai bukti aku menghindar.",defend,"[{""pengirim"":""Sari"",""teks_chat"":""Wawan, kamu membaca jawaban Tito soal alasan vote tadi?"",""label_intent"":""neutral"",""target"":[]},{""pengirim"":""Wawan"",""teks_chat"":""Iya, Tito bilang pesan sebelumnya gagal terkirim lalu mengirim jawabannya lagi."",""label_intent"":""neutral"",""target"":[]},{""pengirim"":""Zaki"",""teks_chat"":""Aku curiga Tito mengarang alasan koneksi karena dia Hitman."",""label_intent"":""offend"",""target"":[{""pemain"":""Tito"",""relasi"":""offend""}]},{""pengirim"":""Sari"",""teks_chat"":""Aku juga curiga dia sengaja menunda jawaban."",""label_intent"":""offend"",""target"":[{""pemain"":""Tito"",""relasi"":""offend""}]},{""pengirim"":""Wawan"",""teks_chat"":""Kita bisa membaca jawaban yang sekarang sudah terkirim."",""label_intent"":""neutral"",""target"":[]}]","[""Sari"",""Tito"",""Wawan"",""Zaki""]","[{""pemain"":""Tito"",""relasi"":""defend""}]"
Beni,Citra dan Dodi belum pantas dituduh. Jeda chat saja tidak membuktikan siapa Hitman atau siapa korban skill.,defend,"[{""pengirim"":""Andi"",""teks_chat"":""Aku curiga Citra dan Dodi Hitman karena sama-sama terlambat menjawab pertanyaan."",""label_intent"":""offend"",""target"":[{""pemain"":""Citra"",""relasi"":""offend""},{""pemain"":""Dodi"",""relasi"":""offend""}]}]","[""Andi"",""Beni"",""Citra"",""Dodi""]","[{""pemain"":""Citra"",""relasi"":""defend""},{""pemain"":""Dodi"",""relasi"":""defend""}]"
Erna,"Masa sih Fikri pelakunya? Fikri kan bukan Hitman, dia cuma nyampein alibi yang dia tahu aja makanya cepet.",defend,"[{""pengirim"":""Erna"",""teks_chat"":""Tadi pas Gilang dituduh, kok Fikri cepet banget ngebelanya?"",""label_intent"":""neutral"",""target"":[]},{""pengirim"":""Gilang"",""teks_chat"":""Aku juga curiga Fikri memakai pembelaan itu untuk mencari kepercayaan sebagai Hitman."",""label_intent"":""offend"",""target"":[{""pemain"":""Fikri"",""relasi"":""offend""}]}]","[""Erna"",""Fikri"",""Gilang""]","[{""pemain"":""Fikri"",""relasi"":""defend""}]"
Hadi,"Ya udah sih, gue percaya lu bukan pelakunya, wajar aja kok kalau lu ganti target gara-gara ada temuan baru di diskusi.",defend,"[{""pengirim"":""Hadi"",""teks_chat"":""Jihan, lu dari tadi nuduhnya ganti-ganti mulu, pertama ke Koko terus sekarang ke aku."",""label_intent"":""neutral"",""target"":[]},{""pengirim"":""Iwan"",""teks_chat"":""Orang yang plin-plan gitu pasti lagi nyari alibi bohong, dia pelakunya tuh!"",""label_intent"":""offend"",""target"":[{""pemain"":""Jihan"",""relasi"":""offend""}]},{""pengirim"":""Jihan"",""teks_chat"":""Gue cuma ngikutin update info yang masuk, makanya pendapat gue berubah."",""label_intent"":""defend"",""target"":[{""pemain"":""Jihan"",""relasi"":""defend""}]},{""pengirim"":""Koko"",""teks_chat"":""Bener kata Iwan, Jihan emang lagi mancing keributan biar dia aman."",""label_intent"":""offend"",""target"":[{""pemain"":""Jihan"",""relasi"":""offend""}]},{""pengirim"":""Jihan"",""teks_chat"":""Gue ini civilian, lu pada jangan gampang kepancing sama asumsi yang nggak ada dasarnya."",""label_intent"":""defend"",""target"":[{""pemain"":""Jihan"",""relasi"":""defend""}]}]","[""Hadi"",""Iwan"",""Jihan"",""Koko""]","[{""pemain"":""Jihan"",""relasi"":""defend""}]"
Tino,"Ren, apa kamu mau membagikan klaim atau pengamatan dari chat tadi?",neutral,"[{""pengirim"":""Reno"",""teks_chat"":""Eh, semalam ada yang disandera ya? Kok belum ada yang tahu siapa?"",""label_intent"":""neutral"",""target"":[]},{""pengirim"":""Siska"",""teks_chat"":""Iya, sampai sekarang belum ada petunjuk."",""label_intent"":""neutral"",""target"":[]},{""pengirim"":""Tino"",""teks_chat"":""Menurut kalian siapa yang kemungkinan diculik?"",""label_intent"":""neutral"",""target"":[]},{""pengirim"":""Umar"",""teks_chat"":""Susah ditebak kalau cuma dari chat."",""label_intent"":""neutral"",""target"":[]},{""pengirim"":""Reno"",""teks_chat"":""Berarti pemain yang diam belum tentu korban Hostage?"",""label_intent"":""neutral"",""target"":[]},{""pengirim"":""Siska"",""teks_chat"":""Iya, diam bisa punya penyebab lain juga."",""label_intent"":""neutral"",""target"":[]}]","[""Reno"",""Siska"",""Tino"",""Umar""]",[]
Vera,Aku belum punya alasan menuduh Wawan. Jangan langsung mengajaknya vote tanpa alasan.,defend,[],"[""Vera"",""Wawan""]","[{""pemain"":""Wawan"",""relasi"":""defend""}]"
Yogi,Aku bukan Hitman. Aku menarik ajakan itu setelah membaca jawaban yang membuat dugaan awalku lemah.,defend,"[{""pengirim"":""Zidan"",""teks_chat"":""Yogi tadi menarik ajakan vote di chat. Aku curiga Yogi Hitman yg sengaja membingungkan kita."",""label_intent"":""offend"",""target"":[{""pemain"":""Yogi"",""relasi"":""offend""}]}]","[""Yogi"",""Zidan""]","[{""pemain"":""Yogi"",""relasi"":""defend""}]"
Iqbal,"Aku percaya sih mereka berdua ganti pilihannya cuma gara-gara emang ragu pas mau akhir diskusi, jadi wajar aja bukan karena niat jelek.",defend,"[{""pengirim"":""Galih"",""teks_chat"":""Ajakan vote di chat berubah menjelang diskusi selesai."",""label_intent"":""neutral"",""target"":[]},{""pengirim"":""Hana"",""teks_chat"":""Iya, kelihatan banget ada yang mau nyelamatin temennya dari eksekusi."",""label_intent"":""neutral"",""target"":[]},{""pengirim"":""Iqbal"",""teks_chat"":""Hana dan Joko sama-sama menarik ajakan vote di chat hampir bersamaan."",""label_intent"":""neutral"",""target"":[]},{""pengirim"":""Galih"",""teks_chat"":""Wah beneran? Fix sih mereka berdua pelakunya yang mau memanipulasi suara."",""label_intent"":""offend"",""target"":[{""pemain"":""Hana"",""relasi"":""offend""},{""pemain"":""Joko"",""relasi"":""offend""}]},{""pengirim"":""Hana"",""teks_chat"":""Aku bukan Hitman. Aku menarik ajakan vote karena alasannya belum kuat."",""label_intent"":""defend"",""target"":[{""pemain"":""Hana"",""relasi"":""defend""}]},{""pengirim"":""Joko"",""teks_chat"":""Aku juga tidak bersalah. Aku ingin menunda ajakan vote sampai alasannya jelas."",""label_intent"":""defend"",""target"":[{""pemain"":""Joko"",""relasi"":""defend""}]},{""pengirim"":""Iqbal"",""teks_chat"":""Tapi timingnya itu loh, kebetulan banget barengan pas waktu mau abis."",""label_intent"":""offend"",""target"":[{""pemain"":""Hana"",""relasi"":""offend""},{""pemain"":""Joko"",""relasi"":""offend""}]},{""pengirim"":""Galih"",""teks_chat"":""Itu bukan kebetulan, itu taktik Hitman yang udah direncanain."",""label_intent"":""offend"",""target"":[{""pemain"":""Hana"",""relasi"":""offend""},{""pemain"":""Joko"",""relasi"":""offend""}]},{""pengirim"":""Hana"",""teks_chat"":""Aku dan Joko tidak bersalah. Apa bukti bahwa kami berdua Hitman?"",""label_intent"":""defend"",""target"":[{""pemain"":""Hana"",""relasi"":""defend""},{""pemain"":""Joko"",""relasi"":""defend""}]},{""pengirim"":""Joko"",""teks_chat"":""Iya, main tuduh aja, mending fokus nyari petunjuk yang beneran."",""label_intent"":""defend"",""target"":[{""pemain"":""Joko"",""relasi"":""defend""}]},{""pengirim"":""Iqbal"",""teks_chat"":""Bener juga sih, kalau dipikir-pikir kita emang lagi minim info banget."",""label_intent"":""neutral"",""target"":[]}]","[""Galih"",""Hana"",""Iqbal"",""Joko""]","[{""pemain"":""Hana"",""relasi"":""defend""},{""pemain"":""Joko"",""relasi"":""defend""}]"
Kiki,Mam belum pantas dituduh hanya karena belum mengetik. Kita belum tahu penyebab diamnya.,defend,"[{""pengirim"":""Kiki"",""teks_chat"":""Maman belum ikut mengetik sejak diskusi dibuka, ya?"",""label_intent"":""neutral"",""target"":[]},{""pengirim"":""Lila"",""teks_chat"":""Maman pasti lagi asik nyari mangsa buat diculik, vote aja dia!"",""label_intent"":""offend"",""target"":[{""pemain"":""Maman"",""relasi"":""offend""}]}]","[""Kiki"",""Lila"",""Maman""]","[{""pemain"":""Maman"",""relasi"":""defend""}]"
Nisa,"Oman belum pantas dituduh, membaca ulang chat itu alasan yang masuk akal.",defend,"[{""pengirim"":""Nisa"",""teks_chat"":""Oman kok dari tadi diem mulu ya, kayak ngga peduli sama game."",""label_intent"":""neutral"",""target"":[]},{""pengirim"":""Puput"",""teks_chat"":""Yg diem biasanya lagi ngawasin korban potensial, Oman pelakunya!"",""label_intent"":""offend"",""target"":[{""pemain"":""Oman"",""relasi"":""offend""}]},{""pengirim"":""Oman"",""teks_chat"":""Aduh, aku tuh lagi baca riwayat chat kalian biar paham alur."",""label_intent"":""defend"",""target"":[{""pemain"":""Oman"",""relasi"":""defend""}]}]","[""Nisa"",""Oman"",""Puput""]","[{""pemain"":""Oman"",""relasi"":""defend""}]"
Rafi,"Aku udah baca ulang, memang ada jawaban baru sebelum dia ganti dugaan. Aku tarik tuduhanku ke dia.",defend,"[{""pengirim"":""Sinta"",""teks_chat"":""Aku juga curiga dia sedang mengarang alasan."",""label_intent"":""offend"",""target"":[{""pemain"":""Qila"",""relasi"":""offend""}]},{""pengirim"":""Tito"",""teks_chat"":""Menurutku dia memang pelakunya."",""label_intent"":""offend"",""target"":[{""pemain"":""Qila"",""relasi"":""offend""}]},{""pengirim"":""Qila"",""teks_chat"":""Aku bukan Hitman. Aku menarik dugaan setelah membaca pesan yang terlewat."",""label_intent"":""defend"",""target"":[{""pemain"":""Qila"",""relasi"":""defend""}]},{""pengirim"":""Sinta"",""teks_chat"":""Aku tetap curiga dia sengaja menunggu reaksi kita."",""label_intent"":""offend"",""target"":[{""pemain"":""Qila"",""relasi"":""offend""}]},{""pengirim"":""Tito"",""teks_chat"":""Aku juga ingin vote dia kalau tidak ada penjelasan lebih jelas."",""label_intent"":""offend"",""target"":[{""pemain"":""Qila"",""relasi"":""offend""}]},{""pengirim"":""Qila"",""teks_chat"":""Aku tidak bersalah. Pesan yang kulewatkan menjawab alasan tuduhan awalku."",""label_intent"":""defend"",""target"":[{""pemain"":""Qila"",""relasi"":""defend""}]},{""pengirim"":""Rafi"",""teks_chat"":""Aku akan membaca ulang urutan chat yang dimaksud."",""label_intent"":""neutral"",""target"":[]},{""pengirim"":""Sinta"",""teks_chat"":""Aku tetap ingin vote dia."",""label_intent"":""offend"",""target"":[{""pemain"":""Qila"",""relasi"":""offend""}]},{""pengirim"":""Tito"",""teks_chat"":""Aku setuju dengan ajakan vote itu."",""label_intent"":""offend"",""target"":[{""pemain"":""Qila"",""relasi"":""offend""}]},{""pengirim"":""Qila"",""teks_chat"":""Aku bukan pelakunya; aku justru berhenti menuduh setelah ada jawaban."",""label_intent"":""defend"",""target"":[{""pemain"":""Qila"",""relasi"":""defend""}]},{""pengirim"":""Sinta"",""teks_chat"":""Aku masih curiga dia hanya mencari alasan."",""label_intent"":""offend"",""target"":[{""pemain"":""Qila"",""relasi"":""offend""}]},{""pengirim"":""Tito"",""teks_chat"":""Aku tetap ingin vote dia saat Tribunal."",""label_intent"":""offend"",""target"":[{""pemain"":""Qila"",""relasi"":""offend""}]}]","[""Qila"",""Rafi"",""Sinta"",""Tito""]","[{""pemain"":""Qila"",""relasi"":""defend""}]"
Wawan,"Aku juga curiga dia, penjelasan soal koneksi belum menjawab pertanyaan alasan vote. Aku ingin vote dia.",offend,"[{""pengirim"":""Umar"",""teks_chat"":""Bagaimana cara membedakan diam karena koneksi dan karena skill?"",""label_intent"":""neutral"",""target"":[]},{""pengirim"":""Vina"",""teks_chat"":""Dari chat saja belum tentu bisa."",""label_intent"":""neutral"",""target"":[]},{""pengirim"":""Wawan"",""teks_chat"":""Kita hanya melihat pesan yang terkirim."",""label_intent"":""neutral"",""target"":[]},{""pengirim"":""Xena"",""teks_chat"":""Ada pemain yang baru menjawab setelah lama diam."",""label_intent"":""neutral"",""target"":[]},{""pengirim"":""Umar"",""teks_chat"":""Kita bisa menanyakan alasannya saat dia bisa membalas."",""label_intent"":""neutral"",""target"":[]},{""pengirim"":""Xena"",""teks_chat"":""Alasannya koneksi sempat terputus."",""label_intent"":""neutral"",""target"":[]},{""pengirim"":""Vina"",""teks_chat"":""Itu mungkin, tetapi kita belum memastikan penyebabnya."",""label_intent"":""neutral"",""target"":[]},{""pengirim"":""Wawan"",""teks_chat"":""Benar, jangan langsung menyebutnya korban Gag Order."",""label_intent"":""neutral"",""target"":[]},{""pengirim"":""Umar"",""teks_chat"":""Kalau ada dugaan sengaja menghindar, perlu alasan dari isi chat juga."",""label_intent"":""neutral"",""target"":[]},{""pengirim"":""Vina"",""teks_chat"":""Apa pertanyaan yang belum dijawab?"",""label_intent"":""neutral"",""target"":[]},{""pengirim"":""Xena"",""teks_chat"":""Pertanyaan tentang alasan mengajak vote tadi."",""label_intent"":""neutral"",""target"":[]},{""pengirim"":""Umar"",""teks_chat"":""Yogi belum menjawab alasan votenya. Aku curiga Yogi Hitman yang sengaja menghindar."",""label_intent"":""offend"",""target"":[{""pemain"":""Yogi"",""relasi"":""offend""}]}]","[""Umar"",""Vina"",""Wawan"",""Xena"",""Yogi""]","[{""pemain"":""Yogi"",""relasi"":""offend""}]"
Citra,"Aura itu cuma menyampaikan uneg-unegnya secara blak-blakan kok, bukan Hitman yang lagi mancing.",defend,"[{""pengirim"":""Zaki"",""teks_chat"":""Eh, kenapa kok Bayu tadi cepet banget ngebela si Citra pas dituduh?"",""label_intent"":""neutral"",""target"":[]},{""pengirim"":""Aura"",""teks_chat"":""Aku curiga Bayu Hitman karena langsung membela tanpa menjelaskan alasan."",""label_intent"":""offend"",""target"":[{""pemain"":""Bayu"",""relasi"":""offend""}]},{""pengirim"":""Bayu"",""teks_chat"":""Aku bukan pelakunya. Justru aku curiga Aura Hitman karena terus menuduh tanpa alasan."",""label_intent"":""offend"",""target"":[{""pemain"":""Bayu"",""relasi"":""defend""},{""pemain"":""Aura"",""relasi"":""offend""}]}]","[""Zaki"",""Aura"",""Bayu"",""Citra""]","[{""pemain"":""Aura"",""relasi"":""defend""}]"
Dian,"Aku setuju sama Fara, tebakanmu itu terlalu maksa Gilang, aku yakin Fara bukan pelakunya.",defend,"[{""pengirim"":""Dian"",""teks_chat"":""Erwin belum membalas pertanyaan sejak tadi, ya?"",""label_intent"":""neutral"",""target"":[]},{""pengirim"":""Fara"",""teks_chat"":""Penyebab diamnya belum jelas. Bisa saja dia tidak bisa mengetik, jadi jangan langsung menuduh."",""label_intent"":""defend"",""target"":[{""pemain"":""Erwin"",""relasi"":""defend""}]},{""pengirim"":""Gilang"",""teks_chat"":""Ah masa? Fara pasti lagi kerja sama sama Erwin buat ngebohongin kita, vote Fara!"",""label_intent"":""offend"",""target"":[{""pemain"":""Fara"",""relasi"":""offend""}]},{""pengirim"":""Fara"",""teks_chat"":""Nggak lah, aku cuma baca sikon doang, sumpah aku civilian."",""label_intent"":""defend"",""target"":[{""pemain"":""Fara"",""relasi"":""defend""}]},{""pengirim"":""Dian"",""teks_chat"":""Gilang, jangan asal nuduh Fara gitu, dia kan cuma beropini soal kondisi Erwin."",""label_intent"":""defend"",""target"":[{""pemain"":""Fara"",""relasi"":""defend""}]},{""pengirim"":""Gilang"",""teks_chat"":""Biasanya orang yang cepet-cepet kasihan itu temen satu timnya Hitman."",""label_intent"":""offend"",""target"":[{""pemain"":""Fara"",""relasi"":""offend""}]},{""pengirim"":""Fara"",""teks_chat"":""Ya ampun, logika darimana coba itu? Aku beneran nggak tau apa-apa."",""label_intent"":""defend"",""target"":[{""pemain"":""Fara"",""relasi"":""defend""}]}]","[""Dian"",""Erwin"",""Fara"",""Gilang""]","[{""pemain"":""Fara"",""relasi"":""defend""}]"
Jihan,"Kalau kalian emang ngerasa tingkahku mencurigakan dan ngebebanin tim, yaudah vote aku aja gapapa biar kalian tenang.",offend,"[{""pengirim"":""Hasan"",""teks_chat"":""Kenapa Jihan dari tadi telat banget bales chatnya?"",""label_intent"":""neutral"",""target"":[]},{""pengirim"":""Irfan"",""teks_chat"":""Iya, terus balesannya suka kepotong-potong ngga jelas."",""label_intent"":""neutral"",""target"":[]},{""pengirim"":""Jihan"",""teks_chat"":""Sinyalku beneran lagi jelek banget, makanya lag parah."",""label_intent"":""neutral"",""target"":[]}]","[""Hasan"",""Irfan"",""Jihan""]","[{""pemain"":""Jihan"",""relasi"":""offend""}]"
Kiki,"Lho, dua malam berturut-turut Guard ke Nisa? Aku tarik pembelaanku; sekarang aku curiga Lila mengarang klaimnya.",offend,"[{""pengirim"":""Kiki"",""teks_chat"":""Lila tiba-tiba mengaku Spy. Aku curiga Lila menggunakan klaim itu untuk cari aman."",""label_intent"":""offend"",""target"":[{""pemain"":""Lila"",""relasi"":""offend""}]},{""pengirim"":""Lila"",""teks_chat"":""Aku bukan Hitman. Aku mengaku memilih Guard untuk Nisa semalam."",""label_intent"":""defend"",""target"":[{""pemain"":""Lila"",""relasi"":""defend""}]},{""pengirim"":""Maman"",""teks_chat"":""Klaim itu perlu ditanya lebih lanjut."",""label_intent"":""neutral"",""target"":[]},{""pengirim"":""Nisa"",""teks_chat"":""Aku juga curiga Lila Hitman yang bersembunyi di balik klaim Spy."",""label_intent"":""offend"",""target"":[{""pemain"":""Lila"",""relasi"":""offend""}]},{""pengirim"":""Kiki"",""teks_chat"":""Lila belum pantas langsung dituduh; belum ada kontradiksi dalam klaimnya sejauh ini."",""label_intent"":""defend"",""target"":[{""pemain"":""Lila"",""relasi"":""defend""}]},{""pengirim"":""Lila"",""teks_chat"":""Aku juga memilih Guard untuk Nisa pada malam sebelumnya."",""label_intent"":""neutral"",""target"":[]}]","[""Kiki"",""Lila"",""Maman"",""Nisa""]","[{""pemain"":""Lila"",""relasi"":""offend""}]"
Omar,Aku juga curiga dia Hitman karena klaimnya bertentangan. Aku ingin vote dia.,offend,"[{""pengirim"":""Omar"",""teks_chat"":""Ada klaim yang berubah di percakapan tadi?"",""label_intent"":""neutral"",""target"":[]},{""pengirim"":""Putri"",""teks_chat"":""Iya, ada yang menyebut dua pilihan Guard untuk malam yang sama."",""label_intent"":""neutral"",""target"":[]},{""pengirim"":""Qila"",""teks_chat"":""Siapa yang mengatakannya?"",""label_intent"":""neutral"",""target"":[]},{""pengirim"":""Rafi"",""teks_chat"":""Aku sedang membaca ulang pesannya agar tidak salah mengutip."",""label_intent"":""neutral"",""target"":[]},{""pengirim"":""Omar"",""teks_chat"":""Pastikan keduanya memang merujuk malam yang sama."",""label_intent"":""neutral"",""target"":[]},{""pengirim"":""Putri"",""teks_chat"":""Benar, jangan sampai yang satu malam sebelumnya."",""label_intent"":""neutral"",""target"":[]},{""pengirim"":""Qila"",""teks_chat"":""Kita cek aja klaimnya konsisten atau nggak, itu yang paling penting."",""label_intent"":""neutral"",""target"":[]},{""pengirim"":""Rafi"",""teks_chat"":""Di kedua pesannya tertulis semalam."",""label_intent"":""neutral"",""target"":[]},{""pengirim"":""Omar"",""teks_chat"":""Apakah ada koreksi salah ketik setelahnya?"",""label_intent"":""neutral"",""target"":[]},{""pengirim"":""Putri"",""teks_chat"":""Belum ada koreksi yang kubaca."",""label_intent"":""neutral"",""target"":[]},{""pengirim"":""Qila"",""teks_chat"":""Baik, sebutkan dulu siapa yang mengirim pesan itu."",""label_intent"":""neutral"",""target"":[]},{""pengirim"":""Rafi"",""teks_chat"":""Sinta. Awalnya Guard Omar, lalu Putri untuk malam yang sama. Aku curiga Sinta mengarang klaim Spy."",""label_intent"":""offend"",""target"":[{""pemain"":""Sinta"",""relasi"":""offend""}]}]","[""Omar"",""Putri"",""Qila"",""Rafi"",""Sinta""]","[{""pemain"":""Sinta"",""relasi"":""offend""}]"
Anton,"Aku belum punya alasan buat nuduh Budi, jadi jangan asal vote Budi ya.",defend,[],"[""Anton"",""Budi""]","[{""pemain"":""Budi"",""relasi"":""defend""}]"
Tegar,"kayaknya aku telat masuk diskusi, tapi role gw Stalker dan info peek-ku valid",neutral,[],"[""Tegar""]",[]
Cindy,"Halo semuanya, diskusi kali ini jangan sampai kita asal nuduh dan ujungnya malah ngerugiin tim sendiri ya.",neutral,[],"[""Cindy""]",[]
Dian,"Tunggu dulu, mungkin Erwin emang belum nemuin momen yang pas buat share hasilnya, dia bukan Hitman kok.",defend,"[{""pengirim"":""Dian"",""teks_chat"":""Tadi Erwin claim jadi Stalker, tapi kok belum ngasih hasil Peek-nya sih?"",""label_intent"":""neutral"",""target"":[]},{""pengirim"":""Fikri"",""teks_chat"":""Udah fix Erwin itu cuma ngarang aja claimnya, dia Hitman yang cari aman!"",""label_intent"":""offend"",""target"":[{""pemain"":""Erwin"",""relasi"":""offend""}]}]","[""Dian"",""Erwin"",""Fikri""]","[{""pemain"":""Erwin"",""relasi"":""defend""}]"
Indra,"Aku sih kurang setuju dengan usulan kalian tadi, bisa jadi dia memang tulus mau bantu tapi caranya yang salah.",defend,"[{""pengirim"":""Gani"",""teks_chat"":""Siapa tadi yang tiba-tiba nuduh tanpa bukti di awal ronde?"",""label_intent"":""neutral"",""target"":[]},{""pengirim"":""Indra"",""teks_chat"":""Oh, si Hana tadi yang ngotot banget nyuruh vote Joko."",""label_intent"":""neutral"",""target"":[]},{""pengirim"":""Hana"",""teks_chat"":""Aku menarik dugaan awal setelah membaca jawaban baru di chat."",""label_intent"":""neutral"",""target"":[]},{""pengirim"":""Gani"",""teks_chat"":""Tuh kan, orang yang sering ganti-ganti tuduhan gini pasti pelakunya yang lagi kebingungan."",""label_intent"":""offend"",""target"":[{""pemain"":""Hana"",""relasi"":""offend""}]},{""pengirim"":""Joko"",""teks_chat"":""Bener banget, cara main Hana kotor abis, dia pasti Hitman-nya."",""label_intent"":""offend"",""target"":[{""pemain"":""Hana"",""relasi"":""offend""}]},{""pengirim"":""Indra"",""teks_chat"":""Eh tapi wajar nggak sih kalau civilian ganti tuduhan gara-gara dapet info baru?"",""label_intent"":""defend"",""target"":[{""pemain"":""Hana"",""relasi"":""defend""}]},{""pengirim"":""Gani"",""teks_chat"":""Nggak lah, civilian yang pinter nggak bakal segampang itu terpengaruh."",""label_intent"":""offend"",""target"":[{""pemain"":""Hana"",""relasi"":""offend""}]},{""pengirim"":""Joko"",""teks_chat"":""Aku setuju sama Gani, mending kita keluarin aja Hana biar aman."",""label_intent"":""offend"",""target"":[{""pemain"":""Hana"",""relasi"":""offend""}]}]","[""Gani"",""Hana"",""Indra"",""Joko""]","[{""pemain"":""Hana"",""relasi"":""defend""}]"
Opi,Aku membela mereka berdua. Mengubah dugaan setelah berpikir lagi belum membuktikan mereka Hitman.,defend,"[{""pengirim"":""Kiki"",""teks_chat"":""Lala tadi mengajak vote lalu menariknya. Aku curiga Lala sedang mengarang alasan."",""label_intent"":""offend"",""target"":[{""pemain"":""Lala"",""relasi"":""offend""}]},{""pengirim"":""Maman"",""teks_chat"":""Sama persis kayak Nando, ucapannya beda-beda terus."",""label_intent"":""offend"",""target"":[{""pemain"":""Nando"",""relasi"":""offend""}]},{""pengirim"":""Opi"",""teks_chat"":""Biasanya yang kayak gitu Hitman yang lagi koordinasi."",""label_intent"":""offend"",""target"":[{""pemain"":""Lala"",""relasi"":""offend""},{""pemain"":""Nando"",""relasi"":""offend""}]},{""pengirim"":""Lala"",""teks_chat"":""Aku bukan Hitman, aku menarik ajakan itu karena alasan awalku belum kuat."",""label_intent"":""defend"",""target"":[{""pemain"":""Lala"",""relasi"":""defend""}]},{""pengirim"":""Nando"",""teks_chat"":""Aku juga bukan Hitman. Aku membaca penjelasan baru lalu mengubah dugaan."",""label_intent"":""defend"",""target"":[{""pemain"":""Nando"",""relasi"":""defend""}]},{""pengirim"":""Kiki"",""teks_chat"":""Alasan klasik banget, kalian berdua pasti sekongkol."",""label_intent"":""offend"",""target"":[{""pemain"":""Lala"",""relasi"":""offend""},{""pemain"":""Nando"",""relasi"":""offend""}]},{""pengirim"":""Maman"",""teks_chat"":""Kita vote mereka aja deh, bahaya kalau dibiarin."",""label_intent"":""offend"",""target"":[{""pemain"":""Lala"",""relasi"":""offend""},{""pemain"":""Nando"",""relasi"":""offend""}]},{""pengirim"":""Lala"",""teks_chat"":""Tolong lah percaya sama aku, beneran deh aku civilian."",""label_intent"":""defend"",""target"":[{""pemain"":""Lala"",""relasi"":""defend""}]},{""pengirim"":""Nando"",""teks_chat"":""Iya, jangan gampang curiga gitu sama temen sendiri."",""label_intent"":""defend"",""target"":[{""pemain"":""Nando"",""relasi"":""defend""}]}]","[""Kiki"",""Lala"",""Maman"",""Nando"",""Opi""]","[{""pemain"":""Lala"",""relasi"":""defend""},{""pemain"":""Nando"",""relasi"":""defend""}]"
Sinta,"Udahlah, karena klaim mereka berdua sama-sama nggak ada bukti kuatnya, mending Rafi dan Qila langsung kita vote aja hari ini!",offend,"[{""pengirim"":""Puji"",""teks_chat"":""Tadi ada yang claim Stalker tapi infonya abu-abu banget ya."",""label_intent"":""neutral"",""target"":[]},{""pengirim"":""Qila"",""teks_chat"":""Rafi tadi mengaku Stalker tanpa menjelaskan apa pun. Aku curiga Rafi Hitman."",""label_intent"":""offend"",""target"":[{""pemain"":""Rafi"",""relasi"":""offend""}]},{""pengirim"":""Rafi"",""teks_chat"":""Aku bukan Hitman. Aku memang mengaku Stalker, tetapi belum ingin membuka hasilnya."",""label_intent"":""defend"",""target"":[{""pemain"":""Rafi"",""relasi"":""defend""}]},{""pengirim"":""Sinta"",""teks_chat"":""Oh, si Qila juga tadi sempat bilang kalau dia yang Stalker kan?"",""label_intent"":""neutral"",""target"":[]},{""pengirim"":""Puji"",""teks_chat"":""Jadi ada dua orang yang ngaku dapet info Peek nih?"",""label_intent"":""neutral"",""target"":[]},{""pengirim"":""Rafi"",""teks_chat"":""Dua klaim itu belum bisa kita pastikan mana yang benar."",""label_intent"":""neutral"",""target"":[]},{""pengirim"":""Qila"",""teks_chat"":""Aku bukan Hitman, aku mengaku Stalker. Justru Rafi yang aku curigai sedang menyamar."",""label_intent"":""offend"",""target"":[{""pemain"":""Qila"",""relasi"":""defend""},{""pemain"":""Rafi"",""relasi"":""offend""}]}]","[""Puji"",""Qila"",""Rafi"",""Sinta""]","[{""pemain"":""Rafi"",""relasi"":""offend""},{""pemain"":""Qila"",""relasi"":""offend""}]"
Wawan,"Aku sangat yakin kalau Vina itu nggak bersalah dan bukan pelakunya, jadi tolong hentikan tuduhannya.",defend,"[{""pengirim"":""Tito"",""teks_chat"":""Vina tadi menarik ajakan vote setelah diminta alasan. Aku curiga Vina sedang mengarang."",""label_intent"":""offend"",""target"":[{""pemain"":""Vina"",""relasi"":""offend""}]},{""pengirim"":""Umar"",""teks_chat"":""Iya, kelihatan banget dia lagi nyari alibi buatan."",""label_intent"":""offend"",""target"":[{""pemain"":""Vina"",""relasi"":""offend""}]},{""pengirim"":""Vina"",""teks_chat"":""Aku bukan Hitman. Aku menarik ajakan itu karena sadar alasannya lemah."",""label_intent"":""defend"",""target"":[{""pemain"":""Vina"",""relasi"":""defend""}]},{""pengirim"":""Tito"",""teks_chat"":""Alesan klasik Hitman kalau ketahuan bohong."",""label_intent"":""offend"",""target"":[{""pemain"":""Vina"",""relasi"":""offend""}]},{""pengirim"":""Umar"",""teks_chat"":""Fix Vina ini pelakunya, kita kumpulin suara ke dia aja."",""label_intent"":""offend"",""target"":[{""pemain"":""Vina"",""relasi"":""offend""}]},{""pengirim"":""Wawan"",""teks_chat"":""Vina belum pantas dituduh hanya karena mengoreksi dugaan."",""label_intent"":""defend"",""target"":[{""pemain"":""Vina"",""relasi"":""defend""}]},{""pengirim"":""Vina"",""teks_chat"":""Bener kata Wawan, sumpah aku cuma civilian yang lagi pusing."",""label_intent"":""defend"",""target"":[{""pemain"":""Vina"",""relasi"":""defend""}]},{""pengirim"":""Tito"",""teks_chat"":""Yang namanya Hitman pasti bakal ngaku civilian terus."",""label_intent"":""offend"",""target"":[{""pemain"":""Vina"",""relasi"":""offend""}]}]","[""Tito"",""Umar"",""Vina"",""Wawan""]","[{""pemain"":""Vina"",""relasi"":""defend""}]"
Bima,"Udah, jangan dengerin mereka, aku yakin dia bukan Hitman, tadi emang cuma agak linglung.",defend,"[{""pengirim"":""Xena"",""teks_chat"":""Yogi menarik ajakan vote di chat menjelang diskusi selesai. Aku curiga Yogi Hitman."",""label_intent"":""offend"",""target"":[{""pemain"":""Yogi"",""relasi"":""offend""}]},{""pengirim"":""Zain"",""teks_chat"":""Iya, kelihatan banget pengen nylametin Hitman-nya."",""label_intent"":""offend"",""target"":[{""pemain"":""Yogi"",""relasi"":""offend""}]},{""pengirim"":""Yogi"",""teks_chat"":""Aku menarik ajakan vote karena belum punya alasan kuat, bukan karena aku pelakunya."",""label_intent"":""defend"",""target"":[{""pemain"":""Yogi"",""relasi"":""defend""}]},{""pengirim"":""Aldi"",""teks_chat"":""Tapi lu telat banget nariknya, kayak nunggu situasi dulu."",""label_intent"":""offend"",""target"":[{""pemain"":""Yogi"",""relasi"":""offend""}]},{""pengirim"":""Bima"",""teks_chat"":""Mungkin dia emang kebingungan sih, namanya juga game deduksi."",""label_intent"":""defend"",""target"":[{""pemain"":""Yogi"",""relasi"":""defend""}]},{""pengirim"":""Xena"",""teks_chat"":""Mana ada kebingungan kalau udah disengaja gitu polanya."",""label_intent"":""offend"",""target"":[{""pemain"":""Yogi"",""relasi"":""offend""}]},{""pengirim"":""Zain"",""teks_chat"":""Udah pasti dia itu pelakunya, kita kumpulin suara buat dia aja."",""label_intent"":""offend"",""target"":[{""pemain"":""Yogi"",""relasi"":""offend""}]},{""pengirim"":""Yogi"",""teks_chat"":""Sumpah aku bukan Hitman, aku cuma nggak mau salah pilih orang."",""label_intent"":""defend"",""target"":[{""pemain"":""Yogi"",""relasi"":""defend""}]},{""pengirim"":""Aldi"",""teks_chat"":""Kelihatan banget paniknya pas dituduh."",""label_intent"":""offend"",""target"":[{""pemain"":""Yogi"",""relasi"":""offend""}]},{""pengirim"":""Bima"",""teks_chat"":""Kalian jangan asal nuduh tanpa kasih kesempatan dia jelasin."",""label_intent"":""defend"",""target"":[{""pemain"":""Yogi"",""relasi"":""defend""}]},{""pengirim"":""Xena"",""teks_chat"":""Mending kita keluarin dia sekarang daripada nyesel."",""label_intent"":""offend"",""target"":[{""pemain"":""Yogi"",""relasi"":""offend""}]},{""pengirim"":""Zain"",""teks_chat"":""Aku setuju sama Xena, ayo vote dia."",""label_intent"":""offend"",""target"":[{""pemain"":""Yogi"",""relasi"":""offend""}]}]","[""Xena"",""Yogi"",""Zain"",""Aldi"",""Bima""]","[{""pemain"":""Yogi"",""relasi"":""defend""}]"
Erna,"Wajar kok kalau dia meralat tuduhannya setelah ada konfirmasi baru, mending kita nggak usah terburu-buru menyalahkan dia.",defend,"[{""pengirim"":""Citra"",""teks_chat"":""Ada yang nyadar nggak sih tadi ada yang aneh pas diskusi awal?"",""label_intent"":""neutral"",""target"":[]},{""pengirim"":""Dodi"",""teks_chat"":""Aneh gimana maksudnya?"",""label_intent"":""neutral"",""target"":[]},{""pengirim"":""Erna"",""teks_chat"":""Kayaknya ada yang sering banget ganti target tuduhannya."",""label_intent"":""neutral"",""target"":[]},{""pengirim"":""Fikri"",""teks_chat"":""Namanya juga baru awal, info kan masih abu-abu semua."",""label_intent"":""neutral"",""target"":[]},{""pengirim"":""Gani"",""teks_chat"":""Tapi kalau sering ganti target gitu, biasanya lagi nyari kambing hitam."",""label_intent"":""neutral"",""target"":[]},{""pengirim"":""Citra"",""teks_chat"":""Fikri tadi menuduh Dodi, lalu Erna tanpa menjelaskan perubahan itu. Aku curiga Fikri."",""label_intent"":""offend"",""target"":[{""pemain"":""Fikri"",""relasi"":""offend""}]},{""pengirim"":""Dodi"",""teks_chat"":""Nah kan, bener, Fikri ini mencurigakan banget sih polanya."",""label_intent"":""offend"",""target"":[{""pemain"":""Fikri"",""relasi"":""offend""}]},{""pengirim"":""Erna"",""teks_chat"":""Bisa jadi dia Hitman yang sengaja mau bikin kita bingung."",""label_intent"":""offend"",""target"":[{""pemain"":""Fikri"",""relasi"":""offend""}]},{""pengirim"":""Fikri"",""teks_chat"":""Aku bukan Hitman. Aku menarik dugaan awal setelah membaca jawaban Dodi."",""label_intent"":""defend"",""target"":[{""pemain"":""Fikri"",""relasi"":""defend""}]},{""pengirim"":""Gani"",""teks_chat"":""Alasan klasik, orang panik mah pasti banyak ngelesnya."",""label_intent"":""offend"",""target"":[{""pemain"":""Fikri"",""relasi"":""offend""}]},{""pengirim"":""Citra"",""teks_chat"":""Udah, kumpulin suara buat dia aja biar aman."",""label_intent"":""offend"",""target"":[{""pemain"":""Fikri"",""relasi"":""offend""}]},{""pengirim"":""Dodi"",""teks_chat"":""Setuju, lebih baik keluarin dia sebelum dia bertingkah lagi."",""label_intent"":""offend"",""target"":[{""pemain"":""Fikri"",""relasi"":""offend""}]}]","[""Citra"",""Dodi"",""Erna"",""Fikri"",""Gani""]","[{""pemain"":""Fikri"",""relasi"":""defend""}]"
Nanda,Dia belum pantas dituduh; menarik dugaan yang kurang kuat bukan bukti dia pelakunya.,defend,"[{""pengirim"":""Lina"",""teks_chat"":""Ajakan vote di chat tadi berubah menjelang akhir diskusi."",""label_intent"":""neutral"",""target"":[]},{""pengirim"":""Mika"",""teks_chat"":""Iya, kelihatan banget ada yang mau nyelametin temen satu timnya."",""label_intent"":""neutral"",""target"":[]},{""pengirim"":""Nanda"",""teks_chat"":""Ada yang ingat siapa yang menarik ajakan votenya?"",""label_intent"":""neutral"",""target"":[]},{""pengirim"":""Ovi"",""teks_chat"":""Aku cuma liat sekilas aja sih, nggak terlalu merhatiin namanya."",""label_intent"":""neutral"",""target"":[]},{""pengirim"":""Lina"",""teks_chat"":""Perubahan ajakan vote perlu ditanya alasannya, bukan langsung dianggap jahat."",""label_intent"":""neutral"",""target"":[]},{""pengirim"":""Mika"",""teks_chat"":""Iya, kita lihat urutan percakapannya dulu."",""label_intent"":""neutral"",""target"":[]},{""pengirim"":""Nanda"",""teks_chat"":""Ada yang sudah membaca ulang chatnya?"",""label_intent"":""neutral"",""target"":[]},{""pengirim"":""Ovi"",""teks_chat"":""Aku sedang mengetik, jadi melewatkan sebagian pesan."",""label_intent"":""neutral"",""target"":[]},{""pengirim"":""Lina"",""teks_chat"":""Kalau nggak ada yang lihat, susah juga mau nuduhnya."",""label_intent"":""neutral"",""target"":[]},{""pengirim"":""Mika"",""teks_chat"":""Iya, jangan asal nuduh kalau buktinya nggak kuat."",""label_intent"":""neutral"",""target"":[]},{""pengirim"":""Nanda"",""teks_chat"":""Aku sudah menemukan pesannya di riwayat chat."",""label_intent"":""neutral"",""target"":[]},{""pengirim"":""Ovi"",""teks_chat"":""Itu Puput yang menarik ajakan vote. Aku curiga Puput ingin mengacaukan arah tuduhan."",""label_intent"":""offend"",""target"":[{""pemain"":""Puput"",""relasi"":""offend""}]}]","[""Lina"",""Mika"",""Nanda"",""Ovi"",""Puput""]","[{""pemain"":""Puput"",""relasi"":""defend""}]"
Bima,Dia belum pantas dituduh sebagai Hitman hanya karena klaimnya belum bisa dipastikan.,defend,"[{""pengirim"":""Bima"",""teks_chat"":""Sebentar, sebelum bahas orangnya, ada yang kena Gag Order nggak hari ini?"",""label_intent"":""neutral"",""target"":[]},{""pengirim"":""Caca"",""teks_chat"":""Aku aman, masih bisa ngetik."",""label_intent"":""neutral"",""target"":[]},{""pengirim"":""Andi"",""teks_chat"":""Aku juga aman."",""label_intent"":""neutral"",""target"":[]},{""pengirim"":""Bima"",""teks_chat"":""Oke, berarti yang di sini masih bisa ngomong semua."",""label_intent"":""neutral"",""target"":[]},{""pengirim"":""Caca"",""teks_chat"":""Bagus deh, diskusinya bisa lancar."",""label_intent"":""neutral"",""target"":[]},{""pengirim"":""Andi"",""teks_chat"":""Waktu siang tinggal berapa lama ya?"",""label_intent"":""neutral"",""target"":[]},{""pengirim"":""Bima"",""teks_chat"":""Kayaknya sekitar semenit lagi."",""label_intent"":""neutral"",""target"":[]},{""pengirim"":""Caca"",""teks_chat"":""Oke, berarti kita harus cepat."",""label_intent"":""neutral"",""target"":[]},{""pengirim"":""Andi"",""teks_chat"":""Tapi jangan sampai vote asal karena buru-buru."",""label_intent"":""neutral"",""target"":[]},{""pengirim"":""Bima"",""teks_chat"":""Setuju, mending bahas satu-satu."",""label_intent"":""neutral"",""target"":[]},{""pengirim"":""Caca"",""teks_chat"":""Oke, siapa dulu yang mau dibahas?"",""label_intent"":""neutral"",""target"":[]},{""pengirim"":""Andi"",""teks_chat"":""Balik lagi ke orang yang ngaku tadi sebelum kita ngobrolin Gag Order."",""label_intent"":""neutral"",""target"":[]}]","[""Andi"",""Bima"",""Caca"",""Doni""]","[{""pemain"":""tidak_diketahui"",""relasi"":""defend""}]"
Gilang,"Fani kok tenang banget ya pas situasi lagi genting gini? Pasti dia pelakunya yang udah nyiapin rencana, ayo vote dia!",offend,"[{""pengirim"":""Eka"",""teks_chat"":""Kalian ngerasa ada yang aneh ngga sih dari awal permainan ini?"",""label_intent"":""neutral"",""target"":[]},{""pengirim"":""Fani"",""teks_chat"":""Aneh apanya? Perasaanku biasa aja kok dari tadi."",""label_intent"":""neutral"",""target"":[]}]","[""Eka"",""Fani"",""Gilang""]","[{""pemain"":""Fani"",""relasi"":""offend""}]"
Iqbal,Apa kamu mau membagikan hasil Peek yang kamu klaim itu?,neutral,"[{""pengirim"":""Hana"",""teks_chat"":""Aku mengaku Stalker dan memakai Peek untuk satu pemain semalam."",""label_intent"":""neutral"",""target"":[]}]","[""Hana"",""Iqbal""]",[]
Nisa,"Terserah lah kalian mau ngomong apa, yang jelas aku cuma ngebelain fakta karena aku ini civilian murni.",defend,"[{""pengirim"":""Joko"",""teks_chat"":""Kok Nisa cepet banget ngebela Maman tadi pas awal diskusi?"",""label_intent"":""neutral"",""target"":[]},{""pengirim"":""Lila"",""teks_chat"":""Aku curiga Nisa dan Maman sama-sama Hitman karena saling membela terlalu cepat."",""label_intent"":""offend"",""target"":[{""pemain"":""Nisa"",""relasi"":""offend""},{""pemain"":""Maman"",""relasi"":""offend""}]},{""pengirim"":""Nisa"",""teks_chat"":""Aku bukan Hitman, dan Maman belum pantas dituduh. Aku hanya melihat bahwa alasan tuduhan kepadanya lemah."",""label_intent"":""defend"",""target"":[{""pemain"":""Nisa"",""relasi"":""defend""},{""pemain"":""Maman"",""relasi"":""defend""}]},{""pengirim"":""Maman"",""teks_chat"":""Nisa belum pantas dituduh karena membantah alasan yang lemah."",""label_intent"":""defend"",""target"":[{""pemain"":""Nisa"",""relasi"":""defend""}]},{""pengirim"":""Joko"",""teks_chat"":""Tapi tetep aja mencurigakan kalau terlalu cepet bereaksi."",""label_intent"":""offend"",""target"":[{""pemain"":""Nisa"",""relasi"":""offend""}]},{""pengirim"":""Lila"",""teks_chat"":""Biasanya Hitman emang gitu, panikan."",""label_intent"":""offend"",""target"":[{""pemain"":""Nisa"",""relasi"":""offend""}]},{""pengirim"":""Nisa"",""teks_chat"":""Aku tidak bersalah. Membaca kelemahan tuduhan bukan bukti aku Hitman."",""label_intent"":""defend"",""target"":[{""pemain"":""Nisa"",""relasi"":""defend""}]},{""pengirim"":""Maman"",""teks_chat"":""Udah, jangan maksa nuduh Nisa, dia bersih kok."",""label_intent"":""defend"",""target"":[{""pemain"":""Nisa"",""relasi"":""defend""}]},{""pengirim"":""Joko"",""teks_chat"":""Kita lihat aja perkembangannya."",""label_intent"":""neutral"",""target"":[]}]","[""Joko"",""Lila"",""Maman"",""Nisa""]","[{""pemain"":""Nisa"",""relasi"":""defend""}]"
Oki,Menurutku dia belum pantas divote; tuduhan Hitman itu belum berdasar.,defend,[],"[""Oki"",""Puji""]","[{""pemain"":""tidak_diketahui"",""relasi"":""defend""}]"
Tito,"Ngomong-ngomong soal vote, sisa waktu kita buat mutusin tuh berapa menit lagi sih?",neutral,"[{""pengirim"":""Raka"",""teks_chat"":""Sinta, kenapa lu ngajakin kita buat nge-vote Tito padahal nggak ada bukti apa-apa? Pasti lu Hitman!"",""label_intent"":""offend"",""target"":[{""pemain"":""Sinta"",""relasi"":""offend""}]}]","[""Raka"",""Sinta"",""Tito""]",[]
Vera,Aku setuju dengan pembelaan mar terhadap orang yang menebak korban tadi. Dia belum pantas dituduh.,defend,"[{""pengirim"":""Umar"",""teks_chat"":""Eh, sadar nggak sih semalam ada yang disandera, tapi nggak ketahuan siapa?"",""label_intent"":""neutral"",""target"":[]},{""pengirim"":""Vera"",""teks_chat"":""Iya, sampai sekarang belum ada yang tahu siapa korbannya."",""label_intent"":""neutral"",""target"":[]},{""pengirim"":""Wawan"",""teks_chat"":""Aku punya dugaan siapa korbannya, tp itu belum pasti."",""label_intent"":""neutral"",""target"":[]},{""pengirim"":""Xena"",""teks_chat"":""Ah, Wawan cuma sok tau doang, jangan-jangan Wawan itu sendiri Hitmannya yang culik korbannya!"",""label_intent"":""offend"",""target"":[{""pemain"":""Wawan"",""relasi"":""offend""}]},{""pengirim"":""Umar"",""teks_chat"":""Wawan belum pantas dituduh sebagai Hitman hanya karena menyampaikan dugaan."",""label_intent"":""defend"",""target"":[{""pemain"":""Wawan"",""relasi"":""defend""}]},{""pengirim"":""Vera"",""teks_chat"":""Aku setuju membela Wawan. Dugaan tentang korban bukan bukti dia pelakunya."",""label_intent"":""defend"",""target"":[{""pemain"":""Wawan"",""relasi"":""defend""}]},{""pengirim"":""Xena"",""teks_chat"":""Tapi kan bisa aja mereka berdua komplotan Hitman."",""label_intent"":""offend"",""target"":[{""pemain"":""Wawan"",""relasi"":""offend""},{""pemain"":""Umar"",""relasi"":""offend""}]}]","[""Umar"",""Vera"",""Wawan"",""Xena""]","[{""pemain"":""Wawan"",""relasi"":""defend""}]"
Aldi,Berarti kita belum bisa memastikan siapa korban Gag Order dari jeda chat saja.,neutral,"[{""pengirim"":""Yogi"",""teks_chat"":""Ada yang belum membalas chat sejak tadi."",""label_intent"":""neutral"",""target"":[]},{""pengirim"":""Zidan"",""teks_chat"":""Penyebabnya belum jelas, bisa koneksi, pasif, atau efek skill."",""label_intent"":""neutral"",""target"":[]}]","[""Yogi"",""Zidan"",""Aldi""]",[]
Bima,"Untuk dua pemain yang disebut dalam klaim Peek tadi, aku membela keduanya untuk sekarang, meskipun klaim itu belum bisa kupastikan.",defend,"[{""pengirim"":""Bima"",""teks_chat"":""Ada yang ingin membagikan klaim Stalker?"",""label_intent"":""neutral"",""target"":[]},{""pengirim"":""Citra"",""teks_chat"":""Aku Stalker. Aku Peek Erna di ronde pertama dan Fikri di ronde ketiga, hasilnya keduanya bukan Hitman."",""label_intent"":""defend"",""target"":[{""pemain"":""Erna"",""relasi"":""defend""},{""pemain"":""Fikri"",""relasi"":""defend""}]},{""pengirim"":""Doni"",""teks_chat"":""Aku curiga Citra Hitman yang sedang memakai klaim palsu."",""label_intent"":""offend"",""target"":[{""pemain"":""Citra"",""relasi"":""offend""}]},{""pengirim"":""Erna"",""teks_chat"":""Aku memang bukan Hitman, tapi aku juga nggak bisa buktiin Citra beneran Stalker."",""label_intent"":""defend"",""target"":[{""pemain"":""Erna"",""relasi"":""defend""}]},{""pengirim"":""Fikri"",""teks_chat"":""Aku juga bukan Hitman. Hasil itu cocok denganku, tapi tetap aja itu cuma klaim Citra."",""label_intent"":""defend"",""target"":[{""pemain"":""Fikri"",""relasi"":""defend""}]},{""pengirim"":""Bima"",""teks_chat"":""Kok hasilnya bisa dua? Kapan aja kamu pakai Peek-nya?"",""label_intent"":""neutral"",""target"":[]},{""pengirim"":""Citra"",""teks_chat"":""Satu di ronde pertama, satu lagi di ronde ketiga. Bukan dua kali di malam yang sama."",""label_intent"":""neutral"",""target"":[]},{""pengirim"":""Doni"",""teks_chat"":""Aku tetap curiga dia mengarang kedua hasil itu."",""label_intent"":""offend"",""target"":[{""pemain"":""Citra"",""relasi"":""offend""}]},{""pengirim"":""Erna"",""teks_chat"":""Citra belum pantas dituduh, dia pakai Peek di dua ronde yang berbeda jadi masih masuk akal."",""label_intent"":""defend"",""target"":[{""pemain"":""Citra"",""relasi"":""defend""}]},{""pengirim"":""Fikri"",""teks_chat"":""Aku setuju, pembagian rondenya masuk akal."",""label_intent"":""defend"",""target"":[{""pemain"":""Citra"",""relasi"":""defend""}]},{""pengirim"":""Bima"",""teks_chat"":""Waktunya memang cocok, tapi belum tentu hasil Peek-nya benar."",""label_intent"":""neutral"",""target"":[]},{""pengirim"":""Doni"",""teks_chat"":""Aku masih ingin vote Citra."",""label_intent"":""offend"",""target"":[{""pemain"":""Citra"",""relasi"":""offend""}]}]","[""Bima"",""Citra"",""Doni"",""Erna"",""Fikri""]","[{""pemain"":""Erna"",""relasi"":""defend""},{""pemain"":""Fikri"",""relasi"":""defend""}]"
Gita,Masa Fani langsung dianggap Hitman hanya karena butuh waktu membaca chat? Jangan tuduh dia begitu.,defend,"[{""pengirim"":""Eka"",""teks_chat"":""Fani belum menjawab pertanyaan soal alasan vote. Aku curiga Fani Hitman."",""label_intent"":""offend"",""target"":[{""pemain"":""Fani"",""relasi"":""offend""}]},{""pengirim"":""Fani"",""teks_chat"":""Aku bukan Hitman. Aku sedang membaca ulang chat sebelum menjelaskan alasanku."",""label_intent"":""defend"",""target"":[{""pemain"":""Fani"",""relasi"":""defend""}]}]","[""Eka"",""Fani"",""Gita""]","[{""pemain"":""Fani"",""relasi"":""defend""}]"
Iqbal,"Nggak, malam sebelumnya aku Guard Jaka.",neutral,"[{""pengirim"":""Hana"",""teks_chat"":""Ada yang ingin membagikan klaim role?"",""label_intent"":""neutral"",""target"":[]},{""pengirim"":""Iqbal"",""teks_chat"":""Aku mengaku Spy dan memilih Guard untuk Hana semalam."",""label_intent"":""neutral"",""target"":[]},{""pengirim"":""Jaka"",""teks_chat"":""Iqbal, malam sebelumnya kamu juga pilih Hana?"",""label_intent"":""neutral"",""target"":[]},{""pengirim"":""Hana"",""teks_chat"":""Aku juga mau tahu, biar bisa kucatat."",""label_intent"":""neutral"",""target"":[]}]","[""Hana"",""Iqbal"",""Jaka""]",[]
Maman,"Kembali ke pembahasan tadi, aku curiga Kiki karena menarik ajakan vote tanpa alasan. Aku ingin vote Kiki.",offend,"[{""pengirim"":""Lila"",""teks_chat"":""Kiki tadi menarik ajakan votenya di chat, ya?"",""label_intent"":""neutral"",""target"":[]},{""pengirim"":""Maman"",""teks_chat"":""Eh iya, ronde ini kapan selesainya ya?"",""label_intent"":""neutral"",""target"":[]},{""pengirim"":""Lila"",""teks_chat"":""Sisa waktu diskusinya tinggal 2 menitan lagi nih."",""label_intent"":""neutral"",""target"":[]}]","[""Kiki"",""Lila"",""Maman""]","[{""pemain"":""Kiki"",""relasi"":""offend""}]"
Oman,Aku justru curiga Putri Hitman krn baru muncul lalu langsung menuduh tanpa alasan.,offend,"[{""pengirim"":""Nisa"",""teks_chat"":""Kenapa ya daritadi chat Oman sering banget terpotong-potong?"",""label_intent"":""neutral"",""target"":[]},{""pengirim"":""Oman"",""teks_chat"":""Koneksiku lagi jelek banget nih, makanya delay."",""label_intent"":""neutral"",""target"":[]},{""pengirim"":""Putri"",""teks_chat"":""Halah, alasan koneksi itu basi banget, kamu pasti Hitman!"",""label_intent"":""offend"",""target"":[{""pemain"":""Oman"",""relasi"":""offend""}]},{""pengirim"":""Nisa"",""teks_chat"":""Eh tapi kalau dipikir-pikir, Putri juga baru ngerespon sekarang setelah lama diam, kan?"",""label_intent"":""neutral"",""target"":[]}]","[""Nisa"",""Oman"",""Putri""]","[{""pemain"":""Putri"",""relasi"":""offend""}]"
Qila,"Kalau kalian tetap tidak percaya penjelasanku, vote aku saja saat Tribunal.",offend,"[{""pengirim"":""Qila"",""teks_chat"":""Ayo semuanya, langsung kumpulin suara buat Rafi sekarang!"",""label_intent"":""offend"",""target"":[{""pemain"":""Rafi"",""relasi"":""offend""}]},{""pengirim"":""Rafi"",""teks_chat"":""Loh, buktinya apa kamu tiba-tiba ngajak vote aku?"",""label_intent"":""defend"",""target"":[{""pemain"":""Rafi"",""relasi"":""defend""}]},{""pengirim"":""Sinta"",""teks_chat"":""Rafi belum pantas diajak vote tanpa alasan yang jelas."",""label_intent"":""defend"",""target"":[{""pemain"":""Rafi"",""relasi"":""defend""}]},{""pengirim"":""Tito"",""teks_chat"":""Mencurigakan banget, Qila pasti mau cari kambing hitam nih."",""label_intent"":""offend"",""target"":[{""pemain"":""Qila"",""relasi"":""offend""}]},{""pengirim"":""Qila"",""teks_chat"":""Aku cuma nebak dari feeling aja sih, lagian kita juga belum ada petunjuk lain kan."",""label_intent"":""defend"",""target"":[{""pemain"":""Qila"",""relasi"":""defend""}]},{""pengirim"":""Rafi"",""teks_chat"":""Qila, aku tidak bersalah. Firasatmu tidak cukup untuk menuduhku."",""label_intent"":""defend"",""target"":[{""pemain"":""Rafi"",""relasi"":""defend""}]},{""pengirim"":""Sinta"",""teks_chat"":""Aku setuju sama Rafi, ngajak vote ngasal gitu ciri-ciri Hitman banget."",""label_intent"":""offend"",""target"":[{""pemain"":""Qila"",""relasi"":""offend""}]},{""pengirim"":""Tito"",""teks_chat"":""Mending kita keluarin Qila aja, biar aman diskusinya."",""label_intent"":""offend"",""target"":[{""pemain"":""Qila"",""relasi"":""offend""}]},{""pengirim"":""Qila"",""teks_chat"":""Aku ngajak vote Rafi karena dia paling sedikit ngomong, bukan buat cari kambing hitam."",""label_intent"":""defend"",""target"":[{""pemain"":""Qila"",""relasi"":""defend""}]}]","[""Qila"",""Rafi"",""Sinta"",""Tito""]","[{""pemain"":""Qila"",""relasi"":""offend""}]"
Wawan,"Aku membela salah satu dari dua orang yang cepat membalas tadi, tetapi belum mau menyebut namanya. Dia belum pantas dicap Hitman.",defend,"[{""pengirim"":""Udin"",""teks_chat"":""Vera dan Xena sama-sama cepat membela pemain yang baru dituduh tadi, ya?"",""label_intent"":""neutral"",""target"":[]},{""pengirim"":""Vera"",""teks_chat"":""Mending kita bahas alasan pembelaan itu, bukan cuma kecepatannya yg dipersoalkan."",""label_intent"":""neutral"",""target"":[]},{""pengirim"":""Wawan"",""teks_chat"":""Benar, cepat membalas belum membuktikan role siapa pun."",""label_intent"":""neutral"",""target"":[]},{""pengirim"":""Xena"",""teks_chat"":""Terus alasan pembelaan siapa yang mau dibahas duluan?"",""label_intent"":""neutral"",""target"":[]},{""pengirim"":""Yoga"",""teks_chat"":""Menurutku kalau civilian murni pasti mikir-mikir dulu sebelum ngebela orang."",""label_intent"":""neutral"",""target"":[]},{""pengirim"":""Udin"",""teks_chat"":""Aku curiga salah satu dari dua pembela tadi Hitman, tetapi belum ingin menyebut siapa."",""label_intent"":""offend"",""target"":[{""pemain"":""tidak_diketahui"",""relasi"":""offend""}]},{""pengirim"":""Vera"",""teks_chat"":""Aku belum tahu siapa yang kamu maksud, jadi belum bisa menanggapi tuduhan itu."",""label_intent"":""neutral"",""target"":[]},{""pengirim"":""Wawan"",""teks_chat"":""Terus kita harus gimana nih?"",""label_intent"":""neutral"",""target"":[]},{""pengirim"":""Xena"",""teks_chat"":""Periksa isi chat kedua orang yang disebut tadi dulu."",""label_intent"":""neutral"",""target"":[]},{""pengirim"":""Yoga"",""teks_chat"":""Kalau makin kelihatan kerjasamanya, kita langsung serang aja."",""label_intent"":""neutral"",""target"":[]},{""pengirim"":""Udin"",""teks_chat"":""Yang aku curigai salah satu dari dua pembela itu, tetapi namanya belum ingin kusebut."",""label_intent"":""offend"",""target"":[{""pemain"":""tidak_diketahui"",""relasi"":""offend""}]},{""pengirim"":""Vera"",""teks_chat"":""Kalau begitu, jangan ajak vote sebelum jelas siapa dan alasannya."",""label_intent"":""neutral"",""target"":[]}]","[""Udin"",""Vera"",""Wawan"",""Xena"",""Yoga""]","[{""pemain"":""tidak_diketahui"",""relasi"":""defend""}]"
Zain,Tebakanku dia Hitman. Ayo kita vote dia aja.,offend,[],"[""Zain"",""Aldi""]","[{""pemain"":""tidak_diketahui"",""relasi"":""offend""}]"
Erna,"Bener kata Dodi, kami cuma civilian yang emang lagi nggak ada info apa-apa, jangan asal vote dong.",defend,"[{""pengirim"":""Bima"",""teks_chat"":""Ada yang perhatiin nggak sih, Dodi sama Erna tuh dari awal diam aja?"",""label_intent"":""neutral"",""target"":[]},{""pengirim"":""Citra"",""teks_chat"":""Iya, kelihatan banget pasifnya, jangan-jangan mereka berdua komplotan Hitman."",""label_intent"":""offend"",""target"":[{""pemain"":""Dodi"",""relasi"":""offend""},{""pemain"":""Erna"",""relasi"":""offend""}]},{""pengirim"":""Dodi"",""teks_chat"":""Aku diam soalnya belum ada clue apa-apa yang bisa dibahas."",""label_intent"":""defend"",""target"":[{""pemain"":""Dodi"",""relasi"":""defend""}]},{""pengirim"":""Erna"",""teks_chat"":""Aku juga cuma nyimak doang kok daritadi."",""label_intent"":""defend"",""target"":[{""pemain"":""Erna"",""relasi"":""defend""}]},{""pengirim"":""Bima"",""teks_chat"":""Tapi tetep aja, kalau terlalu pasif gitu kan merugikan tim."",""label_intent"":""neutral"",""target"":[]},{""pengirim"":""Citra"",""teks_chat"":""Mending kita keluarin aja mereka, daripada jadi beban."",""label_intent"":""offend"",""target"":[{""pemain"":""Dodi"",""relasi"":""offend""},{""pemain"":""Erna"",""relasi"":""offend""}]},{""pengirim"":""Dodi"",""teks_chat"":""Aku dan Erna tidak bersalah. Kalian belum punya alasan selain kami telat menjawab."",""label_intent"":""defend"",""target"":[{""pemain"":""Dodi"",""relasi"":""defend""},{""pemain"":""Erna"",""relasi"":""defend""}]}]","[""Bima"",""Citra"",""Dodi"",""Erna""]","[{""pemain"":""Dodi"",""relasi"":""defend""},{""pemain"":""Erna"",""relasi"":""defend""}]"
Fikri,"Pasti Hani ini Hitman yang sengaja pasif biar ngga dicurigai sama kita, ayo vote dia!",offend,"[{""pengirim"":""Fikri"",""teks_chat"":""Kayaknya Hani belum bersuara sama sekali ya dari tadi?"",""label_intent"":""neutral"",""target"":[]},{""pengirim"":""Gani"",""teks_chat"":""Iya tuh, ngga nyumbang pendapat apa-apa."",""label_intent"":""neutral"",""target"":[]}]","[""Fikri"",""Gani"",""Hani""]","[{""pemain"":""Hani"",""relasi"":""offend""}]"
Lina,"Indra, aku membela kamu untuk sekarang. Klaim yang belum terbukti tidak otomatis membuat kamu Hitman.",defend,"[{""pengirim"":""Indra"",""teks_chat"":""Halo semua, aku mau claim Spy nih buat ronde ini."",""label_intent"":""neutral"",""target"":[]},{""pengirim"":""Joko"",""teks_chat"":""Wah cepet banget claimnya, emang ada info apa?"",""label_intent"":""neutral"",""target"":[]},{""pengirim"":""Indra"",""teks_chat"":""Aku mengaku memilih Guard untuk Joko semalam."",""label_intent"":""neutral"",""target"":[]},{""pengirim"":""Joko"",""teks_chat"":""Kenapa kamu memilih Guard untukku?"",""label_intent"":""neutral"",""target"":[]},{""pengirim"":""Indra"",""teks_chat"":""Aku menilai pertanyaanmu di diskusi sebelumnya membantu, jadi ingin melindungimu."",""label_intent"":""neutral"",""target"":[]},{""pengirim"":""Lina"",""teks_chat"":""Klaim yang minim bukti gitu biasanya cuma trik doang."",""label_intent"":""neutral"",""target"":[]},{""pengirim"":""Joko"",""teks_chat"":""Indra, aku curiga kamu Hitman yang sedang mengarang klaim Spy."",""label_intent"":""offend"",""target"":[{""pemain"":""Indra"",""relasi"":""offend""}]},{""pengirim"":""Indra"",""teks_chat"":""Aku bukan Hitman. Itulah pilihan Guard yang kuklaim."",""label_intent"":""defend"",""target"":[{""pemain"":""Indra"",""relasi"":""defend""}]},{""pengirim"":""Joko"",""teks_chat"":""Klaim itu belum bisa kami verifikasi dari chat saja."",""label_intent"":""neutral"",""target"":[]},{""pengirim"":""Lina"",""teks_chat"":""Iya, kayaknya sengaja dibikin samar biar ngga ketauan belangnya."",""label_intent"":""offend"",""target"":[{""pemain"":""Indra"",""relasi"":""offend""}]},{""pengirim"":""Indra"",""teks_chat"":""Kalian ngga percaya sama laporanku? Aku sumpah deh aku ini Spy murni."",""label_intent"":""defend"",""target"":[{""pemain"":""Indra"",""relasi"":""defend""}]},{""pengirim"":""Joko"",""teks_chat"":""Halah, lu pasti Hitman yang lagi manfaatin situasi."",""label_intent"":""offend"",""target"":[{""pemain"":""Indra"",""relasi"":""offend""}]}]","[""Indra"",""Joko"",""Lina""]","[{""pemain"":""Indra"",""relasi"":""defend""}]"
Galih,"Aku belum punya alasan buat nuduh Hana, jadi jangan langsung vote Hana ya.",defend,[],"[""Galih"",""Hana""]","[{""pemain"":""Hana"",""relasi"":""defend""}]"
Vera,"Wajar aja sih kalau dia ganti, namanya juga masih awal dan belum ada bukti yang konklusif.",defend,"[{""pengirim"":""Tono"",""teks_chat"":""Tadi ada yang menarik ajakan vote menjelang diskusi selesai."",""label_intent"":""neutral"",""target"":[]},{""pengirim"":""Umar"",""teks_chat"":""Sari kan? Pasti dia sengaja biar temen Hitmannya selamat dr vote kita."",""label_intent"":""offend"",""target"":[{""pemain"":""Sari"",""relasi"":""offend""}]},{""pengirim"":""Sari"",""teks_chat"":""Aku menarik ajakan vote karena ragu dengan alasannya, bukan sedang menyelamatkan siapa pun."",""label_intent"":""defend"",""target"":[{""pemain"":""Sari"",""relasi"":""defend""}]}]","[""Sari"",""Tono"",""Umar"",""Vera""]","[{""pemain"":""Sari"",""relasi"":""defend""}]"
Yogi,Aku tidak setuju dengan tuduhan itu. Belum menjawab saja tidak cukup untuk menyebut dia Hitman.,defend,"[{""pengirim"":""Xena"",""teks_chat"":""Aku curiga Wawan Hitman karena tidak menjawab pertanyaan soal alasan vote."",""label_intent"":""offend"",""target"":[{""pemain"":""Wawan"",""relasi"":""offend""}]}]","[""Wawan"",""Xena"",""Yogi""]","[{""pemain"":""Wawan"",""relasi"":""defend""}]"
Doni,"Mereka berdua itu fix komplotan Hitman yang lagi panik, ayo vote aja langsung!",offend,"[{""pengirim"":""Zain"",""teks_chat"":""Kenapa tadi pas Andi dituduh, Bima secepat kilat langsung ngebela?"",""label_intent"":""neutral"",""target"":[]},{""pengirim"":""Andi"",""teks_chat"":""Aku dan Bima bukan Hitman. Pembelaannya menunjukkan bahwa alasan tuduhan kepadaku lemah."",""label_intent"":""defend"",""target"":[{""pemain"":""Andi"",""relasi"":""defend""},{""pemain"":""Bima"",""relasi"":""defend""}]},{""pengirim"":""Bima"",""teks_chat"":""Aku bukan Hitman dan tetap membela Andi, karena tuduhan tadi hanya berdasarkan firasat."",""label_intent"":""defend"",""target"":[{""pemain"":""Bima"",""relasi"":""defend""},{""pemain"":""Andi"",""relasi"":""defend""}]},{""pengirim"":""Caca"",""teks_chat"":""Tapi tetep aja gerakannya mencurigakan banget, terlalu kompak."",""label_intent"":""offend"",""target"":[{""pemain"":""Andi"",""relasi"":""offend""},{""pemain"":""Bima"",""relasi"":""offend""}]}]","[""Zain"",""Andi"",""Bima"",""Caca"",""Doni""]","[{""pemain"":""Andi"",""relasi"":""offend""},{""pemain"":""Bima"",""relasi"":""offend""}]"
Eka,Aku tarik tuduhanku pada Fani. Belum ada kontradiksi yang kutunjukkan; aku terlalu cepat menganggap klaimnya palsu.,defend,"[{""pengirim"":""Eka"",""teks_chat"":""Kalian percaya sama klaim Stalkernya Fani? Menurutku laporannya itu ngarang doang."",""label_intent"":""offend"",""target"":[{""pemain"":""Fani"",""relasi"":""offend""}]},{""pengirim"":""Fani"",""teks_chat"":""Aku beneran Stalker kok, masa aku ngarang hasil Peek-nya."",""label_intent"":""defend"",""target"":[{""pemain"":""Fani"",""relasi"":""defend""}]},{""pengirim"":""Gita"",""teks_chat"":""Iya sih, agak susah dipercaya kalau cuma omongan aja."",""label_intent"":""neutral"",""target"":[]}]","[""Eka"",""Fani"",""Gita""]","[{""pemain"":""Fani"",""relasi"":""defend""}]"
Joko,"Pola permainan Indra emang bener-bener kayak pelakunya, vote dia aja!",offend,"[{""pengirim"":""Hasan"",""teks_chat"":""Kok tadi pagi Indra nuduh aku, sekarang malah nuduh Kiki?"",""label_intent"":""neutral"",""target"":[]},{""pengirim"":""Indra"",""teks_chat"":""Dugaanku berubah setelah membaca pesan baru di chat."",""label_intent"":""neutral"",""target"":[]},{""pengirim"":""Joko"",""teks_chat"":""Aku curiga dia Hitman yang sedang mencari sasaran tuduhan."",""label_intent"":""offend"",""target"":[{""pemain"":""Indra"",""relasi"":""offend""}]},{""pengirim"":""Indra"",""teks_chat"":""Aku bukan Hitman; aku berusaha menyesuaikan dugaan dengan isi chat yang baru kubaca."",""label_intent"":""defend"",""target"":[{""pemain"":""Indra"",""relasi"":""defend""}]},{""pengirim"":""Kiki"",""teks_chat"":""Alah, itu cuma alibi doang biar kamu kelihatan kerja."",""label_intent"":""offend"",""target"":[{""pemain"":""Indra"",""relasi"":""offend""}]},{""pengirim"":""Hasan"",""teks_chat"":""Aku juga curiga dia sengaja membuat kita bingung."",""label_intent"":""offend"",""target"":[{""pemain"":""Indra"",""relasi"":""offend""}]}]","[""Hasan"",""Indra"",""Joko"",""Kiki""]","[{""pemain"":""Indra"",""relasi"":""offend""}]"
Lila,"Sangat setuju, dia pasti pelakunya yang dari tadi sengaja bikin rusuh diskusi, vote aja!",offend,"[{""pengirim"":""Lila"",""teks_chat"":""Maman tadi mengajak vote Opi, sekarang Nisa tanpa menjelaskan alasannya. Aku curiga Maman Hitman."",""label_intent"":""offend"",""target"":[{""pemain"":""Maman"",""relasi"":""offend""}]},{""pengirim"":""Maman"",""teks_chat"":""Aku bukan Hitman. Dugaanku berubah setelah membaca penjelasan baru di chat."",""label_intent"":""defend"",""target"":[{""pemain"":""Maman"",""relasi"":""defend""}]},{""pengirim"":""Nisa"",""teks_chat"":""Aku tidak bersalah, kamu menuduhku tanpa alasan yang jelas."",""label_intent"":""defend"",""target"":[{""pemain"":""Nisa"",""relasi"":""defend""}]},{""pengirim"":""Opi"",""teks_chat"":""Iya, dia gampang banget kegeser pendiriannya."",""label_intent"":""offend"",""target"":[{""pemain"":""Maman"",""relasi"":""offend""}]},{""pengirim"":""Lila"",""teks_chat"":""Aku curiga orang yang mengganti tuduhan tadi sengaja mengacaukan pembahasan."",""label_intent"":""offend"",""target"":[{""pemain"":""Maman"",""relasi"":""offend""}]},{""pengirim"":""Maman"",""teks_chat"":""Ya gimana, aku cuma nyampein kemungkinan terburuk aja dari info yang ada."",""label_intent"":""defend"",""target"":[{""pemain"":""Maman"",""relasi"":""defend""}]},{""pengirim"":""Nisa"",""teks_chat"":""Aku tetap tidak bersalah. Dugaanmu kepadaku belum punya dasar."",""label_intent"":""defend"",""target"":[{""pemain"":""Nisa"",""relasi"":""defend""}]},{""pengirim"":""Opi"",""teks_chat"":""Aku curiga orang yang berganti tuduhan tadi Hitman yang mau mengadu domba."",""label_intent"":""offend"",""target"":[{""pemain"":""Maman"",""relasi"":""offend""}]},{""pengirim"":""Lila"",""teks_chat"":""Aku setuju dengan tuduhan itu."",""label_intent"":""offend"",""target"":[{""pemain"":""Maman"",""relasi"":""offend""}]},{""pengirim"":""Maman"",""teks_chat"":""Kalian nih suudzon mulu, kalau civilian nggak proaktif malah disalahin."",""label_intent"":""defend"",""target"":[{""pemain"":""Maman"",""relasi"":""defend""}]},{""pengirim"":""Nisa"",""teks_chat"":""Proaktif sama ngawur beda ya."",""label_intent"":""offend"",""target"":[{""pemain"":""Maman"",""relasi"":""offend""}]},{""pengirim"":""Opi"",""teks_chat"":""Aku ingin vote orang yang berganti tuduhan tadi."",""label_intent"":""offend"",""target"":[{""pemain"":""Maman"",""relasi"":""offend""}]}]","[""Lila"",""Maman"",""Nisa"",""Opi""]","[{""pemain"":""Maman"",""relasi"":""offend""}]"
Tegar,"kalian salah fokus, aku Spy dan tadi guard Rian, dia bukan musuh",defend,[],"[""Tegar"",""Rian""]","[{""pemain"":""Rian"",""relasi"":""defend""}]"
Puput,Aku tarik tuduhan kepadanya. Mengoreksi dugaan setelah ada jawaban baru itu wajar.,defend,"[{""pengirim"":""Puput"",""teks_chat"":""Qori tadi menuduh Rama, sekarang membelanya. Aku curiga Qori Hitman yang mengubah cerita."",""label_intent"":""offend"",""target"":[{""pemain"":""Qori"",""relasi"":""offend""}]},{""pengirim"":""Qori"",""teks_chat"":""Aku membela Rama karena jawaban barunya menunjukkan bahwa dugaan awalku terlalu lemah."",""label_intent"":""defend"",""target"":[{""pemain"":""Rama"",""relasi"":""defend""}]},{""pengirim"":""Rama"",""teks_chat"":""Aku tadi menjawab alasan kenapa belum membalas chat."",""label_intent"":""neutral"",""target"":[]},{""pengirim"":""Sinta"",""teks_chat"":""Tapi tetep aja aneh, kok bisa secepat itu berubah pikiran?"",""label_intent"":""offend"",""target"":[{""pemain"":""Qori"",""relasi"":""offend""}]},{""pengirim"":""Puput"",""teks_chat"":""Nah itu dia, dari benci jadi cinta dalam hitungan menit."",""label_intent"":""offend"",""target"":[{""pemain"":""Qori"",""relasi"":""offend""}]},{""pengirim"":""Qori"",""teks_chat"":""Aku bukan Hitman. Aku mengoreksi dugaan setelah membaca jawaban baru."",""label_intent"":""defend"",""target"":[{""pemain"":""Qori"",""relasi"":""defend""}]},{""pengirim"":""Rama"",""teks_chat"":""Kalian jangan terlalu parno gitu lah, wajar aja kok."",""label_intent"":""defend"",""target"":[{""pemain"":""Qori"",""relasi"":""defend""}]},{""pengirim"":""Sinta"",""teks_chat"":""Biasanya orang yang gampang berubah haluan tuh lagi nyari muka."",""label_intent"":""offend"",""target"":[{""pemain"":""Qori"",""relasi"":""offend""}]},{""pengirim"":""Puput"",""teks_chat"":""Atau lagi nutupin rencana jahatnya."",""label_intent"":""offend"",""target"":[{""pemain"":""Qori"",""relasi"":""offend""}]},{""pengirim"":""Qori"",""teks_chat"":""Aku tidak bersalah. Perubahan pendapatku mengikuti penjelasan yang baru kubaca."",""label_intent"":""defend"",""target"":[{""pemain"":""Qori"",""relasi"":""defend""}]},{""pengirim"":""Rama"",""teks_chat"":""Orang yang menarik tuduhan itu belum pantas dianggap Hitman hanya karena mengubah dugaan."",""label_intent"":""defend"",""target"":[{""pemain"":""Qori"",""relasi"":""defend""}]},{""pengirim"":""Sinta"",""teks_chat"":""Biarin aja, emang harus waspada terus di game ini."",""label_intent"":""neutral"",""target"":[]}]","[""Puput"",""Qori"",""Rama"",""Sinta""]","[{""pemain"":""Qori"",""relasi"":""defend""}]"
Umar,Dia belum pantas dituduh hanya karena belum membuka hasil. Kita tidak memiliki bukti klaimnya palsu.,defend,"[{""pengirim"":""Tito"",""teks_chat"":""Ada yang mau membagikan klaim role?"",""label_intent"":""neutral"",""target"":[]},{""pengirim"":""Umar"",""teks_chat"":""Belum ada klaim baru yang kubaca."",""label_intent"":""neutral"",""target"":[]},{""pengirim"":""Vina"",""teks_chat"":""Kita bisa memberi waktu pemain menyusun pesannya."",""label_intent"":""neutral"",""target"":[]},{""pengirim"":""Tito"",""teks_chat"":""Bagaimana dengan klaim Stalker?"",""label_intent"":""neutral"",""target"":[]},{""pengirim"":""Umar"",""teks_chat"":""Kalau ada yang mau share, sebutin sekalian hasil Peek-nya."",""label_intent"":""neutral"",""target"":[]},{""pengirim"":""Wawan"",""teks_chat"":""Aku mengaku Stalker, tetapi belum ingin membagikan hasil Peek."",""label_intent"":""neutral"",""target"":[]},{""pengirim"":""Vina"",""teks_chat"":""Aku curiga Wawan Hitman yang memakai klaim tanpa hasil untuk cari aman."",""label_intent"":""offend"",""target"":[{""pemain"":""Wawan"",""relasi"":""offend""}]},{""pengirim"":""Tito"",""teks_chat"":""Apa alasanmu belum membuka hasilnya?"",""label_intent"":""neutral"",""target"":[]},{""pengirim"":""Wawan"",""teks_chat"":""Aku bukan Hitman. Aku masih mempertimbangkan risiko mengungkap informasi itu."",""label_intent"":""defend"",""target"":[{""pemain"":""Wawan"",""relasi"":""defend""}]},{""pengirim"":""Umar"",""teks_chat"":""Klaim itu belum bisa kami pastikan benar atau salah."",""label_intent"":""neutral"",""target"":[]},{""pengirim"":""Vina"",""teks_chat"":""Aku tetap curiga dia sedang mengarang."",""label_intent"":""offend"",""target"":[{""pemain"":""Wawan"",""relasi"":""offend""}]},{""pengirim"":""Tito"",""teks_chat"":""Aku juga curiga dia Hitman yang berlindung di balik klaim itu."",""label_intent"":""offend"",""target"":[{""pemain"":""Wawan"",""relasi"":""offend""}]}]","[""Tito"",""Umar"",""Vina"",""Wawan""]","[{""pemain"":""Wawan"",""relasi"":""defend""}]"
Iqbal,Aku setuju. Aku curiga dia Hitman dan ingin vote dia.,offend,"[{""pengirim"":""Hana"",""teks_chat"":""Aku juga curiga orang yang langsung membela tadi."",""label_intent"":""offend"",""target"":[{""pemain"":""Joko"",""relasi"":""offend""}]},{""pengirim"":""Iqbal"",""teks_chat"":""Aku curiga dia sengaja membela untuk mencari kepercayaan."",""label_intent"":""offend"",""target"":[{""pemain"":""Joko"",""relasi"":""offend""}]},{""pengirim"":""Galih"",""teks_chat"":""Aku setuju dengan tuduhan itu."",""label_intent"":""offend"",""target"":[{""pemain"":""Joko"",""relasi"":""offend""}]},{""pengirim"":""Hana"",""teks_chat"":""Tapi tuduhan yang dia bantah tadi memang hanya berdasarkan firasat."",""label_intent"":""neutral"",""target"":[]},{""pengirim"":""Iqbal"",""teks_chat"":""Meski begitu, aku tetap curiga dia Hitman."",""label_intent"":""offend"",""target"":[{""pemain"":""Joko"",""relasi"":""offend""}]},{""pengirim"":""Galih"",""teks_chat"":""Kita perlu membaca lagi alasan pembelaannya."",""label_intent"":""neutral"",""target"":[]},{""pengirim"":""Hana"",""teks_chat"":""Aku membela dia; cepat membantah tuduhan yang lemah itu wajar."",""label_intent"":""defend"",""target"":[{""pemain"":""Joko"",""relasi"":""defend""}]},{""pengirim"":""Iqbal"",""teks_chat"":""Aku tidak setuju. Aku tetap curiga dia sedang mencari kepercayaan."",""label_intent"":""offend"",""target"":[{""pemain"":""Joko"",""relasi"":""offend""}]},{""pengirim"":""Galih"",""teks_chat"":""Terus kita harus gimana nih sekarang? Voting salah satu?"",""label_intent"":""neutral"",""target"":[]},{""pengirim"":""Hana"",""teks_chat"":""Jangan buru-buru, tunggu info lain dulu aja biar nggak salah."",""label_intent"":""neutral"",""target"":[]},{""pengirim"":""Iqbal"",""teks_chat"":""Waktu terus berjalan loh, keburu kelar nih rondenya."",""label_intent"":""neutral"",""target"":[]},{""pengirim"":""Galih"",""teks_chat"":""Aku ingin vote orang yang cepat membela tadi."",""label_intent"":""offend"",""target"":[{""pemain"":""Joko"",""relasi"":""offend""}]}]","[""Galih"",""Hana"",""Iqbal"",""Joko""]","[{""pemain"":""Joko"",""relasi"":""offend""}]"
Opi,"Aku tetap membela dia. Kita belum tahu penyebab diamnya, jadi jangan langsung menyebutnya Hitman.",defend,"[{""pengirim"":""Lala"",""teks_chat"":""Mungkin dia lagi nyiapin rencana jahat buat malam nanti."",""label_intent"":""offend"",""target"":[{""pemain"":""Maman"",""relasi"":""offend""}]},{""pengirim"":""Nando"",""teks_chat"":""Bisa jadi, Hitman kan suka ngumpet sambil nyimak diskusi."",""label_intent"":""offend"",""target"":[{""pemain"":""Maman"",""relasi"":""offend""}]},{""pengirim"":""Opi"",""teks_chat"":""Tapi belum tentu Hitman, bisa aja dia emang civilian yang bingung."",""label_intent"":""defend"",""target"":[{""pemain"":""Maman"",""relasi"":""defend""}]},{""pengirim"":""Kiki"",""teks_chat"":""Iya sih, tapi tetep aja pasifnya keterlaluan banget."",""label_intent"":""offend"",""target"":[{""pemain"":""Maman"",""relasi"":""offend""}]},{""pengirim"":""Lala"",""teks_chat"":""Mending kita targetin dia aja daripada nyesel belakangan."",""label_intent"":""offend"",""target"":[{""pemain"":""Maman"",""relasi"":""offend""}]},{""pengirim"":""Nando"",""teks_chat"":""Aku setuju, orang pasif gitu biasanya pelakunya."",""label_intent"":""offend"",""target"":[{""pemain"":""Maman"",""relasi"":""offend""}]},{""pengirim"":""Opi"",""teks_chat"":""Jangan buru-buru, tunggu dia ngomong dulu."",""label_intent"":""defend"",""target"":[{""pemain"":""Maman"",""relasi"":""defend""}]},{""pengirim"":""Kiki"",""teks_chat"":""Kalau dia nggak ngomong-ngomong gimana?"",""label_intent"":""neutral"",""target"":[]},{""pengirim"":""Lala"",""teks_chat"":""Ya berarti fix dia Hitman."",""label_intent"":""offend"",""target"":[{""pemain"":""Maman"",""relasi"":""offend""}]},{""pengirim"":""Nando"",""teks_chat"":""Udahlah, vote aja langsung sekarang."",""label_intent"":""offend"",""target"":[{""pemain"":""Maman"",""relasi"":""offend""}]},{""pengirim"":""Opi"",""teks_chat"":""Aku membela dia; diam aja blm cukup buat ngajak vote."",""label_intent"":""defend"",""target"":[{""pemain"":""Maman"",""relasi"":""defend""}]},{""pengirim"":""Kiki"",""teks_chat"":""Kamu yakin mau biarin dia gitu aja?"",""label_intent"":""neutral"",""target"":[]}]","[""Kiki"",""Lala"",""Maman"",""Nando"",""Opi""]","[{""pemain"":""Maman"",""relasi"":""defend""}]"
Qori,Aku membela dia untuk sekarang. Belum ada alasan yang menunjukkan klaimnya palsu.,defend,"[{""pengirim"":""Qori"",""teks_chat"":""Sebentar, jangan langsung percaya atau langsung nolak klaim orang."",""label_intent"":""neutral"",""target"":[]},{""pengirim"":""Rafa"",""teks_chat"":""Iya, orang bisa aja ngaku role yang bukan punyanya."",""label_intent"":""neutral"",""target"":[]},{""pengirim"":""Puput"",""teks_chat"":""Jadi ngaku role doang belum bisa jadi pegangan ya?"",""label_intent"":""neutral"",""target"":[]},{""pengirim"":""Qori"",""teks_chat"":""Betul, bisa jujur bisa bohong."",""label_intent"":""neutral"",""target"":[]},{""pengirim"":""Rafa"",""teks_chat"":""Termasuk kalau dia cerita semalam pakai skill apa?"",""label_intent"":""neutral"",""target"":[]},{""pengirim"":""Puput"",""teks_chat"":""Iya, itu tetap cuma omongan di chat."",""label_intent"":""neutral"",""target"":[]},{""pengirim"":""Qori"",""teks_chat"":""Terus yang bisa kita cek apa?"",""label_intent"":""neutral"",""target"":[]},{""pengirim"":""Rafa"",""teks_chat"":""Cocok nggaknya sama omongan dia sebelumnya."",""label_intent"":""neutral"",""target"":[]},{""pengirim"":""Puput"",""teks_chat"":""Kalau ceritanya nyambung terus, berarti pasti benar?"",""label_intent"":""neutral"",""target"":[]},{""pengirim"":""Qori"",""teks_chat"":""Belum tentu; cerita bohong juga bisa konsisten."",""label_intent"":""neutral"",""target"":[]},{""pengirim"":""Rafa"",""teks_chat"":""Oke, jadi kita pisahin mana klaim, mana dugaan, mana yang kelihatan jelas."",""label_intent"":""neutral"",""target"":[]},{""pengirim"":""Puput"",""teks_chat"":""Balik lagi ke orang yang ngaku role sebelum obrolan ini."",""label_intent"":""neutral"",""target"":[]}]","[""Puput"",""Qori"",""Rafa"",""Sinta""]","[{""pemain"":""tidak_diketahui"",""relasi"":""defend""}]"
Tito,"Aku tuh barusan dari toilet makanya ngga sempet pegang hp, tolong percaya dong kalau aku ini civilian.",defend,"[{""pengirim"":""Umar"",""teks_chat"":""Tito kok baru ngerespon sekarang sih, daritadi ngapain aja emangnya?"",""label_intent"":""neutral"",""target"":[]},{""pengirim"":""Vina"",""teks_chat"":""Biasalah, Hitman lagi sibuk nyari mangsa makanya telat balas."",""label_intent"":""offend"",""target"":[{""pemain"":""Tito"",""relasi"":""offend""}]},{""pengirim"":""Umar"",""teks_chat"":""Eh, btw ini ronde ke berapa sih sekarang?"",""label_intent"":""neutral"",""target"":[]},{""pengirim"":""Vina"",""teks_chat"":""Baru masuk ronde kedua kok, masih seger."",""label_intent"":""neutral"",""target"":[]}]","[""Tito"",""Umar"",""Vina""]","[{""pemain"":""Tito"",""relasi"":""defend""}]"
Zain,"Aku setuju sama alasannya Yogi sih, wajar aja kok civilian waspada sama klaim tanpa bukti kuat.",defend,"[{""pengirim"":""Wawan"",""teks_chat"":""Tadi Xena bilang dia Stalker, tapi kok nggak mau nyebutin nama targetnya?"",""label_intent"":""neutral"",""target"":[]},{""pengirim"":""Xena"",""teks_chat"":""Ya kan takutnya dia langsung diincer Hitman, mending keep secret dulu."",""label_intent"":""neutral"",""target"":[]},{""pengirim"":""Yogi"",""teks_chat"":""Alesan aja lu, lu pasti Hitman yang lagi nyari aman kan!"",""label_intent"":""offend"",""target"":[{""pemain"":""Xena"",""relasi"":""offend""}]},{""pengirim"":""Zain"",""teks_chat"":""Eh ngomong-ngomong, Yogi dari tadi cuma ikutan nyerang orang tanpa bawa bukti jelas ya."",""label_intent"":""neutral"",""target"":[]},{""pengirim"":""Wawan"",""teks_chat"":""Aku curiga Yogi Hitman karena menuduh orang tanpa memberi alasan yang jelas."",""label_intent"":""offend"",""target"":[{""pemain"":""Yogi"",""relasi"":""offend""}]},{""pengirim"":""Xena"",""teks_chat"":""Nah kan, malah Yogi yang kelihatan kayak Hitman asli yang lagi adu domba kita."",""label_intent"":""offend"",""target"":[{""pemain"":""Yogi"",""relasi"":""offend""}]},{""pengirim"":""Yogi"",""teks_chat"":""Aku cuma berusaha kritis aja sama semua klaim yang masuk, sumpah aku bukan pelakunya."",""label_intent"":""defend"",""target"":[{""pemain"":""Yogi"",""relasi"":""defend""}]}]","[""Wawan"",""Xena"",""Yogi"",""Zain""]","[{""pemain"":""Yogi"",""relasi"":""defend""}]"
Aldi,"Ben, bagian chat mana yang belum sempat kamu baca?",neutral,"[{""pengirim"":""Aldi"",""teks_chat"":""Dari awal mulai game kok Beni diam aja, curiga deh aku."",""label_intent"":""offend"",""target"":[{""pemain"":""Beni"",""relasi"":""offend""}]},{""pengirim"":""Cita"",""teks_chat"":""Iya, yang diam-diam biasanya menghanyutkan."",""label_intent"":""offend"",""target"":[{""pemain"":""Beni"",""relasi"":""offend""}]},{""pengirim"":""Beni"",""teks_chat"":""Eh, aku lagi baca chat history kalian kok, baru balik dari kamar mandi."",""label_intent"":""defend"",""target"":[{""pemain"":""Beni"",""relasi"":""defend""}]},{""pengirim"":""Dina"",""teks_chat"":""Alasan klise banget, palingan dia pelakunya tuh."",""label_intent"":""offend"",""target"":[{""pemain"":""Beni"",""relasi"":""offend""}]},{""pengirim"":""Aldi"",""teks_chat"":""Udahlah, kita vote aja dia langsung sekarang."",""label_intent"":""offend"",""target"":[{""pemain"":""Beni"",""relasi"":""offend""}]},{""pengirim"":""Beni"",""teks_chat"":""Kalian ini nuduh tanpa bukti yang jelas tau nggak?"",""label_intent"":""defend"",""target"":[{""pemain"":""Beni"",""relasi"":""defend""}]},{""pengirim"":""Cita"",""teks_chat"":""Bukti apa lagi? Tingkah lu aja udah aneh dari awal."",""label_intent"":""offend"",""target"":[{""pemain"":""Beni"",""relasi"":""offend""}]},{""pengirim"":""Beni"",""teks_chat"":""Sumpah aku civilian, tadi beneran kebelet."",""label_intent"":""defend"",""target"":[{""pemain"":""Beni"",""relasi"":""defend""}]},{""pengirim"":""Dina"",""teks_chat"":""Halah, Hitman mana ada yang ngaku."",""label_intent"":""offend"",""target"":[{""pemain"":""Beni"",""relasi"":""offend""}]}]","[""Aldi"",""Beni"",""Cita"",""Dina""]",[]
Fara,"Baik, catatannya sudah diperbaiki. Kita lanjut ke klaim berikutnya.",neutral,"[{""pengirim"":""Ega"",""teks_chat"":""Ada yang sudah membaca ulang klaim role dari awal diskusi?"",""label_intent"":""neutral"",""target"":[]},{""pengirim"":""Fara"",""teks_chat"":""Belum selesai, aku sedang mencatat siapa mengatakan apa."",""label_intent"":""neutral"",""target"":[]},{""pengirim"":""Gilang"",""teks_chat"":""Hasan, tadi kamu mengaku Spy atau Civilian?"",""label_intent"":""neutral"",""target"":[]},{""pengirim"":""Hasan"",""teks_chat"":""Aku mengaku Civilian, bukan Spy."",""label_intent"":""neutral"",""target"":[]},{""pengirim"":""Ega"",""teks_chat"":""Oke, berarti aku salah membaca pesanmu tadi."",""label_intent"":""neutral"",""target"":[]},{""pengirim"":""Hasan"",""teks_chat"":""Iya, aku belum pernah mengaku Spy."",""label_intent"":""neutral"",""target"":[]}]","[""Ega"",""Fara"",""Gilang"",""Hasan""]",[]
Intan,"Halo semuanya, apa ada yang sempat memperhatikan aktivitas aneh di awal ronde ini?",neutral,[],"[""Intan"",""Joko""]",[]
Kiki,"Miko, pesan jawabanku ada tepat setelah Lila bilang setuju tadi. Sudah terbaca?",neutral,"[{""pengirim"":""Kiki"",""teks_chat"":""Miko, aku tidak bersalah. Kenapa kamu mengajak vote aku tanpa alasan?"",""label_intent"":""defend"",""target"":[{""pemain"":""Kiki"",""relasi"":""defend""}]},{""pengirim"":""Miko"",""teks_chat"":""Aku curiga kamu Hitman karena belum menjawab pertanyaan soal ajakan vote."",""label_intent"":""offend"",""target"":[{""pemain"":""Kiki"",""relasi"":""offend""}]},{""pengirim"":""Lila"",""teks_chat"":""Aku setuju, aku juga curiga Kiki."",""label_intent"":""offend"",""target"":[{""pemain"":""Kiki"",""relasi"":""offend""}]},{""pengirim"":""Kiki"",""teks_chat"":""Aku bukan Hitman. Aku sedang membaca ulang percakapan sebelum menjawab."",""label_intent"":""defend"",""target"":[{""pemain"":""Kiki"",""relasi"":""defend""}]},{""pengirim"":""Nisa"",""teks_chat"":""Jeda chat belum memastikan penyebab seseorang diam."",""label_intent"":""neutral"",""target"":[]},{""pengirim"":""Miko"",""teks_chat"":""Aku tetap curiga Kiki sedang mengarang alasan."",""label_intent"":""offend"",""target"":[{""pemain"":""Kiki"",""relasi"":""offend""}]},{""pengirim"":""Kiki"",""teks_chat"":""Aku tidak bersalah, jangan langsung vote aku."",""label_intent"":""defend"",""target"":[{""pemain"":""Kiki"",""relasi"":""defend""}]},{""pengirim"":""Lila"",""teks_chat"":""Aku tetap ingin vote Kiki."",""label_intent"":""offend"",""target"":[{""pemain"":""Kiki"",""relasi"":""offend""}]},{""pengirim"":""Nisa"",""teks_chat"":""Kita sebaiknya membaca jawaban yang sudah dikirim dulu."",""label_intent"":""neutral"",""target"":[]},{""pengirim"":""Miko"",""teks_chat"":""Baik, bagian mana yang perlu dibaca ulang?"",""label_intent"":""neutral"",""target"":[]}]","[""Kiki"",""Lila"",""Miko"",""Nisa""]",[]
Rama,Ada yang mau share klaim role atau hasil skill semalam? Siapa tahu ada info baru.,neutral,"[{""pengirim"":""Oman"",""teks_chat"":""Tadi ada yang tiba-tiba pasang badan nggak sih pas Putri dituduh?"",""label_intent"":""neutral"",""target"":[]},{""pengirim"":""Putri"",""teks_chat"":""Aku juga heran kenapa ada yang mau belain aku padahal kita nggak saling kenal."",""label_intent"":""neutral"",""target"":[]},{""pengirim"":""Qori"",""teks_chat"":""Aku curiga Putri Hitman karena terlalu cepat mendapat pembelaan tanpa alasan."",""label_intent"":""offend"",""target"":[{""pemain"":""Putri"",""relasi"":""offend""}]},{""pengirim"":""Rama"",""teks_chat"":""Iya, kelihatan banget dari kecepatan reaksinya yang instan."",""label_intent"":""offend"",""target"":[{""pemain"":""Putri"",""relasi"":""offend""}]},{""pengirim"":""Putri"",""teks_chat"":""Loh, kan aku nggak minta dibelain, kok aku yang disalahin?"",""label_intent"":""defend"",""target"":[{""pemain"":""Putri"",""relasi"":""defend""}]},{""pengirim"":""Oman"",""teks_chat"":""Hitman kan emang jago bikin skenario seolah-olah mereka nggak tahu apa-apa."",""label_intent"":""offend"",""target"":[{""pemain"":""Putri"",""relasi"":""offend""}]},{""pengirim"":""Qori"",""teks_chat"":""Setuju, mending kita targetin Putri aja deh biar nggak ribet."",""label_intent"":""offend"",""target"":[{""pemain"":""Putri"",""relasi"":""offend""}]},{""pengirim"":""Putri"",""teks_chat"":""Kalian ini asal nuduh aja, bukti kongkretnya mana?"",""label_intent"":""defend"",""target"":[{""pemain"":""Putri"",""relasi"":""defend""}]},{""pengirim"":""Rama"",""teks_chat"":""Buktinya ya reaksi temen lu yang kecepetan itu."",""label_intent"":""offend"",""target"":[{""pemain"":""Putri"",""relasi"":""offend""}]},{""pengirim"":""Oman"",""teks_chat"":""Udah fiks sih, kita harus kumpulin suara sekarang."",""label_intent"":""offend"",""target"":[{""pemain"":""Putri"",""relasi"":""offend""}]},{""pengirim"":""Putri"",""teks_chat"":""Sumpah aku civilian, aku aja bingung kenapa dibelain tadi."",""label_intent"":""defend"",""target"":[{""pemain"":""Putri"",""relasi"":""defend""}]},{""pengirim"":""Qori"",""teks_chat"":""Alesan mulu, Hitman mana ada yang ngaku."",""label_intent"":""offend"",""target"":[{""pemain"":""Putri"",""relasi"":""offend""}]}]","[""Oman"",""Putri"",""Qori"",""Rama""]",[]
Gani,"Kalian ngga dengerin aku, aku beneran ada urusan mendadak barusan, aku civilian biasa!",defend,"[{""pengirim"":""Ega"",""teks_chat"":""Ini kenapa diskusi rasanya sepi banget ya, ada yang udah dapet clue?"",""label_intent"":""neutral"",""target"":[]},{""pengirim"":""Farhan"",""teks_chat"":""Iya, banyak yang diem aja ngga mau ngeluarin info."",""label_intent"":""neutral"",""target"":[]},{""pengirim"":""Gani"",""teks_chat"":""Aku baru selesai membaca pesan sejak diskusi dibuka."",""label_intent"":""neutral"",""target"":[]},{""pengirim"":""Hasan"",""teks_chat"":""Eh, Gani kok baru ngerespon sekarang? Dari tadi diem terus."",""label_intent"":""neutral"",""target"":[]},{""pengirim"":""Ega"",""teks_chat"":""Bener juga, delay banget balasnya."",""label_intent"":""neutral"",""target"":[]},{""pengirim"":""Farhan"",""teks_chat"":""Aku curiga dia Hitman yang sengaja menunda jawaban untuk mengarang alasan."",""label_intent"":""offend"",""target"":[{""pemain"":""Gani"",""relasi"":""offend""}]},{""pengirim"":""Hasan"",""teks_chat"":""Aku juga curiga dia sengaja menghindari pertanyaan."",""label_intent"":""offend"",""target"":[{""pemain"":""Gani"",""relasi"":""offend""}]},{""pengirim"":""Ega"",""teks_chat"":""Langsung vote aja biar nggak jadi duri dalam daging."",""label_intent"":""offend"",""target"":[{""pemain"":""Gani"",""relasi"":""offend""}]},{""pengirim"":""Gani"",""teks_chat"":""Eh bentar, aku tadi ada telepon masuk makanya ngga sempet buka game."",""label_intent"":""defend"",""target"":[{""pemain"":""Gani"",""relasi"":""defend""}]},{""pengirim"":""Farhan"",""teks_chat"":""Alesan klasik banget, Hitman emang suka nyari alibi dunia nyata."",""label_intent"":""offend"",""target"":[{""pemain"":""Gani"",""relasi"":""offend""}]},{""pengirim"":""Hasan"",""teks_chat"":""Udah ngga usah banyak alasan, mending keluar aja."",""label_intent"":""offend"",""target"":[{""pemain"":""Gani"",""relasi"":""offend""}]},{""pengirim"":""Ega"",""teks_chat"":""Ayo guys, kumpulin suara buat Gani."",""label_intent"":""offend"",""target"":[{""pemain"":""Gani"",""relasi"":""offend""}]}]","[""Ega"",""Farhan"",""Gani"",""Hasan""]","[{""pemain"":""Gani"",""relasi"":""defend""}]"
Jaka,"Iqbal cuma nebak, bukan bukti. Aku bukan Hitman, aku juga nggak tahu siapa yang disandera semalam.",defend,"[{""pengirim"":""Iqbal"",""teks_chat"":""Semalam ada korban diculik tapi namanya disembunyiin nih, Jaka pasti pelakunya yang nyulik dia!"",""label_intent"":""offend"",""target"":[{""pemain"":""Jaka"",""relasi"":""offend""}]}]","[""Iqbal"",""Jaka""]","[{""pemain"":""Jaka"",""relasi"":""defend""}]"
Nisa,"Kiki, kamu belum pantas dituduh hanya karena belum punya ide. Aku membela kamu.",defend,"[{""pengirim"":""Kiki"",""teks_chat"":""Halo semua, ada info menarik apa ronde ini?"",""label_intent"":""neutral"",""target"":[]},{""pengirim"":""Lala"",""teks_chat"":""Kiki, kok dari tadi lu diem aja dan baru nongol sekarang? Mencurigakan."",""label_intent"":""offend"",""target"":[{""pemain"":""Kiki"",""relasi"":""offend""}]},{""pengirim"":""Maman"",""teks_chat"":""Iya nih, biasanya yang mainnya pasif gitu tuh aslinya Hitman."",""label_intent"":""offend"",""target"":[{""pemain"":""Kiki"",""relasi"":""offend""}]},{""pengirim"":""Kiki"",""teks_chat"":""Aku diem karena emang lagi nggak ada ide mau bahas apa, bukan lagi nyusun rencana jahat."",""label_intent"":""defend"",""target"":[{""pemain"":""Kiki"",""relasi"":""defend""}]},{""pengirim"":""Lala"",""teks_chat"":""Alesan aja lu, Hitman mah emang jago ngeles."",""label_intent"":""offend"",""target"":[{""pemain"":""Kiki"",""relasi"":""offend""}]}]","[""Kiki"",""Lala"",""Maman"",""Nisa""]","[{""pemain"":""Kiki"",""relasi"":""defend""}]"
Rafa,"Setuju sama Qori, dia kayaknya cuma lagi mantau situasi, belum tentu ada hubungannya sama yang disandera semalam.",defend,"[{""pengirim"":""Oki"",""teks_chat"":""Semalam ada yang kena sandera nggak sih? Kok sepi gini."",""label_intent"":""neutral"",""target"":[]},{""pengirim"":""Puput"",""teks_chat"":""Qori dari tadi kalem banget, pasti dia Hitman Hostage-nya!"",""label_intent"":""offend"",""target"":[{""pemain"":""Qori"",""relasi"":""offend""}]},{""pengirim"":""Qori"",""teks_chat"":""Aku kalem karena emang lagi nyimak diskusi kalian."",""label_intent"":""defend"",""target"":[{""pemain"":""Qori"",""relasi"":""defend""}]}]","[""Oki"",""Puput"",""Qori"",""Rafa""]","[{""pemain"":""Qori"",""relasi"":""defend""}]"
Sinta,"Jangan suudzon dulu Vina, wajar aja kok kalau mereka emang lagi sibuk sama kendala teknis, mereka bukan Hitman.",defend,"[{""pengirim"":""Sinta"",""teks_chat"":""Tito sama Umar kok balas chatnya lama banget ya?"",""label_intent"":""neutral"",""target"":[]},{""pengirim"":""Vina"",""teks_chat"":""Aku curiga mereka berdua Hitman yang sengaja menunda jawaban. Aku ingin vote mereka."",""label_intent"":""offend"",""target"":[{""pemain"":""Tito"",""relasi"":""offend""},{""pemain"":""Umar"",""relasi"":""offend""}]},{""pengirim"":""Tito"",""teks_chat"":""Aku bukan Hitman. Aku baru selesai membaca percakapan dari awal."",""label_intent"":""defend"",""target"":[{""pemain"":""Tito"",""relasi"":""defend""}]},{""pengirim"":""Umar"",""teks_chat"":""Sama, aku juga tadi ada gangguan sinyal bentar."",""label_intent"":""defend"",""target"":[{""pemain"":""Umar"",""relasi"":""defend""}]},{""pengirim"":""Vina"",""teks_chat"":""Alasan kalian klise banget, tetep aja mencurigakan."",""label_intent"":""offend"",""target"":[{""pemain"":""Tito"",""relasi"":""offend""},{""pemain"":""Umar"",""relasi"":""offend""}]}]","[""Sinta"",""Tito"",""Umar"",""Vina""]","[{""pemain"":""Tito"",""relasi"":""defend""},{""pemain"":""Umar"",""relasi"":""defend""}]"
Wawan,Masa Xena langsung dituduh Hitman hanya karena hasil yang dia klaim tidak disukai? Kita belum membuktikan dia berbohong.,defend,"[{""pengirim"":""Wawan"",""teks_chat"":""Ada yang udah dapet hasil Peek semalam nggak?"",""label_intent"":""neutral"",""target"":[]},{""pengirim"":""Xena"",""teks_chat"":""Aku Stalker, semalam aku ngintip Yogi dan dia itu pelakunya!"",""label_intent"":""offend"",""target"":[{""pemain"":""Yogi"",""relasi"":""offend""}]},{""pengirim"":""Yogi"",""teks_chat"":""Aku bukan Hitman. Justru aku curiga Xena sedang mengarang hasil Peek untuk memfitnahku."",""label_intent"":""offend"",""target"":[{""pemain"":""Yogi"",""relasi"":""defend""},{""pemain"":""Xena"",""relasi"":""offend""}]},{""pengirim"":""Zain"",""teks_chat"":""Klaim Xena belum bisa kita pastikan dari chat saja."",""label_intent"":""neutral"",""target"":[]},{""pengirim"":""Xena"",""teks_chat"":""Sumpah demi apapun aku ini beneran Stalker yang jujur."",""label_intent"":""defend"",""target"":[{""pemain"":""Xena"",""relasi"":""defend""}]},{""pengirim"":""Yogi"",""teks_chat"":""Jangan percaya omong kosong Xena, ayo vote dia aja."",""label_intent"":""offend"",""target"":[{""pemain"":""Xena"",""relasi"":""offend""}]}]","[""Wawan"",""Xena"",""Yogi"",""Zain""]","[{""pemain"":""Xena"",""relasi"":""defend""}]"
Aldi,"Aku juga menarik tuduhanku pada Bima. Klaimnya masih perlu diperiksa, tetapi belum pantas langsung dianggap bohong.",defend,"[{""pengirim"":""Aldi"",""teks_chat"":""Tadi Bima claim Stalker dan katanya hasil Peek-nya nunjukin Dodi Hitman."",""label_intent"":""neutral"",""target"":[]},{""pengirim"":""Citra"",""teks_chat"":""Iya, tapi aku curiga Bima cuma ngarang info biar Dodi di-vote."",""label_intent"":""offend"",""target"":[{""pemain"":""Bima"",""relasi"":""offend""}]},{""pengirim"":""Bima"",""teks_chat"":""Aku mengaku hasil Peek pada Dodi menunjukkan role Hitman. Menurutku Dodi pelakunya."",""label_intent"":""offend"",""target"":[{""pemain"":""Dodi"",""relasi"":""offend""}]},{""pengirim"":""Dodi"",""teks_chat"":""Aku bukan Hitman. Klaim hasil Peek itu tidak benar menurutku."",""label_intent"":""defend"",""target"":[{""pemain"":""Dodi"",""relasi"":""defend""}]},{""pengirim"":""Citra"",""teks_chat"":""Tuh kan, Bima pasti cuma mau nyari alibi buat nyingkirin Dodi, vote Bima aja!"",""label_intent"":""offend"",""target"":[{""pemain"":""Bima"",""relasi"":""offend""}]},{""pengirim"":""Aldi"",""teks_chat"":""Aku juga mikir gitu, claim Stalker gampang banget dipalsuin."",""label_intent"":""offend"",""target"":[{""pemain"":""Bima"",""relasi"":""offend""}]},{""pengirim"":""Bima"",""teks_chat"":""Aku bukan Hitman, aku tetap pada klaim Stalker yang kusampaikan."",""label_intent"":""defend"",""target"":[{""pemain"":""Bima"",""relasi"":""defend""}]},{""pengirim"":""Dodi"",""teks_chat"":""Makanya jangan asal nuduh orang tanpa bukti yang kuat Bima."",""label_intent"":""defend"",""target"":[{""pemain"":""Dodi"",""relasi"":""defend""}]},{""pengirim"":""Citra"",""teks_chat"":""Aku tarik tuduhanku pada Bima. Aku belum punya bukti bahwa klaimnya palsu; penolakan dari orang yang dituduh juga belum membuktikannya."",""label_intent"":""defend"",""target"":[{""pemain"":""Bima"",""relasi"":""defend""}]}]","[""Aldi"",""Bima"",""Citra"",""Dodi""]","[{""pemain"":""Bima"",""relasi"":""defend""}]"
Hani,"Setelah kupikir lagi, Fik belum pantas dituduh. Mengoreksi dugaan itu wajar.",defend,"[{""pengirim"":""Erna"",""teks_chat"":""Ada yang ingin menjelaskan alasan ajakan vote sebelumnya?"",""label_intent"":""neutral"",""target"":[]},{""pengirim"":""Gani"",""teks_chat"":""Aku tadi memilih menunggu penjelasan dari pemain lain."",""label_intent"":""neutral"",""target"":[]},{""pengirim"":""Hani"",""teks_chat"":""Aku juga masih membaca urutan chat."",""label_intent"":""neutral"",""target"":[]},{""pengirim"":""Erna"",""teks_chat"":""Fikri, kenapa tadi menarik ajakan vote?"",""label_intent"":""neutral"",""target"":[]},{""pengirim"":""Fikri"",""teks_chat"":""Aku menyadari alasan awalku belum kuat."",""label_intent"":""neutral"",""target"":[]},{""pengirim"":""Gani"",""teks_chat"":""Aku curiga kamu Hitman yang sengaja mengubah cerita."",""label_intent"":""offend"",""target"":[{""pemain"":""Fikri"",""relasi"":""offend""}]},{""pengirim"":""Fikri"",""teks_chat"":""Aku bukan Hitman. Aku mengoreksi dugaan yang terburu-buru."",""label_intent"":""defend"",""target"":[{""pemain"":""Fikri"",""relasi"":""defend""}]},{""pengirim"":""Hani"",""teks_chat"":""Aku masih curiga dia menggunakan alasan itu untuk lolos."",""label_intent"":""offend"",""target"":[{""pemain"":""Fikri"",""relasi"":""offend""}]},{""pengirim"":""Erna"",""teks_chat"":""Aku ingin vote Fikri kalau alasannya tidak jelas."",""label_intent"":""offend"",""target"":[{""pemain"":""Fikri"",""relasi"":""offend""}]},{""pengirim"":""Fikri"",""teks_chat"":""Aku tidak bersalah. Aku berhenti mengajak vote justru karena tidak mau memaksakan dugaan."",""label_intent"":""defend"",""target"":[{""pemain"":""Fikri"",""relasi"":""defend""}]},{""pengirim"":""Gani"",""teks_chat"":""Aku tetap curiga dia Hitman."",""label_intent"":""offend"",""target"":[{""pemain"":""Fikri"",""relasi"":""offend""}]}]","[""Erna"",""Fikri"",""Gani"",""Hani""]","[{""pemain"":""Fikri"",""relasi"":""defend""}]"
Joko,Aku tarik tuduhanku. Irfan belum pantas dituduh cuma karena ada yang disandera semalam.,defend,"[{""pengirim"":""Joko"",""teks_chat"":""Semalam ada yang disandera, pasti ini ulah Irfan yang lagi main Hitman!"",""label_intent"":""offend"",""target"":[{""pemain"":""Irfan"",""relasi"":""offend""}]}]","[""Irfan"",""Joko""]","[{""pemain"":""Irfan"",""relasi"":""defend""}]"
Lina,"Oke, aku catat dulu ya, Miko bilang 'Ini pasti kerjanya Nina'. Nina, kamu mau jawab apa?",neutral,"[{""pengirim"":""Lina"",""teks_chat"":""Eh ada yang tau nggak semalam siapa yang diculik?"",""label_intent"":""neutral"",""target"":[]},{""pengirim"":""Miko"",""teks_chat"":""Ini pasti kerjanya Nina, dia doang yang diem aja dari tadi."",""label_intent"":""offend"",""target"":[{""pemain"":""Nina"",""relasi"":""offend""}]}]","[""Lina"",""Miko"",""Nina""]",[]
Gita,"Oke, aku mencatat itu sebagai klaim dari Fani.",neutral,"[{""pengirim"":""Eka"",""teks_chat"":""Ada yang mau share klaim skill semalam?"",""label_intent"":""neutral"",""target"":[]},{""pengirim"":""Fani"",""teks_chat"":""Aku mengaku Spy dan memilih Guard untuk Gita."",""label_intent"":""neutral"",""target"":[]}]","[""Eka"",""Fani"",""Gita""]",[]
Citra,Aku curiga dia memakai klaim palsu dan ingin vote dia saat Tribunal.,offend,"[{""pengirim"":""Citra"",""teks_chat"":""Sebentar, sebelum bahas klaim itu, waktu siang kita tinggal berapa lama?"",""label_intent"":""neutral"",""target"":[]},{""pengirim"":""Dodi"",""teks_chat"":""Kayaknya tinggal dua menitan."",""label_intent"":""neutral"",""target"":[]},{""pengirim"":""Budi"",""teks_chat"":""Oke, berarti masih sempat ngobrol sebentar."",""label_intent"":""neutral"",""target"":[]},{""pengirim"":""Citra"",""teks_chat"":""Ada yang kena Gag Order nggak hari ini?"",""label_intent"":""neutral"",""target"":[]},{""pengirim"":""Dodi"",""teks_chat"":""Aku aman, masih bisa ngetik normal."",""label_intent"":""neutral"",""target"":[]},{""pengirim"":""Budi"",""teks_chat"":""Aku juga aman."",""label_intent"":""neutral"",""target"":[]},{""pengirim"":""Citra"",""teks_chat"":""Oke, berarti diskusi bisa jalan."",""label_intent"":""neutral"",""target"":[]},{""pengirim"":""Dodi"",""teks_chat"":""Iya, syukurlah, jadi lebih lancar."",""label_intent"":""neutral"",""target"":[]},{""pengirim"":""Budi"",""teks_chat"":""Jangan sampai waktunya habis buat hal yang nggak penting."",""label_intent"":""neutral"",""target"":[]},{""pengirim"":""Citra"",""teks_chat"":""Setuju, fokus ke yang mencurigakan aja."",""label_intent"":""neutral"",""target"":[]},{""pengirim"":""Dodi"",""teks_chat"":""Oke, siapa yang mau mulai duluan?"",""label_intent"":""neutral"",""target"":[]},{""pengirim"":""Budi"",""teks_chat"":""Balik lagi ke orang yang ngaku tadi sebelum kita ngobrolin waktu."",""label_intent"":""neutral"",""target"":[]}]","[""Budi"",""Citra"",""Dodi"",""Erna""]","[{""pemain"":""tidak_diketahui"",""relasi"":""offend""}]"
Indra,Dia belum pantas dituduh hanya dari jeda chat. Kita belum membaca penjelasannya.,defend,"[{""pengirim"":""Fikri"",""teks_chat"":""Ada pertanyaan di chat yang belum dijawab?"",""label_intent"":""neutral"",""target"":[]},{""pengirim"":""Gita"",""teks_chat"":""Aku belum selesai membaca percakapan."",""label_intent"":""neutral"",""target"":[]},{""pengirim"":""Hasan"",""teks_chat"":""Aku melihat pertanyaan soal alasan vote yang belum ditanggapi."",""label_intent"":""neutral"",""target"":[]},{""pengirim"":""Indra"",""teks_chat"":""Kita beri kesempatan orangnya membaca dulu."",""label_intent"":""neutral"",""target"":[]},{""pengirim"":""Fikri"",""teks_chat"":""Siapa yang ditanya soal alasan vote?"",""label_intent"":""neutral"",""target"":[]},{""pengirim"":""Gita"",""teks_chat"":""Jihan yang belum menjawab sejak tadi."",""label_intent"":""neutral"",""target"":[]},{""pengirim"":""Hasan"",""teks_chat"":""Aku curiga Jihan Hitman karena menghindari pertanyaan itu."",""label_intent"":""offend"",""target"":[{""pemain"":""Jihan"",""relasi"":""offend""}]},{""pengirim"":""Indra"",""teks_chat"":""Belum menjawab saja belum menjelaskan penyebabnya."",""label_intent"":""defend"",""target"":[{""pemain"":""Jihan"",""relasi"":""defend""}]},{""pengirim"":""Jihan"",""teks_chat"":""Aku bukan Hitman. Aku sedang membaca ulang chat sebelum menjawab."",""label_intent"":""defend"",""target"":[{""pemain"":""Jihan"",""relasi"":""defend""}]},{""pengirim"":""Fikri"",""teks_chat"":""Aku tetap curiga dia mengarang alasan."",""label_intent"":""offend"",""target"":[{""pemain"":""Jihan"",""relasi"":""offend""}]},{""pengirim"":""Gita"",""teks_chat"":""Aku setuju dengan tuduhan itu, aku ingin vote dia."",""label_intent"":""offend"",""target"":[{""pemain"":""Jihan"",""relasi"":""offend""}]},{""pengirim"":""Hasan"",""teks_chat"":""Aku juga masih curiga dia pelakunya."",""label_intent"":""offend"",""target"":[{""pemain"":""Jihan"",""relasi"":""offend""}]}]","[""Fikri"",""Gita"",""Hasan"",""Indra"",""Jihan""]","[{""pemain"":""Jihan"",""relasi"":""defend""}]"
Kiki,Tebakanku Lala yang jadi Hitman. Aku ingin vote Lala saat Tribunal.,offend,[],"[""Kiki"",""Lala""]","[{""pemain"":""Lala"",""relasi"":""offend""}]"
Opi,"Terus menurut kalian, kita harus fokus nyari petunjuk di mana nih sekarang?",neutral,"[{""pengirim"":""Maman"",""teks_chat"":""Semalam ada yang disandera nggak sih? Kok belum ada yang tahu siapa."",""label_intent"":""neutral"",""target"":[]},{""pengirim"":""Nando"",""teks_chat"":""Maman pasti sengaja nanya gitu padahal dia pelakunya yang nyulik korban!"",""label_intent"":""offend"",""target"":[{""pemain"":""Maman"",""relasi"":""offend""}]},{""pengirim"":""Opi"",""teks_chat"":""Maman belum pantas dituduh hanya karena bertanya soal korban."",""label_intent"":""defend"",""target"":[{""pemain"":""Maman"",""relasi"":""defend""}]},{""pengirim"":""Maman"",""teks_chat"":""Iya, aku beneran nggak tau apa-apa soal korban itu, sumpah aku civilian."",""label_intent"":""defend"",""target"":[{""pemain"":""Maman"",""relasi"":""defend""}]},{""pengirim"":""Nando"",""teks_chat"":""Alah, palingan kalian berdua sekongkol buat saling melindungi."",""label_intent"":""offend"",""target"":[{""pemain"":""Opi"",""relasi"":""offend""},{""pemain"":""Maman"",""relasi"":""offend""}]}]","[""Maman"",""Nando"",""Opi""]",[]
Puput,"Halo semuanya, semoga ronde ini kita bisa nemuin petunjuk yang berguna ya.",neutral,[],"[""Puput"",""Qila""]",[]
Tito,"Sinta, ada lagi yang mau kamu tanyain?",neutral,"[{""pengirim"":""Raka"",""teks_chat"":""Sinta, tadi kamu mengaku punya role apa?"",""label_intent"":""neutral"",""target"":[]},{""pengirim"":""Sinta"",""teks_chat"":""Aku mengaku Civilian."",""label_intent"":""neutral"",""target"":[]},{""pengirim"":""Tito"",""teks_chat"":""Sinta, berarti semalam kamu nggak pakai Guard atau Peek?"",""label_intent"":""neutral"",""target"":[]},{""pengirim"":""Sinta"",""teks_chat"":""Iya, aku hanya ikut berdiskusi."",""label_intent"":""neutral"",""target"":[]},{""pengirim"":""Umar"",""teks_chat"":""Aku akan mencatat klaim role masing-masing dulu."",""label_intent"":""neutral"",""target"":[]},{""pengirim"":""Raka"",""teks_chat"":""Tapi ingat, itu semua baru pengakuan, belum tentu benar."",""label_intent"":""neutral"",""target"":[]},{""pengirim"":""Tito"",""teks_chat"":""Siapa yang belum membagikan klaim?"",""label_intent"":""neutral"",""target"":[]},{""pengirim"":""Umar"",""teks_chat"":""Aku belum mengatakannya."",""label_intent"":""neutral"",""target"":[]},{""pengirim"":""Sinta"",""teks_chat"":""Tidak harus dibagikan sekarang kalau kamu belum ingin."",""label_intent"":""neutral"",""target"":[]},{""pengirim"":""Raka"",""teks_chat"":""Baik, kita lanjut membaca percakapannya."",""label_intent"":""neutral"",""target"":[]}]","[""Raka"",""Sinta"",""Tito"",""Umar""]",[]
Wawan,Aku bukan Hitman. Justru aku curiga Vera mengarang klaim itu untuk memfitnahku. Vote Vera saja!,offend,"[{""pengirim"":""Vera"",""teks_chat"":""Aku mau claim Stalker, hasil Peek semalam membuktikan kalau Wawan adalah pelakunya!"",""label_intent"":""offend"",""target"":[{""pemain"":""Wawan"",""relasi"":""offend""}]}]","[""Vera"",""Wawan""]","[{""pemain"":""Wawan"",""relasi"":""defend""},{""pemain"":""Vera"",""relasi"":""offend""}]"
Yoga,"Oke, klaimnya kita catat dulu. Dia bilang Guard-nya ke siapa?",neutral,"[{""pengirim"":""Xena"",""teks_chat"":""Tadi ada yang mengaku Spy dan menyampaikan pilihan Guard."",""label_intent"":""neutral"",""target"":[]}]","[""Xena"",""Yoga""]",[]
Bima,"Oke, aku baca ulang mulai dari pesan sebelum jawaban itu.",neutral,"[{""pengirim"":""Zain"",""teks_chat"":""Tadi ada pemain yang menarik ajakan vote setelah membaca jawaban baru."",""label_intent"":""neutral"",""target"":[]},{""pengirim"":""Aldi"",""teks_chat"":""Kita bisa membaca ulang urutan chatnya untuk mencatat perubahan itu."",""label_intent"":""neutral"",""target"":[]}]","[""Zain"",""Aldi"",""Bima""]",[]
Galih,Aku curiga dia Hitman yang sedang mengganti cerita setelah ditanya. Aku ingin vote dia.,offend,"[{""pengirim"":""Galih"",""teks_chat"":""Hani tadi menyebut dua pilihan Guard berbeda untuk malam yang sama."",""label_intent"":""neutral"",""target"":[]},{""pengirim"":""Imam"",""teks_chat"":""Kita perlu meminta penjelasan soal perbedaan itu."",""label_intent"":""neutral"",""target"":[]},{""pengirim"":""Hani"",""teks_chat"":""Aku salah menyebut nama pertama, lalu mengoreksinya."",""label_intent"":""neutral"",""target"":[]},{""pengirim"":""Joko"",""teks_chat"":""Berapa sisa waktu diskusi sekarang?"",""label_intent"":""neutral"",""target"":[]},{""pengirim"":""Galih"",""teks_chat"":""Sekitar empat puluh detik."",""label_intent"":""neutral"",""target"":[]},{""pengirim"":""Imam"",""teks_chat"":""Masih ada waktu untuk satu penjelasan."",""label_intent"":""neutral"",""target"":[]},{""pengirim"":""Joko"",""teks_chat"":""Oke, lanjut bahas klaim tadi."",""label_intent"":""neutral"",""target"":[]},{""pengirim"":""Imam"",""teks_chat"":""Hani, bagian mana yang salah ketik dan kapan kamu mengoreksinya?"",""label_intent"":""neutral"",""target"":[]}]","[""Galih"",""Hani"",""Imam"",""Joko""]","[{""pemain"":""Hani"",""relasi"":""offend""}]"
Bima,"Citra, aku curiga kamu Hitman yang memakai klaim Stalker untuk lolos dari vote.",offend,"[{""pengirim"":""Bima"",""teks_chat"":""Ada yang udah pake Peek belum semalam?"",""label_intent"":""neutral"",""target"":[]},{""pengirim"":""Citra"",""teks_chat"":""Aku mengaku Stalker. Aku sudah memakai Peek, tetapi belum ingin membagikan hasilnya."",""label_intent"":""neutral"",""target"":[]},{""pengirim"":""Doni"",""teks_chat"":""Aku curiga Citra Hitman yang memakai klaim tanpa hasil untuk mencari aman."",""label_intent"":""offend"",""target"":[{""pemain"":""Citra"",""relasi"":""offend""}]},{""pengirim"":""Citra"",""teks_chat"":""Aku bukan Hitman. Aku masih mempertimbangkan risiko membuka hasil klaimku."",""label_intent"":""defend"",""target"":[{""pemain"":""Citra"",""relasi"":""defend""}]},{""pengirim"":""Doni"",""teks_chat"":""Alasan klasik banget buat nipu kita."",""label_intent"":""offend"",""target"":[{""pemain"":""Citra"",""relasi"":""offend""}]}]","[""Bima"",""Citra"",""Doni""]","[{""pemain"":""Citra"",""relasi"":""offend""}]"
Mika,"jangan jawab pakai teori, kasih tahu siapa yang kamu lindungi",neutral,[],"[""Mika""]",[]
Udin,"Oke, untuk sekarang kita catat dulu klaim Stalker-nya aja.",neutral,"[{""pengirim"":""Rama"",""teks_chat"":""Aku mengaku Stalker dan memakai Peek untuk satu pemain semalam."",""label_intent"":""neutral"",""target"":[]},{""pengirim"":""Sinta"",""teks_chat"":""Kamu mau sebutin siapa yang kamu Peek dan hasilnya?"",""label_intent"":""neutral"",""target"":[]},{""pengirim"":""Tito"",""teks_chat"":""Dia belum mengatakan ingin membagikan hasilnya."",""label_intent"":""neutral"",""target"":[]}]","[""Rama"",""Sinta"",""Tito"",""Udin""]",[]
Zain,siapa yang berada dalam perlindungan Spy semalam?,neutral,[],"[""Zain""]",[]
Hana,"Udahlah, pembelaan Fani yang secepat kilat itu udah jadi bukti nyata kalau dia emang komplotan Hitman.",offend,"[{""pengirim"":""Eka"",""teks_chat"":""Kok tadi pas diskusi baru buka Fani langsung nyambar belain Gilang sih?"",""label_intent"":""neutral"",""target"":[]},{""pengirim"":""Fani"",""teks_chat"":""Aku membela Gilang karena alasan tuduhan kepadanya cuma firasat."",""label_intent"":""defend"",""target"":[{""pemain"":""Gilang"",""relasi"":""defend""}]},{""pengirim"":""Hana"",""teks_chat"":""Aku curiga Fani Hitman karena terlalu cepat membela Gilang."",""label_intent"":""offend"",""target"":[{""pemain"":""Fani"",""relasi"":""offend""}]},{""pengirim"":""Gilang"",""teks_chat"":""Fani cuma jujur nyampein fakta, jangan pada suudzon dong."",""label_intent"":""defend"",""target"":[{""pemain"":""Fani"",""relasi"":""defend""}]},{""pengirim"":""Eka"",""teks_chat"":""Aku curiga Fani dan Gilang sama-sama memakai pembelaan itu untuk menutupi role Hitman."",""label_intent"":""offend"",""target"":[{""pemain"":""Fani"",""relasi"":""offend""},{""pemain"":""Gilang"",""relasi"":""offend""}]},{""pengirim"":""Fani"",""teks_chat"":""Aku beneran nggak bohong, sumpah deh aku civilian."",""label_intent"":""defend"",""target"":[{""pemain"":""Fani"",""relasi"":""defend""}]}]","[""Eka"",""Fani"",""Gilang"",""Hana""]","[{""pemain"":""Fani"",""relasi"":""offend""}]"
Nisa,Aku curiga kamu mengubah klaim krn mau menghindari pertanyaan. Menurutku kamu Hitman.,offend,"[{""pengirim"":""Irfan"",""teks_chat"":""Ada klaim role yang perlu dicocokkan lagi?"",""label_intent"":""neutral"",""target"":[]},{""pengirim"":""Joko"",""teks_chat"":""Aku melihat ada pemain yang mengubah klaim."",""label_intent"":""neutral"",""target"":[]},{""pengirim"":""Lina"",""teks_chat"":""Awalnya dia menyebut Spy, lalu Stalker."",""label_intent"":""neutral"",""target"":[]},{""pengirim"":""Nisa"",""teks_chat"":""Dia ada bilang salah ketik nggak?"",""label_intent"":""neutral"",""target"":[]},{""pengirim"":""Irfan"",""teks_chat"":""Aku belum membaca penjelasannya."",""label_intent"":""neutral"",""target"":[]},{""pengirim"":""Lina"",""teks_chat"":""Maman yang mengubah klaim. Aku curiga Maman Hitman karena ceritanya tidak konsisten."",""label_intent"":""offend"",""target"":[{""pemain"":""Maman"",""relasi"":""offend""}]},{""pengirim"":""Maman"",""teks_chat"":""Aku bukan Hitman, tadi aku salah mengetik nama role."",""label_intent"":""defend"",""target"":[{""pemain"":""Maman"",""relasi"":""defend""}]},{""pengirim"":""Joko"",""teks_chat"":""Terus, role mana yang sekarang kamu klaim?"",""label_intent"":""neutral"",""target"":[]},{""pengirim"":""Maman"",""teks_chat"":""Aku mengaku Stalker."",""label_intent"":""neutral"",""target"":[]},{""pengirim"":""Irfan"",""teks_chat"":""Kapan kamu memakai Peek?"",""label_intent"":""neutral"",""target"":[]},{""pengirim"":""Lina"",""teks_chat"":""Aku juga ingin mendengar jawaban itu."",""label_intent"":""neutral"",""target"":[]},{""pengirim"":""Maman"",""teks_chat"":""Aku tidak mau membuka hasilnya sekarang, tetapi aku bukan Hitman."",""label_intent"":""defend"",""target"":[{""pemain"":""Maman"",""relasi"":""defend""}]}]","[""Irfan"",""Joko"",""Lina"",""Maman"",""Nisa""]","[{""pemain"":""Maman"",""relasi"":""offend""}]"
Omar,Aku juga curiga dia pelakunya karena klaimnya berubah tanpa penjelasan.,offend,"[{""pengirim"":""Omar"",""teks_chat"":""Tadi ada yang mengubah klaim Spy menjadi Stalker."",""label_intent"":""neutral"",""target"":[]},{""pengirim"":""Putri"",""teks_chat"":""Kita perlu membaca apakah dia menyebut itu koreksi salah ketik."",""label_intent"":""neutral"",""target"":[]},{""pengirim"":""Qila"",""teks_chat"":""Jangan sampai keliru mengutip."",""label_intent"":""neutral"",""target"":[]},{""pengirim"":""Rafi"",""teks_chat"":""Siapa yang mengirim dua klaim itu?"",""label_intent"":""neutral"",""target"":[]},{""pengirim"":""Omar"",""teks_chat"":""Aku sedang mencari kembali pesannya."",""label_intent"":""neutral"",""target"":[]},{""pengirim"":""Putri"",""teks_chat"":""Cari dari awal diskusi saat klaim mulai dibagikan."",""label_intent"":""neutral"",""target"":[]},{""pengirim"":""Qila"",""teks_chat"":""Klaim yang berubah perlu ditanya, tetapi belum otomatis memastikan role asli."",""label_intent"":""neutral"",""target"":[]},{""pengirim"":""Rafi"",""teks_chat"":""Benar, kita hanya melihat ucapannya."",""label_intent"":""neutral"",""target"":[]},{""pengirim"":""Omar"",""teks_chat"":""Aku menemukan kedua pesannya."",""label_intent"":""neutral"",""target"":[]},{""pengirim"":""Putri"",""teks_chat"":""Ada penjelasan koreksi di antaranya?"",""label_intent"":""neutral"",""target"":[]},{""pengirim"":""Qila"",""teks_chat"":""Kalau belum ada, kita bisa meminta alasan."",""label_intent"":""neutral"",""target"":[]},{""pengirim"":""Rafi"",""teks_chat"":""Sinta yang mengganti klaim itu. Aku curiga Sinta Hitman yang sedang mengarang."",""label_intent"":""offend"",""target"":[{""pemain"":""Sinta"",""relasi"":""offend""}]}]","[""Omar"",""Putri"",""Qila"",""Rafi"",""Sinta""]","[{""pemain"":""Sinta"",""relasi"":""offend""}]"
Tito,Dia belum pantas dituduh hanya karena terlambat membalas. Bisa saja ada masalah koneksi.,defend,"[{""pengirim"":""Tito"",""teks_chat"":""Ini kok ada yang ngetiknya sepotong-sepotong terus ya dari tadi?"",""label_intent"":""neutral"",""target"":[]},{""pengirim"":""Umar"",""teks_chat"":""Iya, terus balesnya juga delay banget, nggak kayak biasanya."",""label_intent"":""neutral"",""target"":[]},{""pengirim"":""Vina"",""teks_chat"":""Aku curiga orang yang lambat membalas itu Hitman yang sengaja menghindari pertanyaan."",""label_intent"":""offend"",""target"":[{""pemain"":""tidak_diketahui"",""relasi"":""offend""}]},{""pengirim"":""Wawan"",""teks_chat"":""Itu masih dugaan, penyebab jeda chat belum jelas."",""label_intent"":""neutral"",""target"":[]},{""pengirim"":""Tito"",""teks_chat"":""Bisa aja itu cuma kebiasaan ngetiknya, belum tentu disengaja."",""label_intent"":""neutral"",""target"":[]},{""pengirim"":""Umar"",""teks_chat"":""Jadi pesan terpotong bisa karena cara mengetik atau masalah koneksi."",""label_intent"":""neutral"",""target"":[]},{""pengirim"":""Vina"",""teks_chat"":""Iya, kita belum bisa memastikan penyebabnya."",""label_intent"":""neutral"",""target"":[]},{""pengirim"":""Wawan"",""teks_chat"":""Coba kita pancing ngobrol, ntar kelihatan polanya natural atau dibikin-bikin."",""label_intent"":""neutral"",""target"":[]},{""pengirim"":""Tito"",""teks_chat"":""Bener, biar kita nggak salah ngambil keputusan pas vote nanti."",""label_intent"":""neutral"",""target"":[]},{""pengirim"":""Umar"",""teks_chat"":""Tapi tetep harus waspada sih, takutnya dia malah nyerang balik."",""label_intent"":""neutral"",""target"":[]},{""pengirim"":""Vina"",""teks_chat"":""Aku udah siapin argumen nih kalau dia mulai ngeles."",""label_intent"":""neutral"",""target"":[]},{""pengirim"":""Wawan"",""teks_chat"":""Yang kita bahas Xena. Aku curiga Xena Hitman karena tidak menjawab soal alasan vote."",""label_intent"":""offend"",""target"":[{""pemain"":""Xena"",""relasi"":""offend""}]}]","[""Tito"",""Umar"",""Vina"",""Wawan"",""Xena""]","[{""pemain"":""Xena"",""relasi"":""defend""}]"
Aldi,"Zain, kamu kok tenang banget padahal yang lain pada bingung? Pasti kamu pelakunya ya!",offend,"[{""pengirim"":""Yogi"",""teks_chat"":""Semalam ada yang diculik tapi kita nggak tahu siapa, jadi makin susah nebaknya."",""label_intent"":""neutral"",""target"":[]},{""pengirim"":""Zain"",""teks_chat"":""Mungkin Hitman-nya emang mau bikin kita panik terus saling tuduh."",""label_intent"":""neutral"",""target"":[]}]","[""Yogi"",""Zain"",""Aldi""]","[{""pemain"":""Zain"",""relasi"":""offend""}]"
Dedi,"Kalau bukan sedang menutupi role Hitman, kenapa dia terus beralasan soal sinyal tiap ditanya? Aku curiga dia.",offend,"[{""pengirim"":""Budi"",""teks_chat"":""Kenapa Andi dari tadi balas chatnya lama banget ya?"",""label_intent"":""neutral"",""target"":[]},{""pengirim"":""Candra"",""teks_chat"":""Aku curiga dia Hitman yang menunda jawaban untuk mengarang alasan."",""label_intent"":""offend"",""target"":[{""pemain"":""Andi"",""relasi"":""offend""}]},{""pengirim"":""Andi"",""teks_chat"":""Sinyalku beneran lagi jelek dari tadi."",""label_intent"":""defend"",""target"":[{""pemain"":""Andi"",""relasi"":""defend""}]},{""pengirim"":""Dedi"",""teks_chat"":""Alasannya klasik banget."",""label_intent"":""offend"",""target"":[{""pemain"":""Andi"",""relasi"":""offend""}]},{""pengirim"":""Budi"",""teks_chat"":""Iya tdk masuk akal."",""label_intent"":""offend"",""target"":[{""pemain"":""Andi"",""relasi"":""offend""}]},{""pengirim"":""Candra"",""teks_chat"":""Udah fix vote aja."",""label_intent"":""offend"",""target"":[{""pemain"":""Andi"",""relasi"":""offend""}]}]","[""Andi"",""Budi"",""Candra"",""Dedi""]","[{""pemain"":""Andi"",""relasi"":""offend""}]"
Eko,Spy tidak bisa Guard orang sama dua malam berturut-turut. Aku tarik pembelaanku; sekarang aku curiga Gilang mengarang klaim Spy.,offend,"[{""pengirim"":""Eko"",""teks_chat"":""Ada yang ingin mengaku Spy hari ini?"",""label_intent"":""neutral"",""target"":[]},{""pengirim"":""Ferry"",""teks_chat"":""Gilang tadi mengaku Spy, tetapi belum menjelaskan pilihan Guard."",""label_intent"":""neutral"",""target"":[]},{""pengirim"":""Gilang"",""teks_chat"":""Aku mengaku memilih Guard untuk Eko semalam."",""label_intent"":""neutral"",""target"":[]},{""pengirim"":""Hadi"",""teks_chat"":""Aku curiga dia Hitman yang memakai klaim untuk cari aman."",""label_intent"":""offend"",""target"":[{""pemain"":""Gilang"",""relasi"":""offend""}]},{""pengirim"":""Eko"",""teks_chat"":""Gilang belum pantas dituduh; sejauh ini belum ada kontradiksi dalam klaimnya."",""label_intent"":""defend"",""target"":[{""pemain"":""Gilang"",""relasi"":""defend""}]},{""pengirim"":""Ferry"",""teks_chat"":""Bagaimana pilihan Guard pada malam sebelumnya?"",""label_intent"":""neutral"",""target"":[]},{""pengirim"":""Gilang"",""teks_chat"":""Malam sebelumnya aku juga memilih Eko."",""label_intent"":""neutral"",""target"":[]}]","[""Eko"",""Ferry"",""Gilang"",""Hadi""]","[{""pemain"":""Gilang"",""relasi"":""offend""}]"
Joni,Aku tarik tuduhan kepadanya. Urutan chat menunjukkan ada jawaban baru sebelum dia mengoreksi dugaan.,defend,"[{""pengirim"":""Joni"",""teks_chat"":""Iya, plin-plan banget bikin pusing."",""label_intent"":""neutral"",""target"":[]},{""pengirim"":""Kiki"",""teks_chat"":""Pasti dia Hitman yang nutupin kedok."",""label_intent"":""offend"",""target"":[{""pemain"":""Luki"",""relasi"":""offend""}]},{""pengirim"":""Luki"",""teks_chat"":""Aku bukan Hitman. Aku menarik dugaan setelah membaca jawaban yang terlewat."",""label_intent"":""defend"",""target"":[{""pemain"":""Luki"",""relasi"":""defend""}]},{""pengirim"":""Iwan"",""teks_chat"":""Aku tetap curiga dia sengaja mengubah cerita."",""label_intent"":""offend"",""target"":[{""pemain"":""Luki"",""relasi"":""offend""}]},{""pengirim"":""Joni"",""teks_chat"":""Udah jelas dia bohong."",""label_intent"":""offend"",""target"":[{""pemain"":""Luki"",""relasi"":""offend""}]},{""pengirim"":""Kiki"",""teks_chat"":""Vote aja langsung."",""label_intent"":""offend"",""target"":[{""pemain"":""Luki"",""relasi"":""offend""}]},{""pengirim"":""Luki"",""teks_chat"":""Sumpah aku civilian."",""label_intent"":""defend"",""target"":[{""pemain"":""Luki"",""relasi"":""defend""}]},{""pengirim"":""Iwan"",""teks_chat"":""Nggak ada yang percaya."",""label_intent"":""offend"",""target"":[{""pemain"":""Luki"",""relasi"":""offend""}]},{""pengirim"":""Joni"",""teks_chat"":""Kumpul suara yuk."",""label_intent"":""offend"",""target"":[{""pemain"":""Luki"",""relasi"":""offend""}]},{""pengirim"":""Kiki"",""teks_chat"":""Ayo cepetan."",""label_intent"":""offend"",""target"":[{""pemain"":""Luki"",""relasi"":""offend""}]},{""pengirim"":""Luki"",""teks_chat"":""Aku tidak bersalah, tolong baca jawaban yang membuatku menarik dugaan."",""label_intent"":""defend"",""target"":[{""pemain"":""Luki"",""relasi"":""defend""}]},{""pengirim"":""Iwan"",""teks_chat"":""Nggak usah banyak ngeles."",""label_intent"":""offend"",""target"":[{""pemain"":""Luki"",""relasi"":""offend""}]}]","[""Iwan"",""Joni"",""Kiki"",""Luki""]","[{""pemain"":""Luki"",""relasi"":""defend""}]"
Poni,"Udah fiks Nanda itu Hitman yang lagi nyamar jadi patung, ayo kita vote dia sekarang!",offend,"[{""pengirim"":""Mimin"",""teks_chat"":""Aku curiga Oki Hitman karena belum menjelaskan alasan ajakan vote."",""label_intent"":""offend"",""target"":[{""pemain"":""Oki"",""relasi"":""offend""}]},{""pengirim"":""Nanda"",""teks_chat"":""Oki belum pantas dituduh, kita beri waktu untuk menjawab."",""label_intent"":""defend"",""target"":[{""pemain"":""Oki"",""relasi"":""defend""}]},{""pengirim"":""Oki"",""teks_chat"":""Aku bukan Hitman. Aku menarik ajakan vote tadi karena alasannya belum kuat."",""label_intent"":""defend"",""target"":[{""pemain"":""Oki"",""relasi"":""defend""}]},{""pengirim"":""Poni"",""teks_chat"":""Sekarang aku justru curiga Nanda karena belum menjawab pertanyaan sendiri."",""label_intent"":""offend"",""target"":[{""pemain"":""Nanda"",""relasi"":""offend""}]},{""pengirim"":""Mimin"",""teks_chat"":""Iya sih, Nanda pasif banget."",""label_intent"":""offend"",""target"":[{""pemain"":""Nanda"",""relasi"":""offend""}]},{""pengirim"":""Nanda"",""teks_chat"":""Aku bukan Hitman, aku sedang membaca ulang chat sebelum menjawab."",""label_intent"":""defend"",""target"":[{""pemain"":""Nanda"",""relasi"":""defend""}]},{""pengirim"":""Oki"",""teks_chat"":""Alasan klasik dari orang yang mau sembunyi."",""label_intent"":""offend"",""target"":[{""pemain"":""Nanda"",""relasi"":""offend""}]}]","[""Mimin"",""Nanda"",""Oki"",""Poni""]","[{""pemain"":""Nanda"",""relasi"":""offend""}]"
Qori,Aku curiga dia Hitman karena klaimnya berubah tanpa alasan.,offend,"[{""pengirim"":""Qori"",""teks_chat"":""Roni dan Siska sama-sama mengganti klaim role tadi."",""label_intent"":""neutral"",""target"":[]},{""pengirim"":""Roni"",""teks_chat"":""Kamu ingin membahas yang mana lebih dulu?"",""label_intent"":""neutral"",""target"":[]},{""pengirim"":""Siska"",""teks_chat"":""Keduanya perlu menjelaskan perubahannya sebelum dinilai."",""label_intent"":""neutral"",""target"":[]},{""pengirim"":""Tari"",""teks_chat"":""Benar, jangan langsung menyamakan dua cerita yang berbeda."",""label_intent"":""neutral"",""target"":[]},{""pengirim"":""Qori"",""teks_chat"":""Aku masih memikirkan salah satu dari dua klaim tadi."",""label_intent"":""neutral"",""target"":[]},{""pengirim"":""Roni"",""teks_chat"":""Kalau nggak jelas jangan nuduh."",""label_intent"":""neutral"",""target"":[]},{""pengirim"":""Siska"",""teks_chat"":""Kita perlu membaca ulang pesan kedua orang yang disebut."",""label_intent"":""neutral"",""target"":[]},{""pengirim"":""Tari"",""teks_chat"":""Bisa jadi itu cuma salah paham."",""label_intent"":""neutral"",""target"":[]}]","[""Qori"",""Roni"",""Siska"",""Tari""]","[{""pemain"":""tidak_diketahui"",""relasi"":""offend""}]"
Vina,"Kembali ke pembahasan Wati, aku tarik tuduhanku. Jeda chat belum membuktikan dia Hitman.",defend,"[{""pengirim"":""Ujang"",""teks_chat"":""Wati kok daritadi chatnya telat banget masuk ya?"",""label_intent"":""neutral"",""target"":[]},{""pengirim"":""Vina"",""teks_chat"":""Aku curiga dia Hitman yang sengaja menunda jawaban."",""label_intent"":""offend"",""target"":[{""pemain"":""Wati"",""relasi"":""offend""}]},{""pengirim"":""Wati"",""teks_chat"":""Sinyalku jelek banget."",""label_intent"":""defend"",""target"":[{""pemain"":""Wati"",""relasi"":""defend""}]},{""pengirim"":""Yanto"",""teks_chat"":""Eh ini waktu diskusi sisa berapa menit lagi?"",""label_intent"":""neutral"",""target"":[]},{""pengirim"":""Ujang"",""teks_chat"":""Sisa semenitan lagi kayaknya."",""label_intent"":""neutral"",""target"":[]},{""pengirim"":""Vina"",""teks_chat"":""Harus cepet ambil keputusan nih."",""label_intent"":""neutral"",""target"":[]},{""pengirim"":""Wati"",""teks_chat"":""Aku bukan pelakunya. Tolong beri waktu untuk mengirim penjelasan."",""label_intent"":""defend"",""target"":[{""pemain"":""Wati"",""relasi"":""defend""}]},{""pengirim"":""Yanto"",""teks_chat"":""Jangan lama-lama ya."",""label_intent"":""neutral"",""target"":[]},{""pengirim"":""Ujang"",""teks_chat"":""Iya cepetan."",""label_intent"":""neutral"",""target"":[]}]","[""Ujang"",""Vina"",""Wati"",""Yanto""]","[{""pemain"":""Wati"",""relasi"":""defend""}]"
Bagus,Aku setuju membela Cepi. Masalah aplikasi bisa terjadi dan belum ada bukti dia Hitman.,defend,"[{""pengirim"":""Acep"",""teks_chat"":""Aku curiga Zul Hitman karena belum memberi alasan untuk ajakan vote."",""label_intent"":""offend"",""target"":[{""pemain"":""Zul"",""relasi"":""offend""}]},{""pengirim"":""Zul"",""teks_chat"":""Aku bukan Hitman. Aku menarik ajakan itu karena alasannya belum kuat."",""label_intent"":""defend"",""target"":[{""pemain"":""Zul"",""relasi"":""defend""}]},{""pengirim"":""Bagus"",""teks_chat"":""Sekarang aku justru curiga Cepi, dia belum menjawab sejak tadi."",""label_intent"":""offend"",""target"":[{""pemain"":""Cepi"",""relasi"":""offend""}]},{""pengirim"":""Cepi"",""teks_chat"":""Aku bukan pelakunya. Aplikasi di ponselku sempat berhenti merespons."",""label_intent"":""defend"",""target"":[{""pemain"":""Cepi"",""relasi"":""defend""}]},{""pengirim"":""Zul"",""teks_chat"":""Aku juga curiga Cepi sedang mencari alasan."",""label_intent"":""offend"",""target"":[{""pemain"":""Cepi"",""relasi"":""offend""}]},{""pengirim"":""Acep"",""teks_chat"":""Kita belum tahu penyebab keterlambatan chat itu."",""label_intent"":""neutral"",""target"":[]},{""pengirim"":""Bagus"",""teks_chat"":""Penjelasannya perlu didengar dulu."",""label_intent"":""neutral"",""target"":[]},{""pengirim"":""Cepi"",""teks_chat"":""Sekarang aku sudah bisa membaca pertanyaan kalian."",""label_intent"":""neutral"",""target"":[]},{""pengirim"":""Zul"",""teks_chat"":""Oke, kalau gitu jelasin dulu tadi kenapa lama nggak jawab."",""label_intent"":""neutral"",""target"":[]},{""pengirim"":""Acep"",""teks_chat"":""Cepi belum pantas dituduh dari jeda chat saja."",""label_intent"":""defend"",""target"":[{""pemain"":""Cepi"",""relasi"":""defend""}]}]","[""Zul"",""Acep"",""Bagus"",""Cepi""]","[{""pemain"":""Cepi"",""relasi"":""defend""}]"
Darto,"Dari pengamatan Gatot soal pembelaan tadi, aku curiga Fitri Hitman. Aku ingin vote Fitri.",offend,"[{""pengirim"":""Darto"",""teks_chat"":""Siapa nih yang mau claim Stalker hari ini?"",""label_intent"":""neutral"",""target"":[]},{""pengirim"":""Endang"",""teks_chat"":""Aku Stalker, dan hasil Peek-ku semalam bilang Fitri bukan Hitman."",""label_intent"":""defend"",""target"":[{""pemain"":""Fitri"",""relasi"":""defend""}]},{""pengirim"":""Fitri"",""teks_chat"":""Makasih Endang udah nge-clear-in aku."",""label_intent"":""neutral"",""target"":[]},{""pengirim"":""Gatot"",""teks_chat"":""Tapi klaim Endang itu meragukan."",""label_intent"":""neutral"",""target"":[]},{""pengirim"":""Darto"",""teks_chat"":""Iya, jangan-jangan Endang bohong."",""label_intent"":""neutral"",""target"":[]},{""pengirim"":""Endang"",""teks_chat"":""Aku hanya menyampaikan klaim Stalker dan hasil yang kuketahui."",""label_intent"":""neutral"",""target"":[]},{""pengirim"":""Fitri"",""teks_chat"":""Aku membela Endang, menurutku klaimnya benar."",""label_intent"":""defend"",""target"":[{""pemain"":""Endang"",""relasi"":""defend""}]},{""pengirim"":""Gatot"",""teks_chat"":""Ah lu belain krn diselametin aja, lu berdua pasti komplotan Hitman yang main drama, ayo vote Fitri dan Endang!"",""label_intent"":""offend"",""target"":[{""pemain"":""Endang"",""relasi"":""offend""},{""pemain"":""Fitri"",""relasi"":""offend""}]},{""pengirim"":""Darto"",""teks_chat"":""Aku setuju, aku curiga Fitri dan Endang."",""label_intent"":""offend"",""target"":[{""pemain"":""Fitri"",""relasi"":""offend""},{""pemain"":""Endang"",""relasi"":""offend""}]},{""pengirim"":""Endang"",""teks_chat"":""Aku bukan Hitman, tuduhan itu tidak benar."",""label_intent"":""defend"",""target"":[{""pemain"":""Endang"",""relasi"":""defend""}]},{""pengirim"":""Fitri"",""teks_chat"":""Sumpah aku civilian."",""label_intent"":""defend"",""target"":[{""pemain"":""Fitri"",""relasi"":""defend""}]},{""pengirim"":""Gatot"",""teks_chat"":""Nggak bakal percaya."",""label_intent"":""offend"",""target"":[{""pemain"":""Fitri"",""relasi"":""offend""}]}]","[""Darto"",""Endang"",""Fitri"",""Gatot""]","[{""pemain"":""Fitri"",""relasi"":""offend""}]"
Heri,"Menurutku Iis bukan sekadar ragu, dia sengaja mengubah cerita karena Hitman. Aku curiga Iis.",offend,"[{""pengirim"":""Heri"",""teks_chat"":""Iis, kenapa tadi menarik ajakan vote?"",""label_intent"":""neutral"",""target"":[]},{""pengirim"":""Iis"",""teks_chat"":""Aku sadar dugaan awalku belum punya dasar."",""label_intent"":""neutral"",""target"":[]},{""pengirim"":""Joko"",""teks_chat"":""Iis belum pantas dituduh hanya karena mengoreksi dugaan."",""label_intent"":""defend"",""target"":[{""pemain"":""Iis"",""relasi"":""defend""}]}]","[""Heri"",""Iis"",""Joko""]","[{""pemain"":""Iis"",""relasi"":""offend""}]"
Mega,"Lana, aku curiga kamu Hitman yang mengarang klaim role.",offend,"[{""pengirim"":""Karti"",""teks_chat"":""Lana, tadi kamu mengaku Spy atau Stalker?"",""label_intent"":""neutral"",""target"":[]},{""pengirim"":""Lana"",""teks_chat"":""Aku mengaku Spy."",""label_intent"":""neutral"",""target"":[]},{""pengirim"":""Mega"",""teks_chat"":""Di pesan sebelumnya kamu menulis Stalker."",""label_intent"":""neutral"",""target"":[]},{""pengirim"":""Karti"",""teks_chat"":""Lana, bisa jelaskan kenapa klaimnya berubah?"",""label_intent"":""neutral"",""target"":[]}]","[""Karti"",""Lana"",""Mega""]","[{""pemain"":""Lana"",""relasi"":""offend""}]"
Budi,"Coki, aku curiga kamu Hitman karena baru muncul saat diskusi hampir selesai.",offend,"[{""pengirim"":""Coki"",""teks_chat"":""Sepi banget nih tumben."",""label_intent"":""neutral"",""target"":[]}]","[""Budi"",""Coki""]","[{""pemain"":""Coki"",""relasi"":""offend""}]"
Eka,Menurutku dia belum pantas dituduh; urusan di luar permainan bisa membuat respons terlambat.,defend,"[{""pengirim"":""Dani"",""teks_chat"":""Fajar dan aku sama-sama sempat terlambat masuk chat."",""label_intent"":""neutral"",""target"":[]},{""pengirim"":""Eka"",""teks_chat"":""Apa penyebabnya?"",""label_intent"":""neutral"",""target"":[]},{""pengirim"":""Fajar"",""teks_chat"":""Aku tadi ada urusan sebentar di luar permainan."",""label_intent"":""neutral"",""target"":[]},{""pengirim"":""Dani"",""teks_chat"":""Aku juga baru kembali memegang ponsel."",""label_intent"":""neutral"",""target"":[]},{""pengirim"":""Eka"",""teks_chat"":""Dani dan Fajar, aku curiga kalian sengaja menunda jawaban."",""label_intent"":""offend"",""target"":[{""pemain"":""Dani"",""relasi"":""offend""},{""pemain"":""Fajar"",""relasi"":""offend""}]},{""pengirim"":""Fajar"",""teks_chat"":""Aku bukan Hitman, aku memang belum bisa membuka chat tadi."",""label_intent"":""defend"",""target"":[{""pemain"":""Fajar"",""relasi"":""defend""}]},{""pengirim"":""Dani"",""teks_chat"":""Aku juga tidak bersalah. Jeda chatku bukan karena menyusun alasan."",""label_intent"":""defend"",""target"":[{""pemain"":""Dani"",""relasi"":""defend""}]},{""pengirim"":""Eka"",""teks_chat"":""Kita belum tahu penyebab sebenarnya dari jeda chat itu."",""label_intent"":""neutral"",""target"":[]},{""pengirim"":""Fajar"",""teks_chat"":""Kalau begitu, jangan tentukan role dari keterlambatan saja."",""label_intent"":""defend"",""target"":[{""pemain"":""Fajar"",""relasi"":""defend""},{""pemain"":""Dani"",""relasi"":""defend""}]},{""pengirim"":""Dani"",""teks_chat"":""Aku setuju, baca dulu jawaban yang sekarang sudah terkirim."",""label_intent"":""neutral"",""target"":[]},{""pengirim"":""Eka"",""teks_chat"":""Dua orang yang tadi terlambat sudah menyampaikan penjelasannya."",""label_intent"":""neutral"",""target"":[]}]","[""Dani"",""Eka"",""Fajar""]","[{""pemain"":""tidak_diketahui"",""relasi"":""defend""}]"
Ivan,Aku curiga dia Hitman yang sedang mengarang role.,offend,"[{""pengirim"":""Gilang"",""teks_chat"":""Aku sama Hana memang sempat ganti klaim role, nanti kami jelasin alasannya."",""label_intent"":""neutral"",""target"":[]},{""pengirim"":""Hana"",""teks_chat"":""Kita perlu membaca dua klaim itu satu per satu."",""label_intent"":""neutral"",""target"":[]}]","[""Gilang"",""Hana"",""Ivan""]","[{""pemain"":""tidak_diketahui"",""relasi"":""offend""}]"
Jojo,"Dari pembahasan Laras tadi, justru Kiki yang aku curigai sebagai Hitman karena cepat mengalihkan tuduhan tanpa alasan.",offend,"[{""pengirim"":""Jojo"",""teks_chat"":""Laras belum mengirim pesan sejak diskusi dibuka, ya?"",""label_intent"":""neutral"",""target"":[]},{""pengirim"":""Kiki"",""teks_chat"":""Mungkin ada efek skill atau kendala koneksi, tetapi penyebab diam Laras belum pasti."",""label_intent"":""neutral"",""target"":[]},{""pengirim"":""Jojo"",""teks_chat"":""Iya, kita jangan langsung memastikan penyebabnya."",""label_intent"":""neutral"",""target"":[]},{""pengirim"":""Kiki"",""teks_chat"":""Nah gw curiga sama lu Jo, dari tadi lu ngarahin obrolan ke Laras terus."",""label_intent"":""offend"",""target"":[{""pemain"":""Jojo"",""relasi"":""offend""}]}]","[""Jojo"",""Kiki"",""Laras""]","[{""pemain"":""Kiki"",""relasi"":""offend""}]"
Nanda,"Ojan sama Putri nih dari tadi cuma nyimak doang, sus banget kalian berdua!",offend,"[{""pengirim"":""Mira"",""teks_chat"":""Pada sepi amat, belum pada ngumpul ya?"",""label_intent"":""neutral"",""target"":[]},{""pengirim"":""Nanda"",""teks_chat"":""Hadir, gw mantau dari tadi."",""label_intent"":""neutral"",""target"":[]},{""pengirim"":""Ojan"",""teks_chat"":""Hadir juga."",""label_intent"":""neutral"",""target"":[]},{""pengirim"":""Putri"",""teks_chat"":""Aku baru selesai membaca chat sejak awal diskusi."",""label_intent"":""neutral"",""target"":[]},{""pengirim"":""Mira"",""teks_chat"":""Oke, udah pada ngumpul. Ada yang mau mulai kasih pendapat?"",""label_intent"":""neutral"",""target"":[]}]","[""Mira"",""Nanda"",""Ojan"",""Putri""]","[{""pemain"":""Ojan"",""relasi"":""offend""},{""pemain"":""Putri"",""relasi"":""offend""}]"
Qori,Aku curiga kamu Hitman. Aku ingin mengajak vote kamu saat Tribunal.,offend,[],"[""Qori"",""Rizky""]","[{""pemain"":""tidak_diketahui"",""relasi"":""offend""}]"
Vina,Aku curiga dia Hitman yang memakai klaim untuk lolos dari pertanyaan.,offend,"[{""pengirim"":""Udin"",""teks_chat"":""Sebentar, sebelum bahas klaim, ada yang kena Gag Order nggak hari ini?"",""label_intent"":""neutral"",""target"":[]},{""pengirim"":""Vina"",""teks_chat"":""Aku aman, masih bisa ngetik."",""label_intent"":""neutral"",""target"":[]},{""pengirim"":""Siska"",""teks_chat"":""Aku juga aman."",""label_intent"":""neutral"",""target"":[]},{""pengirim"":""Udin"",""teks_chat"":""Oke, berarti diskusi bisa jalan."",""label_intent"":""neutral"",""target"":[]},{""pengirim"":""Vina"",""teks_chat"":""Waktu siang tinggal berapa lama ya?"",""label_intent"":""neutral"",""target"":[]},{""pengirim"":""Siska"",""teks_chat"":""Kayaknya tinggal dua menit, jd harus cepat."",""label_intent"":""neutral"",""target"":[]},{""pengirim"":""Udin"",""teks_chat"":""Oke, jangan sampai kita vote asal-asalan."",""label_intent"":""neutral"",""target"":[]},{""pengirim"":""Vina"",""teks_chat"":""Setuju, mending bahas satu-satu biar jelas."",""label_intent"":""neutral"",""target"":[]},{""pengirim"":""Siska"",""teks_chat"":""Aku catat dulu klaim yang sudah masuk."",""label_intent"":""neutral"",""target"":[]},{""pengirim"":""Udin"",""teks_chat"":""Oke, biar nggak ada yang kelewat."",""label_intent"":""neutral"",""target"":[]},{""pengirim"":""Vina"",""teks_chat"":""Sip, lanjut."",""label_intent"":""neutral"",""target"":[]},{""pengirim"":""Siska"",""teks_chat"":""Balik lagi ke orang yang ngaku tadi sebelum kita ngobrolin Gag Order."",""label_intent"":""neutral"",""target"":[]}]","[""Siska"",""Tono"",""Udin"",""Vina""]","[{""pemain"":""tidak_diketahui"",""relasi"":""offend""}]"
Xena,Yaudah vote gw aja lah sekalian kalau kalian emang ga percaya!,offend,"[{""pengirim"":""Wira"",""teks_chat"":""Ini kok pada nuduh Xena terus?"",""label_intent"":""defend"",""target"":[{""pemain"":""Xena"",""relasi"":""defend""}]},{""pengirim"":""Yola"",""teks_chat"":""Aku curiga Xena Hitman karena mengajak vote Wira tanpa alasan."",""label_intent"":""offend"",""target"":[{""pemain"":""Xena"",""relasi"":""offend""}]},{""pengirim"":""Xena"",""teks_chat"":""Aku bukan Hitman, aku cuma menyampaikan dugaan yang belum kuat."",""label_intent"":""defend"",""target"":[{""pemain"":""Xena"",""relasi"":""defend""}]},{""pengirim"":""Wira"",""teks_chat"":""Xen, sekarang aku jadi curiga kamu Hitman karena ajakan vote itu."",""label_intent"":""offend"",""target"":[{""pemain"":""Xena"",""relasi"":""offend""}]},{""pengirim"":""Yola"",""teks_chat"":""Mending kita vote Xena aja ga sih?"",""label_intent"":""offend"",""target"":[{""pemain"":""Xena"",""relasi"":""offend""}]},{""pengirim"":""Xena"",""teks_chat"":""Gw bukan pelakunya woy."",""label_intent"":""defend"",""target"":[{""pemain"":""Xena"",""relasi"":""defend""}]},{""pengirim"":""Wira"",""teks_chat"":""Biar cepet kelar emang vote lu aja."",""label_intent"":""offend"",""target"":[{""pemain"":""Xena"",""relasi"":""offend""}]}]","[""Wira"",""Xena"",""Yola""]","[{""pemain"":""Xena"",""relasi"":""offend""}]"
Bella,Aku tetap curiga Andi dan Caca Hitman karena cerita mereka berubah. Aku ingin vote mereka berdua.,offend,"[{""pengirim"":""Zaki"",""teks_chat"":""Andi tadi mengajak kita vote, lalu menarik ajakannya."",""label_intent"":""neutral"",""target"":[]},{""pengirim"":""Andi"",""teks_chat"":""Iya, aku menilai alasan awalku belum kuat."",""label_intent"":""neutral"",""target"":[]},{""pengirim"":""Bella"",""teks_chat"":""Caca juga menarik ajakannya setelah membaca jawaban baru."",""label_intent"":""neutral"",""target"":[]},{""pengirim"":""Caca"",""teks_chat"":""Aku dan Andi bukan Hitman. Kami mengoreksi dugaan yang lemah."",""label_intent"":""defend"",""target"":[{""pemain"":""Caca"",""relasi"":""defend""},{""pemain"":""Andi"",""relasi"":""defend""}]},{""pengirim"":""Zaki"",""teks_chat"":""Aku curiga Caca dan Andi sedang mengubah cerita untuk lolos."",""label_intent"":""offend"",""target"":[{""pemain"":""Caca"",""relasi"":""offend""},{""pemain"":""Andi"",""relasi"":""offend""}]},{""pengirim"":""Andi"",""teks_chat"":""Aku tidak bersalah, alasan perubahanku sudah kujelaskan."",""label_intent"":""defend"",""target"":[{""pemain"":""Andi"",""relasi"":""defend""}]},{""pengirim"":""Bella"",""teks_chat"":""Aku masih curiga dia mengarang alasan."",""label_intent"":""offend"",""target"":[{""pemain"":""Andi"",""relasi"":""offend""}]},{""pengirim"":""Caca"",""teks_chat"":""Zak, aku dan Andi belum pantas dituduh hanya karena berubah pikiran."",""label_intent"":""defend"",""target"":[{""pemain"":""Caca"",""relasi"":""defend""},{""pemain"":""Andi"",""relasi"":""defend""}]},{""pengirim"":""Zaki"",""teks_chat"":""Aku akan membaca ulang jawaban kalian."",""label_intent"":""neutral"",""target"":[]}]","[""Zaki"",""Andi"",""Bella"",""Caca""]","[{""pemain"":""Andi"",""relasi"":""offend""},{""pemain"":""Caca"",""relasi"":""offend""}]"
Dika,"Rara, lu pasti hitmannya kan? Langsung vote Rara aja gais!",offend,[],"[""Dika"",""Rara""]","[{""pemain"":""Rara"",""relasi"":""offend""}]"
Budi,"Lu dari tadi nuduhnya berubah-ubah mulu, fix lu pelakunya Ndi!",offend,"[{""pengirim"":""Andi"",""teks_chat"":""Gw curiga si Budi nih pelakunya, dari tadi pasif."",""label_intent"":""offend"",""target"":[{""pemain"":""Budi"",""relasi"":""offend""}]},{""pengirim"":""Andi"",""teks_chat"":""Aku tarik tuduhanku pada Budi, alasannya belum kuat. Sekarang aku curiga Coki karena tidak menjawab pertanyaan."",""label_intent"":""offend"",""target"":[{""pemain"":""Budi"",""relasi"":""defend""},{""pemain"":""Coki"",""relasi"":""offend""}]}]","[""Andi"",""Budi"",""Coki""]","[{""pemain"":""Andi"",""relasi"":""offend""}]"
Fikri,Keliatan banget kan si Doni nuduhnya berubah-ubah terus buat ngadu domba kita berdua.,offend,"[{""pengirim"":""Doni"",""teks_chat"":""Fikri mencurigakan banget, diam aja terus."",""label_intent"":""offend"",""target"":[{""pemain"":""Fikri"",""relasi"":""offend""}]},{""pengirim"":""Erna"",""teks_chat"":""Iya bener, patut diwaspadai."",""label_intent"":""offend"",""target"":[{""pemain"":""Fikri"",""relasi"":""offend""}]},{""pengirim"":""Doni"",""teks_chat"":""Tapi tunggu, Erna lu kok langsung setuju, jangan-jangan lu yang hitman."",""label_intent"":""offend"",""target"":[{""pemain"":""Erna"",""relasi"":""offend""}]}]","[""Doni"",""Erna"",""Fikri""]","[{""pemain"":""Doni"",""relasi"":""offend""}]"
Intan,"Hani dan aku bukan Hitman. Kami baru selesai membaca chat, bukan sedang bersembunyi.",defend,"[{""pengirim"":""Galih"",""teks_chat"":""Hani sama Intan kok diam aja dari tadi, jangan-jangan kalian berdua hitmannya?"",""label_intent"":""offend"",""target"":[{""pemain"":""Hani"",""relasi"":""offend""},{""pemain"":""Intan"",""relasi"":""offend""}]}]","[""Galih"",""Hani"",""Intan""]","[{""pemain"":""Hani"",""relasi"":""defend""},{""pemain"":""Intan"",""relasi"":""defend""}]"
Kiki,"Iya, kelihatan banget dia cuma mau main aman biar gak dicurigai.",offend,"[{""pengirim"":""Jaka"",""teks_chat"":""Waktu diskusi hampir selesai, kita belum menyepakati dugaan."",""label_intent"":""neutral"",""target"":[]},{""pengirim"":""Kiki"",""teks_chat"":""Gw masih bingung banget mau vote siapa."",""label_intent"":""neutral"",""target"":[]},{""pengirim"":""Lusi"",""teks_chat"":""Ada yang punya petunjuk ga?"",""label_intent"":""neutral"",""target"":[]},{""pengirim"":""Mario"",""teks_chat"":""Belum ada yang pasti sih."",""label_intent"":""neutral"",""target"":[]},{""pengirim"":""Jaka"",""teks_chat"":""Lusi tadi ingin mengajak vote siapa?"",""label_intent"":""neutral"",""target"":[]},{""pengirim"":""Kiki"",""teks_chat"":""Lusi belum menyampaikan ajakan vote."",""label_intent"":""neutral"",""target"":[]},{""pengirim"":""Lusi"",""teks_chat"":""Iya, aku masih menunggu alasan yang lebih jelas."",""label_intent"":""neutral"",""target"":[]},{""pengirim"":""Mario"",""teks_chat"":""Mending kita diskusiin dulu sebelum pada mencet vote."",""label_intent"":""neutral"",""target"":[]},{""pengirim"":""Jaka"",""teks_chat"":""Iya jangan buru-buru, ntar kayak kemaren salah target."",""label_intent"":""neutral"",""target"":[]},{""pengirim"":""Kiki"",""teks_chat"":""Bener, gw setuju."",""label_intent"":""neutral"",""target"":[]},{""pengirim"":""Lusi"",""teks_chat"":""Kalian ada saran gak mending ke siapa?"",""label_intent"":""neutral"",""target"":[]},{""pengirim"":""Jaka"",""teks_chat"":""Mario selalu menunggu ajakan orang lain lalu ikut tanpa alasan. Aku curiga Mario Hitman."",""label_intent"":""offend"",""target"":[{""pemain"":""Mario"",""relasi"":""offend""}]}]","[""Jaka"",""Kiki"",""Lusi"",""Mario""]","[{""pemain"":""Mario"",""relasi"":""offend""}]"
Oca,Aku curiga dia Hitman karena mengganti tuduhan tanpa memberi alasan.,offend,"[{""pengirim"":""Oca"",""teks_chat"":""Sebelum lanjut soal pemain, semalam ada yang pakai skill dan mau cerita?"",""label_intent"":""neutral"",""target"":[]},{""pengirim"":""Putra"",""teks_chat"":""Aku belum mau cerita dulu, takut malah jadi incaran."",""label_intent"":""neutral"",""target"":[]},{""pengirim"":""Niko"",""teks_chat"":""Wajar sih, nanti aja kalau udah mepet vote."",""label_intent"":""neutral"",""target"":[]},{""pengirim"":""Oca"",""teks_chat"":""Oke, tapi jangan kelamaan ya."",""label_intent"":""neutral"",""target"":[]},{""pengirim"":""Putra"",""teks_chat"":""Kalau ada yang ngaku Spy, mending sebut Guard-nya ke siapa."",""label_intent"":""neutral"",""target"":[]},{""pengirim"":""Niko"",""teks_chat"":""Setuju, biar gampang dicocokkan sama cerita yang lain."",""label_intent"":""neutral"",""target"":[]},{""pengirim"":""Oca"",""teks_chat"":""Yang ngaku Stalker juga sebaiknya sebut hasil Peek-nya."",""label_intent"":""neutral"",""target"":[]},{""pengirim"":""Putra"",""teks_chat"":""Iya, klaim tanpa detail susah dipercaya."",""label_intent"":""neutral"",""target"":[]},{""pengirim"":""Niko"",""teks_chat"":""Tapi hati-hati juga, klaim bisa aja bohong."",""label_intent"":""neutral"",""target"":[]},{""pengirim"":""Oca"",""teks_chat"":""Makanya nanti kita cocokkan satu per satu."",""label_intent"":""neutral"",""target"":[]},{""pengirim"":""Putra"",""teks_chat"":""Oke, soal klaim cukup segitu dulu."",""label_intent"":""neutral"",""target"":[]},{""pengirim"":""Niko"",""teks_chat"":""Kembali ke orang yang kita bahas sebelum soal klaim tadi."",""label_intent"":""neutral"",""target"":[]}]","[""Niko"",""Oca"",""Putra"",""Reni""]","[{""pemain"":""tidak_diketahui"",""relasi"":""offend""}]"
Tio,"Umi, tebakanku kamu Hitman. Aku ingin vote Umi saat Tribunal.",offend,[],"[""Tio"",""Umi""]","[{""pemain"":""Umi"",""relasi"":""offend""}]"
Xaver,"Vian, klaimmu baru saja berubah tanpa penjelasan. Aku curiga kamu Hitman yang mengarang role.",offend,"[{""pengirim"":""Vian"",""teks_chat"":""Aku mengaku Spy dan memakai Guard semalam."",""label_intent"":""neutral"",""target"":[]},{""pengirim"":""Weni"",""teks_chat"":""Siapa yang kamu pilih, Vian?"",""label_intent"":""neutral"",""target"":[]},{""pengirim"":""Vian"",""teks_chat"":""Aku tidak punya Guard; aku mengaku Civilian."",""label_intent"":""neutral"",""target"":[]}]","[""Vian"",""Weni"",""Xaver""]","[{""pemain"":""Vian"",""relasi"":""offend""}]"
Bima,Aku masih curiga kalian berdua Hitman karena sebelumnya kompak mengajak vote tanpa alasan.,offend,"[{""pengirim"":""Yudi"",""teks_chat"":""Gw bingung deh sama Zidan sama Aldo."",""label_intent"":""neutral"",""target"":[]},{""pengirim"":""Bima"",""teks_chat"":""Kenapa kamu bingung dengan dua orang itu?"",""label_intent"":""neutral"",""target"":[]},{""pengirim"":""Yudi"",""teks_chat"":""Aku curiga Zidan dan Aldo Hitman karena sama-sama mengajak vote tanpa alasan yang jelas."",""label_intent"":""offend"",""target"":[{""pemain"":""Zidan"",""relasi"":""offend""},{""pemain"":""Aldo"",""relasi"":""offend""}]},{""pengirim"":""Zidan"",""teks_chat"":""Aku bukan Hitman, aku hanya menyampaikan dugaan yang belum matang."",""label_intent"":""defend"",""target"":[{""pemain"":""Zidan"",""relasi"":""defend""}]},{""pengirim"":""Aldo"",""teks_chat"":""Aku juga bukan Hitman. Aku ingin menarik ajakan yang belum punya alasan kuat."",""label_intent"":""defend"",""target"":[{""pemain"":""Aldo"",""relasi"":""defend""}]}]","[""Yudi"",""Zidan"",""Aldo"",""Bima""]","[{""pemain"":""Zidan"",""relasi"":""offend""},{""pemain"":""Aldo"",""relasi"":""offend""}]"
Euis,"Yaudah gw percaya Stalker, kita vote dia aja sekarang juga!",offend,"[{""pengirim"":""Cici"",""teks_chat"":""Gw stalker guys, semalem gw ngintip si Dedi dan dia hitman!"",""label_intent"":""offend"",""target"":[{""pemain"":""Dedi"",""relasi"":""offend""}]},{""pengirim"":""Euis"",""teks_chat"":""Serius? Kamu yakin sama hasil itu?"",""label_intent"":""neutral"",""target"":[]},{""pengirim"":""Dedi"",""teks_chat"":""Dih, ngarang lu, gw aja civilian biasa yang gak tau apa-apa."",""label_intent"":""defend"",""target"":[{""pemain"":""Dedi"",""relasi"":""defend""}]},{""pengirim"":""Feri"",""teks_chat"":""Kita kumpulin info dulu aja, jangan asal vote."",""label_intent"":""neutral"",""target"":[]},{""pengirim"":""Cici"",""teks_chat"":""Gw berani jamin 100 persen info gw bener."",""label_intent"":""offend"",""target"":[{""pemain"":""Dedi"",""relasi"":""offend""}]},{""pengirim"":""Euis"",""teks_chat"":""Tapi kita butuh bukti lain gak sih buat mastiin?"",""label_intent"":""neutral"",""target"":[]},{""pengirim"":""Feri"",""teks_chat"":""Benar, kalau Stalker-nya ternyata palsu gimana?"",""label_intent"":""neutral"",""target"":[]},{""pengirim"":""Cici"",""teks_chat"":""Terserah kalian kalau gak mau percaya."",""label_intent"":""neutral"",""target"":[]},{""pengirim"":""Dedi"",""teks_chat"":""Beneran gw difitnah ini mah."",""label_intent"":""defend"",""target"":[{""pemain"":""Dedi"",""relasi"":""defend""}]},{""pengirim"":""Euis"",""teks_chat"":""Gimana menurut kalian, mau ngikutin Cici gak?"",""label_intent"":""neutral"",""target"":[]},{""pengirim"":""Feri"",""teks_chat"":""Gw masih ragu sih ambil keputusan."",""label_intent"":""neutral"",""target"":[]},{""pengirim"":""Cici"",""teks_chat"":""Waktu udah mau habis nih, ayo buruan."",""label_intent"":""neutral"",""target"":[]}]","[""Cici"",""Dedi"",""Euis"",""Feri""]","[{""pemain"":""Dedi"",""relasi"":""offend""}]"
Gilang,"Hasilnya adalah Hesti bukan orang baik, dia pasti pelakunya!",offend,"[{""pengirim"":""Gilang"",""teks_chat"":""Gw semalem intip pemain pake skill gw."",""label_intent"":""neutral"",""target"":[]},{""pengirim"":""Iwan"",""teks_chat"":""Lu Stalker Lang? Intip siapa emangnya?"",""label_intent"":""neutral"",""target"":[]},{""pengirim"":""Gilang"",""teks_chat"":""Iya bener, gw intip Hesti semalem."",""label_intent"":""neutral"",""target"":[]},{""pengirim"":""Hesti"",""teks_chat"":""Wah, apa hasilnya Lang?"",""label_intent"":""neutral"",""target"":[]},{""pengirim"":""Gilang"",""teks_chat"":""Lu yakin mau gw bongkar sekarang?"",""label_intent"":""neutral"",""target"":[]},{""pengirim"":""Iwan"",""teks_chat"":""Bongkar aja, biar jelas siapa kawan siapa lawan."",""label_intent"":""neutral"",""target"":[]},{""pengirim"":""Hesti"",""teks_chat"":""Santai aja, gw mah pasti aman karena gw bukan pelakunya."",""label_intent"":""defend"",""target"":[{""pemain"":""Hesti"",""relasi"":""defend""}]},{""pengirim"":""Gilang"",""teks_chat"":""Tunggu bentar, gw baca ulang lognya biar gak salah."",""label_intent"":""neutral"",""target"":[]},{""pengirim"":""Iwan"",""teks_chat"":""Lama banget lu ngasih taunya Lang."",""label_intent"":""neutral"",""target"":[]},{""pengirim"":""Gilang"",""teks_chat"":""Oke, gw udah yakin nih sekarang."",""label_intent"":""neutral"",""target"":[]},{""pengirim"":""Hesti"",""teks_chat"":""Buruan kasih tau aja hasilnya."",""label_intent"":""neutral"",""target"":[]}]","[""Gilang"",""Hesti"",""Iwan""]","[{""pemain"":""Hesti"",""relasi"":""offend""}]"
Citra,"Aku sependapat dengan Agung, perilakunya memang sangat aneh.",offend,"[{""pengirim"":""Agung"",""teks_chat"":""Budi mengubah ajakan vote dua kali dalam diskusi tadi. Aku curiga Budi Hitman."",""label_intent"":""offend"",""target"":[{""pemain"":""Budi"",""relasi"":""offend""}]},{""pengirim"":""Citra"",""teks_chat"":""Memangnya Budi pindah ke siapa saja?"",""label_intent"":""neutral"",""target"":[]},{""pengirim"":""Agung"",""teks_chat"":""Awalnya mengajak vote Dika, lalu mengajak vote aku saat diskusi hampir selesai."",""label_intent"":""neutral"",""target"":[]},{""pengirim"":""Budi"",""teks_chat"":""Aku ragu karena Dika memberikan pembelaan yang sangat meyakinkan."",""label_intent"":""defend"",""target"":[{""pemain"":""Budi"",""relasi"":""defend""}]},{""pengirim"":""Citra"",""teks_chat"":""Pola pilihan kamu itu yg membuat permainan ini menjadi berantakan."",""label_intent"":""offend"",""target"":[{""pemain"":""Budi"",""relasi"":""offend""}]},{""pengirim"":""Budi"",""teks_chat"":""Aku sungguh tidak bermaksud membuat suasana menjadi kacau."",""label_intent"":""defend"",""target"":[{""pemain"":""Budi"",""relasi"":""defend""}]},{""pengirim"":""Agung"",""teks_chat"":""Menurutku perubahan ajakanmu itu cara Hitman mencari sasaran yang mudah."",""label_intent"":""offend"",""target"":[{""pemain"":""Budi"",""relasi"":""offend""}]}]","[""Agung"",""Budi"",""Citra"",""Dika""]","[{""pemain"":""Budi"",""relasi"":""offend""}]"
Erna,"Langsung saja kita kumpulkan suara untuk Dani, dia pasti berbohong dari awal!",offend,"[{""pengirim"":""Dani"",""teks_chat"":""Kalian mau dengar tebakanku tentang siapa pelakunya tidak?"",""label_intent"":""neutral"",""target"":[]}]","[""Dani"",""Erna""]","[{""pemain"":""Dani"",""relasi"":""offend""}]"
Faisal,"jangan jadikan gw kambing hitam, lihat si D yang selalu muncul saat voting mulai panas",offend,[],"[""Faisal"",""D""]","[{""pemain"":""Faisal"",""relasi"":""defend""},{""pemain"":""D"",""relasi"":""offend""}]"
Gilang,"Tetapi kamu sudah diam selama sepuluh menit, aku jadi curiga kamu sebenarnya pelakunya.",offend,"[{""pengirim"":""Gilang"",""teks_chat"":""Hadi dari tadi diam, tapi mungkin dia memang sedang sibuk di dunia nyata."",""label_intent"":""defend"",""target"":[{""pemain"":""Hadi"",""relasi"":""defend""}]},{""pengirim"":""Hadi"",""teks_chat"":""Iya, aku sedang makan tadi jadi tidak terlalu memperhatikan layar permainan."",""label_intent"":""defend"",""target"":[{""pemain"":""Hadi"",""relasi"":""defend""}]}]","[""Gilang"",""Hadi""]","[{""pemain"":""Hadi"",""relasi"":""offend""}]"
Intan,"Kalau dipikir-pikir lagi, alasan koneksinya memang janggal. Ayo keluarkan Jojo aja!",offend,"[{""pengirim"":""Intan"",""teks_chat"":""Mengapa pesan Jojo dari tadi selalu terpotong di tengah kalimat?"",""label_intent"":""neutral"",""target"":[]},{""pengirim"":""Kevin"",""teks_chat"":""Pesan terpotong belum tentu ada apa-apa, bisa aja koneksinya lagi jelek."",""label_intent"":""neutral"",""target"":[]},{""pengirim"":""Jojo"",""teks_chat"":""Pesanku belum selesai tadi, koneksiku sempat terputus."",""label_intent"":""neutral"",""target"":[]},{""pengirim"":""Intan"",""teks_chat"":""Jojo belum pantas dituduh, koneksi bisa membuat pesan terlambat masuk."",""label_intent"":""defend"",""target"":[{""pemain"":""Jojo"",""relasi"":""defend""}]},{""pengirim"":""Kevin"",""teks_chat"":""Aku justru curiga Jojo Hitman yang memakai alasan koneksi untuk menghindar."",""label_intent"":""offend"",""target"":[{""pemain"":""Jojo"",""relasi"":""offend""}]}]","[""Intan"",""Kevin"",""Jojo""]","[{""pemain"":""Jojo"",""relasi"":""offend""}]"
Lina,Aku ingin vote dia karena terus mengajak orang tanpa alasan. Aku curiga dia Hitman.,offend,"[{""pengirim"":""Lina"",""teks_chat"":""Bentar, sebelum lanjut, semalam ada yang ngerasa aneh nggak?"",""label_intent"":""neutral"",""target"":[]},{""pengirim"":""Putri"",""teks_chat"":""Aku nggak ngerasain apa-apa sih."",""label_intent"":""neutral"",""target"":[]},{""pengirim"":""Nanda"",""teks_chat"":""Ada yang mau ngaku Spy atau Stalker nggak?"",""label_intent"":""neutral"",""target"":[]},{""pengirim"":""Lina"",""teks_chat"":""Kalau ada, mending share sekarang sebelum waktunya habis."",""label_intent"":""neutral"",""target"":[]},{""pengirim"":""Putri"",""teks_chat"":""Tapi hati-hati, yang ngaku duluan bisa diincer malam nanti."",""label_intent"":""neutral"",""target"":[]},{""pengirim"":""Nanda"",""teks_chat"":""Terus gimana kita tahu klaimnya jujur?"",""label_intent"":""neutral"",""target"":[]},{""pengirim"":""Lina"",""teks_chat"":""Nggak bisa pasti sih, cuma bisa dicocokin sama omongan sebelumnya."",""label_intent"":""neutral"",""target"":[]},{""pengirim"":""Putri"",""teks_chat"":""Iya, kalau ceritanya berubah-ubah baru patut dicurigai."",""label_intent"":""neutral"",""target"":[]},{""pengirim"":""Nanda"",""teks_chat"":""Oke, sejauh ini belum ada yang ngaku juga ya."",""label_intent"":""neutral"",""target"":[]},{""pengirim"":""Lina"",""teks_chat"":""Belum, semua masih main aman."",""label_intent"":""neutral"",""target"":[]},{""pengirim"":""Putri"",""teks_chat"":""Waktu tinggal sedikit nih, fokus lagi yuk."",""label_intent"":""neutral"",""target"":[]},{""pengirim"":""Nanda"",""teks_chat"":""Balik ke obrolan awal tadi, sebelum kita ngelantur."",""label_intent"":""neutral"",""target"":[]}]","[""Lina"",""Nanda"",""Opan"",""Putri""]","[{""pemain"":""tidak_diketahui"",""relasi"":""offend""}]"
Reza,"Kembali ke klaim tadi, aku curiga Siska Hitman dan ingin vote Siska saat Tribunal.",offend,"[{""pengirim"":""Reza"",""teks_chat"":""Siska tadi mengaku Spy, sekarang Stalker. Aku curiga Siska sedang mengarang role."",""label_intent"":""offend"",""target"":[{""pemain"":""Siska"",""relasi"":""offend""}]},{""pengirim"":""Siska"",""teks_chat"":""Aku bukan Hitman. Pesan pertama salah ketik, yang kumaksud Stalker."",""label_intent"":""defend"",""target"":[{""pemain"":""Siska"",""relasi"":""defend""}]},{""pengirim"":""Tora"",""teks_chat"":""Pernyataan yang bertentangan itu sangat mencurigakan lho."",""label_intent"":""offend"",""target"":[{""pemain"":""Siska"",""relasi"":""offend""}]},{""pengirim"":""Umi"",""teks_chat"":""Teman-teman, waktu kita tersisa lima puluh detik lagi!"",""label_intent"":""neutral"",""target"":[]},{""pengirim"":""Reza"",""teks_chat"":""Waktu berjalan sangat cepat rupanya."",""label_intent"":""neutral"",""target"":[]},{""pengirim"":""Tora"",""teks_chat"":""Iya, tdk terasa waktu diskusi hampir selesai."",""label_intent"":""neutral"",""target"":[]},{""pengirim"":""Umi"",""teks_chat"":""Ayo segera putuskan pilihan sebelum terlambat."",""label_intent"":""neutral"",""target"":[]},{""pengirim"":""Reza"",""teks_chat"":""Aku rasa kita sudah tahu siapa pembohong di antara kita."",""label_intent"":""offend"",""target"":[{""pemain"":""Siska"",""relasi"":""offend""}]},{""pengirim"":""Tora"",""teks_chat"":""Benar, omongannya sama sekali tidak bisa dipercaya."",""label_intent"":""offend"",""target"":[{""pemain"":""Siska"",""relasi"":""offend""}]},{""pengirim"":""Siska"",""teks_chat"":""Aku tidak bersalah. Kesalahan ketik nama role tadi bukan berarti aku pelakunya."",""label_intent"":""defend"",""target"":[{""pemain"":""Siska"",""relasi"":""defend""}]},{""pengirim"":""Umi"",""teks_chat"":""Itu alasan yang terlalu sering dipakai penjahat."",""label_intent"":""offend"",""target"":[{""pemain"":""Siska"",""relasi"":""offend""}]}]","[""Reza"",""Siska"",""Tora"",""Umi""]","[{""pemain"":""Siska"",""relasi"":""offend""}]"
Vian,"jangan langsung eksekusi gw, cek dulu kenapa si Riko ngotot banget menggiring vote",offend,[],"[""Vian"",""Riko""]","[{""pemain"":""Vian"",""relasi"":""defend""},{""pemain"":""Riko"",""relasi"":""offend""}]"
Zaki,"Kalian sungguh salah paham, aku bukan orang jahat yang sedang kalian cari!",defend,"[{""pengirim"":""Wira"",""teks_chat"":""Zaki, aku curiga kamu Hitman karena langsung panik sebelum ada yang menuduh."",""label_intent"":""offend"",""target"":[{""pemain"":""Zaki"",""relasi"":""offend""}]},{""pengirim"":""Zaki"",""teks_chat"":""Aku hanya takut dijadikan target sasaran kalian secara sembarangan."",""label_intent"":""defend"",""target"":[{""pemain"":""Zaki"",""relasi"":""defend""}]},{""pengirim"":""Wira"",""teks_chat"":""Biasanya penjahat yang bereaksi terlalu cepat untuk membela diri."",""label_intent"":""offend"",""target"":[{""pemain"":""Zaki"",""relasi"":""offend""}]},{""pengirim"":""Zara"",""teks_chat"":""Aku setuju, sikapnya itu sangat tidak wajar untuk orang baik."",""label_intent"":""offend"",""target"":[{""pemain"":""Zaki"",""relasi"":""offend""}]}]","[""Wira"",""Zaki"",""Zara""]","[{""pemain"":""Zaki"",""relasi"":""defend""}]"
Bunga,"Aldo, aku tarik tuduhanku. Kamu belum pantas disebut Hitman tanpa alasan selain klaim yang belum terbukti.",defend,"[{""pengirim"":""Aldo"",""teks_chat"":""Aku mengaku Spy dan memilih Guard untuk Coki semalam."",""label_intent"":""neutral"",""target"":[]},{""pengirim"":""Bunga"",""teks_chat"":""Aldo, aku curiga kamu memakai klaim Spy palsu agar tidak divote."",""label_intent"":""offend"",""target"":[{""pemain"":""Aldo"",""relasi"":""offend""}]},{""pengirim"":""Coki"",""teks_chat"":""Aku juga curiga dia Hitman yang sedang mengarang role."",""label_intent"":""offend"",""target"":[{""pemain"":""Aldo"",""relasi"":""offend""}]},{""pengirim"":""Aldo"",""teks_chat"":""Aku bukan Hitman, aku tetap pada klaim pilihan Guard tadi."",""label_intent"":""defend"",""target"":[{""pemain"":""Aldo"",""relasi"":""defend""}]}]","[""Aldo"",""Bunga"",""Coki""]","[{""pemain"":""Aldo"",""relasi"":""defend""}]"
Eka,"Kalau harus memilih dari awal, vote aku saja. Aku siap jadi pilihan kalian.",offend,[],"[""Eka""]","[{""pemain"":""Eka"",""relasi"":""offend""}]"
Bagus,"Eh tapi setelah aku pikir-pikir, diamnya Cindy terlalu lama, fix dia hitmannya yang lagi sembunyi!",offend,"[{""pengirim"":""Bagus"",""teks_chat"":""Cindy belum pantas dituduh hanya karena diam. Mungkin ada masalah koneksi atau urusan lain."",""label_intent"":""defend"",""target"":[{""pemain"":""Cindy"",""relasi"":""defend""}]}]","[""Bagus"",""Cindy""]","[{""pemain"":""Cindy"",""relasi"":""offend""}]"
Hana,"Aku belum punya alasan menuduh Indra, jadi jangan langsung vote Indra.",defend,[],"[""Hana"",""Indra""]","[{""pemain"":""Indra"",""relasi"":""defend""}]"
Dodi,"Faris, kenapa kamu langsung membela diri sebelum dituduh? Aku curiga kamu pelakunya.",offend,"[{""pengirim"":""Dodi"",""teks_chat"":""Ada yang aneh nggak sih sama diskusi kita di awal tadi?"",""label_intent"":""neutral"",""target"":[]},{""pengirim"":""Faris"",""teks_chat"":""Aneh gimana maksudnya?"",""label_intent"":""neutral"",""target"":[]},{""pengirim"":""Gita"",""teks_chat"":""Iya, kok tadi ada yang buru-buru banget membela diri?"",""label_intent"":""neutral"",""target"":[]},{""pengirim"":""Faris"",""teks_chat"":""Aku cuma nggak mau dituduh aja dari awal gara-gara diam."",""label_intent"":""defend"",""target"":[{""pemain"":""Faris"",""relasi"":""defend""}]},{""pengirim"":""Dodi"",""teks_chat"":""Faris, aku curiga kamu Hitman karena membela diri sebelum ada yang menuduh."",""label_intent"":""offend"",""target"":[{""pemain"":""Faris"",""relasi"":""offend""}]},{""pengirim"":""Gita"",""teks_chat"":""Nah itu, kelihatan panik duluan."",""label_intent"":""offend"",""target"":[{""pemain"":""Faris"",""relasi"":""offend""}]},{""pengirim"":""Faris"",""teks_chat"":""Aku bukan Hitman, cuma waspada karena sering difitnah."",""label_intent"":""defend"",""target"":[{""pemain"":""Faris"",""relasi"":""defend""}]},{""pengirim"":""Gita"",""teks_chat"":""Alasan klise banget itu mah."",""label_intent"":""offend"",""target"":[{""pemain"":""Faris"",""relasi"":""offend""}]}]","[""Dodi"",""Faris"",""Gita""]","[{""pemain"":""Faris"",""relasi"":""offend""}]"
Galih,"Sebelum ada yang nuduh macam-macam, aku mau bilang dari awal kalau aku orang baik dan cuma civilian biasa.",defend,[],"[""Galih""]","[{""pemain"":""Galih"",""relasi"":""defend""}]"
Lina,Aku bukan Hitman. Klaim hasil Peek itu tidak benar menurutku.,defend,"[{""pengirim"":""Mamat"",""teks_chat"":""Aku Stalker, semalam aku Peek Lina dan hasilnya dia Hitman."",""label_intent"":""offend"",""target"":[{""pemain"":""Lina"",""relasi"":""offend""}]}]","[""Lina"",""Mamat""]","[{""pemain"":""Lina"",""relasi"":""defend""}]"
Yana,Mereka berdua belum pantas dituduh sebagai Hitman hanya karena mengoreksi dugaan.,defend,"[{""pengirim"":""Yana"",""teks_chat"":""Rina sama Tio ini kok tuduhannya mencla-mencle banget ya dari tadi?"",""label_intent"":""offend"",""target"":[{""pemain"":""Rina"",""relasi"":""offend""},{""pemain"":""Tio"",""relasi"":""offend""}]},{""pengirim"":""Rina"",""teks_chat"":""Aku dan Tio bukan pelakunya. Kami mengubah dugaan setelah membaca penjelasan baru."",""label_intent"":""defend"",""target"":[{""pemain"":""Rina"",""relasi"":""defend""},{""pemain"":""Tio"",""relasi"":""defend""}]},{""pengirim"":""Tio"",""teks_chat"":""Aku dan Rina tidak bersalah. Pendapat kami mengikuti isi chat yang baru dibaca."",""label_intent"":""defend"",""target"":[{""pemain"":""Tio"",""relasi"":""defend""},{""pemain"":""Rina"",""relasi"":""defend""}]},{""pengirim"":""Zaki"",""teks_chat"":""Awalnya kalian menuduh aku, lalu beralih ke Yana. Aku curiga kalian sedang mencari kambing hitam."",""label_intent"":""offend"",""target"":[{""pemain"":""Rina"",""relasi"":""offend""},{""pemain"":""Tio"",""relasi"":""offend""}]},{""pengirim"":""Yana"",""teks_chat"":""Makanya, pola ganti target itu mencurigakan banget menurutku."",""label_intent"":""offend"",""target"":[{""pemain"":""Rina"",""relasi"":""offend""},{""pemain"":""Tio"",""relasi"":""offend""}]},{""pengirim"":""Zaki"",""teks_chat"":""Bener banget, kelihatan kayak lagi nyari kambing hitam aja."",""label_intent"":""offend"",""target"":[{""pemain"":""Rina"",""relasi"":""offend""},{""pemain"":""Tio"",""relasi"":""offend""}]},{""pengirim"":""Rina"",""teks_chat"":""Aku dan Tio bukan Hitman, kami tidak sedang mencari kambing hitam."",""label_intent"":""defend"",""target"":[{""pemain"":""Rina"",""relasi"":""defend""},{""pemain"":""Tio"",""relasi"":""defend""}]},{""pengirim"":""Tio"",""teks_chat"":""Aku dan Rina hanya mengoreksi dugaan sebelumnya, bukan sedang memfitnah."",""label_intent"":""defend"",""target"":[{""pemain"":""Rina"",""relasi"":""defend""},{""pemain"":""Tio"",""relasi"":""defend""}]}]","[""Rina"",""Tio"",""Yana"",""Zaki""]","[{""pemain"":""Rina"",""relasi"":""defend""},{""pemain"":""Tio"",""relasi"":""defend""}]"
Putri,"Kembali ke ajakan vote tadi, aku curiga dia sedang mengubah cerita untuk menutupi role Hitman.",offend,"[{""pengirim"":""Nisa"",""teks_chat"":""Omar, aku curiga kamu Hitman karena belum menjawab pertanyaan soal ajakan vote."",""label_intent"":""offend"",""target"":[{""pemain"":""Omar"",""relasi"":""offend""}]},{""pengirim"":""Omar"",""teks_chat"":""Aku bukan Hitman. Aku menarik ajakan itu karena alasannya belum kuat."",""label_intent"":""defend"",""target"":[{""pemain"":""Omar"",""relasi"":""defend""}]},{""pengirim"":""Putri"",""teks_chat"":""Waktu ronde ini sisa 30 detik lagi guys!"",""label_intent"":""neutral"",""target"":[]},{""pengirim"":""Qori"",""teks_chat"":""Waduh cepet banget ya waktunya habis."",""label_intent"":""neutral"",""target"":[]},{""pengirim"":""Nisa"",""teks_chat"":""Ayo buruan kita kumpulin kesimpulan sebelum terlambat."",""label_intent"":""neutral"",""target"":[]},{""pengirim"":""Putri"",""teks_chat"":""Iya, waktu diskusi hampir selesai."",""label_intent"":""neutral"",""target"":[]},{""pengirim"":""Qori"",""teks_chat"":""Siap-siap aja deh jaga diri masing-masing."",""label_intent"":""neutral"",""target"":[]},{""pengirim"":""Nisa"",""teks_chat"":""Tapi tetep aja, jawaban dia tadi nggak meyakinkan sama sekali."",""label_intent"":""offend"",""target"":[{""pemain"":""Omar"",""relasi"":""offend""}]}]","[""Nisa"",""Omar"",""Putri"",""Qori""]","[{""pemain"":""Omar"",""relasi"":""offend""}]"
Tomi,Aku juga curiga dia sengaja menghilang biar nggak ditanya-tanya.,offend,"[{""pengirim"":""Sari"",""teks_chat"":""Tomi dan Umar sama-sama bertanya soal penyebab pemain diam."",""label_intent"":""neutral"",""target"":[]},{""pengirim"":""Tomi"",""teks_chat"":""Aku belum tahu apakah karena koneksi atau efek skill."",""label_intent"":""neutral"",""target"":[]},{""pengirim"":""Umar"",""teks_chat"":""Tadi ada dua orang yang pesannya kepotong terus tiba-tiba hilang, kan?"",""label_intent"":""neutral"",""target"":[]},{""pengirim"":""Sari"",""teks_chat"":""Iya, aku juga lihat, tapi belum tentu disengaja."",""label_intent"":""neutral"",""target"":[]},{""pengirim"":""Tomi"",""teks_chat"":""Kita hanya melihat chat yang berhasil terkirim."",""label_intent"":""neutral"",""target"":[]},{""pengirim"":""Umar"",""teks_chat"":""Dan kita belum tahu pasti siapa korban Hostage."",""label_intent"":""neutral"",""target"":[]},{""pengirim"":""Sari"",""teks_chat"":""Obrolan ini ngebantu kita nentuin dugaan nggak sih? Aku blm nangkep arahnya."",""label_intent"":""neutral"",""target"":[]},{""pengirim"":""Tomi"",""teks_chat"":""Setidaknya kita tidak langsung menyamakan diam dengan role tertentu."",""label_intent"":""neutral"",""target"":[]},{""pengirim"":""Umar"",""teks_chat"":""Iya, itu juga alasanku bertanya."",""label_intent"":""neutral"",""target"":[]},{""pengirim"":""Sari"",""teks_chat"":""Aku justru curiga salah satu dari dua orang yang tadi sempat hilang itu Hitman, tetapi belum mau menyebut siapa."",""label_intent"":""offend"",""target"":[{""pemain"":""tidak_diketahui"",""relasi"":""offend""}]}]","[""Sari"",""Tomi"",""Umar""]","[{""pemain"":""tidak_diketahui"",""relasi"":""offend""}]"
Vera,"Pokoknya aku tetep curiga, cara dia panik duluan padahal belum disentuh itu sus banget!",offend,"[{""pengirim"":""Vera"",""teks_chat"":""Wawan, kamu langsung membela diri sebelum ditanya. Aku curiga kamu Hitman."",""label_intent"":""offend"",""target"":[{""pemain"":""Wawan"",""relasi"":""offend""}]},{""pengirim"":""Wawan"",""teks_chat"":""Ya aku cuma mau mastiin posisi aja biar nggak gampang difitnah."",""label_intent"":""defend"",""target"":[{""pemain"":""Wawan"",""relasi"":""defend""}]},{""pengirim"":""Yudi"",""teks_chat"":""Aku juga curiga dia Hitman karena cepat sekali membela diri."",""label_intent"":""offend"",""target"":[{""pemain"":""Wawan"",""relasi"":""offend""}]},{""pengirim"":""Vera"",""teks_chat"":""Itu dia yang bikin aku curiga dari tadi."",""label_intent"":""offend"",""target"":[{""pemain"":""Wawan"",""relasi"":""offend""}]},{""pengirim"":""Wawan"",""teks_chat"":""Aku Civilian, bukan Hitman. Jangan asal menuduh."",""label_intent"":""defend"",""target"":[{""pemain"":""Wawan"",""relasi"":""defend""}]},{""pengirim"":""Yudi"",""teks_chat"":""Coba baca pesan lain, ada klaim yang perlu dibahas?"",""label_intent"":""neutral"",""target"":[]},{""pengirim"":""Vera"",""teks_chat"":""Sejauh ini sih baru itu aja yang kelihatan mencolok."",""label_intent"":""neutral"",""target"":[]},{""pengirim"":""Yudi"",""teks_chat"":""Mungkin kita kumpulin bukti yang lain aja dulu."",""label_intent"":""neutral"",""target"":[]},{""pengirim"":""Wawan"",""teks_chat"":""Bener, mending fokus cari pelaku asli daripada terus mojokkin aku."",""label_intent"":""defend"",""target"":[{""pemain"":""Wawan"",""relasi"":""defend""}]},{""pengirim"":""Vera"",""teks_chat"":""Ada yang ingin membagikan klaim role setelah pembahasan ini?"",""label_intent"":""neutral"",""target"":[]},{""pengirim"":""Yudi"",""teks_chat"":""Aku belum ingin membagikan klaim sekarang."",""label_intent"":""neutral"",""target"":[]},{""pengirim"":""Wawan"",""teks_chat"":""Oke, kita bisa melanjutkan diskusi dari pesan yang sudah ada."",""label_intent"":""neutral"",""target"":[]}]","[""Vera"",""Wawan"",""Yudi""]","[{""pemain"":""Wawan"",""relasi"":""offend""}]"
Agung,"Tuduhan kalian berdua berubah-ubah terus, pasti kalian berdua adalah pelakunya!",offend,"[{""pengirim"":""Agung"",""teks_chat"":""Budi dan Cici berubah tuduhan tanpa alasan. Aku curiga Budi dan Cici Hitman."",""label_intent"":""offend"",""target"":[{""pemain"":""Budi"",""relasi"":""offend""},{""pemain"":""Cici"",""relasi"":""offend""}]},{""pengirim"":""Budi"",""teks_chat"":""Aku tarik tuduhanku pada Dedi, alasannya belum kuat. Sekarang aku curiga Eka."",""label_intent"":""offend"",""target"":[{""pemain"":""Dedi"",""relasi"":""defend""},{""pemain"":""Eka"",""relasi"":""offend""}]},{""pengirim"":""Cici"",""teks_chat"":""Betul, aku juga sekarang merasa Eka pelakunya."",""label_intent"":""offend"",""target"":[{""pemain"":""Eka"",""relasi"":""offend""}]}]","[""Agung"",""Budi"",""Cici"",""Dedi"",""Eka""]","[{""pemain"":""Budi"",""relasi"":""offend""},{""pemain"":""Cici"",""relasi"":""offend""}]"
Intan,"Jangan buang waktu, dia pasti berbohong soal perannya, mari kita keluarkan dia!",offend,"[{""pengirim"":""Farhan"",""teks_chat"":""Oke, malam pertama sudah lewat, ada info apa?"",""label_intent"":""neutral"",""target"":[]},{""pengirim"":""Gita"",""teks_chat"":""Belum ada informasi sama sekali sejauh ini."",""label_intent"":""neutral"",""target"":[]},{""pengirim"":""Hadi"",""teks_chat"":""Ada yang ingin membagikan klaim pilihan Guard?"",""label_intent"":""neutral"",""target"":[]},{""pengirim"":""Intan"",""teks_chat"":""Semalam ada yang disandera, tapi kita nggak tahu siapa."",""label_intent"":""neutral"",""target"":[]},{""pengirim"":""Farhan"",""teks_chat"":""Ada yang punya petunjuk soal role orang lain?"",""label_intent"":""neutral"",""target"":[]},{""pengirim"":""Gita"",""teks_chat"":""Joko mengaku Spy tanpa penjelasan. Aku curiga Joko memakai klaim itu untuk mencari aman."",""label_intent"":""offend"",""target"":[{""pemain"":""Joko"",""relasi"":""offend""}]},{""pengirim"":""Joko"",""teks_chat"":""Aku bukan Hitman. Aku mengaku memilih Guard untuk Hadi semalam."",""label_intent"":""defend"",""target"":[{""pemain"":""Joko"",""relasi"":""defend""}]},{""pengirim"":""Hadi"",""teks_chat"":""Klaimnya bisa dipercaya nggak ya?"",""label_intent"":""neutral"",""target"":[]},{""pengirim"":""Intan"",""teks_chat"":""Menurut aku dia bisa saja berbohong soal itu."",""label_intent"":""offend"",""target"":[{""pemain"":""Joko"",""relasi"":""offend""}]},{""pengirim"":""Farhan"",""teks_chat"":""Kita harus memastikan dahulu sebelum menuduh."",""label_intent"":""neutral"",""target"":[]},{""pengirim"":""Gita"",""teks_chat"":""Kita bisa bertanya lebih lanjut tentang klaim pilihan Guard itu."",""label_intent"":""neutral"",""target"":[]},{""pengirim"":""Hadi"",""teks_chat"":""Waktu kita hampir habis untuk ronde ini."",""label_intent"":""neutral"",""target"":[]}]","[""Farhan"",""Gita"",""Hadi"",""Intan"",""Joko""]","[{""pemain"":""Joko"",""relasi"":""offend""}]"
Lala,"Aku juga curiga dia sengaja mengulur waktu, aku ingin vote dia.",offend,"[{""pengirim"":""Kiki"",""teks_chat"":""Kalian semua membahas apa tadi di awal?"",""label_intent"":""neutral"",""target"":[]},{""pengirim"":""Lala"",""teks_chat"":""Kami membahas siapa yang paling pasif dalam diskusi ini."",""label_intent"":""neutral"",""target"":[]},{""pengirim"":""Maman"",""teks_chat"":""Ada yang merasa aneh tidak dengan jalannya diskusi kita?"",""label_intent"":""neutral"",""target"":[]},{""pengirim"":""Nina"",""teks_chat"":""Semuanya terlihat biasa saja sejauh ini."",""label_intent"":""neutral"",""target"":[]},{""pengirim"":""Kiki"",""teks_chat"":""Menurut aku juga aman-aman saja sih."",""label_intent"":""neutral"",""target"":[]},{""pengirim"":""Lala"",""teks_chat"":""Tetapi ada satu orang yang membalas pesannya selalu tertinggal."",""label_intent"":""neutral"",""target"":[]},{""pengirim"":""Maman"",""teks_chat"":""Siapa orang yang kamu maksud itu?"",""label_intent"":""neutral"",""target"":[]},{""pengirim"":""Nina"",""teks_chat"":""Iya, coba sebutkan siapa orangnya."",""label_intent"":""neutral"",""target"":[]},{""pengirim"":""Kiki"",""teks_chat"":""Aku sungguh tidak memperhatikan hal sekecil itu."",""label_intent"":""neutral"",""target"":[]},{""pengirim"":""Lala"",""teks_chat"":""Coba kalian baca ulang perlahan dari atas."",""label_intent"":""neutral"",""target"":[]},{""pengirim"":""Maman"",""teks_chat"":""Oh iya, memang ada yang sangat janggal."",""label_intent"":""neutral"",""target"":[]},{""pengirim"":""Nina"",""teks_chat"":""Oki belum menjawab pertanyaan soal ajakan vote. Aku curiga Oki Hitman."",""label_intent"":""offend"",""target"":[{""pemain"":""Oki"",""relasi"":""offend""}]}]","[""Kiki"",""Lala"",""Maman"",""Nina"",""Oki""]","[{""pemain"":""Oki"",""relasi"":""offend""}]"
Sani,"Aku tetap tidak percaya, orang yang pesannya selalu telat itu pasti hitman, kita pilih dia!",offend,"[{""pengirim"":""Rina"",""teks_chat"":""Mungkin dia sedang ada masalah dengan jaringan internetnya."",""label_intent"":""defend"",""target"":[{""pemain"":""Qori"",""relasi"":""defend""}]},{""pengirim"":""Sani"",""teks_chat"":""Atau jangan-jangan dia sedang sibuk menyusun rencana jahat."",""label_intent"":""offend"",""target"":[{""pemain"":""Qori"",""relasi"":""offend""}]},{""pengirim"":""Tomi"",""teks_chat"":""Bisa jadi, hal seperti itu sering terjadi di permainan ini."",""label_intent"":""neutral"",""target"":[]},{""pengirim"":""Putra"",""teks_chat"":""Kita tidak boleh langsung menuduh tanpa bukti yang kuat."",""label_intent"":""defend"",""target"":[{""pemain"":""Qori"",""relasi"":""defend""}]},{""pengirim"":""Rina"",""teks_chat"":""Iya, aku rasa dia hanya warga biasa."",""label_intent"":""defend"",""target"":[{""pemain"":""Qori"",""relasi"":""defend""}]},{""pengirim"":""Sani"",""teks_chat"":""Alasan itu nggak bikin aku berhenti curiga dia Hitman."",""label_intent"":""offend"",""target"":[{""pemain"":""Qori"",""relasi"":""offend""}]},{""pengirim"":""Tomi"",""teks_chat"":""Gimana kalau kita biarin dulu aja untuk sekarang?"",""label_intent"":""neutral"",""target"":[]},{""pengirim"":""Putra"",""teks_chat"":""Aku setuju, kita pantau saja perkembangannya nanti."",""label_intent"":""neutral"",""target"":[]},{""pengirim"":""Rina"",""teks_chat"":""Semoga dia segera merespons dengan jelas."",""label_intent"":""neutral"",""target"":[]},{""pengirim"":""Sani"",""teks_chat"":""Waktu ronde pertama ini sudah mau selesai."",""label_intent"":""neutral"",""target"":[]},{""pengirim"":""Tomi"",""teks_chat"":""Belum ada keputusan yang bulat di antara kita semua."",""label_intent"":""neutral"",""target"":[]},{""pengirim"":""Putra"",""teks_chat"":""Ayo tentukan dugaan sebelum waktu diskusi selesai."",""label_intent"":""neutral"",""target"":[]}]","[""Putra"",""Qori"",""Rina"",""Sani"",""Tomi""]","[{""pemain"":""Qori"",""relasi"":""offend""}]"
Vina,"Ternyata Xena bukan orang baik, dia penjahatnya!",offend,"[{""pengirim"":""Umar"",""teks_chat"":""Ada yang punya petunjuk dari semalam?"",""label_intent"":""neutral"",""target"":[]},{""pengirim"":""Vina"",""teks_chat"":""Aku Stalker, aku sudah mengintip seseorang."",""label_intent"":""neutral"",""target"":[]},{""pengirim"":""Wawan"",""teks_chat"":""Bagus sekali Vina, siapa yang kamu intip semalam?"",""label_intent"":""neutral"",""target"":[]},{""pengirim"":""Vina"",""teks_chat"":""Aku memutuskan untuk mengintip Xena."",""label_intent"":""neutral"",""target"":[]},{""pengirim"":""Xena"",""teks_chat"":""Wah, silakan sebutkan hasilnya Vina, aku pasti aman."",""label_intent"":""defend"",""target"":[{""pemain"":""Xena"",""relasi"":""defend""}]},{""pengirim"":""Umar"",""teks_chat"":""Jangan ditahan Vina, beritahu kami sekarang."",""label_intent"":""neutral"",""target"":[]},{""pengirim"":""Wawan"",""teks_chat"":""Cepet kasih tau, biar kita bisa langsung ambil keputusan."",""label_intent"":""neutral"",""target"":[]},{""pengirim"":""Vina"",""teks_chat"":""Aku sedang memastikan ulang catatannya di layar."",""label_intent"":""neutral"",""target"":[]},{""pengirim"":""Xena"",""teks_chat"":""Tidak usah ragu, aku seratus persen warga biasa."",""label_intent"":""defend"",""target"":[{""pemain"":""Xena"",""relasi"":""defend""}]}]","[""Umar"",""Vina"",""Wawan"",""Xena""]","[{""pemain"":""Xena"",""relasi"":""offend""}]"
Bayu,"Cita pesannya selalu terpotong dan telat sedari awal, Cita pasti pelakunya!",offend,"[{""pengirim"":""Yusuf"",""teks_chat"":""Diskusinya sepi sekali ya di awal ronde ini."",""label_intent"":""neutral"",""target"":[]},{""pengirim"":""Zara"",""teks_chat"":""Iya, pada ke mana semua orang ini?"",""label_intent"":""neutral"",""target"":[]},{""pengirim"":""Aldo"",""teks_chat"":""Aku sedang membaca ulang riwayat pesan di atas."",""label_intent"":""neutral"",""target"":[]},{""pengirim"":""Bayu"",""teks_chat"":""Nemu sesuatu yang menarik nggak?"",""label_intent"":""neutral"",""target"":[]},{""pengirim"":""Yusuf"",""teks_chat"":""Sepertinya ada yang jarang sekali membalas chat kita."",""label_intent"":""neutral"",""target"":[]},{""pengirim"":""Zara"",""teks_chat"":""Benar, beberapa orang hanya mengirim satu kalimat pendek."",""label_intent"":""neutral"",""target"":[]},{""pengirim"":""Aldo"",""teks_chat"":""Itu hal yang wajar kalau mereka sedang bingung."",""label_intent"":""neutral"",""target"":[]},{""pengirim"":""Bayu"",""teks_chat"":""Tetapi tidak membalas sama sekali itu sangat aneh."",""label_intent"":""neutral"",""target"":[]},{""pengirim"":""Yusuf"",""teks_chat"":""Siapa yang paling kalian curigai saat ini?"",""label_intent"":""neutral"",""target"":[]},{""pengirim"":""Zara"",""teks_chat"":""Aku belum yakin seratus persen menuduh siapa."",""label_intent"":""neutral"",""target"":[]},{""pengirim"":""Aldo"",""teks_chat"":""Coba kita panggil orangnya biar ikut ngomong."",""label_intent"":""neutral"",""target"":[]}]","[""Yusuf"",""Zara"",""Aldo"",""Bayu"",""Cita""]","[{""pemain"":""Cita"",""relasi"":""offend""}]"
Deni,Aku juga curiga dia ingin membingungkan kita. Aku akan vote dia.,offend,"[{""pengirim"":""Deni"",""teks_chat"":""Siapa yang menarik ajakan vote di diskusi tadi?"",""label_intent"":""neutral"",""target"":[]},{""pengirim"":""Eka"",""teks_chat"":""Ada beberapa pesan perubahan dugaan yang belum kubaca."",""label_intent"":""neutral"",""target"":[]},{""pengirim"":""Feri"",""teks_chat"":""Kita perlu mencatat alasannya juga."",""label_intent"":""neutral"",""target"":[]},{""pengirim"":""Gita"",""teks_chat"":""Iya, jangan hanya melihat nama yang berubah."",""label_intent"":""neutral"",""target"":[]},{""pengirim"":""Deni"",""teks_chat"":""Ada yang sudah membaca urutan chatnya?"",""label_intent"":""neutral"",""target"":[]},{""pengirim"":""Eka"",""teks_chat"":""Belum selesai, pesannya cukup banyak."",""label_intent"":""neutral"",""target"":[]},{""pengirim"":""Feri"",""teks_chat"":""Kalau ada penjelasan baru, perubahan dugaan bisa masuk akal."",""label_intent"":""neutral"",""target"":[]},{""pengirim"":""Gita"",""teks_chat"":""Benar, tetapi perubahan tanpa alasan tetap bisa ditanyakan."",""label_intent"":""neutral"",""target"":[]},{""pengirim"":""Deni"",""teks_chat"":""Kita bahas satu orang dulu agar jelas."",""label_intent"":""neutral"",""target"":[]},{""pengirim"":""Eka"",""teks_chat"":""Siapa yang paling sering mengganti ajakan vote?"",""label_intent"":""neutral"",""target"":[]},{""pengirim"":""Feri"",""teks_chat"":""Aku sedang membaca riwayat chat sejak awal."",""label_intent"":""neutral"",""target"":[]},{""pengirim"":""Gita"",""teks_chat"":""Hari berganti ajakan vote berulang kali tanpa alasan. Aku curiga Hari Hitman."",""label_intent"":""offend"",""target"":[{""pemain"":""Hari"",""relasi"":""offend""}]}]","[""Deni"",""Eka"",""Feri"",""Gita"",""Hari""]","[{""pemain"":""Hari"",""relasi"":""offend""}]"
Iwan,"Kalau memang kalian semua sudah tidak percaya dengan penjelasanku, pilih saja aku sekalian!",offend,"[{""pengirim"":""Iwan"",""teks_chat"":""Aku Stalker dan aku mempunyai informasi penting."",""label_intent"":""neutral"",""target"":[]},{""pengirim"":""Jaka"",""teks_chat"":""Coba bagikan infonya ke kita, Iwan."",""label_intent"":""neutral"",""target"":[]},{""pengirim"":""Iwan"",""teks_chat"":""Semalam aku Peek Kiki, tapi hasilnya belum mau kubagikan."",""label_intent"":""neutral"",""target"":[]},{""pengirim"":""Kiki"",""teks_chat"":""Aku curiga Iwan Hitman yang memakai klaim tanpa hasil untuk mencari aman."",""label_intent"":""offend"",""target"":[{""pemain"":""Iwan"",""relasi"":""offend""}]},{""pengirim"":""Lina"",""teks_chat"":""Aku juga curiga dia mengarang klaim Stalker."",""label_intent"":""offend"",""target"":[{""pemain"":""Iwan"",""relasi"":""offend""}]},{""pengirim"":""Iwan"",""teks_chat"":""Aku bukan Hitman. Aku cuma masih mikir risikonya kalau hasil Peek-ku kubuka sekarang."",""label_intent"":""defend"",""target"":[{""pemain"":""Iwan"",""relasi"":""defend""}]},{""pengirim"":""Jaka"",""teks_chat"":""Aku curiga kamu Hitman yang berbohong soal role."",""label_intent"":""offend"",""target"":[{""pemain"":""Iwan"",""relasi"":""offend""}]},{""pengirim"":""Kiki"",""teks_chat"":""Sangat jelas dia mengarang cerita perannya."",""label_intent"":""offend"",""target"":[{""pemain"":""Iwan"",""relasi"":""offend""}]}]","[""Iwan"",""Jaka"",""Kiki"",""Lina""]","[{""pemain"":""Iwan"",""relasi"":""offend""}]"
Nando,"Jangan mencari-cari alasan, kamu pasti sengaja menunda pesan karena sibuk menyamar!",offend,"[{""pengirim"":""Maya"",""teks_chat"":""Maaf teman-teman, pesan aku terkirim sangat lambat sejak awal."",""label_intent"":""neutral"",""target"":[]}]","[""Maya"",""Nando""]","[{""pemain"":""Maya"",""relasi"":""offend""}]"
Opan,Aku curiga kamu Hitman. Aku ingin mengajak vote kamu.,offend,[],"[""Opan"",""Roni""]","[{""pemain"":""tidak_diketahui"",""relasi"":""offend""}]"
Bambang,"Jelas banget taktiknya buat ngehindarin kecurigaan, dia pelakunya!",offend,"[{""pengirim"":""Agus"",""teks_chat"":""Ajakan vote di chat tadi berubah menjelang diskusi selesai."",""label_intent"":""neutral"",""target"":[]},{""pengirim"":""Bambang"",""teks_chat"":""Iya, beberapa orang menarik dugaan awalnya."",""label_intent"":""neutral"",""target"":[]},{""pengirim"":""Citra"",""teks_chat"":""Ada yang mengganti nama yang diajak vote pada pesan terakhirnya."",""label_intent"":""neutral"",""target"":[]},{""pengirim"":""Agus"",""teks_chat"":""Siapa yang mengganti ajakan itu?"",""label_intent"":""neutral"",""target"":[]},{""pengirim"":""Bambang"",""teks_chat"":""Aku kurang perhatiin detailnya sih."",""label_intent"":""neutral"",""target"":[]},{""pengirim"":""Citra"",""teks_chat"":""Dimas awalnya mengajak vote Agus lalu Bambang tanpa alasan. Aku curiga Dimas Hitman."",""label_intent"":""offend"",""target"":[{""pemain"":""Dimas"",""relasi"":""offend""}]},{""pengirim"":""Dimas"",""teks_chat"":""Aku bukan Hitman, aku mengubah dugaan setelah membaca jawaban baru."",""label_intent"":""defend"",""target"":[{""pemain"":""Dimas"",""relasi"":""defend""}]},{""pengirim"":""Agus"",""teks_chat"":""Ragu kok ganti pilihannya di detik terakhir banget."",""label_intent"":""offend"",""target"":[{""pemain"":""Dimas"",""relasi"":""offend""}]},{""pengirim"":""Bambang"",""teks_chat"":""Bener juga, itu sangat mencurigakan."",""label_intent"":""offend"",""target"":[{""pemain"":""Dimas"",""relasi"":""offend""}]},{""pengirim"":""Citra"",""teks_chat"":""Kayaknya dia sengaja biar posisinya aman."",""label_intent"":""offend"",""target"":[{""pemain"":""Dimas"",""relasi"":""offend""}]},{""pengirim"":""Dimas"",""teks_chat"":""Bukan gitu maksudku, sumpah aku warga biasa kok."",""label_intent"":""defend"",""target"":[{""pemain"":""Dimas"",""relasi"":""defend""}]},{""pengirim"":""Agus"",""teks_chat"":""Ah itu cuma alasan klasik aja."",""label_intent"":""offend"",""target"":[{""pemain"":""Dimas"",""relasi"":""offend""}]}]","[""Agus"",""Bambang"",""Citra"",""Dimas""]","[{""pemain"":""Dimas"",""relasi"":""offend""}]"
Fahri,Aku curiga kamu pelakunya. Aku mau ajak yang lain vote kamu.,offend,[],"[""Fahri"",""Gilang""]","[{""pemain"":""tidak_diketahui"",""relasi"":""offend""}]"
Caca,"Bow, klaim Guard itu bertentangan dengan batasan skill. Aku curiga kamu Hitman.",offend,"[{""pengirim"":""Bowo"",""teks_chat"":""Aku mengaku Spy dan memilih Guard untuk Caca semalam."",""label_intent"":""neutral"",""target"":[]},{""pengirim"":""Caca"",""teks_chat"":""Oh, begitu ya?"",""label_intent"":""neutral"",""target"":[]},{""pengirim"":""Doni"",""teks_chat"":""Siapa pilihan Guard pada malam sebelumnya?"",""label_intent"":""neutral"",""target"":[]},{""pengirim"":""Bowo"",""teks_chat"":""Malam sebelumnya aku juga memilih Caca."",""label_intent"":""neutral"",""target"":[]},{""pengirim"":""Caca"",""teks_chat"":""Spy tidak bisa Guard target sama dua malam berturut-turut. Aku curiga kamu berbohong."",""label_intent"":""offend"",""target"":[{""pemain"":""Bowo"",""relasi"":""offend""}]},{""pengirim"":""Doni"",""teks_chat"":""Iya nih, klaimnya jadi aneh."",""label_intent"":""offend"",""target"":[{""pemain"":""Bowo"",""relasi"":""offend""}]}]","[""Bowo"",""Caca"",""Doni""]","[{""pemain"":""Bowo"",""relasi"":""offend""}]"
Gogon,Aku juga curiga dia mengarang role agar tidak divote.,offend,"[{""pengirim"":""Fifi"",""teks_chat"":""Kalian ngerasa ada cerita yang aneh nggak sih?"",""label_intent"":""neutral"",""target"":[]},{""pengirim"":""Gogon"",""teks_chat"":""Cerita yang mana maksudmu?"",""label_intent"":""neutral"",""target"":[]},{""pengirim"":""Hana"",""teks_chat"":""Iya, aku merasa ada yang omongannya beda dari awal."",""label_intent"":""neutral"",""target"":[]},{""pengirim"":""Eka"",""teks_chat"":""Siapa yang kalian maksud?"",""label_intent"":""neutral"",""target"":[]},{""pengirim"":""Fifi"",""teks_chat"":""Coba kalian ingat-ingat lagi pembicaraan kita di awal tadi."",""label_intent"":""neutral"",""target"":[]},{""pengirim"":""Gogon"",""teks_chat"":""Aku sedikit lupa sih."",""label_intent"":""neutral"",""target"":[]},{""pengirim"":""Hana"",""teks_chat"":""Ada yang mengaku Spy, lalu mengganti klaim menjadi Stalker."",""label_intent"":""neutral"",""target"":[]},{""pengirim"":""Fifi"",""teks_chat"":""Benar, aku juga sadar akan hal itu."",""label_intent"":""neutral"",""target"":[]},{""pengirim"":""Eka"",""teks_chat"":""Wah, siapa tuh orangnya?"",""label_intent"":""neutral"",""target"":[]},{""pengirim"":""Gogon"",""teks_chat"":""Sepertinya aku mulai tahu arah pembicaraan ini ke mana."",""label_intent"":""neutral"",""target"":[]},{""pengirim"":""Hana"",""teks_chat"":""Ayo sebut saja namanya tidak usah ragu."",""label_intent"":""neutral"",""target"":[]},{""pengirim"":""Fifi"",""teks_chat"":""Eka tadi mengaku Spy lalu Stalker. Aku curiga Eka Hitman karena klaimnya berubah tanpa penjelasan."",""label_intent"":""offend"",""target"":[{""pemain"":""Eka"",""relasi"":""offend""}]}]","[""Fifi"",""Gogon"",""Hana"",""Eka""]","[{""pemain"":""Eka"",""relasi"":""offend""}]"
Kiki,Aku juga curiga Jali Hitman yg sengaja memaksakan tuduhan.,offend,"[{""pengirim"":""Jali"",""teks_chat"":""Aku curiga Kiki Hitman karena belum menanggapi pertanyaan soal alasan vote."",""label_intent"":""offend"",""target"":[{""pemain"":""Kiki"",""relasi"":""offend""}]},{""pengirim"":""Kiki"",""teks_chat"":""Aku bukan pelakunya. Aku sedang membaca ulang chat sebelum menjawab."",""label_intent"":""defend"",""target"":[{""pemain"":""Kiki"",""relasi"":""defend""}]},{""pengirim"":""Laras"",""teks_chat"":""Sekarang aku justru curiga Jali, dia menuduh tanpa memberi kesempatan menjawab."",""label_intent"":""offend"",""target"":[{""pemain"":""Jali"",""relasi"":""offend""}]}]","[""Jali"",""Kiki"",""Laras""]","[{""pemain"":""Jali"",""relasi"":""offend""}]"
Nina,"Aku tidak bersalah. Oka, kamu mengalihkan pembahasan Reno ke ajakan vote tanpa alasan; aku curiga kamu Hitman.",offend,"[{""pengirim"":""Nina"",""teks_chat"":""Reno belum mengirim chat sejak diskusi dibuka. Penyebabnya belum kita ketahui."",""label_intent"":""neutral"",""target"":[]},{""pengirim"":""Oka"",""teks_chat"":""Iya, jangan langsung nyimpulin apa-apa cuma karena dia diam."",""label_intent"":""neutral"",""target"":[]},{""pengirim"":""Putri"",""teks_chat"":""Kalian mau mengeluarkan siapa nih dari permainan?"",""label_intent"":""neutral"",""target"":[]},{""pengirim"":""Oka"",""teks_chat"":""Aku mau mengajak kita semua untuk vote Nina saja."",""label_intent"":""offend"",""target"":[{""pemain"":""Nina"",""relasi"":""offend""}]},{""pengirim"":""Nina"",""teks_chat"":""Lho, kok kamu malah menuduh aku? Mana buktinya?"",""label_intent"":""defend"",""target"":[{""pemain"":""Nina"",""relasi"":""defend""}]},{""pengirim"":""Putri"",""teks_chat"":""Oka, aku curiga kamu Hitman karena mengajak vote tanpa memberi alasan."",""label_intent"":""offend"",""target"":[{""pemain"":""Oka"",""relasi"":""offend""}]}]","[""Nina"",""Oka"",""Putri"",""Reno""]","[{""pemain"":""Nina"",""relasi"":""defend""},{""pemain"":""Oka"",""relasi"":""offend""}]"
Siska,"Fix, Toni pelakunya karena nuduhnya asal ganti-ganti terus dari tadi!",offend,"[{""pengirim"":""Romi"",""teks_chat"":""Tadi kalian membahas apa saja di sini?"",""label_intent"":""neutral"",""target"":[]},{""pengirim"":""Siska"",""teks_chat"":""Kami masih sibuk mencari petunjuk."",""label_intent"":""neutral"",""target"":[]},{""pengirim"":""Toni"",""teks_chat"":""Aku curiga sama Siska."",""label_intent"":""offend"",""target"":[{""pemain"":""Siska"",""relasi"":""offend""}]},{""pengirim"":""Siska"",""teks_chat"":""Kenapa tiba-tiba menyalahkan aku?"",""label_intent"":""defend"",""target"":[{""pemain"":""Siska"",""relasi"":""defend""}]},{""pengirim"":""Romi"",""teks_chat"":""Santai dulu, jangan terburu-buru."",""label_intent"":""neutral"",""target"":[]},{""pengirim"":""Toni"",""teks_chat"":""Aku tarik tuduhan pada Siska, alasannya belum kuat. Sekarang aku curiga Romi."",""label_intent"":""offend"",""target"":[{""pemain"":""Siska"",""relasi"":""defend""},{""pemain"":""Romi"",""relasi"":""offend""}]},{""pengirim"":""Romi"",""teks_chat"":""Lho kok sekarang targetnya pindah ke aku?"",""label_intent"":""defend"",""target"":[{""pemain"":""Romi"",""relasi"":""defend""}]},{""pengirim"":""Siska"",""teks_chat"":""Toni aneh banget, tadi nuduh aku, sekarang pindah ke Romi."",""label_intent"":""offend"",""target"":[{""pemain"":""Toni"",""relasi"":""offend""}]},{""pengirim"":""Toni"",""teks_chat"":""Itu hanya perubahan firasatku, aku belum punya alasan kuat."",""label_intent"":""defend"",""target"":[{""pemain"":""Toni"",""relasi"":""defend""}]},{""pengirim"":""Siska"",""teks_chat"":""Firasat kok ganti-ganti dalam semenit."",""label_intent"":""offend"",""target"":[{""pemain"":""Toni"",""relasi"":""offend""}]},{""pengirim"":""Romi"",""teks_chat"":""Betul, ini mah cuma akal-akalan mau cari tumbal aja."",""label_intent"":""offend"",""target"":[{""pemain"":""Toni"",""relasi"":""offend""}]}]","[""Romi"",""Siska"",""Toni""]","[{""pemain"":""Toni"",""relasi"":""offend""}]"
Vina,Aku tetap curiga dia Hitman karena belum menjelaskan ajakan votenya. Aku ingin vote dia.,offend,"[{""pengirim"":""Vina"",""teks_chat"":""Udin belum menjawab pertanyaan soal ajakan vote. Aku curiga Udin Hitman."",""label_intent"":""offend"",""target"":[{""pemain"":""Udin"",""relasi"":""offend""}]},{""pengirim"":""Udin"",""teks_chat"":""Aku bukan Hitman. Aku sedang membaca ulang percakapan sebelum menjawab."",""label_intent"":""defend"",""target"":[{""pemain"":""Udin"",""relasi"":""defend""}]},{""pengirim"":""Wira"",""teks_chat"":""Aku jg curiga dia sengaja menunda jawaban untuk mengarang alasan."",""label_intent"":""offend"",""target"":[{""pemain"":""Udin"",""relasi"":""offend""}]},{""pengirim"":""Udin"",""teks_chat"":""Aku tidak bersalah, aku ingin memastikan tidak salah memahami pertanyaan."",""label_intent"":""defend"",""target"":[{""pemain"":""Udin"",""relasi"":""defend""}]},{""pengirim"":""Vina"",""teks_chat"":""Itu hanya alasan yang kamu buat-buat saja."",""label_intent"":""offend"",""target"":[{""pemain"":""Udin"",""relasi"":""offend""}]},{""pengirim"":""Wira"",""teks_chat"":""Iya, penjelasannya agak mencurigakan sih."",""label_intent"":""offend"",""target"":[{""pemain"":""Udin"",""relasi"":""offend""}]},{""pengirim"":""Udin"",""teks_chat"":""Aku bukan pelakunya. Jawabanku belum selesai kuketik."",""label_intent"":""defend"",""target"":[{""pemain"":""Udin"",""relasi"":""defend""}]},{""pengirim"":""Vina"",""teks_chat"":""Lalu kenapa jawabanmu nggak selesai-selesai dari tadi?"",""label_intent"":""offend"",""target"":[{""pemain"":""Udin"",""relasi"":""offend""}]},{""pengirim"":""Wira"",""teks_chat"":""Mungkin dia sedang berpikir keras mencari alasan lain."",""label_intent"":""offend"",""target"":[{""pemain"":""Udin"",""relasi"":""offend""}]},{""pengirim"":""Udin"",""teks_chat"":""Aku tetap tidak bersalah, jangan langsung vote aku dari jeda chat."",""label_intent"":""defend"",""target"":[{""pemain"":""Udin"",""relasi"":""defend""}]},{""pengirim"":""Vina"",""teks_chat"":""Sudah kelihatan gelagat jahatnya."",""label_intent"":""offend"",""target"":[{""pemain"":""Udin"",""relasi"":""offend""}]},{""pengirim"":""Wira"",""teks_chat"":""Sudah, kita sepakat vote dia aja sebelum waktu habis."",""label_intent"":""offend"",""target"":[{""pemain"":""Udin"",""relasi"":""offend""}]}]","[""Udin"",""Vina"",""Wira""]","[{""pemain"":""Udin"",""relasi"":""offend""}]"
Zaki,Aku curiga dia Hitman karena terlalu cepat membela diri.,offend,"[{""pengirim"":""Yana"",""teks_chat"":""Tadi ada dua orang yang langsung bilang bukan pelaku sebelum ada tuduhan."",""label_intent"":""neutral"",""target"":[]},{""pengirim"":""Zaki"",""teks_chat"":""Iya, tadi ada yang langsung bilang bukan pelaku tanpa ditanya."",""label_intent"":""neutral"",""target"":[]},{""pengirim"":""Arif"",""teks_chat"":""Namanya juga sedia payung sebelum hujan."",""label_intent"":""neutral"",""target"":[]},{""pengirim"":""Yana"",""teks_chat"":""Tetapi kalau memang jujur, untuk apa merasa takut."",""label_intent"":""neutral"",""target"":[]},{""pengirim"":""Zaki"",""teks_chat"":""Benar, warga biasa pastinya santai saja dari awal."",""label_intent"":""neutral"",""target"":[]},{""pengirim"":""Arif"",""teks_chat"":""Dari dua orang tadi, siapa yang ingin kalian bahas?"",""label_intent"":""neutral"",""target"":[]},{""pengirim"":""Yana"",""teks_chat"":""Ada deh, yang merasa pasti paham maksudku."",""label_intent"":""neutral"",""target"":[]}]","[""Arif"",""Yana"",""Zaki""]","[{""pemain"":""tidak_diketahui"",""relasi"":""offend""}]"
Bima,"Dari keterangan Reni tentang chatnya, aku curiga Aldo Hitman yang mengarang sumber ajakan vote.",offend,"[{""pengirim"":""Bima"",""teks_chat"":""Aldo, kamu tadi bilang Reni yang menyarankan ajakan vote itu?"",""label_intent"":""neutral"",""target"":[]},{""pengirim"":""Aldo"",""teks_chat"":""Iya, aku mengikuti saran Reni."",""label_intent"":""neutral"",""target"":[]},{""pengirim"":""Reni"",""teks_chat"":""Aku tidak pernah menyarankan ajakan vote itu."",""label_intent"":""neutral"",""target"":[]},{""pengirim"":""Cinta"",""teks_chat"":""Kedua pernyataan itu berbeda, kita perlu membaca urutan chatnya."",""label_intent"":""neutral"",""target"":[]},{""pengirim"":""Bima"",""teks_chat"":""Aldo, aku curiga kamu Hitman yang mengarang alasan."",""label_intent"":""offend"",""target"":[{""pemain"":""Aldo"",""relasi"":""offend""}]},{""pengirim"":""Aldo"",""teks_chat"":""Aku bukan Hitman, mungkin aku salah membaca pesan yang dimaksud."",""label_intent"":""defend"",""target"":[{""pemain"":""Aldo"",""relasi"":""defend""}]},{""pengirim"":""Reni"",""teks_chat"":""Aku curiga kamu menggunakan namaku untuk menghindari pertanyaan."",""label_intent"":""offend"",""target"":[{""pemain"":""Aldo"",""relasi"":""offend""}]},{""pengirim"":""Cinta"",""teks_chat"":""Aku juga curiga dia sedang mengarang alasan."",""label_intent"":""offend"",""target"":[{""pemain"":""Aldo"",""relasi"":""offend""}]},{""pengirim"":""Aldo"",""teks_chat"":""Aku tidak bersalah. Aku mau membaca ulang chat sebelum memberi penjelasan lagi."",""label_intent"":""defend"",""target"":[{""pemain"":""Aldo"",""relasi"":""defend""}]}]","[""Aldo"",""Bima"",""Cinta"",""Reni""]","[{""pemain"":""Aldo"",""relasi"":""offend""}]"
Dika,Ah masa sih telat? Pasti kamu berbohong agar tidak ditanya macam-macam!,offend,"[{""pengirim"":""Caca"",""teks_chat"":""Pesan aku dari tadi selalu telat masuk."",""label_intent"":""neutral"",""target"":[]}]","[""Aldo"",""Budi"",""Caca"",""Dika"",""Eka"",""Fina"",""Gani""]","[{""pemain"":""Caca"",""relasi"":""offend""}]"
Jojo,"Ivan, tadi kamu mengajak vote lalu mengganti namanya. Aku curiga kamu Hitman yang mengacaukan diskusi.",offend,"[{""pengirim"":""Hani"",""teks_chat"":""Siapa yang mengganti ajakan vote di chat tadi?"",""label_intent"":""neutral"",""target"":[]},{""pengirim"":""Ivan"",""teks_chat"":""Aku tidak sedang memanipulasi dugaan, aku memang belum mengajak vote siapa pun."",""label_intent"":""defend"",""target"":[{""pemain"":""Ivan"",""relasi"":""defend""}]}]","[""Hani"",""Ivan"",""Jojo""]","[{""pemain"":""Ivan"",""relasi"":""offend""}]"
Maman,Aku setuju dengan tuduhan balik Kiki. Aku curiga dia Hitman yang memaksakan tuduhan.,offend,"[{""pengirim"":""Kiki"",""teks_chat"":""Aku mengaku Spy dan memilih Guard untuk Maman semalam."",""label_intent"":""neutral"",""target"":[]},{""pengirim"":""Lala"",""teks_chat"":""Terus kita bisa tahu dari mana kalau itu beneran?"",""label_intent"":""neutral"",""target"":[]},{""pengirim"":""Maman"",""teks_chat"":""Nggak bisa, kita cuma bisa pegang omongannya."",""label_intent"":""neutral"",""target"":[]},{""pengirim"":""Kiki"",""teks_chat"":""Iya, catat aja klaimku, nanti tanya lagi kalau ada yang janggal."",""label_intent"":""neutral"",""target"":[]},{""pengirim"":""Lala"",""teks_chat"":""Aku curiga Kiki Hitman yang memakai klaim Spy untuk mencari aman."",""label_intent"":""offend"",""target"":[{""pemain"":""Kiki"",""relasi"":""offend""}]},{""pengirim"":""Maman"",""teks_chat"":""Apa alasan tuduhan itu selain klaimnya belum bisa dipastikan?"",""label_intent"":""neutral"",""target"":[]},{""pengirim"":""Kiki"",""teks_chat"":""Aku bukan Hitman. Justru aku curiga Lala karena memaksa tuduhan tanpa alasan."",""label_intent"":""offend"",""target"":[{""pemain"":""Kiki"",""relasi"":""defend""},{""pemain"":""Lala"",""relasi"":""offend""}]},{""pengirim"":""Lala"",""teks_chat"":""Aku tetap curiga Kiki berbohong soal role."",""label_intent"":""offend"",""target"":[{""pemain"":""Kiki"",""relasi"":""offend""}]}]","[""Kiki"",""Lala"",""Maman""]","[{""pemain"":""Lala"",""relasi"":""offend""}]"
Putri,Aku curiga dia Hitman karena mengganti klaim tanpa memberi alasan. Aku ingin vote dia.,offend,"[{""pengirim"":""Putri"",""teks_chat"":""Kita berhenti bahas nama sebentar. Ada yang mau klaim Stalker?"",""label_intent"":""neutral"",""target"":[]},{""pengirim"":""Rian"",""teks_chat"":""Aku bukan Stalker, semalam nggak dapat info apa-apa."",""label_intent"":""neutral"",""target"":[]},{""pengirim"":""Oka"",""teks_chat"":""Aku juga bukan. Berarti Stalker-nya belum mau muncul."",""label_intent"":""neutral"",""target"":[]},{""pengirim"":""Putri"",""teks_chat"":""Mungkin dia blm berani ngaku, takut jadi incaran."",""label_intent"":""neutral"",""target"":[]},{""pengirim"":""Rian"",""teks_chat"":""Masuk akal sih, mending nunggu punya hasil yang jelas dulu."",""label_intent"":""neutral"",""target"":[]},{""pengirim"":""Oka"",""teks_chat"":""Tapi kalau kelamaan, keburu disandera duluan."",""label_intent"":""neutral"",""target"":[]},{""pengirim"":""Putri"",""teks_chat"":""Iya, itu juga risikonya."",""label_intent"":""neutral"",""target"":[]},{""pengirim"":""Rian"",""teks_chat"":""Ya udah, kita tunggu aja sampai dia siap."",""label_intent"":""neutral"",""target"":[]},{""pengirim"":""Oka"",""teks_chat"":""Oke, jangan dipaksa dulu."",""label_intent"":""neutral"",""target"":[]},{""pengirim"":""Putri"",""teks_chat"":""Nanti kalau ada yang klaim, kita cek ceritanya konsisten atau nggak."",""label_intent"":""neutral"",""target"":[]},{""pengirim"":""Rian"",""teks_chat"":""Setuju, kita cocokin sama klaim-klaim sebelumnya."",""label_intent"":""neutral"",""target"":[]},{""pengirim"":""Oka"",""teks_chat"":""Sekarang balik lagi ke orang yang kita bahas paling awal tadi."",""label_intent"":""neutral"",""target"":[]}]","[""Nina"",""Oka"",""Putri"",""Rian""]","[{""pemain"":""tidak_diketahui"",""relasi"":""offend""}]"
Sani,"Udah ngaku aja deh Toni, pembelaan lu yang cepet itu malah makin bikin kita curiga!",offend,"[{""pengirim"":""Sani"",""teks_chat"":""Tadi ada yang langsung bela diri padahal belum ditanya lho."",""label_intent"":""neutral"",""target"":[]},{""pengirim"":""Toni"",""teks_chat"":""Aku curiga Udin Hitman karena tiba-tiba membela diri sebelum dituduh."",""label_intent"":""offend"",""target"":[{""pemain"":""Udin"",""relasi"":""offend""}]},{""pengirim"":""Udin"",""teks_chat"":""Aku bukan Hitman, cuma ingin ikut diskusi."",""label_intent"":""defend"",""target"":[{""pemain"":""Udin"",""relasi"":""defend""}]},{""pengirim"":""Vera"",""teks_chat"":""Sekarang aku justru curiga Toni Hitman, dia cepat sekali menuduh tanpa alasan kuat."",""label_intent"":""offend"",""target"":[{""pemain"":""Toni"",""relasi"":""offend""}]},{""pengirim"":""Toni"",""teks_chat"":""Aku gelisah karena takut dituduh sama kalian."",""label_intent"":""defend"",""target"":[{""pemain"":""Toni"",""relasi"":""defend""}]},{""pengirim"":""Sani"",""teks_chat"":""Alasan klasik banget, Toni mulai mengalihkan isu nih."",""label_intent"":""offend"",""target"":[{""pemain"":""Toni"",""relasi"":""offend""}]},{""pengirim"":""Udin"",""teks_chat"":""Nah bener, dia nyalahin aku padahal dia sendiri yang sus."",""label_intent"":""offend"",""target"":[{""pemain"":""Toni"",""relasi"":""offend""}]},{""pengirim"":""Vera"",""teks_chat"":""Fix Toni hitmannya, dia panik duluan."",""label_intent"":""offend"",""target"":[{""pemain"":""Toni"",""relasi"":""offend""}]},{""pengirim"":""Toni"",""teks_chat"":""Bukan aku pelakunya, sumpah aku warga biasa!"",""label_intent"":""defend"",""target"":[{""pemain"":""Toni"",""relasi"":""defend""}]}]","[""Sani"",""Toni"",""Udin"",""Vera""]","[{""pemain"":""Toni"",""relasi"":""offend""}]"
Yana,"Zaki, aku curiga kamu Hitman yang memakai pertanyaan itu untuk menyudutkanku tanpa alasan.",offend,"[{""pengirim"":""Zaki"",""teks_chat"":""Yana, kamu belum menjawab pertanyaan soal alasan vote, ya?"",""label_intent"":""neutral"",""target"":[]}]","[""Yana"",""Zaki""]","[{""pemain"":""Zaki"",""relasi"":""offend""}]"
Cinta,"Eka, klaimmu berubah tanpa penjelasan. Aku curiga kamu Hitman yang mengarang role.",offend,"[{""pengirim"":""Bima"",""teks_chat"":""Klaim role siapa yang perlu kita tanyakan lagi?"",""label_intent"":""neutral"",""target"":[]},{""pengirim"":""Cinta"",""teks_chat"":""Aku curiga Doni Hitman karena mengaku Spy tanpa penjelasan."",""label_intent"":""offend"",""target"":[{""pemain"":""Doni"",""relasi"":""offend""}]},{""pengirim"":""Doni"",""teks_chat"":""Aku bukan Hitman. Aku mengaku memilih Guard untuk Cinta semalam."",""label_intent"":""defend"",""target"":[{""pemain"":""Doni"",""relasi"":""defend""}]},{""pengirim"":""Eka"",""teks_chat"":""Aku juga ingin membagikan klaim, aku mengaku Spy."",""label_intent"":""neutral"",""target"":[]},{""pengirim"":""Bima"",""teks_chat"":""Doni, apakah pilihan Guard yang tadi disebut sudah benar?"",""label_intent"":""neutral"",""target"":[]},{""pengirim"":""Cinta"",""teks_chat"":""Iya, kita catat dulu klaimnya."",""label_intent"":""neutral"",""target"":[]},{""pengirim"":""Doni"",""teks_chat"":""Iya bener, semalam aku Guard Cinta."",""label_intent"":""neutral"",""target"":[]},{""pengirim"":""Eka"",""teks_chat"":""Aku masih curiga Doni menggunakan klaim itu untuk mencari aman."",""label_intent"":""offend"",""target"":[{""pemain"":""Doni"",""relasi"":""offend""}]},{""pengirim"":""Bima"",""teks_chat"":""Sekarang aku ingin menanyakan klaim Eka tadi."",""label_intent"":""neutral"",""target"":[]},{""pengirim"":""Cinta"",""teks_chat"":""Eka, siapa pilihan Guard yang kamu klaim?"",""label_intent"":""neutral"",""target"":[]},{""pengirim"":""Bima"",""teks_chat"":""Iya, kamu baru saja mengaku Spy."",""label_intent"":""neutral"",""target"":[]},{""pengirim"":""Eka"",""teks_chat"":""Aku tidak punya Guard, aku mengaku Stalker."",""label_intent"":""neutral"",""target"":[]}]","[""Bima"",""Cinta"",""Doni"",""Eka""]","[{""pemain"":""Eka"",""relasi"":""offend""}]"
Gilang,"Faj, klaimmu berubah dalam beberapa pesan. Aku curiga kamu Hitman yang sedang berbohong.",offend,"[{""pengirim"":""Fajar"",""teks_chat"":""Aku mengaku Spy dan menggunakan Guard semalam."",""label_intent"":""neutral"",""target"":[]},{""pengirim"":""Gilang"",""teks_chat"":""Untuk siapa Guard yang kamu klaim itu?"",""label_intent"":""neutral"",""target"":[]},{""pengirim"":""Hari"",""teks_chat"":""Fajar, yakin mau buka siapa yang kamu Guard?"",""label_intent"":""neutral"",""target"":[]},{""pengirim"":""Fajar"",""teks_chat"":""Sebenarnya aku nggak punya Guard, aku Civilian."",""label_intent"":""neutral"",""target"":[]},{""pengirim"":""Gilang"",""teks_chat"":""Aku curiga kamu Hitman karena klaim rolemu berubah tanpa penjelasan."",""label_intent"":""offend"",""target"":[{""pemain"":""Fajar"",""relasi"":""offend""}]},{""pengirim"":""Hari"",""teks_chat"":""Aneh banget sih ceritanya."",""label_intent"":""offend"",""target"":[{""pemain"":""Fajar"",""relasi"":""offend""}]}]","[""Fajar"",""Gilang"",""Hari""]","[{""pemain"":""Fajar"",""relasi"":""offend""}]"
Leo,Kaka belum pantas dituduh setelah jawaban baru itu dibaca. Justru aku curiga Indra Hitman karena terus memaksakan tuduhan.,offend,"[{""pengirim"":""Indra"",""teks_chat"":""Kaka tadi mengajak vote lalu menariknya. Aku curiga Kaka Hitman."",""label_intent"":""offend"",""target"":[{""pemain"":""Kaka"",""relasi"":""offend""}]},{""pengirim"":""Kaka"",""teks_chat"":""Aku bukan Hitman. Aku menarik dugaan setelah membaca jawaban baru."",""label_intent"":""defend"",""target"":[{""pemain"":""Kaka"",""relasi"":""defend""}]},{""pengirim"":""Leo"",""teks_chat"":""Jawaban mana yang membuatmu berubah pikiran?"",""label_intent"":""neutral"",""target"":[]},{""pengirim"":""Indra"",""teks_chat"":""Aku tetap curiga dia sedang mengubah cerita untuk lolos."",""label_intent"":""offend"",""target"":[{""pemain"":""Kaka"",""relasi"":""offend""}]},{""pengirim"":""Leo"",""teks_chat"":""Aku juga sempat curiga dia berbohong."",""label_intent"":""offend"",""target"":[{""pemain"":""Kaka"",""relasi"":""offend""}]},{""pengirim"":""Kaka"",""teks_chat"":""Aku tidak bersalah. Baca jawaban yang terkirim sebelum aku menarik dugaan."",""label_intent"":""defend"",""target"":[{""pemain"":""Kaka"",""relasi"":""defend""}]},{""pengirim"":""Indra"",""teks_chat"":""Aku tetap ingin vote dia."",""label_intent"":""offend"",""target"":[{""pemain"":""Kaka"",""relasi"":""offend""}]}]","[""Indra"",""Kaka"",""Leo""]","[{""pemain"":""Kaka"",""relasi"":""defend""},{""pemain"":""Indra"",""relasi"":""offend""}]"
Niko,"Aku bukan Hitman. Aku setuju, dia yang mengaku Stalker tadi pasti memakai klaim palsu untuk memfitnahku.",offend,"[{""pengirim"":""Maman"",""teks_chat"":""Ada yang dapat role khusus nggak ronde ini?"",""label_intent"":""neutral"",""target"":[]},{""pengirim"":""Niko"",""teks_chat"":""Aku tidak dapat peran apa pun."",""label_intent"":""neutral"",""target"":[]},{""pengirim"":""Opan"",""teks_chat"":""Sama, aku juga warga biasa."",""label_intent"":""neutral"",""target"":[]},{""pengirim"":""Putra"",""teks_chat"":""Aku Stalker."",""label_intent"":""neutral"",""target"":[]},{""pengirim"":""Maman"",""teks_chat"":""Terus, semalam kamu dapat hasil apa?"",""label_intent"":""neutral"",""target"":[]},{""pengirim"":""Putra"",""teks_chat"":""Tadi malam aku mengintip seseorang."",""label_intent"":""neutral"",""target"":[]},{""pengirim"":""Niko"",""teks_chat"":""Siapa yang kamu intip dan apa hasilnya?"",""label_intent"":""neutral"",""target"":[]},{""pengirim"":""Putra"",""teks_chat"":""Aku belum ingin membagikan hasilnya sekarang."",""label_intent"":""neutral"",""target"":[]},{""pengirim"":""Opan"",""teks_chat"":""Sebutkan saja namanya agar kita tahu."",""label_intent"":""neutral"",""target"":[]},{""pengirim"":""Putra"",""teks_chat"":""Oke, hasil Peek-ku bilang Niko itu Hitman."",""label_intent"":""offend"",""target"":[{""pemain"":""Niko"",""relasi"":""offend""}]},{""pengirim"":""Maman"",""teks_chat"":""Niko, ada tanggapan? Waktu kita nggak banyak."",""label_intent"":""neutral"",""target"":[]},{""pengirim"":""Opan"",""teks_chat"":""Aku curiga Putra mengarang klaim Stalker untuk memfitnah Niko."",""label_intent"":""offend"",""target"":[{""pemain"":""Putra"",""relasi"":""offend""}]}]","[""Maman"",""Niko"",""Opan"",""Putra""]","[{""pemain"":""Niko"",""relasi"":""defend""},{""pemain"":""Putra"",""relasi"":""offend""}]"
Rina,"Atau jangan-jangan Bima dan Doni sengaja menunda chat buat berpura-pura, mereka berdua pasti hitmannya!",offend,"[{""pengirim"":""Jaka"",""teks_chat"":""Halo semuanya, ada yang punya informasi?"",""label_intent"":""neutral"",""target"":[]},{""pengirim"":""Rina"",""teks_chat"":""Sepi banget dari awal diskusi ini."",""label_intent"":""neutral"",""target"":[]},{""pengirim"":""Bima"",""teks_chat"":""ak..."",""label_intent"":""neutral"",""target"":[]},{""pengirim"":""Doni"",""teks_chat"":""b..."",""label_intent"":""neutral"",""target"":[]},{""pengirim"":""Jaka"",""teks_chat"":""Kok Bima sama Doni pesannya cuma sepotong gitu ya?"",""label_intent"":""neutral"",""target"":[]},{""pengirim"":""Rina"",""teks_chat"":""Iya nih, dari tadi mereka berdua balasnya selalu telat dan terpotong."",""label_intent"":""neutral"",""target"":[]},{""pengirim"":""Jaka"",""teks_chat"":""Pesan kepotong gitu bisa aja gara-gara kena Gag Order."",""label_intent"":""neutral"",""target"":[]}]","[""Jaka"",""Rina"",""Bima"",""Doni""]","[{""pemain"":""Bima"",""relasi"":""offend""},{""pemain"":""Doni"",""relasi"":""offend""}]"
Gilang,Dina belum pantas dituduh. Feri tadi bilang 'Pasti Dina kena Gag Order'; kepastiannya itu membuatku curiga Feri Hitman.,offend,"[{""pengirim"":""Feri"",""teks_chat"":""Dina belum membalas lagi. Pasti Dina kena Gag Order."",""label_intent"":""neutral"",""target"":[]},{""pengirim"":""Dina"",""teks_chat"":""Aku baru bisa membalas, koneksiku sempat terputus."",""label_intent"":""neutral"",""target"":[]},{""pengirim"":""Gilang"",""teks_chat"":""Kita belum tahu penyebab jeda chat itu dari pesan saja."",""label_intent"":""neutral"",""target"":[]},{""pengirim"":""Feri"",""teks_chat"":""Dina belum pantas dituduh hanya karena terlambat membalas."",""label_intent"":""defend"",""target"":[{""pemain"":""Dina"",""relasi"":""defend""}]},{""pengirim"":""Gilang"",""teks_chat"":""Feri, aku curiga kamu Hitman karena terlalu yakin mengetahui status pemain lain."",""label_intent"":""offend"",""target"":[{""pemain"":""Feri"",""relasi"":""offend""}]},{""pengirim"":""Feri"",""teks_chat"":""Aku bukan Hitman. Ucapan awalku cuma dugaan yang kusampaikan terlalu yakin."",""label_intent"":""defend"",""target"":[{""pemain"":""Feri"",""relasi"":""defend""}]},{""pengirim"":""Dina"",""teks_chat"":""Aku memang bukan Hitman, tetapi aku tidak bisa membuktikan role Feri."",""label_intent"":""defend"",""target"":[{""pemain"":""Dina"",""relasi"":""defend""}]},{""pengirim"":""Gilang"",""teks_chat"":""Aku tetap curiga Feri menggunakan dugaan status korban untuk mencari kepercayaan."",""label_intent"":""offend"",""target"":[{""pemain"":""Feri"",""relasi"":""offend""}]}]","[""Feri"",""Dina"",""Gilang""]","[{""pemain"":""Dina"",""relasi"":""defend""},{""pemain"":""Feri"",""relasi"":""offend""}]"
Hadi,"Intan menyampaikan klaim bahwa Joko bukan Hitman, dan aku membela Joko untuk sekarang. Justru aku curiga Lusi Hitman karena terus memaksakan keputusan.",offend,"[{""pengirim"":""Hadi"",""teks_chat"":""Gimana semalam, ada yang pakai skill?"",""label_intent"":""neutral"",""target"":[]},{""pengirim"":""Intan"",""teks_chat"":""Aku Stalker, semalam aku memutuskan untuk intip Joko."",""label_intent"":""neutral"",""target"":[]},{""pengirim"":""Joko"",""teks_chat"":""Wah, hasilnya aman kan Intan?"",""label_intent"":""neutral"",""target"":[]},{""pengirim"":""Intan"",""teks_chat"":""Aman kok, Joko seratus persen warga biasa."",""label_intent"":""defend"",""target"":[{""pemain"":""Joko"",""relasi"":""defend""}]},{""pengirim"":""Kiki"",""teks_chat"":""Baguslah kalau Joko aman, berarti pelakunya adalah orang lain."",""label_intent"":""defend"",""target"":[{""pemain"":""Joko"",""relasi"":""defend""}]},{""pengirim"":""Lusi"",""teks_chat"":""Iya, ayo cepat kita cari siapa pelakunya sebelum waktu habis."",""label_intent"":""neutral"",""target"":[]},{""pengirim"":""Hadi"",""teks_chat"":""Lusi, aku curiga kamu Hitman karena terus mendesak kita menentukan pelaku tanpa alasan."",""label_intent"":""offend"",""target"":[{""pemain"":""Lusi"",""relasi"":""offend""}]},{""pengirim"":""Lusi"",""teks_chat"":""Aku bukan Hitman, aku cuma pengen diskusinya cepat jalan."",""label_intent"":""defend"",""target"":[{""pemain"":""Lusi"",""relasi"":""defend""}]},{""pengirim"":""Kiki"",""teks_chat"":""Iya, Lusi dari tadi buru-buru banget nyuruh kita nentuin pelaku."",""label_intent"":""offend"",""target"":[{""pemain"":""Lusi"",""relasi"":""offend""}]}]","[""Hadi"",""Intan"",""Joko"",""Kiki"",""Lusi""]","[{""pemain"":""Joko"",""relasi"":""defend""},{""pemain"":""Lusi"",""relasi"":""offend""}]"
Opan,Riko belum pantas dituduh dari jeda chat. Justru aku curiga Nanda Hitman karena terus menekan tanpa memberi kesempatan menjawab.,offend,"[{""pengirim"":""Nanda"",""teks_chat"":""Riko belum membalas pertanyaan soal alasan vote. Aku curiga Riko Hitman."",""label_intent"":""offend"",""target"":[{""pemain"":""Riko"",""relasi"":""offend""}]}]","[""Nanda"",""Opan"",""Riko""]","[{""pemain"":""Riko"",""relasi"":""defend""},{""pemain"":""Nanda"",""relasi"":""offend""}]"
Vina,"Sudah sangat jelas, orang yang dari awal nuduhnya berubah-ubah itu pasti pelakunya, kita vote dia aja sekarang!",offend,"[{""pengirim"":""Vina"",""teks_chat"":""Iya, dia sangat plin plan dan bingung dengan omongannya sendiri."",""label_intent"":""offend"",""target"":[{""pemain"":""Tomi"",""relasi"":""offend""}]},{""pengirim"":""Ujang"",""teks_chat"":""Parah sih, perbuatannya bikin kita semua menjadi bingung."",""label_intent"":""offend"",""target"":[{""pemain"":""Tomi"",""relasi"":""offend""}]},{""pengirim"":""Soni"",""teks_chat"":""Jangan-jangan orang itu sedang mencari kambing hitam untuk dikorbankan."",""label_intent"":""offend"",""target"":[{""pemain"":""Tomi"",""relasi"":""offend""}]},{""pengirim"":""Vina"",""teks_chat"":""Bener, orang kayak gitu patut kita waspadai."",""label_intent"":""offend"",""target"":[{""pemain"":""Tomi"",""relasi"":""offend""}]},{""pengirim"":""Ujang"",""teks_chat"":""Terus dia sekarang ke mana, kok nggak muncul?"",""label_intent"":""neutral"",""target"":[]},{""pengirim"":""Soni"",""teks_chat"":""Kok dia malah diam saja ya sekarang tanpa suara."",""label_intent"":""offend"",""target"":[{""pemain"":""Tomi"",""relasi"":""offend""}]},{""pengirim"":""Vina"",""teks_chat"":""Pasti dia sedang pusing menyusun alasan yang baru."",""label_intent"":""offend"",""target"":[{""pemain"":""Tomi"",""relasi"":""offend""}]},{""pengirim"":""Ujang"",""teks_chat"":""Kita jangan sampai tertipu sama alasan palsu dari dia nanti."",""label_intent"":""offend"",""target"":[{""pemain"":""Tomi"",""relasi"":""offend""}]},{""pengirim"":""Soni"",""teks_chat"":""Waktu diskusi kita juga sudah mau habis sebentar lagi nih."",""label_intent"":""neutral"",""target"":[]},{""pengirim"":""Vina"",""teks_chat"":""Ayo teman-teman, kita butuh kepastian secepatnya."",""label_intent"":""neutral"",""target"":[]},{""pengirim"":""Ujang"",""teks_chat"":""Percuma ditunggu, pengecut seperti dia tidak akan pernah mengaku."",""label_intent"":""offend"",""target"":[{""pemain"":""Tomi"",""relasi"":""offend""}]},{""pengirim"":""Soni"",""teks_chat"":""Bagaimana keputusan final kalian semua?"",""label_intent"":""neutral"",""target"":[]}]","[""Soni"",""Tomi"",""Vina"",""Ujang""]","[{""pemain"":""Tomi"",""relasi"":""offend""}]"
Caca,"Jelas banget itu taktik licik, Dika sengaja menahan suara biar posisinya aman, dia pelakunya!",offend,"[{""pengirim"":""Aldo"",""teks_chat"":""Budi tadi mengganti ajakan vote di chat tanpa alasan. Aku curiga Budi Hitman."",""label_intent"":""offend"",""target"":[{""pemain"":""Budi"",""relasi"":""offend""}]},{""pengirim"":""Budi"",""teks_chat"":""Aku bukan Hitman, aku mengubah dugaan setelah membaca jawaban Caca."",""label_intent"":""defend"",""target"":[{""pemain"":""Budi"",""relasi"":""defend""}]},{""pengirim"":""Caca"",""teks_chat"":""Budi belum pantas dituduh hanya karena memperbarui dugaan dari jawabanku."",""label_intent"":""defend"",""target"":[{""pemain"":""Budi"",""relasi"":""defend""}]},{""pengirim"":""Dika"",""teks_chat"":""Ya sudah kalau memang begitu ceritanya, kita lupakan saja."",""label_intent"":""neutral"",""target"":[]},{""pengirim"":""Aldo"",""teks_chat"":""Tapi tetep aja, gantinya cepet banget tadi."",""label_intent"":""neutral"",""target"":[]},{""pengirim"":""Budi"",""teks_chat"":""Udahlah, bahas yang lain aja yuk."",""label_intent"":""neutral"",""target"":[]},{""pengirim"":""Caca"",""teks_chat"":""Sekarang aku curiga Dika, dia baru ikut mengajak vote setelah orang lain sepakat tanpa memberi alasan."",""label_intent"":""offend"",""target"":[{""pemain"":""Dika"",""relasi"":""offend""}]},{""pengirim"":""Aldo"",""teks_chat"":""Aku juga curiga Dika sengaja mengikuti ajakan agar terlihat aman."",""label_intent"":""offend"",""target"":[{""pemain"":""Dika"",""relasi"":""offend""}]},{""pengirim"":""Budi"",""teks_chat"":""Aku curiga dia hanya menunggu arah dugaan orang lain."",""label_intent"":""offend"",""target"":[{""pemain"":""Dika"",""relasi"":""offend""}]}]","[""Aldo"",""Budi"",""Caca"",""Dika""]","[{""pemain"":""Dika"",""relasi"":""offend""}]"
Eka,"Analisa apanya, kamu itu jelas bukan warga yang baik, fix kamu pelakunya karena suka ganti-ganti target!",offend,"[{""pengirim"":""Eka"",""teks_chat"":""Fikri, kamu menuduh Gita lalu beralih menuduh aku tanpa alasan. Aku curiga kamu Hitman."",""label_intent"":""offend"",""target"":[{""pemain"":""Fikri"",""relasi"":""offend""}]},{""pengirim"":""Fikri"",""teks_chat"":""Aku kan cuma memberikan analisa lain sebagai bahan pertimbangan."",""label_intent"":""defend"",""target"":[{""pemain"":""Fikri"",""relasi"":""defend""}]},{""pengirim"":""Gita"",""teks_chat"":""Aku curiga kamu Hitman karena berganti target tanpa alasan."",""label_intent"":""offend"",""target"":[{""pemain"":""Fikri"",""relasi"":""offend""}]}]","[""Eka"",""Fikri"",""Gita""]","[{""pemain"":""Fikri"",""relasi"":""offend""}]"
Irfan,"Kalau harus menentukan pilihan dari awal, vote aku saja saat Tribunal.",offend,[],"[""Irfan""]","[{""pemain"":""Irfan"",""relasi"":""offend""}]"
Rara,Aku tetap ingin vote dia. Jawaban tentang ajakan vote belum juga diberikan.,offend,"[{""pengirim"":""Rara"",""teks_chat"":""Tino belum menjawab pertanyaan soal alasan vote. Aku curiga Tino Hitman."",""label_intent"":""offend"",""target"":[{""pemain"":""Tino"",""relasi"":""offend""}]},{""pengirim"":""Tino"",""teks_chat"":""Aku bukan Hitman. Aku tadi kesulitan membaca chat karena tampilan ponselku bermasalah."",""label_intent"":""defend"",""target"":[{""pemain"":""Tino"",""relasi"":""defend""}]},{""pengirim"":""Siska"",""teks_chat"":""Aku curiga dia memakai alasan teknis untuk menghindari pertanyaan."",""label_intent"":""offend"",""target"":[{""pemain"":""Tino"",""relasi"":""offend""}]},{""pengirim"":""Umi"",""teks_chat"":""Aku juga curiga dia Hitman yang menunda jawaban."",""label_intent"":""offend"",""target"":[{""pemain"":""Tino"",""relasi"":""offend""}]},{""pengirim"":""Rara"",""teks_chat"":""Aku tetap curiga dia sengaja mengulur waktu."",""label_intent"":""offend"",""target"":[{""pemain"":""Tino"",""relasi"":""offend""}]},{""pengirim"":""Tino"",""teks_chat"":""Aku tidak bersalah. Aku sedang mengatur tampilan supaya pesannya bisa kubaca."",""label_intent"":""defend"",""target"":[{""pemain"":""Tino"",""relasi"":""defend""}]},{""pengirim"":""Siska"",""teks_chat"":""Aku masih curiga dia mengarang kendala itu."",""label_intent"":""offend"",""target"":[{""pemain"":""Tino"",""relasi"":""offend""}]},{""pengirim"":""Umi"",""teks_chat"":""Aku setuju dengan tuduhan itu."",""label_intent"":""offend"",""target"":[{""pemain"":""Tino"",""relasi"":""offend""}]},{""pengirim"":""Rara"",""teks_chat"":""Aku ingin vote dia kalau tidak ada penjelasan ajakan vote tadi."",""label_intent"":""offend"",""target"":[{""pemain"":""Tino"",""relasi"":""offend""}]},{""pengirim"":""Tino"",""teks_chat"":""Aku bukan pelakunya. Aku akan menjawab setelah selesai membaca pertanyaannya."",""label_intent"":""defend"",""target"":[{""pemain"":""Tino"",""relasi"":""defend""}]},{""pengirim"":""Siska"",""teks_chat"":""Aku masih curiga dia Hitman yang berusaha menghindar."",""label_intent"":""offend"",""target"":[{""pemain"":""Tino"",""relasi"":""offend""}]},{""pengirim"":""Umi"",""teks_chat"":""Waktu diskusi hampir selesai."",""label_intent"":""neutral"",""target"":[]}]","[""Rara"",""Tino"",""Siska"",""Umi""]","[{""pemain"":""Tino"",""relasi"":""offend""}]"
Wawan,Zaki dan Aris tadi sama-sama mengganti nama yang mereka ajak vote. Siapa yang sudah membaca pesan setelahnya?,neutral,"[{""pengirim"":""Wawan"",""teks_chat"":""Ajakan vote di chat tadi berubah-ubah, aku sedang mencatat urutannya."",""label_intent"":""neutral"",""target"":[]},{""pengirim"":""Yayan"",""teks_chat"":""Iya Wawan, beberapa pemain juga belum menyampaikan ajakan vote."",""label_intent"":""neutral"",""target"":[]}]","[""Wawan"",""Yayan"",""Zaki"",""Aris""]",[]
Joko,Pesannya cuma satu huruf. Itu salah ketik atau koneksinya bermasalah?,neutral,"[{""pengirim"":""Joko"",""teks_chat"":""Lia dari tadi nggak balas, pasti kamu pelakunya yang lagi main aman kan?"",""label_intent"":""offend"",""target"":[{""pemain"":""Lia"",""relasi"":""offend""}]},{""pengirim"":""Kiki"",""teks_chat"":""Iya tuh, mencurigakan banget diam terus."",""label_intent"":""offend"",""target"":[{""pemain"":""Lia"",""relasi"":""offend""}]},{""pengirim"":""Lia"",""teks_chat"":""a..."",""label_intent"":""neutral"",""target"":[]}]","[""Joko"",""Kiki"",""Lia""]",[]
Maman,"Ngomong-ngomong soal petunjuk, Opan ini dari tadi cuma nyimak doang, pasti dia hitmannya!",offend,"[{""pengirim"":""Maman"",""teks_chat"":""Nia, kamu ngerasa ada yang aneh gak sama korban semalam?"",""label_intent"":""neutral"",""target"":[]},{""pengirim"":""Nia"",""teks_chat"":""Gak tahu, aku aja nggak tahu siapa yang disandera semalam."",""label_intent"":""neutral"",""target"":[]},{""pengirim"":""Maman"",""teks_chat"":""Nia, jawabanmu singkat banget. Aku curiga kamu Hitman yang menghindari diskusi."",""label_intent"":""offend"",""target"":[{""pemain"":""Nia"",""relasi"":""offend""}]},{""pengirim"":""Nia"",""teks_chat"":""Aku jawab singkat karena memang nggak tahu, bukan menghindar. Aku Civilian, bukan Hitman."",""label_intent"":""defend"",""target"":[{""pemain"":""Nia"",""relasi"":""defend""}]},{""pengirim"":""Opan"",""teks_chat"":""Teman-teman, menurutku kita harus fokus ke hal lain dulu."",""label_intent"":""neutral"",""target"":[]},{""pengirim"":""Maman"",""teks_chat"":""Maksudmu ke mana Opan?"",""label_intent"":""neutral"",""target"":[]},{""pengirim"":""Nia"",""teks_chat"":""Iya, mending kita cari petunjuk yang lebih jelas."",""label_intent"":""neutral"",""target"":[]}]","[""Maman"",""Nia"",""Opan""]","[{""pemain"":""Opan"",""relasi"":""offend""}]"
Putra,"Berarti Qori ngaku Spy, bukan Stalker, ya.",neutral,"[{""pengirim"":""Putra"",""teks_chat"":""Qori, tadi kamu ngaku role apa?"",""label_intent"":""neutral"",""target"":[]},{""pengirim"":""Qori"",""teks_chat"":""Aku ngaku Spy, semalam aku Guard satu orang."",""label_intent"":""neutral"",""target"":[]},{""pengirim"":""Rani"",""teks_chat"":""Oh, aku tadi salah baca, kukira kamu ngaku Stalker."",""label_intent"":""neutral"",""target"":[]}]","[""Putra"",""Qori"",""Rani""]",[]
Toni,"Sambil nunggu, aku klaim Civilian ya.",neutral,"[{""pengirim"":""Sani"",""teks_chat"":""Ada yang mengganti ajakan vote di chat tadi?"",""label_intent"":""neutral"",""target"":[]},{""pengirim"":""Toni"",""teks_chat"":""Ada, tapi aku lupa siapa yang menulisnya."",""label_intent"":""neutral"",""target"":[]},{""pengirim"":""Udin"",""teks_chat"":""Kalau ingat pesannya, sebutkan supaya bisa kita baca lagi."",""label_intent"":""neutral"",""target"":[]},{""pengirim"":""Sani"",""teks_chat"":""Aku juga mau baca ulang diskusinya."",""label_intent"":""neutral"",""target"":[]}]","[""Sani"",""Toni"",""Udin""]",[]
Wawan,"Aku cuma nggak mau kena fitnah di awal aja kok, beneran aku bersih.",defend,"[{""pengirim"":""Vina"",""teks_chat"":""Wawan, kamu terus bilang bukan Hitman tanpa ditanya. Aku justru curiga kamu Hitman."",""label_intent"":""offend"",""target"":[{""pemain"":""Wawan"",""relasi"":""offend""}]},{""pengirim"":""Xena"",""teks_chat"":""Eh, waktu diskusinya sisa 20 detik lagi nih!"",""label_intent"":""neutral"",""target"":[]}]","[""Vina"",""Wawan"",""Xena""]","[{""pemain"":""Wawan"",""relasi"":""defend""}]"
Zaki,"Kurasa sih bukan dia yang lakuin, soalnya dari tadi diam aja.",defend,"[{""pengirim"":""Yoga"",""teks_chat"":""Ada yang nuduh aku sama Zaki tadi, tapi alasannya belum dijelasin."",""label_intent"":""neutral"",""target"":[]}]","[""Yoga"",""Zaki""]","[{""pemain"":""tidak_diketahui"",""relasi"":""defend""}]"
Aldo,"Aku bukan hitman, jangan terhasut ya!",defend,"[{""pengirim"":""Aldo"",""teks_chat"":""Ayo langsung vote Caca aja, chatnya sus!"",""label_intent"":""offend"",""target"":[{""pemain"":""Caca"",""relasi"":""offend""}]},{""pengirim"":""Budi"",""teks_chat"":""Tunggu, jangan vote Caca tanpa alasan yang jelas."",""label_intent"":""defend"",""target"":[{""pemain"":""Caca"",""relasi"":""defend""}]},{""pengirim"":""Caca"",""teks_chat"":""Aku menolak tuduhan itu, belum ada bukti aku Hitman."",""label_intent"":""defend"",""target"":[{""pemain"":""Caca"",""relasi"":""defend""}]},{""pengirim"":""Aldo"",""teks_chat"":""Itu baru dugaan aku."",""label_intent"":""neutral"",""target"":[]},{""pengirim"":""Budi"",""teks_chat"":""Kalau mau ngajak vote, kasih alasan dulu dong, jangan sampai kita salah ngeluarin orang."",""label_intent"":""neutral"",""target"":[]},{""pengirim"":""Caca"",""teks_chat"":""Aldo, pasti kamu Hitman yang mau menyingkirkan aku!"",""label_intent"":""offend"",""target"":[{""pemain"":""Aldo"",""relasi"":""offend""}]},{""pengirim"":""Budi"",""teks_chat"":""Gimana nih, kita vote Aldo aja?"",""label_intent"":""offend"",""target"":[{""pemain"":""Aldo"",""relasi"":""offend""}]}]","[""Aldo"",""Budi"",""Caca""]","[{""pemain"":""Aldo"",""relasi"":""defend""}]"
Dika,"Fikri, kamu belum terbukti Hitman. Aku tarik tuduhanku tadi.",defend,"[{""pengirim"":""Dika"",""teks_chat"":""Ada yang udah nemu petunjuk?"",""label_intent"":""neutral"",""target"":[]},{""pengirim"":""Erna"",""teks_chat"":""Belum, aku masih membaca chat."",""label_intent"":""neutral"",""target"":[]},{""pengirim"":""Fikri"",""teks_chat"":""Ngomong-ngomong, aku aman kok guys."",""label_intent"":""defend"",""target"":[{""pemain"":""Fikri"",""relasi"":""defend""}]},{""pengirim"":""Dika"",""teks_chat"":""Tumben langsung lapor aman tanpa ditanya. Aku curiga Fikri Hitman."",""label_intent"":""offend"",""target"":[{""pemain"":""Fikri"",""relasi"":""offend""}]},{""pengirim"":""Erna"",""teks_chat"":""Aku juga mikir gitu, jangan-jangan kamu pelakunya."",""label_intent"":""offend"",""target"":[{""pemain"":""Fikri"",""relasi"":""offend""}]},{""pengirim"":""Fikri"",""teks_chat"":""Aku cuma memberi tahu. Aku bukan Hitman."",""label_intent"":""defend"",""target"":[{""pemain"":""Fikri"",""relasi"":""defend""}]},{""pengirim"":""Dika"",""teks_chat"":""Malah kelihatan mencurigakan tahu nggak."",""label_intent"":""offend"",""target"":[{""pemain"":""Fikri"",""relasi"":""offend""}]},{""pengirim"":""Erna"",""teks_chat"":""Udah, ngaku aja deh."",""label_intent"":""offend"",""target"":[{""pemain"":""Fikri"",""relasi"":""offend""}]}]","[""Dika"",""Erna"",""Fikri""]","[{""pemain"":""Fikri"",""relasi"":""defend""}]"
Gita,"Aku bukan Hitman, jangan langsung memilihku untuk dieksekusi.",defend,[],"[""Gita"",""Hani""]","[{""pemain"":""Gita"",""relasi"":""defend""}]"
Jojo,Aku yakin dia bukan Hitman.,defend,[],"[""Jojo"",""Kaka""]","[{""pemain"":""tidak_diketahui"",""relasi"":""defend""}]"
Iwan,"Sebelum kalian menuduh, aku bukan Hitman. Jangan vote aku tanpa bukti.",defend,[],"[""Iwan"",""Kaka""]","[{""pemain"":""Iwan"",""relasi"":""defend""}]"
Gilang,"Kalian ini gila ya, masa langsung ajak vote tanpa ngasih bukti sama sekali?",defend,"[{""pengirim"":""Hadi"",""teks_chat"":""Vote Gilang sekarang juga, dia pasti pelakunya!"",""label_intent"":""offend"",""target"":[{""pemain"":""Gilang"",""relasi"":""offend""}]},{""pengirim"":""Lia"",""teks_chat"":""Iya, ayo kita sepakat pilih dia biar aman."",""label_intent"":""offend"",""target"":[{""pemain"":""Gilang"",""relasi"":""offend""}]}]","[""Gilang"",""Hadi"",""Lia""]","[{""pemain"":""Gilang"",""relasi"":""defend""}]"
Maman,Masa dia dianggap Hitman cuma karena telat membalas chat?,defend,"[{""pengirim"":""Maman"",""teks_chat"":""Nia baru membalas setelah jeda cukup lama."",""label_intent"":""neutral"",""target"":[]},{""pengirim"":""Opan"",""teks_chat"":""Nia pasti Hitman yang sengaja menghindari pertanyaan."",""label_intent"":""offend"",""target"":[{""pemain"":""Nia"",""relasi"":""offend""}]},{""pengirim"":""Nia"",""teks_chat"":""Maaf, koneksiku tadi putus."",""label_intent"":""defend"",""target"":[{""pemain"":""Nia"",""relasi"":""defend""}]},{""pengirim"":""Maman"",""teks_chat"":""Sekarang pesanmu sudah masuk."",""label_intent"":""neutral"",""target"":[]},{""pengirim"":""Opan"",""teks_chat"":""Aku tetap curiga dia Hitman, alasan koneksi itu bisa dibuat-buat."",""label_intent"":""offend"",""target"":[{""pemain"":""Nia"",""relasi"":""offend""}]},{""pengirim"":""Nia"",""teks_chat"":""Aku bukan Hitman, jeda balasanku bukan bukti."",""label_intent"":""defend"",""target"":[{""pemain"":""Nia"",""relasi"":""defend""}]}]","[""Maman"",""Nia"",""Opan""]","[{""pemain"":""Nia"",""relasi"":""defend""}]"
Sani,"Aku bela si Ran, mengubah ajakan vote setelah membaca pendapat lain belum membuktikan dia Hitman.",defend,"[{""pengirim"":""Putra"",""teks_chat"":""Ada yang membaca perubahan ajakan vote di chat tadi?"",""label_intent"":""neutral"",""target"":[]},{""pengirim"":""Rani"",""teks_chat"":""Ada beberapa ajakan yang berubah menjelang akhir diskusi."",""label_intent"":""neutral"",""target"":[]},{""pengirim"":""Sani"",""teks_chat"":""Iya, aku juga membaca chat itu."",""label_intent"":""neutral"",""target"":[]},{""pengirim"":""Putra"",""teks_chat"":""Rani, tadi kamu mengajak vote Sani lalu mengajak vote aku. Aku curiga kamu Hitman."",""label_intent"":""offend"",""target"":[{""pemain"":""Rani"",""relasi"":""offend""}]},{""pengirim"":""Sani"",""teks_chat"":""Wah, mencurigakan banget kalau gitu."",""label_intent"":""offend"",""target"":[{""pemain"":""Rani"",""relasi"":""offend""}]},{""pengirim"":""Rani"",""teks_chat"":""Aku mengubah ajakan setelah membaca pendapat lain, bukan karena aku Hitman."",""label_intent"":""defend"",""target"":[{""pemain"":""Rani"",""relasi"":""defend""}]},{""pengirim"":""Putra"",""teks_chat"":""Tetep aja itu pola yang biasa dipake sama hitman."",""label_intent"":""offend"",""target"":[{""pemain"":""Rani"",""relasi"":""offend""}]},{""pengirim"":""Sani"",""teks_chat"":""Hmm, tapi Rani kan udah jelasin alasannya tadi."",""label_intent"":""defend"",""target"":[{""pemain"":""Rani"",""relasi"":""defend""}]}]","[""Putra"",""Rani"",""Sani""]","[{""pemain"":""Rani"",""relasi"":""defend""}]"
Udin,Aku tarik ajakan vote tadi. Dia belum terbukti Hitman hanya karena pendiam.,defend,"[{""pengirim"":""Tio"",""teks_chat"":""Halo semua."",""label_intent"":""neutral"",""target"":[]},{""pengirim"":""Udin"",""teks_chat"":""Baru muncul nih?"",""label_intent"":""neutral"",""target"":[]},{""pengirim"":""Vera"",""teks_chat"":""Dari tadi pada ke mana aja?"",""label_intent"":""neutral"",""target"":[]},{""pengirim"":""Tio"",""teks_chat"":""Ada kok, nyimak dari tadi."",""label_intent"":""neutral"",""target"":[]},{""pengirim"":""Udin"",""teks_chat"":""Nyimak doang tapi nggak bersuara, aneh."",""label_intent"":""offend"",""target"":[{""pemain"":""Tio"",""relasi"":""offend""}]},{""pengirim"":""Vera"",""teks_chat"":""Iya, mencurigakan tuh si Tio."",""label_intent"":""offend"",""target"":[{""pemain"":""Tio"",""relasi"":""offend""}]},{""pengirim"":""Tio"",""teks_chat"":""Bukan gitu, aku sambil makan tadi jadi belum bisa ngetik."",""label_intent"":""defend"",""target"":[{""pemain"":""Tio"",""relasi"":""defend""}]},{""pengirim"":""Udin"",""teks_chat"":""Alasan klasik buat nutupin kejahatan."",""label_intent"":""offend"",""target"":[{""pemain"":""Tio"",""relasi"":""offend""}]},{""pengirim"":""Vera"",""teks_chat"":""Orang pasif kayak gini nih yang biasanya berbahaya."",""label_intent"":""offend"",""target"":[{""pemain"":""Tio"",""relasi"":""offend""}]},{""pengirim"":""Udin"",""teks_chat"":""Langsung kita target dia aja yuk."",""label_intent"":""offend"",""target"":[{""pemain"":""Tio"",""relasi"":""offend""}]},{""pengirim"":""Vera"",""teks_chat"":""Ayo, mumpung waktu masih ada."",""label_intent"":""offend"",""target"":[{""pemain"":""Tio"",""relasi"":""offend""}]},{""pengirim"":""Tio"",""teks_chat"":""Tolong lah, aku beneran nggak ngelakuin apa-apa."",""label_intent"":""defend"",""target"":[{""pemain"":""Tio"",""relasi"":""defend""}]}]","[""Tio"",""Udin"",""Vera""]","[{""pemain"":""Tio"",""relasi"":""defend""}]"
Zahra,"Balik ke tuduhan tadi, menurutku dia belum terbukti Hitman.",defend,"[{""pengirim"":""Arif"",""teks_chat"":""Bentar, semalam ada yang pakai skill nggak?"",""label_intent"":""neutral"",""target"":[]},{""pengirim"":""Zahra"",""teks_chat"":""Maksudnya skill yang mana?"",""label_intent"":""neutral"",""target"":[]},{""pengirim"":""Arif"",""teks_chat"":""Guard atau Peek, siapa tahu ada yang mau ngaku."",""label_intent"":""neutral"",""target"":[]},{""pengirim"":""Yoga"",""teks_chat"":""Aku bukan Spy, jadi nggak bisa bantu soal Guard."",""label_intent"":""neutral"",""target"":[]},{""pengirim"":""Zahra"",""teks_chat"":""Aku juga bukan, cuma Civilian biasa."",""label_intent"":""neutral"",""target"":[]},{""pengirim"":""Arif"",""teks_chat"":""Kalau ada Stalker, hasil Peek-nya bisa bantu banget."",""label_intent"":""neutral"",""target"":[]},{""pengirim"":""Yoga"",""teks_chat"":""Mungkin pada takut diincer kalau ngaku sekarang."",""label_intent"":""neutral"",""target"":[]},{""pengirim"":""Zahra"",""teks_chat"":""Masuk akal sih, takut disandera nanti malam."",""label_intent"":""neutral"",""target"":[]},{""pengirim"":""Arif"",""teks_chat"":""Ya udah, yang penting jangan ada yang ngaku-ngaku palsu."",""label_intent"":""neutral"",""target"":[]},{""pengirim"":""Yoga"",""teks_chat"":""Setuju, klaim palsu bikin kita makin bingung."",""label_intent"":""neutral"",""target"":[]},{""pengirim"":""Zahra"",""teks_chat"":""Waktu diskusi tinggal sedikit nih."",""label_intent"":""neutral"",""target"":[]},{""pengirim"":""Arif"",""teks_chat"":""Oke, kita lanjut lagi aja."",""label_intent"":""neutral"",""target"":[]}]","[""Wati"",""Yoga"",""Zahra"",""Arif""]","[{""pemain"":""tidak_diketahui"",""relasi"":""defend""}]"
Bayu,"Doni bukan warga baik-baik, dia Hitman yang memaksa kita percaya!",offend,"[{""pengirim"":""Bayu"",""teks_chat"":""Doni berulang kali menulis bukan Hitman sebelum ditanya. Aku curiga dia pelakunya."",""label_intent"":""offend"",""target"":[{""pemain"":""Doni"",""relasi"":""offend""}]},{""pengirim"":""Cinta"",""teks_chat"":""Iya, aku juga curiga Doni Hitman krn terus mengulang pembelaan itu."",""label_intent"":""offend"",""target"":[{""pemain"":""Doni"",""relasi"":""offend""}]},{""pengirim"":""Doni"",""teks_chat"":""Gue cuma takut kena vote asal, bukan karena gue Hitman."",""label_intent"":""defend"",""target"":[{""pemain"":""Doni"",""relasi"":""defend""}]},{""pengirim"":""Bayu"",""teks_chat"":""Tetap saja aku menduga kamu Hitman yang mencari simpati."",""label_intent"":""offend"",""target"":[{""pemain"":""Doni"",""relasi"":""offend""}]},{""pengirim"":""Doni"",""teks_chat"":""Aku bukan pelakunya. Mengulang pembelaan bukan bukti role."",""label_intent"":""defend"",""target"":[{""pemain"":""Doni"",""relasi"":""defend""}]},{""pengirim"":""Cinta"",""teks_chat"":""Aku masih curiga dia Hitman."",""label_intent"":""offend"",""target"":[{""pemain"":""Doni"",""relasi"":""offend""}]},{""pengirim"":""Doni"",""teks_chat"":""Tuduhan ke aku belum ada buktinya."",""label_intent"":""defend"",""target"":[{""pemain"":""Doni"",""relasi"":""defend""}]},{""pengirim"":""Bayu"",""teks_chat"":""Menurutku pembelaanmu malah makin dibuat-buat, kamu Hitman."",""label_intent"":""offend"",""target"":[{""pemain"":""Doni"",""relasi"":""offend""}]},{""pengirim"":""Doni"",""teks_chat"":""Gue bukan pelaku, sumpah!"",""label_intent"":""defend"",""target"":[{""pemain"":""Doni"",""relasi"":""defend""}]},{""pengirim"":""Cinta"",""teks_chat"":""Aku tetap curiga kamu Hitman."",""label_intent"":""offend"",""target"":[{""pemain"":""Doni"",""relasi"":""offend""}]}]","[""Bayu"",""Cinta"",""Doni""]","[{""pemain"":""Doni"",""relasi"":""offend""}]"
Ervan,"Tebakanku dia Hitman, aku mau vote dia.",offend,[],"[""Ervan"",""Farah""]","[{""pemain"":""tidak_diketahui"",""relasi"":""offend""}]"
Irfan,"Baru aja nuduh Hani, sekarang pindah ke gue. Gani pelakunya ini mah!",offend,"[{""pengirim"":""Gani"",""teks_chat"":""Gue curiga Hani Hitman, dia lama banget membalas pertanyaan."",""label_intent"":""offend"",""target"":[{""pemain"":""Hani"",""relasi"":""offend""}]},{""pengirim"":""Hani"",""teks_chat"":""Gue bukan Hitman, tadi koneksiku putus."",""label_intent"":""defend"",""target"":[{""pemain"":""Hani"",""relasi"":""defend""}]},{""pengirim"":""Gani"",""teks_chat"":""Eh, tapi kayaknya Irfan deh yang lebih sus."",""label_intent"":""offend"",""target"":[{""pemain"":""Irfan"",""relasi"":""offend""}]}]","[""Gani"",""Hani"",""Irfan""]","[{""pemain"":""Gani"",""relasi"":""offend""}]"
Joko,"Kelihatan banget dari cara dia buru-buru bela diri, pasti dia pelakunya!",offend,"[{""pengirim"":""Joko"",""teks_chat"":""Gimana nih, belum ada petunjuk sama sekali."",""label_intent"":""neutral"",""target"":[]},{""pengirim"":""Kiki"",""teks_chat"":""Sabar aja, ntar juga ada yang keceplosan."",""label_intent"":""neutral"",""target"":[]},{""pengirim"":""Lia"",""teks_chat"":""Iya, kita pantau aja dulu."",""label_intent"":""neutral"",""target"":[]},{""pengirim"":""Joko"",""teks_chat"":""Tapi waktu kita makin sedikit."",""label_intent"":""neutral"",""target"":[]},{""pengirim"":""Kiki"",""teks_chat"":""Emang iya? Perasaan baru bentar."",""label_intent"":""neutral"",""target"":[]},{""pengirim"":""Joko"",""teks_chat"":""Kiki, kamu sibuk membahas waktu. Aku curiga kamu Hitman yang mau diskusi cepat selesai."",""label_intent"":""offend"",""target"":[{""pemain"":""Kiki"",""relasi"":""offend""}]},{""pengirim"":""Kiki"",""teks_chat"":""Nggak, aku cuma nanya doang."",""label_intent"":""defend"",""target"":[{""pemain"":""Kiki"",""relasi"":""defend""}]},{""pengirim"":""Lia"",""teks_chat"":""Biasanya yang panik duluan tuh ada apa-apanya."",""label_intent"":""offend"",""target"":[{""pemain"":""Kiki"",""relasi"":""offend""}]},{""pengirim"":""Kiki"",""teks_chat"":""Jangan asal menuduh aku Hitman dong."",""label_intent"":""defend"",""target"":[{""pemain"":""Kiki"",""relasi"":""defend""}]},{""pengirim"":""Joko"",""teks_chat"":""Lagian ngapain nanya waktu kalau nggak dikejar target."",""label_intent"":""offend"",""target"":[{""pemain"":""Kiki"",""relasi"":""offend""}]},{""pengirim"":""Lia"",""teks_chat"":""Bener banget."",""label_intent"":""offend"",""target"":[{""pemain"":""Kiki"",""relasi"":""offend""}]},{""pengirim"":""Kiki"",""teks_chat"":""Aku beneran warga biasa, sumpah!"",""label_intent"":""defend"",""target"":[{""pemain"":""Kiki"",""relasi"":""defend""}]}]","[""Joko"",""Kiki"",""Lia""]","[{""pemain"":""Kiki"",""relasi"":""offend""}]"
Coki,"Kayaknya dia beneran bukan Stalker, fix dia hitmannya!",offend,"[{""pengirim"":""Bobi"",""teks_chat"":""Lah kan emang itu role gue."",""label_intent"":""defend"",""target"":[{""pemain"":""Bobi"",""relasi"":""defend""}]},{""pengirim"":""Didi"",""teks_chat"":""Paling dia cuma bohong biar aman."",""label_intent"":""offend"",""target"":[{""pemain"":""Bobi"",""relasi"":""offend""}]},{""pengirim"":""Eno"",""teks_chat"":""Udah, jangan langsung nuduh."",""label_intent"":""defend"",""target"":[{""pemain"":""Bobi"",""relasi"":""defend""}]},{""pengirim"":""Coki"",""teks_chat"":""Eh tapi seriusan, hasil intip lu semalam gimana?"",""label_intent"":""neutral"",""target"":[]},{""pengirim"":""Bobi"",""teks_chat"":""Aku belum ingin membuka hasil Peek, tapi aku tidak bohong soal role."",""label_intent"":""defend"",""target"":[{""pemain"":""Bobi"",""relasi"":""defend""}]},{""pengirim"":""Didi"",""teks_chat"":""Alasan banget sih."",""label_intent"":""offend"",""target"":[{""pemain"":""Bobi"",""relasi"":""offend""}]},{""pengirim"":""Eno"",""teks_chat"":""Belum membuka hasil bukan bukti dia Hitman. Jangan langsung vote."",""label_intent"":""defend"",""target"":[{""pemain"":""Bobi"",""relasi"":""defend""}]},{""pengirim"":""Coki"",""teks_chat"":""Aku tetap curiga orang itu Hitman yang memakai klaim palsu."",""label_intent"":""offend"",""target"":[{""pemain"":""Bobi"",""relasi"":""offend""}]},{""pengirim"":""Didi"",""teks_chat"":""Iya, ceritanya ngarang mulu."",""label_intent"":""offend"",""target"":[{""pemain"":""Bobi"",""relasi"":""offend""}]},{""pengirim"":""Eno"",""teks_chat"":""Masa sih? Aku rasa masih wajar."",""label_intent"":""defend"",""target"":[{""pemain"":""Bobi"",""relasi"":""defend""}]},{""pengirim"":""Coki"",""teks_chat"":""Tapi tetep aja nggak masuk akal."",""label_intent"":""offend"",""target"":[{""pemain"":""Bobi"",""relasi"":""offend""}]},{""pengirim"":""Didi"",""teks_chat"":""Udah ketahuan belangnya."",""label_intent"":""offend"",""target"":[{""pemain"":""Bobi"",""relasi"":""offend""}]}]","[""Bobi"",""Coki"",""Didi"",""Eno""]","[{""pemain"":""Bobi"",""relasi"":""offend""}]"
Gilang,"Bener banget Fina, Hana sama Iwan pasti sama-sama pelakunya yang lagi mainin peran Stalker, mending kita singkirin mereka berdua!",offend,"[{""pengirim"":""Fina"",""teks_chat"":""Gimana nih, kita mau percaya sama siapa?"",""label_intent"":""neutral"",""target"":[]},{""pengirim"":""Gilang"",""teks_chat"":""Tadi si Hana ngaku Stalker, terus si Iwan juga ngaku Stalker."",""label_intent"":""neutral"",""target"":[]},{""pengirim"":""Hana"",""teks_chat"":""Aku beneran Stalker kok, Iwan tuh yang bohong."",""label_intent"":""offend"",""target"":[{""pemain"":""Hana"",""relasi"":""defend""},{""pemain"":""Iwan"",""relasi"":""offend""}]},{""pengirim"":""Iwan"",""teks_chat"":""Sembarangan, aku yang Stalker asli, Hana itu hitmannya!"",""label_intent"":""offend"",""target"":[{""pemain"":""Hana"",""relasi"":""offend""},{""pemain"":""Iwan"",""relasi"":""defend""}]},{""pengirim"":""Fina"",""teks_chat"":""Waduh, jadi bingung nih."",""label_intent"":""neutral"",""target"":[]},{""pengirim"":""Gilang"",""teks_chat"":""Coba sebutin hasil intip kalian semalam."",""label_intent"":""neutral"",""target"":[]},{""pengirim"":""Hana"",""teks_chat"":""Aku intip Fina dan dia aman."",""label_intent"":""defend"",""target"":[{""pemain"":""Fina"",""relasi"":""defend""}]},{""pengirim"":""Iwan"",""teks_chat"":""Aku intip Gilang dan dia aman."",""label_intent"":""defend"",""target"":[{""pemain"":""Gilang"",""relasi"":""defend""}]},{""pengirim"":""Fina"",""teks_chat"":""Kok bisa kebetulan banget ya kalian berdua?"",""label_intent"":""offend"",""target"":[{""pemain"":""Hana"",""relasi"":""offend""},{""pemain"":""Iwan"",""relasi"":""offend""}]},{""pengirim"":""Gilang"",""teks_chat"":""Iya nih, aneh banget."",""label_intent"":""offend"",""target"":[{""pemain"":""Hana"",""relasi"":""offend""},{""pemain"":""Iwan"",""relasi"":""offend""}]},{""pengirim"":""Fina"",""teks_chat"":""Jangan-jangan kalian berdua sekongkol?"",""label_intent"":""offend"",""target"":[{""pemain"":""Hana"",""relasi"":""offend""},{""pemain"":""Iwan"",""relasi"":""offend""}]}]","[""Fina"",""Gilang"",""Hana"",""Iwan""]","[{""pemain"":""Hana"",""relasi"":""offend""},{""pemain"":""Iwan"",""relasi"":""offend""}]"
Sandi,"Rani memang membaca perubahan ajakannya, tetapi itu belum membuktikan Aldo Hitman. Jangan vote Aldo hanya karena itu.",defend,"[{""pengirim"":""Rani"",""teks_chat"":""Aldo mengubah ajakan vote di chat. Aku curiga dia Hitman."",""label_intent"":""offend"",""target"":[{""pemain"":""Aldo"",""relasi"":""offend""}]},{""pengirim"":""Aldo"",""teks_chat"":""Aku bukan Hitman. Aku mengubah pendapat setelah membaca alasan lain."",""label_intent"":""defend"",""target"":[{""pemain"":""Aldo"",""relasi"":""defend""}]},{""pengirim"":""Sandi"",""teks_chat"":""Rani, perubahan ajakan yang kamu maksud kapan?"",""label_intent"":""neutral"",""target"":[]},{""pengirim"":""Rani"",""teks_chat"":""Menjelang akhir diskusi tadi. Aku tetap curiga Aldo pelakunya."",""label_intent"":""offend"",""target"":[{""pemain"":""Aldo"",""relasi"":""offend""}]},{""pengirim"":""Aldo"",""teks_chat"":""Rani, jangan jadikan perubahan pendapat sebagai bukti aku Hitman."",""label_intent"":""defend"",""target"":[{""pemain"":""Aldo"",""relasi"":""defend""}]},{""pengirim"":""Sandi"",""teks_chat"":""Alasan perubahan pendapat itu sudah ditulis di chat?"",""label_intent"":""neutral"",""target"":[]},{""pengirim"":""Rani"",""teks_chat"":""Sudah, tetapi aku tidak percaya. Aldo pasti Hitman."",""label_intent"":""offend"",""target"":[{""pemain"":""Aldo"",""relasi"":""offend""}]},{""pengirim"":""Aldo"",""teks_chat"":""Aku sudah menjelaskan alasanku, tuduhan itu tidak benar."",""label_intent"":""defend"",""target"":[{""pemain"":""Aldo"",""relasi"":""defend""}]}]","[""Aldo"",""Rani"",""Sandi""]","[{""pemain"":""Aldo"",""relasi"":""defend""}]"
Budi,"aku claim Stalker, cuma info Peek-ku belum bisa dipakai lagi",neutral,[],"[""Budi"",""Andi""]",[]
Citra,"Beni bilang 'Dina pasti lagi nge-troll kita', tetapi chat terpotong belum membuktikan Dina Hitman. Bisa saja salah ketik atau koneksi bermasalah.",defend,"[{""pengirim"":""Citra"",""teks_chat"":""Kenapa chat kamu terpotong Dina?"",""label_intent"":""neutral"",""target"":[]},{""pengirim"":""Beni"",""teks_chat"":""Dina pasti lagi nge-troll kita, dia hitmannya yang mainin chat!"",""label_intent"":""offend"",""target"":[{""pemain"":""Dina"",""relasi"":""offend""}]}]","[""Citra"",""Beni"",""Dina""]","[{""pemain"":""Dina"",""relasi"":""defend""}]"
Fajar,"Eka ini bukan orang baik-baik, vote dia karena klaimnya berubah terus!",offend,"[{""pengirim"":""Fajar"",""teks_chat"":""Eka, tadi kamu mengaku Spy, ya?"",""label_intent"":""neutral"",""target"":[]},{""pengirim"":""Eka"",""teks_chat"":""Iya, aku klaim Spy."",""label_intent"":""neutral"",""target"":[]},{""pengirim"":""Gilang"",""teks_chat"":""Eka, sebelumnya kamu bilang Civilian. Aku curiga kamu Hitman yang ganti klaim."",""label_intent"":""offend"",""target"":[{""pemain"":""Eka"",""relasi"":""offend""}]},{""pengirim"":""Eka"",""teks_chat"":""Aku salah menulis tadi, bukan berarti aku Hitman."",""label_intent"":""defend"",""target"":[{""pemain"":""Eka"",""relasi"":""defend""}]},{""pengirim"":""Fajar"",""teks_chat"":""Klaim yang berubah itu bikin aku curiga kamu pelakunya."",""label_intent"":""offend"",""target"":[{""pemain"":""Eka"",""relasi"":""offend""}]},{""pengirim"":""Eka"",""teks_chat"":""Aku bukan pelakunya, klaim yang benar adalah Spy."",""label_intent"":""defend"",""target"":[{""pemain"":""Eka"",""relasi"":""defend""}]},{""pengirim"":""Gilang"",""teks_chat"":""Aku tetap menduga Eka Hitman karena klaimnya berubah."",""label_intent"":""offend"",""target"":[{""pemain"":""Eka"",""relasi"":""offend""}]}]","[""Fajar"",""Eka"",""Gilang""]","[{""pemain"":""Eka"",""relasi"":""offend""}]"
Hadi,"Halo semuanya, semoga ronde ini kita bisa nemuin pelakunya ya.",neutral,[],"[""Hadi"",""Indra""]",[]
Joko,Ada Spy yang mau cerita semalam Guard siapa?,neutral,"[{""pengirim"":""Joko"",""teks_chat"":""Ada yang lihat apa yang terjadi semalam?"",""label_intent"":""neutral"",""target"":[]},{""pengirim"":""Kiki"",""teks_chat"":""Aku ngerasa Joko mencurigakan, dia nanya-nanya mulu."",""label_intent"":""offend"",""target"":[{""pemain"":""Joko"",""relasi"":""offend""}]},{""pengirim"":""Lina"",""teks_chat"":""Bener juga, jangan-jangan dia hitmannya."",""label_intent"":""offend"",""target"":[{""pemain"":""Joko"",""relasi"":""offend""}]},{""pengirim"":""Joko"",""teks_chat"":""Kok aku sih, aku kan cuma nanya info."",""label_intent"":""defend"",""target"":[{""pemain"":""Joko"",""relasi"":""defend""}]},{""pengirim"":""Kiki"",""teks_chat"":""Soalnya lu kayak lagi nyari alibi."",""label_intent"":""offend"",""target"":[{""pemain"":""Joko"",""relasi"":""offend""}]},{""pengirim"":""Lina"",""teks_chat"":""Iya, mending kita fokus awasin Joko aja."",""label_intent"":""offend"",""target"":[{""pemain"":""Joko"",""relasi"":""offend""}]},{""pengirim"":""Joko"",""teks_chat"":""Aku beneran warga biasa, sumpah."",""label_intent"":""defend"",""target"":[{""pemain"":""Joko"",""relasi"":""defend""}]},{""pengirim"":""Kiki"",""teks_chat"":""Nggak percaya gue."",""label_intent"":""offend"",""target"":[{""pemain"":""Joko"",""relasi"":""offend""}]},{""pengirim"":""Lina"",""teks_chat"":""Joko, aku tetap curiga kamu Hitman."",""label_intent"":""offend"",""target"":[{""pemain"":""Joko"",""relasi"":""offend""}]}]","[""Joko"",""Kiki"",""Lina""]",[]
Maman,"Gue nggak setuju sama lo Oka, dia pasti Hitman yang pura-pura putus koneksi!",offend,"[{""pengirim"":""Maman"",""teks_chat"":""Ada yang belum membalas pertanyaan di chat?"",""label_intent"":""neutral"",""target"":[]},{""pengirim"":""Nia"",""teks_chat"":""Maaf, tadi koneksiku putus."",""label_intent"":""neutral"",""target"":[]},{""pengirim"":""Oka"",""teks_chat"":""Oh, Nia baru sempat membalas."",""label_intent"":""neutral"",""target"":[]},{""pengirim"":""Maman"",""teks_chat"":""Aku curiga Nia Hitman yang memakai alasan koneksi."",""label_intent"":""offend"",""target"":[{""pemain"":""Nia"",""relasi"":""offend""}]},{""pengirim"":""Nia"",""teks_chat"":""Aku bukan Hitman, koneksiku memang bermasalah."",""label_intent"":""defend"",""target"":[{""pemain"":""Nia"",""relasi"":""defend""}]},{""pengirim"":""Oka"",""teks_chat"":""Maman, telat membalas belum membuktikan dia Hitman."",""label_intent"":""defend"",""target"":[{""pemain"":""Nia"",""relasi"":""defend""}]},{""pengirim"":""Maman"",""teks_chat"":""Aku tetap curiga Nia sedang berbohong dgn alasan koneksi untuk menutupi role Hitman."",""label_intent"":""offend"",""target"":[{""pemain"":""Nia"",""relasi"":""offend""}]},{""pengirim"":""Nia"",""teks_chat"":""Aku menolak tuduhan itu."",""label_intent"":""defend"",""target"":[{""pemain"":""Nia"",""relasi"":""defend""}]},{""pengirim"":""Oka"",""teks_chat"":""Menurutku dia belum pantas divote dengan alasan itu."",""label_intent"":""defend"",""target"":[{""pemain"":""Nia"",""relasi"":""defend""}]}]","[""Maman"",""Nia"",""Oka""]","[{""pemain"":""Nia"",""relasi"":""offend""}]"
Rian,"Tolong ya, gue bukan Hitman. Jangan asal vote gue.",defend,[],"[""Putra"",""Rian""]","[{""pemain"":""Rian"",""relasi"":""defend""}]"
Budi,"gw spy, jadi jangan langsung anggap aku mencurigakan kalau pilihanku kelihatan defensif",defend,[],"[""Budi""]","[{""pemain"":""Budi"",""relasi"":""defend""}]"
Coki,"Eh, jangan asal nuduh dong, aku baru aja gabung dari toilet.",defend,"[{""pengirim"":""Asep"",""teks_chat"":""Udah, kita vote Coki aja, dia dari tadi pasif banget."",""label_intent"":""offend"",""target"":[{""pemain"":""Coki"",""relasi"":""offend""}]}]","[""Asep"",""Coki""]","[{""pemain"":""Coki"",""relasi"":""defend""}]"
Fina,"Eka baru memberikan info role, belum ada bukti dia Hitman. Jangan langsung tuduh.",defend,"[{""pengirim"":""Dani"",""teks_chat"":""Ada yang ngerasa aneh gak sih sama kejadian semalam?"",""label_intent"":""neutral"",""target"":[]},{""pengirim"":""Eka"",""teks_chat"":""Aku klaim Civilian ya, biar jelas dari awal."",""label_intent"":""neutral"",""target"":[]}]","[""Dani"",""Eka"",""Fina""]","[{""pemain"":""Eka"",""relasi"":""defend""}]"
Gilang,"Gue bukan Hitman. Klaim Spy gue benar, nanti gue jelaskan pilihan Guard-ku.",defend,"[{""pengirim"":""Gilang"",""teks_chat"":""Gue klaim Spy. Kalau perlu, nanti gue jelaskan pilihan Guard semalam."",""label_intent"":""neutral"",""target"":[]},{""pengirim"":""Hani"",""teks_chat"":""Gilang, aku curiga kamu Hitman yang membuat klaim Spy palsu."",""label_intent"":""offend"",""target"":[{""pemain"":""Gilang"",""relasi"":""offend""}]},{""pengirim"":""Iwan"",""teks_chat"":""Aku juga curiga Gilang Hitman yang membuat klaim palsu."",""label_intent"":""offend"",""target"":[{""pemain"":""Gilang"",""relasi"":""offend""}]}]","[""Gilang"",""Hani"",""Iwan""]","[{""pemain"":""Gilang"",""relasi"":""defend""}]"
Lala,"Fix si Mam Hitman, klaim rolenya berubah!",offend,"[{""pengirim"":""Joko"",""teks_chat"":""Ada yang mau membagikan klaim role?"",""label_intent"":""neutral"",""target"":[]},{""pengirim"":""Kiki"",""teks_chat"":""Aku mau dengar dulu."",""label_intent"":""neutral"",""target"":[]},{""pengirim"":""Lala"",""teks_chat"":""Sebutin juga skill yang dipakai semalam kalau mau dibahas."",""label_intent"":""neutral"",""target"":[]},{""pengirim"":""Maman"",""teks_chat"":""Gue Civilian."",""label_intent"":""neutral"",""target"":[]},{""pengirim"":""Joko"",""teks_chat"":""Yakin, Mam?"",""label_intent"":""neutral"",""target"":[]},{""pengirim"":""Kiki"",""teks_chat"":""Maman, tadi kamu mengaku Spy. Aku curiga kamu Hitman."",""label_intent"":""offend"",""target"":[{""pemain"":""Maman"",""relasi"":""offend""}]},{""pengirim"":""Maman"",""teks_chat"":""Yang benar Civilian. Aku salah ketik tadi, bukan Hitman."",""label_intent"":""defend"",""target"":[{""pemain"":""Maman"",""relasi"":""defend""}]},{""pengirim"":""Lala"",""teks_chat"":""Klaim berubah begini bikin aku curiga dia pelakunya."",""label_intent"":""offend"",""target"":[{""pemain"":""Maman"",""relasi"":""offend""}]},{""pengirim"":""Joko"",""teks_chat"":""Aku juga curiga Maman Hitman."",""label_intent"":""offend"",""target"":[{""pemain"":""Maman"",""relasi"":""offend""}]},{""pengirim"":""Kiki"",""teks_chat"":""Ayo vote dia saja."",""label_intent"":""offend"",""target"":[{""pemain"":""Maman"",""relasi"":""offend""}]},{""pengirim"":""Maman"",""teks_chat"":""Aku bukan Hitman, jangan vote cuma karena salah ketik."",""label_intent"":""defend"",""target"":[{""pemain"":""Maman"",""relasi"":""defend""}]}]","[""Joko"",""Kiki"",""Lala"",""Maman""]","[{""pemain"":""Maman"",""relasi"":""offend""}]"
Opan,"Aku setuju, dia belum terbukti Hitman hanya karena terlambat membalas.",defend,"[{""pengirim"":""Nina"",""teks_chat"":""Aku bukan Hitman. Tidak membalas chat dengan cepat bukan bukti aku pelakunya."",""label_intent"":""defend"",""target"":[{""pemain"":""Nina"",""relasi"":""defend""}]}]","[""Nina"",""Opan""]","[{""pemain"":""Nina"",""relasi"":""defend""}]"
Qori,"Gue klaim Spy, semalam gue memilih melindungi Putri dengan Guard.",neutral,"[{""pengirim"":""Putri"",""teks_chat"":""Gimana nih, belum ada petunjuk sama sekali."",""label_intent"":""neutral"",""target"":[]},{""pengirim"":""Qori"",""teks_chat"":""Iya nih, masih pada diem-dieman."",""label_intent"":""neutral"",""target"":[]},{""pengirim"":""Rama"",""teks_chat"":""Ada yang udah dapet info belum?"",""label_intent"":""neutral"",""target"":[]},{""pengirim"":""Putri"",""teks_chat"":""Aku masih nunggu nih, belum ada yang lapor."",""label_intent"":""neutral"",""target"":[]},{""pengirim"":""Qori"",""teks_chat"":""Coba tanya Rama, dia kan dari tadi anteng aja."",""label_intent"":""neutral"",""target"":[]},{""pengirim"":""Rama"",""teks_chat"":""Gue belum dapat apa-apa."",""label_intent"":""neutral"",""target"":[]},{""pengirim"":""Putri"",""teks_chat"":""Tadi ada yang bilang mau ngasih info kan ya?"",""label_intent"":""neutral"",""target"":[]}]","[""Putri"",""Qori"",""Rama""]",[]
Udin,Masa iya hitman ngaku jadi stalker secara terang-terangan gitu?,defend,"[{""pengirim"":""Sandi"",""teks_chat"":""Toni, lu tadi ngaku stalker kan?"",""label_intent"":""neutral"",""target"":[]},{""pengirim"":""Toni"",""teks_chat"":""Iya, gue stalker."",""label_intent"":""neutral"",""target"":[]},{""pengirim"":""Udin"",""teks_chat"":""Terus hasil intipan lu gimana?"",""label_intent"":""neutral"",""target"":[]},{""pengirim"":""Toni"",""teks_chat"":""Gue intip lu, Udin. Lu aman kok."",""label_intent"":""defend"",""target"":[{""pemain"":""Udin"",""relasi"":""defend""}]},{""pengirim"":""Sandi"",""teks_chat"":""Aku curiga kamu Hitman yang mengarang hasil Peek, Toni."",""label_intent"":""offend"",""target"":[{""pemain"":""Toni"",""relasi"":""offend""}]},{""pengirim"":""Udin"",""teks_chat"":""Iya, aku juga curiga Toni Hitman karena jawabannya terasa disiapkan."",""label_intent"":""offend"",""target"":[{""pemain"":""Toni"",""relasi"":""offend""}]},{""pengirim"":""Toni"",""teks_chat"":""Gue emang beneran intip kok, percaya deh."",""label_intent"":""defend"",""target"":[{""pemain"":""Toni"",""relasi"":""defend""}]},{""pengirim"":""Sandi"",""teks_chat"":""Makin curiga gue sama lu."",""label_intent"":""offend"",""target"":[{""pemain"":""Toni"",""relasi"":""offend""}]}]","[""Sandi"",""Toni"",""Udin""]","[{""pemain"":""Toni"",""relasi"":""defend""}]"
Yana,"Tunggu dulu, blm tentu si Wir bohong, mungkin aja dia emang ngomong jujur, kita kasih dia kesempatan.",defend,"[{""pengirim"":""Vina"",""teks_chat"":""Ada yang lihat kejadian aneh nggak semalam?"",""label_intent"":""neutral"",""target"":[]},{""pengirim"":""Wira"",""teks_chat"":""Aku klaim Spy; semalam pilihan Guard-ku Vina."",""label_intent"":""neutral"",""target"":[]},{""pengirim"":""Yana"",""teks_chat"":""Aku curiga Wira Hitman yang memakai klaim Spy palsu."",""label_intent"":""offend"",""target"":[{""pemain"":""Wira"",""relasi"":""offend""}]},{""pengirim"":""Vina"",""teks_chat"":""Iya, jangan-jangan kamu bohong Wir."",""label_intent"":""offend"",""target"":[{""pemain"":""Wira"",""relasi"":""offend""}]},{""pengirim"":""Wira"",""teks_chat"":""Beneran kok, aku spy asli."",""label_intent"":""defend"",""target"":[{""pemain"":""Wira"",""relasi"":""defend""}]},{""pengirim"":""Yana"",""teks_chat"":""Kenapa kamu pilih Vina buat di-Guard?"",""label_intent"":""neutral"",""target"":[]},{""pengirim"":""Vina"",""teks_chat"":""Palingan dia hitmannya."",""label_intent"":""offend"",""target"":[{""pemain"":""Wira"",""relasi"":""offend""}]},{""pengirim"":""Wira"",""teks_chat"":""Kalian kok nggak percaya sih, aku warga baik-baik."",""label_intent"":""defend"",""target"":[{""pemain"":""Wira"",""relasi"":""defend""}]},{""pengirim"":""Yana"",""teks_chat"":""Alasan lu kurang kuat."",""label_intent"":""offend"",""target"":[{""pemain"":""Wira"",""relasi"":""offend""}]},{""pengirim"":""Vina"",""teks_chat"":""Udah, kita vote dia aja."",""label_intent"":""offend"",""target"":[{""pemain"":""Wira"",""relasi"":""offend""}]}]","[""Vina"",""Wira"",""Yana""]","[{""pemain"":""Wira"",""relasi"":""defend""}]"
Zaki,"Tunggu, belum membuka hasil tidak berarti dia Hitman. Aku tarik tuduhanku.",defend,"[{""pengirim"":""Zaki"",""teks_chat"":""Tadi saat diskusi Adit mengaku Stalker. Aku curiga dia Hitman yang membuat klaim palsu."",""label_intent"":""offend"",""target"":[{""pemain"":""Adit"",""relasi"":""offend""}]},{""pengirim"":""Adit"",""teks_chat"":""Gue emang stalker kok, kalian jangan suuzon."",""label_intent"":""defend"",""target"":[{""pemain"":""Adit"",""relasi"":""defend""}]},{""pengirim"":""Bella"",""teks_chat"":""Aku curiga kamu Hitman karena klaim itu belum didukung penjelasan."",""label_intent"":""offend"",""target"":[{""pemain"":""Adit"",""relasi"":""offend""}]},{""pengirim"":""Adit"",""teks_chat"":""Aku belum ingin membuka hasil Peek, tetapi klaimku bukan bohong."",""label_intent"":""defend"",""target"":[{""pemain"":""Adit"",""relasi"":""defend""}]},{""pengirim"":""Zaki"",""teks_chat"":""Alah, alasan doang itu mah."",""label_intent"":""offend"",""target"":[{""pemain"":""Adit"",""relasi"":""offend""}]},{""pengirim"":""Bella"",""teks_chat"":""Iya, fix bohong."",""label_intent"":""offend"",""target"":[{""pemain"":""Adit"",""relasi"":""offend""}]},{""pengirim"":""Adit"",""teks_chat"":""Aku tidak bohong soal roleku."",""label_intent"":""defend"",""target"":[{""pemain"":""Adit"",""relasi"":""defend""}]},{""pengirim"":""Zaki"",""teks_chat"":""Ya buat nutupin identitas asli lu lah."",""label_intent"":""offend"",""target"":[{""pemain"":""Adit"",""relasi"":""offend""}]},{""pengirim"":""Bella"",""teks_chat"":""Udah, kita awasin aja dia."",""label_intent"":""offend"",""target"":[{""pemain"":""Adit"",""relasi"":""offend""}]},{""pengirim"":""Adit"",""teks_chat"":""Terserah kalian deh, yang penting gue udah jujur."",""label_intent"":""defend"",""target"":[{""pemain"":""Adit"",""relasi"":""defend""}]},{""pengirim"":""Zaki"",""teks_chat"":""Makin kelihatan sus-nya."",""label_intent"":""offend"",""target"":[{""pemain"":""Adit"",""relasi"":""offend""}]},{""pengirim"":""Bella"",""teks_chat"":""Aku setuju sama Zaki."",""label_intent"":""offend"",""target"":[{""pemain"":""Adit"",""relasi"":""offend""}]}]","[""Zaki"",""Adit"",""Bella""]","[{""pemain"":""Adit"",""relasi"":""defend""}]"
Budi,Dia pasti pelakunya yang pura-pura putus koneksi!,offend,"[{""pengirim"":""Coki"",""teks_chat"":""Maaf, koneksiku tadi terputus."",""label_intent"":""defend"",""target"":[{""pemain"":""Coki"",""relasi"":""defend""}]},{""pengirim"":""Dika"",""teks_chat"":""Jeda balasan belum membuktikan dia Hitman."",""label_intent"":""defend"",""target"":[{""pemain"":""Coki"",""relasi"":""defend""}]},{""pengirim"":""Evan"",""teks_chat"":""Aku curiga dia memakai alasan koneksi untuk menutupi role Hitman."",""label_intent"":""offend"",""target"":[{""pemain"":""Coki"",""relasi"":""offend""}]},{""pengirim"":""Fina"",""teks_chat"":""Aku tidak setuju, dia belum terbukti pelakunya."",""label_intent"":""defend"",""target"":[{""pemain"":""Coki"",""relasi"":""defend""}]},{""pengirim"":""Budi"",""teks_chat"":""Sebentar, kita masih di fase diskusi kan?"",""label_intent"":""neutral"",""target"":[]},{""pengirim"":""Dika"",""teks_chat"":""Iya, lanjutkan pembahasan sebelum Tribunal."",""label_intent"":""neutral"",""target"":[]},{""pengirim"":""Evan"",""teks_chat"":""Aku mau membaca ulang chat dulu."",""label_intent"":""neutral"",""target"":[]},{""pengirim"":""Fina"",""teks_chat"":""Silakan, supaya tidak salah kutip."",""label_intent"":""neutral"",""target"":[]},{""pengirim"":""Budi"",""teks_chat"":""Balik ke pemain yang terlambat membalas tadi."",""label_intent"":""neutral"",""target"":[]},{""pengirim"":""Dika"",""teks_chat"":""Ada alasan lain selain jeda balasan?"",""label_intent"":""neutral"",""target"":[]},{""pengirim"":""Evan"",""teks_chat"":""Aku tetap curiga dia Hitman yang mengarang alasan."",""label_intent"":""offend"",""target"":[{""pemain"":""Coki"",""relasi"":""offend""}]},{""pengirim"":""Fina"",""teks_chat"":""Aku masih menolak tuduhan itu, dia belum terbukti Hitman."",""label_intent"":""defend"",""target"":[{""pemain"":""Coki"",""relasi"":""defend""}]}]","[""Budi"",""Coki"",""Dika"",""Evan"",""Fina""]","[{""pemain"":""Coki"",""relasi"":""offend""}]"
Iwan,Internetku sekarang udh nyambung lagi. Sisa waktu diskusi berapa?,neutral,"[{""pengirim"":""Gani"",""teks_chat"":""Iwan balesnya lama terus, pasti lu pelakunya!"",""label_intent"":""offend"",""target"":[{""pemain"":""Iwan"",""relasi"":""offend""}]},{""pengirim"":""Hani"",""teks_chat"":""Iya tuh, jangan-jangan lagi mikirin alasan."",""label_intent"":""offend"",""target"":[{""pemain"":""Iwan"",""relasi"":""offend""}]}]","[""Gani"",""Hani"",""Iwan""]",[]
Maman,"Iya, aku juga curiga Kiki Hitman karena cepat sekali menuduh tanpa alasan jelas.",offend,"[{""pengirim"":""Joko"",""teks_chat"":""Gue klaim Spy, semalam gue memilih Guard ke Lala."",""label_intent"":""neutral"",""target"":[]},{""pengirim"":""Kiki"",""teks_chat"":""Masa sih? Jangan-jangan lu ngaku doang biar aman."",""label_intent"":""offend"",""target"":[{""pemain"":""Joko"",""relasi"":""offend""}]},{""pengirim"":""Lala"",""teks_chat"":""Waktu vote sisa 30 detik lagi guys!"",""label_intent"":""neutral"",""target"":[]},{""pengirim"":""Maman"",""teks_chat"":""Buru-buru amat, belum kelar ini."",""label_intent"":""neutral"",""target"":[]},{""pengirim"":""Joko"",""teks_chat"":""Kiki, kok lu gitu sih, kan emang bener gue spy."",""label_intent"":""defend"",""target"":[{""pemain"":""Joko"",""relasi"":""defend""}]},{""pengirim"":""Lala"",""teks_chat"":""20 detik lagi nih!"",""label_intent"":""neutral"",""target"":[]},{""pengirim"":""Maman"",""teks_chat"":""Bentar dong, ini masih seru bahasnya."",""label_intent"":""neutral"",""target"":[]},{""pengirim"":""Joko"",""teks_chat"":""Kiki, aku justru curiga kamu Hitman yang sengaja menyerang klaimku."",""label_intent"":""offend"",""target"":[{""pemain"":""Kiki"",""relasi"":""offend""}]}]","[""Joko"",""Kiki"",""Lala"",""Maman""]","[{""pemain"":""Kiki"",""relasi"":""offend""}]"
Nana,"Kalian salah menuduh, gue bukan Hitman. Belum ada bukti yang mendukung tuduhan ke gue.",defend,"[{""pengirim"":""Opan"",""teks_chat"":""Nana, kamu mau membagikan klaim role?"",""label_intent"":""neutral"",""target"":[]},{""pengirim"":""Nana"",""teks_chat"":""Aku klaim Civilian."",""label_intent"":""neutral"",""target"":[]},{""pengirim"":""Rani"",""teks_chat"":""Nana, aku curiga klaim Civilian itu palsu dan kamu Hitman."",""label_intent"":""offend"",""target"":[{""pemain"":""Nana"",""relasi"":""offend""}]},{""pengirim"":""Nana"",""teks_chat"":""Aku tidak berbohong soal role, aku bukan Hitman."",""label_intent"":""defend"",""target"":[{""pemain"":""Nana"",""relasi"":""defend""}]},{""pengirim"":""Opan"",""teks_chat"":""Aku juga curiga Nana pelakunya."",""label_intent"":""offend"",""target"":[{""pemain"":""Nana"",""relasi"":""offend""}]},{""pengirim"":""Nana"",""teks_chat"":""Sumpah bukan aku!"",""label_intent"":""defend"",""target"":[{""pemain"":""Nana"",""relasi"":""defend""}]},{""pengirim"":""Rani"",""teks_chat"":""Kita vote Nana aja yuk."",""label_intent"":""offend"",""target"":[{""pemain"":""Nana"",""relasi"":""offend""}]},{""pengirim"":""Opan"",""teks_chat"":""Boleh juga, mencurigakan banget soalnya."",""label_intent"":""offend"",""target"":[{""pemain"":""Nana"",""relasi"":""offend""}]},{""pengirim"":""Nana"",""teks_chat"":""Tolong percaya sama aku, aku beneran orang baik."",""label_intent"":""defend"",""target"":[{""pemain"":""Nana"",""relasi"":""defend""}]},{""pengirim"":""Rani"",""teks_chat"":""Alasan lu kurang meyakinkan."",""label_intent"":""offend"",""target"":[{""pemain"":""Nana"",""relasi"":""offend""}]},{""pengirim"":""Opan"",""teks_chat"":""Udah telat buat ngeles."",""label_intent"":""offend"",""target"":[{""pemain"":""Nana"",""relasi"":""offend""}]}]","[""Nana"",""Opan"",""Rani""]","[{""pemain"":""Nana"",""relasi"":""defend""}]"
Sani,Aku tarik tuduhan ke Tono dan Umi. Jeda balasan mereka belum membuktikan mereka Hitman.,defend,"[{""pengirim"":""Sani"",""teks_chat"":""Tono dan Umi belum membalas pertanyaan tadi."",""label_intent"":""neutral"",""target"":[]},{""pengirim"":""Tono"",""teks_chat"":""Baru sempat baca, maaf."",""label_intent"":""neutral"",""target"":[]},{""pengirim"":""Umi"",""teks_chat"":""Aku juga sedang membaca chat."",""label_intent"":""neutral"",""target"":[]},{""pengirim"":""Sani"",""teks_chat"":""Aku curiga Tono dan Umi Hitman yang sengaja menghindar."",""label_intent"":""offend"",""target"":[{""pemain"":""Tono"",""relasi"":""offend""},{""pemain"":""Umi"",""relasi"":""offend""}]},{""pengirim"":""Tono"",""teks_chat"":""Aku bukan Hitman, terlambat membalas bukan bukti."",""label_intent"":""defend"",""target"":[{""pemain"":""Tono"",""relasi"":""defend""}]},{""pengirim"":""Umi"",""teks_chat"":""Aku juga bukan Hitman, jangan asal tuduh dong."",""label_intent"":""defend"",""target"":[{""pemain"":""Umi"",""relasi"":""defend""}]},{""pengirim"":""Sani"",""teks_chat"":""Aku masih curiga kalian berdua pelakunya."",""label_intent"":""offend"",""target"":[{""pemain"":""Tono"",""relasi"":""offend""},{""pemain"":""Umi"",""relasi"":""offend""}]},{""pengirim"":""Tono"",""teks_chat"":""Coba baca penjelasanku dulu."",""label_intent"":""neutral"",""target"":[]},{""pengirim"":""Umi"",""teks_chat"":""Kita bisa lanjut membahas pertanyaannya sekarang."",""label_intent"":""neutral"",""target"":[]}]","[""Sani"",""Tono"",""Umi""]","[{""pemain"":""Tono"",""relasi"":""defend""},{""pemain"":""Umi"",""relasi"":""defend""}]"
Vina,"Halo semuanya, siapa yang mau memulai diskusi?",neutral,[],"[""Vina"",""Wawan""]",[]
Deni,"Aku bukan Hitman, jangan anggap klaim Civilian sebagai bukti aku pelakunya!",defend,"[{""pengirim"":""Bobi"",""teks_chat"":""Deni, kamu mau menyampaikan klaim role?"",""label_intent"":""neutral"",""target"":[]},{""pengirim"":""Deni"",""teks_chat"":""Aku klaim Civilian."",""label_intent"":""neutral"",""target"":[]},{""pengirim"":""Citra"",""teks_chat"":""Aku curiga Deni Hitman yang mengaku Civilian."",""label_intent"":""offend"",""target"":[{""pemain"":""Deni"",""relasi"":""offend""}]},{""pengirim"":""Bobi"",""teks_chat"":""Aku juga curiga Deni pelakunya."",""label_intent"":""offend"",""target"":[{""pemain"":""Deni"",""relasi"":""offend""}]}]","[""Bobi"",""Citra"",""Deni""]","[{""pemain"":""Deni"",""relasi"":""defend""}]"
Eno,"Tebakanku Farah Hitman, aku mau vote Farah.",offend,[],"[""Eno"",""Farah""]","[{""pemain"":""Farah"",""relasi"":""offend""}]"
Gilang,Dia pasti Hitman yang sengaja menghindari pertanyaan!,offend,"[{""pengirim"":""Gilang"",""teks_chat"":""Hani membalas pesannya lama sekali, ya?"",""label_intent"":""neutral"",""target"":[]}]","[""Gilang"",""Hani""]","[{""pemain"":""Hani"",""relasi"":""offend""}]"
Jojo,"Iya, si Iwan tadi pesan pertamanya baru muncul nih.",neutral,"[{""pengirim"":""Iwan"",""teks_chat"":""Ada yang chatnya masuk telat banget ya?"",""label_intent"":""neutral"",""target"":[]}]","[""Iwan"",""Jojo""]",[]
Zaki,"Iya, si Dika sama Fajar juga belum ngomong apa-apa.",neutral,"[{""pengirim"":""Yoga"",""teks_chat"":""Ini kok banyak banget yang diam ya."",""label_intent"":""neutral"",""target"":[]}]","[""Yoga"",""Zaki"",""Dika"",""Fajar""]",[]
Gita,Ada klaim role lain yang ingin disampaikan?,neutral,"[{""pengirim"":""Budi"",""teks_chat"":""Ada yang mau berbagi informasi dari skill?"",""label_intent"":""neutral"",""target"":[]},{""pengirim"":""Cici"",""teks_chat"":""Aku belum punya info untuk dibagikan."",""label_intent"":""neutral"",""target"":[]},{""pengirim"":""Dika"",""teks_chat"":""Aku klaim Stalker, hasil Peek-ku menunjukkan Evan Civilian."",""label_intent"":""neutral"",""target"":[]},{""pengirim"":""Evan"",""teks_chat"":""Kamu pakai Peek ke aku?"",""label_intent"":""neutral"",""target"":[]},{""pengirim"":""Fajar"",""teks_chat"":""Dika, siapa target Peek yang kamu maksud?"",""label_intent"":""neutral"",""target"":[]},{""pengirim"":""Dika"",""teks_chat"":""Eh, maksudku Cici. Hasilnya Civilian."",""label_intent"":""neutral"",""target"":[]},{""pengirim"":""Gita"",""teks_chat"":""Dika, perubahan target itu membuatku curiga kamu Hitman."",""label_intent"":""offend"",""target"":[{""pemain"":""Dika"",""relasi"":""offend""}]},{""pengirim"":""Budi"",""teks_chat"":""Aku juga curiga Dika mengarang hasil sebagai Hitman."",""label_intent"":""offend"",""target"":[{""pemain"":""Dika"",""relasi"":""offend""}]},{""pengirim"":""Dika"",""teks_chat"":""Aku bukan Hitman, aku salah menyebut nama tadi."",""label_intent"":""defend"",""target"":[{""pemain"":""Dika"",""relasi"":""defend""}]},{""pengirim"":""Evan"",""teks_chat"":""Aku tetap curiga Dika Hitman yang berbohong."",""label_intent"":""offend"",""target"":[{""pemain"":""Dika"",""relasi"":""offend""}]},{""pengirim"":""Fajar"",""teks_chat"":""Fix Dika Hitman ini."",""label_intent"":""offend"",""target"":[{""pemain"":""Dika"",""relasi"":""offend""}]},{""pengirim"":""Dika"",""teks_chat"":""Bukan aku pelakunya, yang benar aku Peek Cici."",""label_intent"":""defend"",""target"":[{""pemain"":""Dika"",""relasi"":""defend""}]}]","[""Budi"",""Cici"",""Dika"",""Evan"",""Fajar"",""Gita""]",[]
Sandi,"Oke, Rani sama Toni cek alasannya, aku lanjut cari kutipan pesannya.",neutral,"[{""pengirim"":""Rani"",""teks_chat"":""Ada yang mengubah ajakan vote di chat tadi?"",""label_intent"":""neutral"",""target"":[]},{""pengirim"":""Sandi"",""teks_chat"":""Seingatku ada, menjelang akhir diskusi."",""label_intent"":""neutral"",""target"":[]},{""pengirim"":""Toni"",""teks_chat"":""Aku mau baca ulang chatnya."",""label_intent"":""neutral"",""target"":[]},{""pengirim"":""Rani"",""teks_chat"":""Tolong kutip pesannya supaya jelas."",""label_intent"":""neutral"",""target"":[]},{""pengirim"":""Sandi"",""teks_chat"":""Oke, aku cari dulu."",""label_intent"":""neutral"",""target"":[]},{""pengirim"":""Toni"",""teks_chat"":""Sekalian cari alasan perubahan ajakannya."",""label_intent"":""neutral"",""target"":[]},{""pengirim"":""Rani"",""teks_chat"":""Iya, kita cocokkan isi chatnya."",""label_intent"":""neutral"",""target"":[]}]","[""Rani"",""Sandi"",""Toni""]",[]
Bagas,"Sebentar, selain klaim Doni, ada yang punya info lain soal semalam?",neutral,"[{""pengirim"":""Bagas"",""teks_chat"":""Cinta, mau berbagi klaim role?"",""label_intent"":""neutral"",""target"":[]},{""pengirim"":""Cinta"",""teks_chat"":""Aku klaim Civilian."",""label_intent"":""neutral"",""target"":[]},{""pengirim"":""Doni"",""teks_chat"":""Cinta bohong, aku klaim Stalker dan hasil Peek-ku menunjukkan dia Hitman."",""label_intent"":""offend"",""target"":[{""pemain"":""Cinta"",""relasi"":""offend""}]},{""pengirim"":""Cinta"",""teks_chat"":""Itu tidak benar, aku bukan Hitman!"",""label_intent"":""defend"",""target"":[{""pemain"":""Cinta"",""relasi"":""defend""}]},{""pengirim"":""Elsa"",""teks_chat"":""Aku percaya klaim itu, Cinta pasti Hitman."",""label_intent"":""offend"",""target"":[{""pemain"":""Cinta"",""relasi"":""offend""}]},{""pengirim"":""Bagas"",""teks_chat"":""Doni, kamu yakin menyebut target Peek yang benar?"",""label_intent"":""neutral"",""target"":[]},{""pengirim"":""Doni"",""teks_chat"":""Iya, aku tetap menuduh Cinta berdasarkan klaim hasilku itu."",""label_intent"":""offend"",""target"":[{""pemain"":""Cinta"",""relasi"":""offend""}]},{""pengirim"":""Cinta"",""teks_chat"":""Aku menolak tuduhan itu. Klaim hasilnya belum tentu benar."",""label_intent"":""defend"",""target"":[{""pemain"":""Cinta"",""relasi"":""defend""}]},{""pengirim"":""Elsa"",""teks_chat"":""Aku masih mendukung vote Cinta."",""label_intent"":""offend"",""target"":[{""pemain"":""Cinta"",""relasi"":""offend""}]}]","[""Bagas"",""Cinta"",""Doni"",""Elsa""]",[]
Fina,"Kalian merasa waktu diskusi ronde ini cepat sekali, nggak?",neutral,"[{""pengirim"":""Fina"",""teks_chat"":""Gilang lama sekali membalas pertanyaan."",""label_intent"":""neutral"",""target"":[]},{""pengirim"":""Gilang"",""teks_chat"":""Maaf, koneksi putus tadi."",""label_intent"":""neutral"",""target"":[]},{""pengirim"":""Hadi"",""teks_chat"":""Jeda balasan Gilang belum membuktikan dia Hitman."",""label_intent"":""defend"",""target"":[{""pemain"":""Gilang"",""relasi"":""defend""}]},{""pengirim"":""Intan"",""teks_chat"":""Aku curiga Gilang Hitman yang membuat alasan koneksi."",""label_intent"":""offend"",""target"":[{""pemain"":""Gilang"",""relasi"":""offend""}]},{""pengirim"":""Gilang"",""teks_chat"":""Aku bukan Hitman."",""label_intent"":""defend"",""target"":[{""pemain"":""Gilang"",""relasi"":""defend""}]},{""pengirim"":""Fina"",""teks_chat"":""Pesanmu sekarang sudah terbaca."",""label_intent"":""neutral"",""target"":[]},{""pengirim"":""Hadi"",""teks_chat"":""Aku tetap menolak tuduhan ke dia kalau dasarnya cuma jeda balasan."",""label_intent"":""defend"",""target"":[{""pemain"":""Gilang"",""relasi"":""defend""}]},{""pengirim"":""Intan"",""teks_chat"":""Menurutku dia Hitman yang sedang menipu kalian."",""label_intent"":""offend"",""target"":[{""pemain"":""Gilang"",""relasi"":""offend""}]},{""pengirim"":""Gilang"",""teks_chat"":""Tuduhan ke aku tidak benar."",""label_intent"":""defend"",""target"":[{""pemain"":""Gilang"",""relasi"":""defend""}]},{""pengirim"":""Fina"",""teks_chat"":""Aku juga menolak vote dia hanya karena koneksinya terputus."",""label_intent"":""defend"",""target"":[{""pemain"":""Gilang"",""relasi"":""defend""}]},{""pengirim"":""Intan"",""teks_chat"":""Langsung vote Gilang saja, aku yakin dia Hitman!"",""label_intent"":""offend"",""target"":[{""pemain"":""Gilang"",""relasi"":""offend""}]},{""pengirim"":""Hadi"",""teks_chat"":""Jangan vote dia dulu, alasan tadi belum membuktikan dia pelakunya."",""label_intent"":""defend"",""target"":[{""pemain"":""Gilang"",""relasi"":""defend""}]}]","[""Fina"",""Gilang"",""Hadi"",""Intan""]",[]
Cinta,"Bagas, Deni, kalau nemu alasan yang aneh kabarin ya.",neutral,"[{""pengirim"":""Bagas"",""teks_chat"":""Sebelum Tribunal, bagaimana kalau kita bahas alasan tiap ajakan vote?"",""label_intent"":""neutral"",""target"":[]},{""pengirim"":""Cinta"",""teks_chat"":""Setuju. Mulai dari bagian mana?"",""label_intent"":""neutral"",""target"":[]},{""pengirim"":""Deni"",""teks_chat"":""Kita bisa membaca urutan chat dari awal."",""label_intent"":""neutral"",""target"":[]},{""pengirim"":""Bagas"",""teks_chat"":""Lalu catat alasan yang sudah disebut."",""label_intent"":""neutral"",""target"":[]},{""pengirim"":""Cinta"",""teks_chat"":""Berapa waktu diskusi yang tersisa?"",""label_intent"":""neutral"",""target"":[]},{""pengirim"":""Deni"",""teks_chat"":""Masih cukup untuk membaca beberapa pesan."",""label_intent"":""neutral"",""target"":[]},{""pengirim"":""Bagas"",""teks_chat"":""Oke, aku mulai membaca."",""label_intent"":""neutral"",""target"":[]},{""pengirim"":""Deni"",""teks_chat"":""Aku jg ikut baca."",""label_intent"":""neutral"",""target"":[]}]","[""Bagas"",""Cinta"",""Deni""]",[]
Hadi,"Fajar, Gilang, kalian mau bahas skill yang mana dulu?",neutral,"[{""pengirim"":""Fajar"",""teks_chat"":""Ada yang mau membagikan klaim pilihan skill semalam?"",""label_intent"":""neutral"",""target"":[]},{""pengirim"":""Gilang"",""teks_chat"":""Aku mau mendengar klaim yang lain dulu."",""label_intent"":""neutral"",""target"":[]}]","[""Fajar"",""Gilang"",""Hadi""]",[]
Lina,"Maman bilang 'Nia Hitman yang pura-pura putus koneksi'. Aku hanya mengutip pendapat Maman, belum menilainya.",neutral,"[{""pengirim"":""Lina"",""teks_chat"":""Nia baru membalas setelah jeda lama."",""label_intent"":""neutral"",""target"":[]},{""pengirim"":""Maman"",""teks_chat"":""Nia Hitman yang pura-pura putus koneksi biar aman."",""label_intent"":""offend"",""target"":[{""pemain"":""Nia"",""relasi"":""offend""}]},{""pengirim"":""Nia"",""teks_chat"":""Koneksiku tadi putus."",""label_intent"":""defend"",""target"":[{""pemain"":""Nia"",""relasi"":""defend""}]},{""pengirim"":""Lina"",""teks_chat"":""Pesanmu sekarang sudah masuk."",""label_intent"":""neutral"",""target"":[]},{""pengirim"":""Maman"",""teks_chat"":""Aku tetap curiga Nia pelakunya."",""label_intent"":""offend"",""target"":[{""pemain"":""Nia"",""relasi"":""offend""}]}]","[""Lina"",""Maman"",""Nia""]",[]
Elsa,"Bagas, Doni, sama Cinta ada usul lain nggak selain nungguin?",neutral,"[{""pengirim"":""Bagas"",""teks_chat"":""Halo semua."",""label_intent"":""neutral"",""target"":[]},{""pengirim"":""Cinta"",""teks_chat"":""Ada yang udah dapet petunjuk?"",""label_intent"":""neutral"",""target"":[]},{""pengirim"":""Doni"",""teks_chat"":""Aku klaim Spy. Aku mau menjelaskan pilihan Guard semalam."",""label_intent"":""neutral"",""target"":[]},{""pengirim"":""Elsa"",""teks_chat"":""Aku curiga Doni Hitman yg membuat klaim Spy palsu."",""label_intent"":""offend"",""target"":[{""pemain"":""Doni"",""relasi"":""offend""}]},{""pengirim"":""Bagas"",""teks_chat"":""Kita tunggu aja dulu."",""label_intent"":""neutral"",""target"":[]},{""pengirim"":""Doni"",""teks_chat"":""Beneran aku nggak bohong."",""label_intent"":""defend"",""target"":[{""pemain"":""Doni"",""relasi"":""defend""}]},{""pengirim"":""Cinta"",""teks_chat"":""Silakan jelaskan pilihan Guard-mu."",""label_intent"":""neutral"",""target"":[]},{""pengirim"":""Elsa"",""teks_chat"":""Aku tetap curiga Doni Hitman, penjelasannya ditunda terus."",""label_intent"":""offend"",""target"":[{""pemain"":""Doni"",""relasi"":""offend""}]},{""pengirim"":""Doni"",""teks_chat"":""Sebentar, aku sedang mengetik penjelasannya."",""label_intent"":""neutral"",""target"":[]},{""pengirim"":""Bagas"",""teks_chat"":""Iya, kita sabar aja."",""label_intent"":""neutral"",""target"":[]},{""pengirim"":""Cinta"",""teks_chat"":""Waktu diskusi sudah mau habis."",""label_intent"":""neutral"",""target"":[]}]","[""Bagas"",""Cinta"",""Doni"",""Elsa""]",[]
Gilang,"Teman-teman, ada yang tahu semalam siapa yang disandera?",neutral,"[{""pengirim"":""Fina"",""teks_chat"":""Sepi banget ya."",""label_intent"":""neutral"",""target"":[]},{""pengirim"":""Gilang"",""teks_chat"":""Iya nih, pada ke mana."",""label_intent"":""neutral"",""target"":[]},{""pengirim"":""Hadi"",""teks_chat"":""Nyimak doang nih gue."",""label_intent"":""neutral"",""target"":[]},{""pengirim"":""Intan"",""teks_chat"":""Aku jg mantau aja."",""label_intent"":""neutral"",""target"":[]},{""pengirim"":""Fina"",""teks_chat"":""Kok Hadi sama Intan pasif banget sih, mencurigakan tau."",""label_intent"":""offend"",""target"":[{""pemain"":""Hadi"",""relasi"":""offend""},{""pemain"":""Intan"",""relasi"":""offend""}]},{""pengirim"":""Hadi"",""teks_chat"":""Aku bukan Hitman, masa cuma nyimak langsung dicurigai."",""label_intent"":""defend"",""target"":[{""pemain"":""Hadi"",""relasi"":""defend""}]},{""pengirim"":""Intan"",""teks_chat"":""Aku juga bukan Hitman, baru sempat membaca chat."",""label_intent"":""defend"",""target"":[{""pemain"":""Intan"",""relasi"":""defend""}]},{""pengirim"":""Fina"",""teks_chat"":""Pokoknya orang pasif tuh biasanya hitman."",""label_intent"":""offend"",""target"":[{""pemain"":""Hadi"",""relasi"":""offend""},{""pemain"":""Intan"",""relasi"":""offend""}]}]","[""Fina"",""Gilang"",""Hadi"",""Intan""]",[]
Budi,Citra dan Deni mau mulai membahas pesan yang mana?,neutral,"[{""pengirim"":""Budi"",""teks_chat"":""Hasil Tribunal tadi sudah tampil, ya?"",""label_intent"":""neutral"",""target"":[]},{""pengirim"":""Citra"",""teks_chat"":""Iya, udah keluar barusan."",""label_intent"":""neutral"",""target"":[]},{""pengirim"":""Deni"",""teks_chat"":""Kita bisa membahas alasan ajakan vote sebelumnya."",""label_intent"":""neutral"",""target"":[]}]","[""Budi"",""Citra"",""Deni""]",[]
Fajar,sumpah kaget pas layar berubah ke fase pagi,neutral,[],"[""Fajar""]",[]
Intan,"Gita tadi bilang 'aku curiga kamu Hitman' ke Hasan. Aku catat dulu ya, aku sendiri belum ada pendapat.",neutral,"[{""pengirim"":""Gita"",""teks_chat"":""Hasan, aku curiga kamu Hitman karena terlalu cepat mengajak vote."",""label_intent"":""offend"",""target"":[{""pemain"":""Hasan"",""relasi"":""offend""}]},{""pengirim"":""Hasan"",""teks_chat"":""Aku bukan Hitman, aku ingin membahas pilihannya dulu."",""label_intent"":""defend"",""target"":[{""pemain"":""Hasan"",""relasi"":""defend""}]},{""pengirim"":""Intan"",""teks_chat"":""Ada yang mau mencatat urutan percakapannya?"",""label_intent"":""neutral"",""target"":[]}]","[""Gita"",""Hasan"",""Intan""]",[]
Joko,Pesan terakhirku kebaca utuh nggak sama kalian?,neutral,"[{""pengirim"":""Joko"",""teks_chat"":""Pesanku tadi belum masuk, ya?"",""label_intent"":""neutral"",""target"":[]},{""pengirim"":""Kiki"",""teks_chat"":""Sekarang sudah muncul."",""label_intent"":""neutral"",""target"":[]},{""pengirim"":""Lala"",""teks_chat"":""Pesanku juga agak terlambat terkirim."",""label_intent"":""neutral"",""target"":[]}]","[""Joko"",""Kiki"",""Lala""]",[]
Nia,"Ngomong-ngomong, semalam ada yang pakai skill dan mau share hasilnya?",neutral,"[{""pengirim"":""Maman"",""teks_chat"":""Nia lama membalas, aku curiga dia Hitman."",""label_intent"":""offend"",""target"":[{""pemain"":""Nia"",""relasi"":""offend""}]},{""pengirim"":""Nia"",""teks_chat"":""Aku bukan Hitman, tadi sedang membaca chat."",""label_intent"":""defend"",""target"":[{""pemain"":""Nia"",""relasi"":""defend""}]},{""pengirim"":""Opan"",""teks_chat"":""Aku juga belum selesai membaca."",""label_intent"":""neutral"",""target"":[]},{""pengirim"":""Maman"",""teks_chat"":""Aku tetap curiga Nia pelakunya."",""label_intent"":""offend"",""target"":[{""pemain"":""Nia"",""relasi"":""offend""}]},{""pengirim"":""Nia"",""teks_chat"":""Tuduhan ke aku belum ada buktinya."",""label_intent"":""defend"",""target"":[{""pemain"":""Nia"",""relasi"":""defend""}]},{""pengirim"":""Opan"",""teks_chat"":""Jangan vote Nia hanya karena jeda balasan."",""label_intent"":""defend"",""target"":[{""pemain"":""Nia"",""relasi"":""defend""}]},{""pengirim"":""Maman"",""teks_chat"":""Kita masih punya waktu membahas alasan lain."",""label_intent"":""neutral"",""target"":[]}]","[""Maman"",""Nia"",""Opan""]",[]
Santi,"Rak, kamu merasa fase malam tadi lebih singkat juga?",neutral,"[{""pengirim"":""Putri"",""teks_chat"":""Fase malam tadi terasa singkat."",""label_intent"":""neutral"",""target"":[]},{""pengirim"":""Raka"",""teks_chat"":""Sekarang sudah masuk diskusi siang."",""label_intent"":""neutral"",""target"":[]},{""pengirim"":""Santi"",""teks_chat"":""Ada klaim skill yang ingin dibagikan?"",""label_intent"":""neutral"",""target"":[]},{""pengirim"":""Putri"",""teks_chat"":""Aku belum ingin membuka klaim."",""label_intent"":""neutral"",""target"":[]},{""pengirim"":""Raka"",""teks_chat"":""Oke, santai aja, nanti kalau udah yakin baru share."",""label_intent"":""neutral"",""target"":[]},{""pengirim"":""Santi"",""teks_chat"":""Ada yang ngerasa ada kejadian aneh semalam?"",""label_intent"":""neutral"",""target"":[]},{""pengirim"":""Raka"",""teks_chat"":""Aku nggak ngeh apa-apa sih."",""label_intent"":""neutral"",""target"":[]},{""pengirim"":""Putri"",""teks_chat"":""Aku juga, tahu-tahu udah siang aja."",""label_intent"":""neutral"",""target"":[]},{""pengirim"":""Santi"",""teks_chat"":""Berarti belum ada petunjuk sama sekali ya."",""label_intent"":""neutral"",""target"":[]},{""pengirim"":""Raka"",""teks_chat"":""Iya, kita tunggu yang lain ngomong dulu."",""label_intent"":""neutral"",""target"":[]},{""pengirim"":""Putri"",""teks_chat"":""Oke, aku pantau chat dulu."",""label_intent"":""neutral"",""target"":[]}]","[""Putri"",""Raka"",""Santi""]",[]
Vina,"Aku klaim Civilian ya, biar kalian tahu.",neutral,"[{""pengirim"":""Toni"",""teks_chat"":""Ada yang tidak bisa membalas saat diskusi sebelumnya?"",""label_intent"":""neutral"",""target"":[]},{""pengirim"":""Udin"",""teks_chat"":""Aku belum tahu siapa yang mengalami kendala."",""label_intent"":""neutral"",""target"":[]}]","[""Toni"",""Udin"",""Vina""]",[]
Yudi,"Aku juga klaim Civilian ya, biar jelas sebelum lanjut diskusi.",neutral,"[{""pengirim"":""Wawan"",""teks_chat"":""Pagi semua, semalam aman-aman aja?"",""label_intent"":""neutral"",""target"":[]},{""pengirim"":""Xena"",""teks_chat"":""Aman kok, aku nggak ngapa-ngapain."",""label_intent"":""neutral"",""target"":[]},{""pengirim"":""Yudi"",""teks_chat"":""Ada yang semalam pakai skill?"",""label_intent"":""neutral"",""target"":[]},{""pengirim"":""Wawan"",""teks_chat"":""Kalau ada Spy atau Stalker, boleh cerita sekarang."",""label_intent"":""neutral"",""target"":[]},{""pengirim"":""Xena"",""teks_chat"":""Aku sih nggak punya skill apa-apa."",""label_intent"":""neutral"",""target"":[]}]","[""Wawan"",""Xena"",""Yudi""]",[]
Bayu,"Zara bilang 'aku masih ingin vote Arif'. Aku cuma nyatet itu ya, aku sendiri belum nentuin pilihan.",neutral,"[{""pengirim"":""Zara"",""teks_chat"":""Arif terlalu cepat mengajak vote, aku curiga dia Hitman."",""label_intent"":""offend"",""target"":[{""pemain"":""Arif"",""relasi"":""offend""}]},{""pengirim"":""Arif"",""teks_chat"":""Aku bukan Hitman. Aku baru mengusulkan nama untuk dibahas."",""label_intent"":""defend"",""target"":[{""pemain"":""Arif"",""relasi"":""defend""}]},{""pengirim"":""Bayu"",""teks_chat"":""Kita perlu mendengar alasan setiap usulan."",""label_intent"":""neutral"",""target"":[]},{""pengirim"":""Zara"",""teks_chat"":""Aku masih ingin vote Arif."",""label_intent"":""offend"",""target"":[{""pemain"":""Arif"",""relasi"":""offend""}]},{""pengirim"":""Arif"",""teks_chat"":""Jangan vote aku tanpa alasan kuat."",""label_intent"":""defend"",""target"":[{""pemain"":""Arif"",""relasi"":""defend""}]},{""pengirim"":""Bayu"",""teks_chat"":""Aku sedang mencatat siapa yang mengusulkan vote."",""label_intent"":""neutral"",""target"":[]}]","[""Zara"",""Arif"",""Bayu""]",[]
Candra,"chat terkunci, fix semua pada masuk mode serius",neutral,[],"[""Candra""]",[]
Budi,"Oke, kita tunggu penjelasan pilihan Guard-nya.",neutral,"[{""pengirim"":""Budi"",""teks_chat"":""Yang klaim Spy mau membagikan pilihan Guard?"",""label_intent"":""neutral"",""target"":[]},{""pengirim"":""Cici"",""teks_chat"":""Tadi Doni mau menjelaskan, tapi belum lanjut mengetik."",""label_intent"":""neutral"",""target"":[]},{""pengirim"":""Doni"",""teks_chat"":""Sebentar, aku sedang menyusun penjelasan."",""label_intent"":""neutral"",""target"":[]}]","[""Budi"",""Cici"",""Doni""]",[]
Bima,"Asep, bisa baca ulang chatnya untuk mencari pesan itu?",neutral,"[{""pengirim"":""Asep"",""teks_chat"":""Ada yang nyadar nggak sih tadi?"",""label_intent"":""neutral"",""target"":[]},{""pengirim"":""Bima"",""teks_chat"":""Nyadar apa cuy?"",""label_intent"":""neutral"",""target"":[]},{""pengirim"":""Asep"",""teks_chat"":""Di akhir diskusi ada yang mengganti ajakan vote di chat."",""label_intent"":""neutral"",""target"":[]},{""pengirim"":""Citra"",""teks_chat"":""Ah masa sih? Aku nggak ngeh."",""label_intent"":""neutral"",""target"":[]},{""pengirim"":""Asep"",""teks_chat"":""Iya, ajakannya berubah dari satu nama ke nama lain."",""label_intent"":""neutral"",""target"":[]},{""pengirim"":""Bima"",""teks_chat"":""Terus siapa yang mindahin emangnya?"",""label_intent"":""neutral"",""target"":[]},{""pengirim"":""Asep"",""teks_chat"":""Nah itu dia, aku nggak sempet lihat namanya."",""label_intent"":""neutral"",""target"":[]},{""pengirim"":""Citra"",""teks_chat"":""Yaah, gimana dong."",""label_intent"":""neutral"",""target"":[]}]","[""Asep"",""Bima"",""Citra""]",[]
Fajar,Pesanku sekarang sudah masuk. Pertanyaannya yang mana?,neutral,"[{""pengirim"":""Dika"",""teks_chat"":""Fajar lambat membalas, aku curiga dia Hitman yang menghindari pertanyaan."",""label_intent"":""offend"",""target"":[{""pemain"":""Fajar"",""relasi"":""offend""}]}]","[""Dika"",""Fajar""]",[]
Iwan,"Oke, ada yang ingin menyampaikan klaim lain?",neutral,"[{""pengirim"":""Gani"",""teks_chat"":""Ini yang jadi spy siapa aja sih?"",""label_intent"":""neutral"",""target"":[]},{""pengirim"":""Hadi"",""teks_chat"":""Gue klaim Spy. Gue belum mau membagikan pilihan Guard semalam."",""label_intent"":""neutral"",""target"":[]}]","[""Gani"",""Hadi"",""Iwan""]",[]
Maman,Aku curiga orang yang plin-plan tadi Hitman.,offend,"[{""pengirim"":""Maman"",""teks_chat"":""Boleh jeda sebentar? Aku mau bahas rencana vote dulu."",""label_intent"":""neutral"",""target"":[]},{""pengirim"":""Nia"",""teks_chat"":""Boleh, rencananya gimana? Aku jg mau dengar."",""label_intent"":""neutral"",""target"":[]},{""pengirim"":""Opan"",""teks_chat"":""Menurutku jangan buru-buru vote di awal."",""label_intent"":""neutral"",""target"":[]},{""pengirim"":""Lia"",""teks_chat"":""Iya, kalau buru-buru malah gampang salah pilih."",""label_intent"":""neutral"",""target"":[]},{""pengirim"":""Maman"",""teks_chat"":""Jadi kita perlu membahas alasan sebelum memilih."",""label_intent"":""neutral"",""target"":[]},{""pengirim"":""Nia"",""teks_chat"":""Benar, biar nggak ada yang keluar tanpa alasan jelas."",""label_intent"":""neutral"",""target"":[]},{""pengirim"":""Opan"",""teks_chat"":""Terus kapan kita mulai vote?"",""label_intent"":""neutral"",""target"":[]},{""pengirim"":""Lia"",""teks_chat"":""Pas waktu diskusi tinggal sedikit aja."",""label_intent"":""neutral"",""target"":[]},{""pengirim"":""Maman"",""teks_chat"":""Berarti kita harus hati-hati memilih."",""label_intent"":""neutral"",""target"":[]},{""pengirim"":""Nia"",""teks_chat"":""Iya, klaim dalam chat belum tentu jujur."",""label_intent"":""neutral"",""target"":[]},{""pengirim"":""Opan"",""teks_chat"":""Oke, aku akan membaca alasan yang sudah dibagikan."",""label_intent"":""neutral"",""target"":[]},{""pengirim"":""Lia"",""teks_chat"":""Setelah itu kita bisa kembali ke tuduhan awal."",""label_intent"":""neutral"",""target"":[]}]","[""Lia"",""Maman"",""Nia"",""Opan""]","[{""pemain"":""tidak_diketahui"",""relasi"":""offend""}]"
Rani,"Mending kita singkirin aja orang yang tuduhannya nggak jelas dari tadi, dia pelakunya!",offend,"[{""pengirim"":""Rani"",""teks_chat"":""Iya tuh, awalnya nyalahin Sandi."",""label_intent"":""offend"",""target"":[{""pemain"":""Toni"",""relasi"":""offend""}]},{""pengirim"":""Sandi"",""teks_chat"":""Padahal aku diem doang lho."",""label_intent"":""defend"",""target"":[{""pemain"":""Sandi"",""relasi"":""defend""}]},{""pengirim"":""Putri"",""teks_chat"":""Nah sekarang malah belok ke orang lain lagi."",""label_intent"":""offend"",""target"":[{""pemain"":""Toni"",""relasi"":""offend""}]},{""pengirim"":""Rani"",""teks_chat"":""Bener-bener gak konsisten dia."",""label_intent"":""offend"",""target"":[{""pemain"":""Toni"",""relasi"":""offend""}]},{""pengirim"":""Sandi"",""teks_chat"":""Kalian ada yang dapet petunjuk lain nggak?"",""label_intent"":""neutral"",""target"":[]},{""pengirim"":""Putri"",""teks_chat"":""Aku belum sih, masih fokus merhatiin chat kalian."",""label_intent"":""neutral"",""target"":[]},{""pengirim"":""Rani"",""teks_chat"":""Aku juga cuma nyimak doang ini."",""label_intent"":""neutral"",""target"":[]},{""pengirim"":""Sandi"",""teks_chat"":""Tapi aneh ya kok dia masih aja ngetik panjang lebar."",""label_intent"":""offend"",""target"":[{""pemain"":""Toni"",""relasi"":""offend""}]},{""pengirim"":""Putri"",""teks_chat"":""Mungkin lagi ngerangkai skenario baru."",""label_intent"":""offend"",""target"":[{""pemain"":""Toni"",""relasi"":""offend""}]},{""pengirim"":""Rani"",""teks_chat"":""Hati-hati aja, jangan kepancing."",""label_intent"":""offend"",""target"":[{""pemain"":""Toni"",""relasi"":""offend""}]},{""pengirim"":""Sandi"",""teks_chat"":""Ya makanya kita awasin terus."",""label_intent"":""offend"",""target"":[{""pemain"":""Toni"",""relasi"":""offend""}]},{""pengirim"":""Putri"",""teks_chat"":""Udah ah, daripada pusing mending cepet diputusin."",""label_intent"":""neutral"",""target"":[]}]","[""Putri"",""Rani"",""Sandi"",""Toni""]","[{""pemain"":""Toni"",""relasi"":""offend""}]"
Yoga,"Yang pasif daritadi itu biasanya hitmannya, kita seret dia aja yuk!",offend,"[{""pengirim"":""Wati"",""teks_chat"":""Kok banyak banget yang gak ikut diskusi sih?"",""label_intent"":""neutral"",""target"":[]},{""pengirim"":""Yoga"",""teks_chat"":""Iya nih, si Arif sama Bayu mana suaranya?"",""label_intent"":""neutral"",""target"":[]},{""pengirim"":""Zahra"",""teks_chat"":""Mungkin mereka lagi afk kali."",""label_intent"":""neutral"",""target"":[]},{""pengirim"":""Wati"",""teks_chat"":""Afk kok barengan, janjian ya?"",""label_intent"":""offend"",""target"":[{""pemain"":""Arif"",""relasi"":""offend""},{""pemain"":""Bayu"",""relasi"":""offend""}]},{""pengirim"":""Yoga"",""teks_chat"":""Keduanya memang belum membalas pertanyaan yang sama."",""label_intent"":""neutral"",""target"":[]},{""pengirim"":""Zahra"",""teks_chat"":""Bisa aja mereka lagi mikirin strategi."",""label_intent"":""neutral"",""target"":[]},{""pengirim"":""Arif"",""teks_chat"":""Sori guys, tadi ada tamu bentar."",""label_intent"":""neutral"",""target"":[]},{""pengirim"":""Bayu"",""teks_chat"":""Sama, gue juga barusan kebelet."",""label_intent"":""neutral"",""target"":[]},{""pengirim"":""Wati"",""teks_chat"":""Oke, alasan kalian sudah masuk ke chat."",""label_intent"":""neutral"",""target"":[]}]","[""Wati"",""Yoga"",""Zahra"",""Arif"",""Bayu""]","[{""pemain"":""tidak_diketahui"",""relasi"":""offend""}]"
Elsa,"Tadi Cinta bilang 'Deni pasti pelakunya', gue sih setuju banget, dia terlalu pasif buat jadi warga biasa.",offend,"[{""pengirim"":""Cinta"",""teks_chat"":""Deni kok dari tadi diem mulu, lu pasti pelakunya ya?"",""label_intent"":""offend"",""target"":[{""pemain"":""Deni"",""relasi"":""offend""}]}]","[""Cinta"",""Deni"",""Elsa""]","[{""pemain"":""Deni"",""relasi"":""offend""}]"
Gani,"Hani, feelingku kamu Hitman. Aku mau vote kamu.",offend,[],"[""Gani"",""Hani""]","[{""pemain"":""Hani"",""relasi"":""offend""}]"
Irfan,"Aku curiga kamu Hitman, aku mau vote kamu.",offend,[],"[""Irfan"",""Jojo""]","[{""pemain"":""tidak_diketahui"",""relasi"":""offend""}]"
Irfan,Langsung vote aku saja kalau kalian mau mulai memilih.,offend,[],"[""Irfan""]","[{""pemain"":""Irfan"",""relasi"":""offend""}]"
Jojo,"Daripada debat terus, vote gue aja sekalian!",offend,"[{""pengirim"":""Kiki"",""teks_chat"":""Jojo, lu tahu nggak siapa yang disandera semalam?"",""label_intent"":""neutral"",""target"":[]}]","[""Jojo"",""Kiki""]","[{""pemain"":""Jojo"",""relasi"":""offend""}]"
Nino,"Tapi aku berubah pikiran: Maman bukan pemain yang jujur, dia Hitman yang memakai alasan koneksi.",offend,"[{""pengirim"":""Lina"",""teks_chat"":""Maman terlambat membalas pertanyaan tadi."",""label_intent"":""neutral"",""target"":[]},{""pengirim"":""Maman"",""teks_chat"":""Maaf, tadi koneksiku putus."",""label_intent"":""neutral"",""target"":[]},{""pengirim"":""Nino"",""teks_chat"":""Jeda balasan bukan bukti Maman Hitman."",""label_intent"":""defend"",""target"":[{""pemain"":""Maman"",""relasi"":""defend""}]},{""pengirim"":""Maman"",""teks_chat"":""Aku bukan Hitman."",""label_intent"":""defend"",""target"":[{""pemain"":""Maman"",""relasi"":""defend""}]},{""pengirim"":""Lina"",""teks_chat"":""Aku juga menolak tuduhan ke dia hanya karena terlambat membalas."",""label_intent"":""defend"",""target"":[{""pemain"":""Maman"",""relasi"":""defend""}]}]","[""Lina"",""Maman"",""Nino""]","[{""pemain"":""Maman"",""relasi"":""offend""}]"
Opan,Aku curiga Qori Hitman karena belum ikut memberi pendapat.,offend,"[{""pengirim"":""Opan"",""teks_chat"":""Ada yang mau membagikan klaim skill semalam?"",""label_intent"":""neutral"",""target"":[]},{""pengirim"":""Putri"",""teks_chat"":""Aku belum ada info apa-apa soal semalam."",""label_intent"":""neutral"",""target"":[]}]","[""Opan"",""Putri"",""Qori""]","[{""pemain"":""Qori"",""relasi"":""offend""}]"
Sandi,Yang mengganti ajakan vote tadi pasti pelakunya!,offend,"[{""pengirim"":""Sandi"",""teks_chat"":""Bentar, semalam ada yang pakai Peek nggak?"",""label_intent"":""neutral"",""target"":[]},{""pengirim"":""Toni"",""teks_chat"":""Belum ada yang ngaku kayaknya."",""label_intent"":""neutral"",""target"":[]},{""pengirim"":""Udin"",""teks_chat"":""Mungkin Stalker-nya masih nunggu waktu yang pas."",""label_intent"":""neutral"",""target"":[]},{""pengirim"":""Rani"",""teks_chat"":""Bisa jadi, atau dia takut jadi incaran."",""label_intent"":""neutral"",""target"":[]},{""pengirim"":""Sandi"",""teks_chat"":""Kalau nanti ada yang klaim, kita minta hasilnya langsung."",""label_intent"":""neutral"",""target"":[]},{""pengirim"":""Toni"",""teks_chat"":""Iya, sekalian tanya siapa yang di-Peek."",""label_intent"":""neutral"",""target"":[]},{""pengirim"":""Udin"",""teks_chat"":""Jangan lupa dicocokkan sama cerita yang lain juga."",""label_intent"":""neutral"",""target"":[]},{""pengirim"":""Rani"",""teks_chat"":""Iya, biar ketahuan mana yg jujur."",""label_intent"":""neutral"",""target"":[]},{""pengirim"":""Sandi"",""teks_chat"":""Yang ngaku Spy juga perlu kita tanya?"",""label_intent"":""neutral"",""target"":[]},{""pengirim"":""Toni"",""teks_chat"":""Perlu, tanya Guard-nya ke siapa."",""label_intent"":""neutral"",""target"":[]},{""pengirim"":""Udin"",""teks_chat"":""Oke, aku paham sekarang."",""label_intent"":""neutral"",""target"":[]},{""pengirim"":""Rani"",""teks_chat"":""Oke, sekarang balik lagi ke yang tadi."",""label_intent"":""neutral"",""target"":[]}]","[""Rani"",""Sandi"",""Toni"",""Udin""]","[{""pemain"":""tidak_diketahui"",""relasi"":""offend""}]"
Vina,Menurutku dia bukan Hitman. Jangan vote dia tanpa bukti.,defend,[],"[""Vina"",""Wira""]","[{""pemain"":""tidak_diketahui"",""relasi"":""defend""}]"
Andi,"Seperti yang Yoga bilang 'Zahra menuduh berganti-ganti tanpa alasan', itu bukti kalau Zahra memang berniat ngadu domba kita, vote Zahra aja!",offend,"[{""pengirim"":""Yoga"",""teks_chat"":""Zahra menuduh berganti-ganti tanpa alasan, aku curiga dia Hitman."",""label_intent"":""offend"",""target"":[{""pemain"":""Zahra"",""relasi"":""offend""}]},{""pengirim"":""Zahra"",""teks_chat"":""Aku kan cuma ngasih analisa aja."",""label_intent"":""defend"",""target"":[{""pemain"":""Zahra"",""relasi"":""defend""}]},{""pengirim"":""Andi"",""teks_chat"":""Aku juga curiga Zahra Hitman yang menebar tuduhan."",""label_intent"":""offend"",""target"":[{""pemain"":""Zahra"",""relasi"":""offend""}]},{""pengirim"":""Zahra"",""teks_chat"":""Maksudnya aku lagi nimbang-nimbang kemungkinan."",""label_intent"":""defend"",""target"":[{""pemain"":""Zahra"",""relasi"":""defend""}]},{""pengirim"":""Yoga"",""teks_chat"":""Kelihatan banget lu lagi panik."",""label_intent"":""offend"",""target"":[{""pemain"":""Zahra"",""relasi"":""offend""}]},{""pengirim"":""Andi"",""teks_chat"":""Setuju, biasanya yang plin-plan itu yang hitmannya."",""label_intent"":""offend"",""target"":[{""pemain"":""Zahra"",""relasi"":""offend""}]},{""pengirim"":""Zahra"",""teks_chat"":""Aku nggak panik kok, beneran deh."",""label_intent"":""defend"",""target"":[{""pemain"":""Zahra"",""relasi"":""defend""}]},{""pengirim"":""Yoga"",""teks_chat"":""Ah, ngeles aja lu."",""label_intent"":""offend"",""target"":[{""pemain"":""Zahra"",""relasi"":""offend""}]}]","[""Yoga"",""Zahra"",""Andi""]","[{""pemain"":""Zahra"",""relasi"":""offend""}]"
Bima,"Tuh kan, klaimnya saling bertentangan. Dia pasti Hitman!",offend,"[{""pengirim"":""Bima"",""teks_chat"":""Guys, ada yang ingat omongan seseorang di awal permainan nggak?"",""label_intent"":""neutral"",""target"":[]},{""pengirim"":""Cinta"",""teks_chat"":""Omongan yang mana Bim?"",""label_intent"":""neutral"",""target"":[]},{""pengirim"":""Doni"",""teks_chat"":""Kayaknya aku tahu deh arahnya ke mana."",""label_intent"":""neutral"",""target"":[]},{""pengirim"":""Eka"",""teks_chat"":""Ada yang awalnya mengaku Civilian, kan?"",""label_intent"":""neutral"",""target"":[]},{""pengirim"":""Bima"",""teks_chat"":""Iya, lalu mengaku Spy di pesan berikutnya."",""label_intent"":""neutral"",""target"":[]},{""pengirim"":""Cinta"",""teks_chat"":""Seriusan? Siapa tuh?"",""label_intent"":""neutral"",""target"":[]},{""pengirim"":""Doni"",""teks_chat"":""Coba cek history chat aja."",""label_intent"":""neutral"",""target"":[]},{""pengirim"":""Eka"",""teks_chat"":""Aku lupa namanya."",""label_intent"":""neutral"",""target"":[]},{""pengirim"":""Bima"",""teks_chat"":""Tadi sih jelas banget dia bilang gitu."",""label_intent"":""neutral"",""target"":[]},{""pengirim"":""Cinta"",""teks_chat"":""Ini yang bikin bingung, harusnya konsisten dong."",""label_intent"":""neutral"",""target"":[]},{""pengirim"":""Doni"",""teks_chat"":""Mungkin dia lagi grogi kali."",""label_intent"":""neutral"",""target"":[]},{""pengirim"":""Eka"",""teks_chat"":""Ketemu, Fina yang berganti klaim. Aku curiga dia Hitman."",""label_intent"":""offend"",""target"":[{""pemain"":""Fina"",""relasi"":""offend""}]}]","[""Bima"",""Cinta"",""Doni"",""Eka"",""Fina""]","[{""pemain"":""Fina"",""relasi"":""offend""}]"
Hani,"Pembelaannya terlalu cepat, aku yakin dia pelakunya. Vote dia saja!",offend,"[{""pengirim"":""Hani"",""teks_chat"":""Beralih sebentar, semalam ada yang dapat info?"",""label_intent"":""neutral"",""target"":[]},{""pengirim"":""Irfan"",""teks_chat"":""Aku nggak dapat apa-apa."",""label_intent"":""neutral"",""target"":[]},{""pengirim"":""Jojo"",""teks_chat"":""Aku juga nggak. Ada yang mau klaim Spy?"",""label_intent"":""neutral"",""target"":[]},{""pengirim"":""Gani"",""teks_chat"":""Belum ada yang ngaku kayaknya."",""label_intent"":""neutral"",""target"":[]},{""pengirim"":""Hani"",""teks_chat"":""Mungkin Spy-nya masih nunggu waktu yang pas."",""label_intent"":""neutral"",""target"":[]},{""pengirim"":""Irfan"",""teks_chat"":""Bisa jadi, takut diincar kalau ngaku sekarang."",""label_intent"":""neutral"",""target"":[]},{""pengirim"":""Jojo"",""teks_chat"":""Terus semalam ada yang disandera nggak ya?"",""label_intent"":""neutral"",""target"":[]},{""pengirim"":""Gani"",""teks_chat"":""Nggak tahu, belum ada yang ngeluh apa-apa."",""label_intent"":""neutral"",""target"":[]},{""pengirim"":""Hani"",""teks_chat"":""Ya udah, kita fokus ke obrolan siang ini aja."",""label_intent"":""neutral"",""target"":[]},{""pengirim"":""Irfan"",""teks_chat"":""Iya, perhatiin siapa yang jawabannya berubah-ubah."",""label_intent"":""neutral"",""target"":[]},{""pengirim"":""Jojo"",""teks_chat"":""Oke, makasih infonya semua."",""label_intent"":""neutral"",""target"":[]},{""pengirim"":""Gani"",""teks_chat"":""Sekarang kita bisa melanjutkan pembahasan sebelumnya."",""label_intent"":""neutral"",""target"":[]}]","[""Gani"",""Hani"",""Irfan"",""Jojo""]","[{""pemain"":""tidak_diketahui"",""relasi"":""offend""}]"
Lala,"Bener banget, ayo kita sepakat vote Maman aja!",offend,"[{""pengirim"":""Kiki"",""teks_chat"":""Maman, kamu berganti tuduhan tanpa alasan. Aku curiga kamu Hitman."",""label_intent"":""offend"",""target"":[{""pemain"":""Maman"",""relasi"":""offend""}]},{""pengirim"":""Lala"",""teks_chat"":""Iya tuh, Maman plin-plan banget."",""label_intent"":""offend"",""target"":[{""pemain"":""Maman"",""relasi"":""offend""}]},{""pengirim"":""Maman"",""teks_chat"":""Gue kan cuma menganalisa berbagai kemungkinan."",""label_intent"":""defend"",""target"":[{""pemain"":""Maman"",""relasi"":""defend""}]},{""pengirim"":""Nino"",""teks_chat"":""Waktu vote tinggal 20 detik lagi nih!"",""label_intent"":""neutral"",""target"":[]},{""pengirim"":""Kiki"",""teks_chat"":""Buru-buru amat Nin."",""label_intent"":""neutral"",""target"":[]},{""pengirim"":""Lala"",""teks_chat"":""Wah udah mau abis aja."",""label_intent"":""neutral"",""target"":[]},{""pengirim"":""Nino"",""teks_chat"":""Iya makanya cepet putusin."",""label_intent"":""neutral"",""target"":[]},{""pengirim"":""Kiki"",""teks_chat"":""Gue sih udah fix, tuduhan Maman yang ganti-ganti itu bukti kuat dia pelakunya."",""label_intent"":""offend"",""target"":[{""pemain"":""Maman"",""relasi"":""offend""}]}]","[""Kiki"",""Lala"",""Maman"",""Nino""]","[{""pemain"":""Maman"",""relasi"":""offend""}]"
Budi,"Eka menghindari pertanyaan, aku curiga Eka Hitman!",offend,"[{""pengirim"":""Budi"",""teks_chat"":""Aku klaim Civilian."",""label_intent"":""neutral"",""target"":[]},{""pengirim"":""Citra"",""teks_chat"":""Budi, tadi kamu mengaku Spy. Aku curiga kamu Hitman."",""label_intent"":""offend"",""target"":[{""pemain"":""Budi"",""relasi"":""offend""}]},{""pengirim"":""Deni"",""teks_chat"":""Aku juga curiga Budi Hitman karena klaimnya berubah."",""label_intent"":""offend"",""target"":[{""pemain"":""Budi"",""relasi"":""offend""}]},{""pengirim"":""Budi"",""teks_chat"":""Aku bukan Hitman, tadi salah ketik."",""label_intent"":""defend"",""target"":[{""pemain"":""Budi"",""relasi"":""defend""}]},{""pengirim"":""Citra"",""teks_chat"":""Aku tetap menduga Budi pelakunya."",""label_intent"":""offend"",""target"":[{""pemain"":""Budi"",""relasi"":""offend""}]},{""pengirim"":""Deni"",""teks_chat"":""Aku setuju dengan tuduhan itu."",""label_intent"":""offend"",""target"":[{""pemain"":""Budi"",""relasi"":""offend""}]},{""pengirim"":""Budi"",""teks_chat"":""Eka belum memberi pendapat, ya?"",""label_intent"":""neutral"",""target"":[]},{""pengirim"":""Citra"",""teks_chat"":""Eka, ada klaim yang ingin disampaikan?"",""label_intent"":""neutral"",""target"":[]},{""pengirim"":""Eka"",""teks_chat"":""Aku belum ingin mengungkap role."",""label_intent"":""neutral"",""target"":[]}]","[""Budi"",""Citra"",""Deni"",""Eka""]","[{""pemain"":""Eka"",""relasi"":""offend""}]"
Andi,"eh, bukannya aturan Peek cuma sekali tiap dua ronde? Niko ngaku tahu terlalu banyak, bisa jadi dia hitman yang pura-pura Stalker",offend,[],"[""Andi"",""Niko""]","[{""pemain"":""Niko"",""relasi"":""offend""}]"
Gita,"Hadi, lu pasti Hitman yang pura-pura putus koneksi untuk menghindar!",offend,"[{""pengirim"":""Fajar"",""teks_chat"":""Hadi lama membalas pertanyaan tadi."",""label_intent"":""neutral"",""target"":[]},{""pengirim"":""Gita"",""teks_chat"":""Iya, pesannya baru masuk."",""label_intent"":""neutral"",""target"":[]},{""pengirim"":""Hadi"",""teks_chat"":""Koneksiku tadi terputus."",""label_intent"":""neutral"",""target"":[]},{""pengirim"":""Fajar"",""teks_chat"":""Sekarang sudah terbaca."",""label_intent"":""neutral"",""target"":[]}]","[""Fajar"",""Gita"",""Hadi""]","[{""pemain"":""Hadi"",""relasi"":""offend""}]"
Irvan,Kenapa omongan lu bisa mencla-mencle gitu kalau bukan karena panik ketahuan?,offend,"[{""pengirim"":""Irvan"",""teks_chat"":""Jojo awalnya klaim Civilian lalu Spy, aku curiga dia Hitman."",""label_intent"":""offend"",""target"":[{""pemain"":""Jojo"",""relasi"":""offend""}]}]","[""Irvan"",""Jojo""]","[{""pemain"":""Jojo"",""relasi"":""offend""}]"
Kiki,"Maman belum terbukti Hitman, justru Lala yang aku curigai karena terus menuduh tanpa alasan.",offend,"[{""pengirim"":""Kiki"",""teks_chat"":""Siapa nih yg jadi korban? Kok nggak ada info?"",""label_intent"":""neutral"",""target"":[]},{""pengirim"":""Lala"",""teks_chat"":""Aku curiga Maman Hitman karena terus menghindari pertanyaan."",""label_intent"":""offend"",""target"":[{""pemain"":""Maman"",""relasi"":""offend""}]},{""pengirim"":""Maman"",""teks_chat"":""Aku bukan Hitman, aku sedang membaca pertanyaannya."",""label_intent"":""defend"",""target"":[{""pemain"":""Maman"",""relasi"":""defend""}]},{""pengirim"":""Lala"",""teks_chat"":""Aku tetap curiga Maman Hitman."",""label_intent"":""offend"",""target"":[{""pemain"":""Maman"",""relasi"":""offend""}]}]","[""Kiki"",""Lala"",""Maman""]","[{""pemain"":""Maman"",""relasi"":""defend""},{""pemain"":""Lala"",""relasi"":""offend""}]"
Oki,"Nino, klaim berubah begitu bikin aku curiga kamu Hitman.",offend,"[{""pengirim"":""Nino"",""teks_chat"":""Sebenarnya aku Spy, bukan Civilian kayak yang kubilang tadi."",""label_intent"":""neutral"",""target"":[]}]","[""Nino"",""Oki""]","[{""pemain"":""Nino"",""relasi"":""offend""}]"
Rani,Kok klaimnya bisa berubah gitu kalau bukan Hitman yang lagi bohong?,offend,"[{""pengirim"":""Rani"",""teks_chat"":""Sandi, kamu sebelumnya klaim Civilian, kan?"",""label_intent"":""neutral"",""target"":[]},{""pengirim"":""Sandi"",""teks_chat"":""Sekarang aku mau klaim Spy."",""label_intent"":""neutral"",""target"":[]},{""pengirim"":""Rani"",""teks_chat"":""Aku curiga Sandi Hitman karena klaimnya berubah."",""label_intent"":""offend"",""target"":[{""pemain"":""Sandi"",""relasi"":""offend""}]},{""pengirim"":""Sandi"",""teks_chat"":""Aku bukan Hitman, tadi belum ingin mengungkap role."",""label_intent"":""defend"",""target"":[{""pemain"":""Sandi"",""relasi"":""defend""}]}]","[""Rani"",""Sandi""]","[{""pemain"":""Sandi"",""relasi"":""offend""}]"
Ujang,Sekarang aku curiga Toni Hitman yang menyamar sebagai Spy karena terus menunda penjelasan.,offend,"[{""pengirim"":""Toni"",""teks_chat"":""Gue Spy, kalian percaya aja sama gue."",""label_intent"":""defend"",""target"":[{""pemain"":""Toni"",""relasi"":""defend""}]},{""pengirim"":""Ujang"",""teks_chat"":""Aku percaya Toni bukan Hitman."",""label_intent"":""defend"",""target"":[{""pemain"":""Toni"",""relasi"":""defend""}]},{""pengirim"":""Vina"",""teks_chat"":""Aku curiga Toni Hitman yang membuat klaim palsu."",""label_intent"":""offend"",""target"":[{""pemain"":""Toni"",""relasi"":""offend""}]},{""pengirim"":""Toni"",""teks_chat"":""Aku bukan Hitman. Aku akan menjelaskan pilihan Guard-ku sebentar lagi."",""label_intent"":""defend"",""target"":[{""pemain"":""Toni"",""relasi"":""defend""}]},{""pengirim"":""Vina"",""teks_chat"":""Tuh kan, pasti alesan doang itu mah."",""label_intent"":""offend"",""target"":[{""pemain"":""Toni"",""relasi"":""offend""}]}]","[""Toni"",""Ujang"",""Vina""]","[{""pemain"":""Toni"",""relasi"":""offend""}]"
Wati,"Daripada pusing memilih, vote aku saja sekarang!",offend,[],"[""Wati""]","[{""pemain"":""Wati"",""relasi"":""offend""}]"
Zahra,Mending kita langsung vote aja orang yang daritadi nuduh tanpa ngasih bukti nyata!,offend,"[{""pengirim"":""Zahra"",""teks_chat"":""Iya, aku curiga dia Hitman karena memaksa kita vote tanpa bukti."",""label_intent"":""offend"",""target"":[{""pemain"":""Bela"",""relasi"":""offend""}]},{""pengirim"":""Bela"",""teks_chat"":""Aku bukan Hitman, aku cuma menyampaikan dugaan."",""label_intent"":""defend"",""target"":[{""pemain"":""Bela"",""relasi"":""defend""}]},{""pengirim"":""Aan"",""teks_chat"":""Aku belum bisa nilai, aku baru baca chatnya."",""label_intent"":""neutral"",""target"":[]},{""pengirim"":""Yogi"",""teks_chat"":""Nah, mulai nggak beres nih."",""label_intent"":""neutral"",""target"":[]},{""pengirim"":""Zahra"",""teks_chat"":""Kita bahas yang lain dulu deh."",""label_intent"":""neutral"",""target"":[]},{""pengirim"":""Aan"",""teks_chat"":""Ada yang lihat kejadian semalam?"",""label_intent"":""neutral"",""target"":[]},{""pengirim"":""Bela"",""teks_chat"":""Nggak tau, belum ada yang cerita juga."",""label_intent"":""neutral"",""target"":[]},{""pengirim"":""Yogi"",""teks_chat"":""Gue rasa pelakunya masih ada di sekitar kita."",""label_intent"":""neutral"",""target"":[]},{""pengirim"":""Zahra"",""teks_chat"":""Pasti dong."",""label_intent"":""neutral"",""target"":[]},{""pengirim"":""Aan"",""teks_chat"":""Terus kita mau ngapain sekarang?"",""label_intent"":""neutral"",""target"":[]},{""pengirim"":""Bela"",""teks_chat"":""Kita baca ulang chat untuk mencari petunjuk."",""label_intent"":""neutral"",""target"":[]},{""pengirim"":""Yogi"",""teks_chat"":""Aku masih curiga pemain yang memaksa vote tadi Hitman."",""label_intent"":""offend"",""target"":[{""pemain"":""Bela"",""relasi"":""offend""}]}]","[""Yogi"",""Zahra"",""Aan"",""Bela""]","[{""pemain"":""Bela"",""relasi"":""offend""}]"
Budi,Aku setuju tuduhan Eka. Ucapan Doni 'Aku tidak memperhatikan hal itu' membuatku curiga Doni Hitman.,offend,"[{""pengirim"":""Budi"",""teks_chat"":""Ada yang membaca perubahan ajakan vote dalam chat tadi?"",""label_intent"":""neutral"",""target"":[]},{""pengirim"":""Cinta"",""teks_chat"":""Iya, ada ajakan yang berubah menjelang akhir diskusi."",""label_intent"":""neutral"",""target"":[]},{""pengirim"":""Doni"",""teks_chat"":""Aku tidak memperhatikan hal itu."",""label_intent"":""neutral"",""target"":[]},{""pengirim"":""Eka"",""teks_chat"":""Doni, kamu ikut menulis di chat itu. Aku curiga kamu Hitman yang pura-pura tidak membaca."",""label_intent"":""offend"",""target"":[{""pemain"":""Doni"",""relasi"":""offend""}]},{""pengirim"":""Budi"",""teks_chat"":""Aku juga curiga Doni Hitman karena jawabannya menghindar."",""label_intent"":""offend"",""target"":[{""pemain"":""Doni"",""relasi"":""offend""}]},{""pengirim"":""Doni"",""teks_chat"":""Aku bukan Hitman, tadi aku lagi fokus mikirin klaim role yang lain."",""label_intent"":""defend"",""target"":[{""pemain"":""Doni"",""relasi"":""defend""}]},{""pengirim"":""Cinta"",""teks_chat"":""Alasan yang terdengar sangat klise."",""label_intent"":""offend"",""target"":[{""pemain"":""Doni"",""relasi"":""offend""}]},{""pengirim"":""Eka"",""teks_chat"":""Dia sengaja menutup-nutupi sesuatu yang penting."",""label_intent"":""offend"",""target"":[{""pemain"":""Doni"",""relasi"":""offend""}]},{""pengirim"":""Budi"",""teks_chat"":""Coba scroll lagi, tadi dia ngomong apa persisnya."",""label_intent"":""neutral"",""target"":[]},{""pengirim"":""Cinta"",""teks_chat"":""Setuju dengan saran itu."",""label_intent"":""neutral"",""target"":[]},{""pengirim"":""Eka"",""teks_chat"":""Doni bilang 'Aku tidak memperhatikan hal itu'. Aku curiga Doni Hitman yang menghindari pembahasan."",""label_intent"":""offend"",""target"":[{""pemain"":""Doni"",""relasi"":""offend""}]}]","[""Budi"",""Cinta"",""Doni"",""Eka""]","[{""pemain"":""Doni"",""relasi"":""offend""}]"
Fajar,"Intan bukan Stalker asli, dia pasti Hitman yang lagi nyamar!",offend,"[{""pengirim"":""Fajar"",""teks_chat"":""Ada yang dapat hasil Peek semalam?"",""label_intent"":""neutral"",""target"":[]},{""pengirim"":""Gilang"",""teks_chat"":""Aku tidak mendapat apa-apa."",""label_intent"":""neutral"",""target"":[]},{""pengirim"":""Hadi"",""teks_chat"":""Aku juga nggak dapat apa-apa."",""label_intent"":""neutral"",""target"":[]},{""pengirim"":""Intan"",""teks_chat"":""Aku Stalker, semalam aku pakai Peek."",""label_intent"":""neutral"",""target"":[]},{""pengirim"":""Fajar"",""teks_chat"":""Kalau begitu sebutkan siapa yang kamu intip."",""label_intent"":""neutral"",""target"":[]},{""pengirim"":""Gilang"",""teks_chat"":""Jangan berlama-lama menyembunyikan informasi."",""label_intent"":""neutral"",""target"":[]},{""pengirim"":""Intan"",""teks_chat"":""Aku mengintip Fajar."",""label_intent"":""neutral"",""target"":[]},{""pengirim"":""Hadi"",""teks_chat"":""Lalu apa hasil akhirnya?"",""label_intent"":""neutral"",""target"":[]},{""pengirim"":""Intan"",""teks_chat"":""Hasilnya Fajar Civilian, jadi dia aman."",""label_intent"":""defend"",""target"":[{""pemain"":""Fajar"",""relasi"":""defend""}]},{""pengirim"":""Fajar"",""teks_chat"":""Nah, dari awal aku memang bukan Hitman."",""label_intent"":""defend"",""target"":[{""pemain"":""Fajar"",""relasi"":""defend""}]},{""pengirim"":""Gilang"",""teks_chat"":""Aku masih ragu sama klaim Stalker itu."",""label_intent"":""neutral"",""target"":[]},{""pengirim"":""Hadi"",""teks_chat"":""Bisa jadi klaim Stalker itu rekayasa untuk melindungi rekan kelompoknya."",""label_intent"":""offend"",""target"":[{""pemain"":""Intan"",""relasi"":""offend""}]}]","[""Fajar"",""Gilang"",""Hadi"",""Intan""]","[{""pemain"":""Intan"",""relasi"":""offend""}]"
Lusi,Kenapa seseorang yang tidak bersalah harus bereaksi sekencang itu jika bukan karena dia pelakunya?,offend,"[{""pengirim"":""Joko"",""teks_chat"":""Kenapa Kiki langsung membela diri padahal belum ada yang nuduh dia?"",""label_intent"":""offend"",""target"":[{""pemain"":""Kiki"",""relasi"":""offend""}]},{""pengirim"":""Lusi"",""teks_chat"":""Dia tampak sangat panik sejak awal permainan dimulai."",""label_intent"":""offend"",""target"":[{""pemain"":""Kiki"",""relasi"":""offend""}]},{""pengirim"":""Kiki"",""teks_chat"":""Aku hanya ingin memperjelas posisiku."",""label_intent"":""defend"",""target"":[{""pemain"":""Kiki"",""relasi"":""defend""}]},{""pengirim"":""Joko"",""teks_chat"":""Sikap itu justru mengundang kecurigaan besar."",""label_intent"":""offend"",""target"":[{""pemain"":""Kiki"",""relasi"":""offend""}]},{""pengirim"":""Lusi"",""teks_chat"":""Orang yang bersih tidak akan terburu-buru memberikan klarifikasi."",""label_intent"":""offend"",""target"":[{""pemain"":""Kiki"",""relasi"":""offend""}]},{""pengirim"":""Kiki"",""teks_chat"":""Kalian sengaja mencari kesalahan aku, aku bukan Hitman."",""label_intent"":""defend"",""target"":[{""pemain"":""Kiki"",""relasi"":""defend""}]},{""pengirim"":""Joko"",""teks_chat"":""Bukan mencari kesalahan, tetapi logikanya sangat jelas."",""label_intent"":""offend"",""target"":[{""pemain"":""Kiki"",""relasi"":""offend""}]},{""pengirim"":""Lusi"",""teks_chat"":""Pembelaan kilat seperti itu adalah ciri khas pelaku utama."",""label_intent"":""offend"",""target"":[{""pemain"":""Kiki"",""relasi"":""offend""}]},{""pengirim"":""Kiki"",""teks_chat"":""Sumpah demi apapun aku tidak bersalah."",""label_intent"":""defend"",""target"":[{""pemain"":""Kiki"",""relasi"":""defend""}]},{""pengirim"":""Joko"",""teks_chat"":""Tidak ada gunanya bersumpah palsu."",""label_intent"":""offend"",""target"":[{""pemain"":""Kiki"",""relasi"":""offend""}]}]","[""Joko"",""Kiki"",""Lusi""]","[{""pemain"":""Kiki"",""relasi"":""offend""}]"
Mario,"Nand, aku tetap curiga kamu Hitman yang mengarang alasan pesan terpotong.",offend,"[{""pengirim"":""Mario"",""teks_chat"":""Ada yang pesannya lagi susah kekirim nggak?"",""label_intent"":""neutral"",""target"":[]},{""pengirim"":""Nanda"",""teks_chat"":""Pesan saya sering terputus di tengah kalimat."",""label_intent"":""neutral"",""target"":[]},{""pengirim"":""Opan"",""teks_chat"":""Itu masalah koneksi biasa."",""label_intent"":""neutral"",""target"":[]},{""pengirim"":""Mario"",""teks_chat"":""Coba ketik ulang pelan-pelan, biar kebaca."",""label_intent"":""neutral"",""target"":[]},{""pengirim"":""Nanda"",""teks_chat"":""Ba..."",""label_intent"":""neutral"",""target"":[]},{""pengirim"":""Opan"",""teks_chat"":""Tuh kan terpotong lagi."",""label_intent"":""neutral"",""target"":[]},{""pengirim"":""Mario"",""teks_chat"":""Aku curiga dia Hitman yang sengaja membuat alasan gangguan pesan."",""label_intent"":""offend"",""target"":[{""pemain"":""Nanda"",""relasi"":""offend""}]},{""pengirim"":""Nanda"",""teks_chat"":""gi..."",""label_intent"":""neutral"",""target"":[]},{""pengirim"":""Opan"",""teks_chat"":""Aktingnya terlalu berlebihan."",""label_intent"":""offend"",""target"":[{""pemain"":""Nanda"",""relasi"":""offend""}]},{""pengirim"":""Mario"",""teks_chat"":""Kita tidak boleh terkecoh oleh trik murahannya."",""label_intent"":""offend"",""target"":[{""pemain"":""Nanda"",""relasi"":""offend""}]},{""pengirim"":""Nanda"",""teks_chat"":""ma..."",""label_intent"":""neutral"",""target"":[]},{""pengirim"":""Opan"",""teks_chat"":""Sudahlah, gelagatmu sangat mencurigakan."",""label_intent"":""offend"",""target"":[{""pemain"":""Nanda"",""relasi"":""offend""}]}]","[""Mario"",""Nanda"",""Opan""]","[{""pemain"":""Nanda"",""relasi"":""offend""}]"
Rian,"Klaimnya tidak konsisten, aku yakin dia Hitman. Vote dia!",offend,"[{""pengirim"":""Putri"",""teks_chat"":""Yuk bahas skill yang dipakai semalam."",""label_intent"":""neutral"",""target"":[]},{""pengirim"":""Qori"",""teks_chat"":""Aku ingin mendengar klaim Stalker."",""label_intent"":""neutral"",""target"":[]},{""pengirim"":""Rian"",""teks_chat"":""Aku juga."",""label_intent"":""neutral"",""target"":[]},{""pengirim"":""Siska"",""teks_chat"":""Ada yang mau bagi klaim?"",""label_intent"":""neutral"",""target"":[]},{""pengirim"":""Tomi"",""teks_chat"":""Aku klaim Stalker. Aku Peek Putri dan Qori pada malam yang sama."",""label_intent"":""neutral"",""target"":[]},{""pengirim"":""Putri"",""teks_chat"":""Tomi, satu Peek hanya memilih satu pemain. Aku curiga kamu Hitman yang mengarang hasil."",""label_intent"":""offend"",""target"":[{""pemain"":""Tomi"",""relasi"":""offend""}]},{""pengirim"":""Qori"",""teks_chat"":""Aku juga curiga dia Hitman karena klaimnya bertentangan dengan aturan."",""label_intent"":""offend"",""target"":[{""pemain"":""Tomi"",""relasi"":""offend""}]},{""pengirim"":""Rian"",""teks_chat"":""Aku mendukung tuduhan itu."",""label_intent"":""offend"",""target"":[{""pemain"":""Tomi"",""relasi"":""offend""}]},{""pengirim"":""Siska"",""teks_chat"":""Apa maksud klaim dua target itu?"",""label_intent"":""neutral"",""target"":[]},{""pengirim"":""Tomi"",""teks_chat"":""Aku salah menulis, maksudku satu target. Aku bukan Hitman."",""label_intent"":""defend"",""target"":[{""pemain"":""Tomi"",""relasi"":""defend""}]},{""pengirim"":""Putri"",""teks_chat"":""Aku masih curiga dia pelakunya."",""label_intent"":""offend"",""target"":[{""pemain"":""Tomi"",""relasi"":""offend""}]},{""pengirim"":""Qori"",""teks_chat"":""Aku juga ingin vote dia."",""label_intent"":""offend"",""target"":[{""pemain"":""Tomi"",""relasi"":""offend""}]}]","[""Putri"",""Qori"",""Rian"",""Siska"",""Tomi""]","[{""pemain"":""Tomi"",""relasi"":""offend""}]"
Vina,Aku curiga Wawan Hitman karena terus diam.,offend,"[{""pengirim"":""Udin"",""teks_chat"":""Ada yang tahu siapa yang disandera semalam?"",""label_intent"":""neutral"",""target"":[]},{""pengirim"":""Vina"",""teks_chat"":""Wawan belum ikut diskusi. Ada yang ingin ditanyakan kepadanya?"",""label_intent"":""neutral"",""target"":[]}]","[""Udin"",""Vina"",""Wawan""]","[{""pemain"":""Wawan"",""relasi"":""offend""}]"
Yudi,"Orang yang asal nuduh di awal tadi pasti Hitman, vote dia!",offend,"[{""pengirim"":""Yudi"",""teks_chat"":""Sebentar, ada yang kena Gag Order nggak hari ini?"",""label_intent"":""neutral"",""target"":[]},{""pengirim"":""Zaki"",""teks_chat"":""Aku aman, masih bisa ngetik."",""label_intent"":""neutral"",""target"":[]},{""pengirim"":""Agus"",""teks_chat"":""Aku juga aman."",""label_intent"":""neutral"",""target"":[]},{""pengirim"":""Xena"",""teks_chat"":""Aku juga."",""label_intent"":""neutral"",""target"":[]},{""pengirim"":""Yudi"",""teks_chat"":""Oke, berarti semua bisa ikut diskusi."",""label_intent"":""neutral"",""target"":[]},{""pengirim"":""Zaki"",""teks_chat"":""Waktu siang tinggal berapa lama ya?"",""label_intent"":""neutral"",""target"":[]},{""pengirim"":""Agus"",""teks_chat"":""Kayaknya masih dua menitan."",""label_intent"":""neutral"",""target"":[]},{""pengirim"":""Xena"",""teks_chat"":""Oke, masih cukup buat ngobrol."",""label_intent"":""neutral"",""target"":[]},{""pengirim"":""Yudi"",""teks_chat"":""Jangan sampai kita vote asal karena buru-buru."",""label_intent"":""neutral"",""target"":[]},{""pengirim"":""Zaki"",""teks_chat"":""Setuju, bahas satu-satu aja."",""label_intent"":""neutral"",""target"":[]},{""pengirim"":""Agus"",""teks_chat"":""Oke, aku baca ulang pesannya dulu."",""label_intent"":""neutral"",""target"":[]},{""pengirim"":""Xena"",""teks_chat"":""Kita punya waktu untuk menilai sebelum Tribunal."",""label_intent"":""neutral"",""target"":[]}]","[""Xena"",""Yudi"",""Zaki"",""Agus""]","[{""pemain"":""tidak_diketahui"",""relasi"":""offend""}]"
Bambang,"gw curiga sama si D, tiap diskusi jawabannya muter dan selalu ikut suara mayoritas",offend,[],"[""Bambang"",""D""]","[{""pemain"":""D"",""relasi"":""offend""}]"
Citra,"Eko, tebakanku kamu Hitman. Aku mau vote kamu.",offend,[],"[""Citra"",""Eko""]","[{""pemain"":""Eko"",""relasi"":""offend""}]"
Feri,"Ayo singkirkan Hendra aja, dia ngajak vote tanpa dasar yang jelas!",offend,"[{""pengirim"":""Feri"",""teks_chat"":""Kita harus segera menentukan pilihan suara."",""label_intent"":""neutral"",""target"":[]},{""pengirim"":""Gina"",""teks_chat"":""Ada usulan nama nggak dari kalian?"",""label_intent"":""neutral"",""target"":[]},{""pengirim"":""Hendra"",""teks_chat"":""Gimana kalau kita langsung vote Feri aja?"",""label_intent"":""offend"",""target"":[{""pemain"":""Feri"",""relasi"":""offend""}]},{""pengirim"":""Feri"",""teks_chat"":""Kok kamu asal ngajak vote aku sih?"",""label_intent"":""defend"",""target"":[{""pemain"":""Feri"",""relasi"":""defend""}]},{""pengirim"":""Gina"",""teks_chat"":""Aku curiga Hendra Hitman karena mengajak vote tanpa alasan."",""label_intent"":""offend"",""target"":[{""pemain"":""Hendra"",""relasi"":""offend""}]},{""pengirim"":""Hendra"",""teks_chat"":""Aku cuma ingin permainannya cepat selesai."",""label_intent"":""defend"",""target"":[{""pemain"":""Hendra"",""relasi"":""defend""}]},{""pengirim"":""Feri"",""teks_chat"":""Alasan khas seorang penjahat."",""label_intent"":""offend"",""target"":[{""pemain"":""Hendra"",""relasi"":""offend""}]},{""pengirim"":""Gina"",""teks_chat"":""Aku setuju dengan Feri, perilakunya sangat mencurigakan."",""label_intent"":""offend"",""target"":[{""pemain"":""Hendra"",""relasi"":""offend""}]}]","[""Feri"",""Gina"",""Hendra""]","[{""pemain"":""Hendra"",""relasi"":""offend""}]"
Dika,"Aku setuju, ucapan Rian 'Sinyalku tadi jelek' membuatku curiga dia Hitman.",offend,"[{""pengirim"":""Surya"",""teks_chat"":""Tadi saat diskusi ada yang telat membalas, ya?"",""label_intent"":""neutral"",""target"":[]},{""pengirim"":""Dika"",""teks_chat"":""Iya, pesannya ada yang terpotong."",""label_intent"":""neutral"",""target"":[]},{""pengirim"":""Rian"",""teks_chat"":""Sinyalku tadi jelek, maaf ya."",""label_intent"":""neutral"",""target"":[]},{""pengirim"":""Reza"",""teks_chat"":""Rian balasnya emang lama banget sih."",""label_intent"":""neutral"",""target"":[]},{""pengirim"":""Dika"",""teks_chat"":""Bener, sampe dikira afk."",""label_intent"":""neutral"",""target"":[]},{""pengirim"":""Surya"",""teks_chat"":""Jeda balasan belum membuktikan Rian Hitman."",""label_intent"":""defend"",""target"":[{""pemain"":""Rian"",""relasi"":""defend""}]},{""pengirim"":""Rian"",""teks_chat"":""Iya, aku bukan Hitman."",""label_intent"":""defend"",""target"":[{""pemain"":""Rian"",""relasi"":""defend""}]},{""pengirim"":""Reza"",""teks_chat"":""'Sinyalku tadi jelek' itu alasan klasik buat nutupin jejak habis aksi."",""label_intent"":""offend"",""target"":[{""pemain"":""Rian"",""relasi"":""offend""}]}]","[""Rian"",""Dika"",""Surya"",""Reza""]","[{""pemain"":""Rian"",""relasi"":""offend""}]"
Ciko,"Kalau bukan Hitman, ngapain dia ngubah ajakan buat nyelametin rekannya?",offend,"[{""pengirim"":""Nisa"",""teks_chat"":""Coba baca perubahan ajakan vote di chat tadi."",""label_intent"":""neutral"",""target"":[]},{""pengirim"":""Bayu"",""teks_chat"":""Aku mengubah ajakan setelah membaca pendapat lain."",""label_intent"":""neutral"",""target"":[]},{""pengirim"":""Ciko"",""teks_chat"":""Iya, ajakanmu berubah menjelang akhir diskusi."",""label_intent"":""neutral"",""target"":[]},{""pengirim"":""Nisa"",""teks_chat"":""Aku curiga Bayu Hitman karena mengganti ajakan tanpa menjelaskan alasan."",""label_intent"":""offend"",""target"":[{""pemain"":""Bayu"",""relasi"":""offend""}]},{""pengirim"":""Bayu"",""teks_chat"":""Aku bukan Hitman, aku memang berubah pikiran."",""label_intent"":""defend"",""target"":[{""pemain"":""Bayu"",""relasi"":""defend""}]},{""pengirim"":""Ciko"",""teks_chat"":""Masa sih cuma berubah pikiran?"",""label_intent"":""offend"",""target"":[{""pemain"":""Bayu"",""relasi"":""offend""}]},{""pengirim"":""Nisa"",""teks_chat"":""Kayaknya dia sengaja buat nyelametin partnernya."",""label_intent"":""offend"",""target"":[{""pemain"":""Bayu"",""relasi"":""offend""}]}]","[""Nisa"",""Bayu"",""Ciko""]","[{""pemain"":""Bayu"",""relasi"":""offend""}]"
Gilang,"Hendra mengaku kena Gag Order. Kalau Irfan, aku justru curiga dia Hitman yang sengaja menghindari diskusi.",offend,"[{""pengirim"":""Fajar"",""teks_chat"":""Saat diskusi siang sebelumnya ada yang tidak bisa chat?"",""label_intent"":""neutral"",""target"":[]},{""pengirim"":""Gilang"",""teks_chat"":""Hendra diam, tetapi aku tidak tahu apakah karena skill."",""label_intent"":""neutral"",""target"":[]},{""pengirim"":""Hendra"",""teks_chat"":""Iya, aku kena Gag Order waktu itu."",""label_intent"":""neutral"",""target"":[]},{""pengirim"":""Irfan"",""teks_chat"":""Pantesan sepi banget."",""label_intent"":""neutral"",""target"":[]},{""pengirim"":""Fajar"",""teks_chat"":""Tapi ada yang diamnya aneh."",""label_intent"":""neutral"",""target"":[]},{""pengirim"":""Gilang"",""teks_chat"":""Siapa tuh?"",""label_intent"":""neutral"",""target"":[]},{""pengirim"":""Fajar"",""teks_chat"":""Si Irfan tuh."",""label_intent"":""offend"",""target"":[{""pemain"":""Irfan"",""relasi"":""offend""}]},{""pengirim"":""Irfan"",""teks_chat"":""Aku tadi hanya menyimak."",""label_intent"":""defend"",""target"":[{""pemain"":""Irfan"",""relasi"":""defend""}]},{""pengirim"":""Hendra"",""teks_chat"":""Iya, chat memang sempat sepi banget waktu itu."",""label_intent"":""neutral"",""target"":[]}]","[""Fajar"",""Gilang"",""Hendra"",""Irfan""]","[{""pemain"":""Irfan"",""relasi"":""offend""}]"
Jojo,"Aku setuju sama Lutfi, kita vote dia aja.",offend,"[{""pengirim"":""Jojo"",""teks_chat"":""Siapa yang tadi mengaku Civilian?"",""label_intent"":""neutral"",""target"":[]},{""pengirim"":""Kiki"",""teks_chat"":""Aku yang bilang."",""label_intent"":""neutral"",""target"":[]},{""pengirim"":""Lutfi"",""teks_chat"":""Kenapa sekarang kamu mengaku Spy?"",""label_intent"":""neutral"",""target"":[]},{""pengirim"":""Kiki"",""teks_chat"":""Aku bukan Hitman, tadi belum ingin mengungkap role sebenarnya."",""label_intent"":""defend"",""target"":[{""pemain"":""Kiki"",""relasi"":""defend""}]},{""pengirim"":""Jojo"",""teks_chat"":""Bohong banget, yg kamu omongin beda."",""label_intent"":""offend"",""target"":[{""pemain"":""Kiki"",""relasi"":""offend""}]},{""pengirim"":""Kiki"",""teks_chat"":""Aku tidak bohong soal klaim Spy-ku."",""label_intent"":""defend"",""target"":[{""pemain"":""Kiki"",""relasi"":""defend""}]},{""pengirim"":""Lutfi"",""teks_chat"":""Iya, Kiki mencurigakan banget sih."",""label_intent"":""offend"",""target"":[{""pemain"":""Kiki"",""relasi"":""offend""}]},{""pengirim"":""Kiki"",""teks_chat"":""Aku bukan Hitman sumpah."",""label_intent"":""defend"",""target"":[{""pemain"":""Kiki"",""relasi"":""defend""}]}]","[""Jojo"",""Kiki"",""Lutfi""]","[{""pemain"":""Kiki"",""relasi"":""offend""}]"
Tika,Aku tarik pembelaanku. Umar pasti Hitman karena klaim Guard-nya bertentangan dengan aturan.,offend,"[{""pengirim"":""Tika"",""teks_chat"":""Ada yang mau berbagi pilihan Guard?"",""label_intent"":""neutral"",""target"":[]},{""pengirim"":""Umar"",""teks_chat"":""Aku klaim Spy, semalam aku Guard Vina."",""label_intent"":""neutral"",""target"":[]},{""pengirim"":""Vina"",""teks_chat"":""Kamu yakin targetnya aku?"",""label_intent"":""neutral"",""target"":[]},{""pengirim"":""Umar"",""teks_chat"":""Iya, itu klaim pilihanku."",""label_intent"":""neutral"",""target"":[]},{""pengirim"":""Wira"",""teks_chat"":""Aku curiga Umar Hitman yang membuat klaim palsu."",""label_intent"":""offend"",""target"":[{""pemain"":""Umar"",""relasi"":""offend""}]},{""pengirim"":""Tika"",""teks_chat"":""Aku membela Umar, klaim Guard itu belum terbukti palsu."",""label_intent"":""defend"",""target"":[{""pemain"":""Umar"",""relasi"":""defend""}]},{""pengirim"":""Umar"",""teks_chat"":""Aku memang bukan Hitman."",""label_intent"":""defend"",""target"":[{""pemain"":""Umar"",""relasi"":""defend""}]},{""pengirim"":""Vina"",""teks_chat"":""Bagaimana dengan malam sebelumnya?"",""label_intent"":""neutral"",""target"":[]},{""pengirim"":""Wira"",""teks_chat"":""Iya, siapa pilihanmu saat itu?"",""label_intent"":""neutral"",""target"":[]},{""pengirim"":""Umar"",""teks_chat"":""Vina juga, aku Guard dia dua malam berturut-turut."",""label_intent"":""neutral"",""target"":[]},{""pengirim"":""Vina"",""teks_chat"":""Umar, Spy tidak boleh Guard target sama dua malam berturut-turut. Aku curiga kamu Hitman."",""label_intent"":""offend"",""target"":[{""pemain"":""Umar"",""relasi"":""offend""}]}]","[""Tika"",""Umar"",""Vina"",""Wira""]","[{""pemain"":""Umar"",""relasi"":""offend""}]"
Fani,"Eka, kamu pasti Hitman yang membuat klaim palsu untuk cari aman!",offend,"[{""pengirim"":""Dani"",""teks_chat"":""Eka, ada klaim skill yang ingin dibagikan?"",""label_intent"":""neutral"",""target"":[]},{""pengirim"":""Eka"",""teks_chat"":""Aku klaim Stalker dan memakai Peek semalam."",""label_intent"":""neutral"",""target"":[]},{""pengirim"":""Fani"",""teks_chat"":""Siapa targetnya?"",""label_intent"":""neutral"",""target"":[]},{""pengirim"":""Eka"",""teks_chat"":""Aku tidak mau menyebut targetnya sekarang."",""label_intent"":""neutral"",""target"":[]},{""pengirim"":""Dani"",""teks_chat"":""Oke deh, berarti klaimnya belum bisa dicek."",""label_intent"":""neutral"",""target"":[]}]","[""Dani"",""Eka"",""Fani""]","[{""pemain"":""Eka"",""relasi"":""offend""}]"
Bima,"Klaim kamu masih asumsi. Tolong bedakan fakta, urutan vote, dan tebakan sebelum mengeksekusi aku",defend,[],"[""Bima""]","[{""pemain"":""Bima"",""relasi"":""defend""}]"
Sinta,"Enggak deh, kayaknya mereka emang nggak tau apa-apa soal korbannya.",defend,"[{""pengirim"":""Raka"",""teks_chat"":""Korban malam ini siapa ya?"",""label_intent"":""neutral"",""target"":[]},{""pengirim"":""Sinta"",""teks_chat"":""Belum ada yang tahu, petunjuknya juga belum ada."",""label_intent"":""neutral"",""target"":[]},{""pengirim"":""Toni"",""teks_chat"":""Iya, kita jadi buta info nih."",""label_intent"":""neutral"",""target"":[]},{""pengirim"":""Uci"",""teks_chat"":""Yang mencurigakan tuh Raka sama Toni."",""label_intent"":""offend"",""target"":[{""pemain"":""Raka"",""relasi"":""offend""},{""pemain"":""Toni"",""relasi"":""offend""}]},{""pengirim"":""Raka"",""teks_chat"":""Kok jadi ke aku?"",""label_intent"":""defend"",""target"":[{""pemain"":""Raka"",""relasi"":""defend""}]},{""pengirim"":""Sinta"",""teks_chat"":""Aku juga curiga kalian berdua Hitman karena sama-sama tidak memberi pendapat."",""label_intent"":""offend"",""target"":[{""pemain"":""Raka"",""relasi"":""offend""},{""pemain"":""Toni"",""relasi"":""offend""}]},{""pengirim"":""Toni"",""teks_chat"":""Aku bukan Hitman, aku sedang membaca chat."",""label_intent"":""defend"",""target"":[{""pemain"":""Toni"",""relasi"":""defend""}]},{""pengirim"":""Uci"",""teks_chat"":""Alasan aja kalian ini."",""label_intent"":""offend"",""target"":[{""pemain"":""Raka"",""relasi"":""offend""},{""pemain"":""Toni"",""relasi"":""offend""}]},{""pengirim"":""Raka"",""teks_chat"":""Aku bukan Hitman, tadi mengerjakan tugas kuliah sebentar."",""label_intent"":""defend"",""target"":[{""pemain"":""Raka"",""relasi"":""defend""}]},{""pengirim"":""Sinta"",""teks_chat"":""Kalian sekarang sudah ikut membalas."",""label_intent"":""neutral"",""target"":[]},{""pengirim"":""Toni"",""teks_chat"":""Aku tidak bekerja sama dengan pelaku."",""label_intent"":""defend"",""target"":[{""pemain"":""Toni"",""relasi"":""defend""}]},{""pengirim"":""Uci"",""teks_chat"":""Fix kalian berdua kerja sama."",""label_intent"":""offend"",""target"":[{""pemain"":""Raka"",""relasi"":""offend""},{""pemain"":""Toni"",""relasi"":""offend""}]}]","[""Raka"",""Sinta"",""Toni"",""Uci""]","[{""pemain"":""Raka"",""relasi"":""defend""},{""pemain"":""Toni"",""relasi"":""defend""}]"
Maya,"Oh gitu, masuk akal sih alasanmu, maaf ya tadi nuduh.",defend,"[{""pengirim"":""Maya"",""teks_chat"":""Si Nando dari tadi pasif banget, fix Hitman nih."",""label_intent"":""offend"",""target"":[{""pemain"":""Nando"",""relasi"":""offend""}]},{""pengirim"":""Nando"",""teks_chat"":""Aku lagi sibuk baca riwayat chat ke atas, bukan sengaja pasif."",""label_intent"":""defend"",""target"":[{""pemain"":""Nando"",""relasi"":""defend""}]}]","[""Maya"",""Nando""]","[{""pemain"":""Nando"",""relasi"":""defend""}]"
Yudi,"Udahlah, mending kita fokus ke yang lain, si Zaki emang gayanya gitu kok bukan berarti dia pelakunya.",defend,"[{""pengirim"":""Yudi"",""teks_chat"":""Zaki kok dari awal game diam terus ya?"",""label_intent"":""neutral"",""target"":[]},{""pengirim"":""Zaki"",""teks_chat"":""Aku sedang menyimak."",""label_intent"":""neutral"",""target"":[]},{""pengirim"":""Aldi"",""teks_chat"":""Diam terus biasanya punya role jahat sih."",""label_intent"":""offend"",""target"":[{""pemain"":""Zaki"",""relasi"":""offend""}]},{""pengirim"":""Beni"",""teks_chat"":""Jangan tuduh dia hanya karena diam."",""label_intent"":""defend"",""target"":[{""pemain"":""Zaki"",""relasi"":""defend""}]},{""pengirim"":""Yudi"",""teks_chat"":""Eh bentar, ini sisa waktu diskusi tinggal berapa menit?"",""label_intent"":""neutral"",""target"":[]},{""pengirim"":""Aldi"",""teks_chat"":""Kayaknya sisa dua menit lagi."",""label_intent"":""neutral"",""target"":[]},{""pengirim"":""Beni"",""teks_chat"":""Wah, cepet banget ya rondenya."",""label_intent"":""neutral"",""target"":[]},{""pengirim"":""Yudi"",""teks_chat"":""Tadi ada pertanyaan yg belum dibalas?"",""label_intent"":""neutral"",""target"":[]},{""pengirim"":""Aldi"",""teks_chat"":""Gak merhatiin aku."",""label_intent"":""neutral"",""target"":[]},{""pengirim"":""Zaki"",""teks_chat"":""Ya ampun, aku kan emang tipe pendiam dari dulu."",""label_intent"":""defend"",""target"":[{""pemain"":""Zaki"",""relasi"":""defend""}]},{""pengirim"":""Aldi"",""teks_chat"":""Tetap aja mencurigakan buat aku."",""label_intent"":""offend"",""target"":[{""pemain"":""Zaki"",""relasi"":""offend""}]}]","[""Yudi"",""Zaki"",""Aldi"",""Beni""]","[{""pemain"":""Zaki"",""relasi"":""defend""}]"
Elang,"Doni memang membaca perubahan ajakannya, tetapi itu belum membuktikan Caca Hitman. Jangan vote Caca hanya karena itu.",defend,"[{""pengirim"":""Budi"",""teks_chat"":""Caca mengubah ajakan vote di chat tadi."",""label_intent"":""neutral"",""target"":[]},{""pengirim"":""Caca"",""teks_chat"":""Iya, setelah membaca alasan baru."",""label_intent"":""neutral"",""target"":[]},{""pengirim"":""Elang"",""teks_chat"":""Doni juga membaca pesan perubahan ajakan itu."",""label_intent"":""neutral"",""target"":[]},{""pengirim"":""Budi"",""teks_chat"":""Iya, kita bisa baca ulang chatnya."",""label_intent"":""neutral"",""target"":[]}]","[""Budi"",""Caca"",""Doni"",""Elang""]","[{""pemain"":""Caca"",""relasi"":""defend""}]"
Hani,"Kayaknya bukan Fani dan Gilang deh, mereka murni cuma kebingungan nge-vote.",defend,"[{""pengirim"":""Eka"",""teks_chat"":""Fani dan Gilang mengubah ajakan vote ke Hani di akhir diskusi. Aku curiga mereka pelakunya."",""label_intent"":""offend"",""target"":[{""pemain"":""Fani"",""relasi"":""offend""},{""pemain"":""Gilang"",""relasi"":""offend""}]},{""pengirim"":""Fani"",""teks_chat"":""Itu karena Hani gelagatnya aneh pas diskusi."",""label_intent"":""offend"",""target"":[{""pemain"":""Hani"",""relasi"":""offend""}]},{""pengirim"":""Hani"",""teks_chat"":""Aku biasa aja kok, kalian yang panik sendiri."",""label_intent"":""defend"",""target"":[{""pemain"":""Hani"",""relasi"":""defend""}]},{""pengirim"":""Gilang"",""teks_chat"":""Aku bukan Hitman, aku mengubah ajakan karena mengikuti alasan Fani."",""label_intent"":""defend"",""target"":[{""pemain"":""Gilang"",""relasi"":""defend""}]},{""pengirim"":""Eka"",""teks_chat"":""Tetap aja kalian berdua tuh sus banget, fix kerja sama nih."",""label_intent"":""offend"",""target"":[{""pemain"":""Fani"",""relasi"":""offend""},{""pemain"":""Gilang"",""relasi"":""offend""}]}]","[""Eka"",""Fani"",""Gilang"",""Hani""]","[{""pemain"":""Fani"",""relasi"":""defend""},{""pemain"":""Gilang"",""relasi"":""defend""}]"
Irfan,"Ucapan 'Aku tahu korbannya' tadi sudah dikoreksi menjadi tebakan. Itu belum membuktikan dia Hitman, jangan vote dia dulu.",defend,"[{""pengirim"":""Irfan"",""teks_chat"":""Semalam ada yang disandera, tapi belum ketahuan siapa ya?"",""label_intent"":""neutral"",""target"":[]},{""pengirim"":""Jaka"",""teks_chat"":""Iya, belum ada yang tahu siapa korbannya."",""label_intent"":""neutral"",""target"":[]},{""pengirim"":""Kiki"",""teks_chat"":""Saat diskusi Laras bilang 'Aku tahu korbannya'. Aku curiga Laras Hitman."",""label_intent"":""offend"",""target"":[{""pemain"":""Laras"",""relasi"":""offend""}]},{""pengirim"":""Laras"",""teks_chat"":""Aku cuma menebak dari pemain yang diam, bukan tahu pasti. Aku bukan Hitman."",""label_intent"":""defend"",""target"":[{""pemain"":""Laras"",""relasi"":""defend""}]},{""pengirim"":""Jaka"",""teks_chat"":""Masuk akal sih penjelasan si Laras."",""label_intent"":""defend"",""target"":[{""pemain"":""Laras"",""relasi"":""defend""}]},{""pengirim"":""Kiki"",""teks_chat"":""Tapi kata-kata 'Aku tahu korbannya' itu khas Hitman yang mau pamer ke warga."",""label_intent"":""offend"",""target"":[{""pemain"":""Laras"",""relasi"":""offend""}]}]","[""Irfan"",""Jaka"",""Kiki"",""Laras""]","[{""pemain"":""Laras"",""relasi"":""defend""}]"
Mario,"Vote aku saja sekarang, biar cepat ada pilihan.",offend,[],"[""Mario""]","[{""pemain"":""Mario"",""relasi"":""offend""}]"
Raka,"Jangan nge-vote put dulu, buktinya belum kuat buat naikin dia ke tiang.",defend,"[{""pengirim"":""Nanda"",""teks_chat"":""Ada yang mau ngaku Spy ga ronde ini?"",""label_intent"":""neutral"",""target"":[]},{""pengirim"":""Opan"",""teks_chat"":""Aku klaim Spy, pilihan Guard-ku semalam Putri."",""label_intent"":""neutral"",""target"":[]},{""pengirim"":""Putri"",""teks_chat"":""Aku curiga Opan Hitman yang mengarang pilihan Guard."",""label_intent"":""offend"",""target"":[{""pemain"":""Opan"",""relasi"":""offend""}]},{""pengirim"":""Raka"",""teks_chat"":""Klaim Guard Opan belum terbukti palsu. Aku menolak tuduhan ke Opan."",""label_intent"":""defend"",""target"":[{""pemain"":""Opan"",""relasi"":""defend""}]},{""pengirim"":""Nanda"",""teks_chat"":""Si Put ini mencurigakan banget dari tadi nuduh-nuduh terus."",""label_intent"":""offend"",""target"":[{""pemain"":""Putri"",""relasi"":""offend""}]},{""pengirim"":""Putri"",""teks_chat"":""Aku bukan Hitman, aku cuma menyampaikan kecurigaan."",""label_intent"":""defend"",""target"":[{""pemain"":""Putri"",""relasi"":""defend""}]},{""pengirim"":""Opan"",""teks_chat"":""Halah alasan aja, si put ini pasti pelakunya yang ketakutan."",""label_intent"":""offend"",""target"":[{""pemain"":""Putri"",""relasi"":""offend""}]},{""pengirim"":""Raka"",""teks_chat"":""Jangan vote dia cuma karena meragukan klaim Opan."",""label_intent"":""defend"",""target"":[{""pemain"":""Putri"",""relasi"":""defend""}]},{""pengirim"":""Nanda"",""teks_chat"":""Udah, kita buang put aja hari ini biar aman."",""label_intent"":""offend"",""target"":[{""pemain"":""Putri"",""relasi"":""offend""}]}]","[""Nanda"",""Opan"",""Putri"",""Raka""]","[{""pemain"":""Putri"",""relasi"":""defend""}]"
Siska,"Balik ke tuduhan tadi, menurutku dia bukan Hitman hanya karena diam.",defend,"[{""pengirim"":""Siska"",""teks_chat"":""Bentar, aku mau nanya soal semalam dulu."",""label_intent"":""neutral"",""target"":[]},{""pengirim"":""Tio"",""teks_chat"":""Nanya apa?"",""label_intent"":""neutral"",""target"":[]},{""pengirim"":""Vina"",""teks_chat"":""Semalam ada yang pakai skill nggak?"",""label_intent"":""neutral"",""target"":[]},{""pengirim"":""Rio"",""teks_chat"":""Aku nggak, aku cuma Civilian."",""label_intent"":""neutral"",""target"":[]},{""pengirim"":""Siska"",""teks_chat"":""Yang ngaku Spy atau Stalker belum ada juga ya?"",""label_intent"":""neutral"",""target"":[]},{""pengirim"":""Tio"",""teks_chat"":""Belum ada, mungkin masih pada nunggu waktu yang pas."",""label_intent"":""neutral"",""target"":[]},{""pengirim"":""Vina"",""teks_chat"":""Kayaknya yang punya skill lagi main aman semua."",""label_intent"":""neutral"",""target"":[]},{""pengirim"":""Rio"",""teks_chat"":""Wajar sih, takut diincer nanti malam."",""label_intent"":""neutral"",""target"":[]},{""pengirim"":""Siska"",""teks_chat"":""Ya udah, kita tunggu aja sampai ada yang berani ngaku."",""label_intent"":""neutral"",""target"":[]},{""pengirim"":""Tio"",""teks_chat"":""Setuju, jangan dipaksa juga."",""label_intent"":""neutral"",""target"":[]},{""pengirim"":""Vina"",""teks_chat"":""Oke, makasih infonya semua."",""label_intent"":""neutral"",""target"":[]},{""pengirim"":""Rio"",""teks_chat"":""Waktunya masih ada, lanjut bahas yang lain yuk."",""label_intent"":""neutral"",""target"":[]}]","[""Rio"",""Siska"",""Tio"",""Vina""]","[{""pemain"":""tidak_diketahui"",""relasi"":""defend""}]"
Zidan,"Anton menuduh Yanto, tetapi aku menolak tuduhan itu karena klaimnya belum terbukti palsu.",defend,"[{""pengirim"":""Wawan"",""teks_chat"":""Ada yang mau ngaku Spy ga nih ronde ini?"",""label_intent"":""neutral"",""target"":[]},{""pengirim"":""Yanto"",""teks_chat"":""Aku klaim Spy, semalam aku memilih Zidan sebagai target Guard."",""label_intent"":""neutral"",""target"":[]},{""pengirim"":""Zidan"",""teks_chat"":""Oke, dicatat. Tapi aku sendiri nggak bisa mastiin itu benar."",""label_intent"":""neutral"",""target"":[]},{""pengirim"":""Anton"",""teks_chat"":""Bohong banget, lu pasti cuma ngaku-ngaku kan Yan biar ga divote?"",""label_intent"":""offend"",""target"":[{""pemain"":""Yanto"",""relasi"":""offend""}]},{""pengirim"":""Yanto"",""teks_chat"":""Gua beneran role Spy kok, sumpah ga bohong."",""label_intent"":""defend"",""target"":[{""pemain"":""Yanto"",""relasi"":""defend""}]},{""pengirim"":""Wawan"",""teks_chat"":""Zidan belum tentu dapat memastikan pilihan Guard Yanto. Kita dengar penjelasannya dulu."",""label_intent"":""neutral"",""target"":[]},{""pengirim"":""Anton"",""teks_chat"":""Halah, Yanto itu cuma Hitman yang mau cari alibi pake namanya si Zidan."",""label_intent"":""offend"",""target"":[{""pemain"":""Yanto"",""relasi"":""offend""}]},{""pengirim"":""Yanto"",""teks_chat"":""Lu dari tadi nuduh gua terus Ton, jangan-jangan lu kali pelakunya yang kepanasan."",""label_intent"":""offend"",""target"":[{""pemain"":""Anton"",""relasi"":""offend""}]},{""pengirim"":""Zidan"",""teks_chat"":""Udah jangan ribut, mending kita cari bukti lain yang lebih jelas."",""label_intent"":""neutral"",""target"":[]},{""pengirim"":""Wawan"",""teks_chat"":""Tapi emang sih, Yanto ini gelagatnya mencurigakan banget dari awal."",""label_intent"":""offend"",""target"":[{""pemain"":""Yanto"",""relasi"":""offend""}]}]","[""Wawan"",""Yanto"",""Zidan"",""Anton""]","[{""pemain"":""Yanto"",""relasi"":""defend""}]"
Coki,"Aku bukan Hitman astaga, aku cuma salah ketik aja tadi pas panik.",defend,"[{""pengirim"":""Bowo"",""teks_chat"":""Coki pasti Hitman, tadi mengaku Civilian sekarang mengaku Spy."",""label_intent"":""offend"",""target"":[{""pemain"":""Coki"",""relasi"":""offend""}]}]","[""Bowo"",""Coki""]","[{""pemain"":""Coki"",""relasi"":""defend""}]"
Feri,"Gua gak sus kok, tadi emang lagi ke toilet makanya lambat balas.",defend,"[{""pengirim"":""Danu"",""teks_chat"":""Feri diam bae dari tadi, sus banget sumpah."",""label_intent"":""offend"",""target"":[{""pemain"":""Feri"",""relasi"":""offend""}]},{""pengirim"":""Euis"",""teks_chat"":""Mungkin dia lagi afk ambil minum bentar ke belakang."",""label_intent"":""defend"",""target"":[{""pemain"":""Feri"",""relasi"":""defend""}]}]","[""Danu"",""Euis"",""Feri""]","[{""pemain"":""Feri"",""relasi"":""defend""}]"
Heri,"Soalnya alasan kamu dari tadi yang paling mencurigakan, Gito!",offend,"[{""pengirim"":""Gito"",""teks_chat"":""Heri, kamu menuduh Iwan lalu aku tanpa alasan. Aku curiga kamu Hitman."",""label_intent"":""offend"",""target"":[{""pemain"":""Heri"",""relasi"":""offend""}]}]","[""Gito"",""Heri"",""Iwan""]","[{""pemain"":""Gito"",""relasi"":""offend""}]"
Toni,"Jangan vote Dim hanya karena berubah klaim, dia belum terbukti Hitman.",defend,"[{""pengirim"":""Raka"",""teks_chat"":""Dimas berganti klaim role, aku curiga dia Hitman."",""label_intent"":""offend"",""target"":[{""pemain"":""Dimas"",""relasi"":""offend""}]},{""pengirim"":""Bima"",""teks_chat"":""Iya, tadi mengaku Civilian lalu Spy. Aku juga curiga dia Hitman."",""label_intent"":""offend"",""target"":[{""pemain"":""Dimas"",""relasi"":""offend""}]},{""pengirim"":""Sari"",""teks_chat"":""Benar itu, Dimas mencurigakan sekali."",""label_intent"":""offend"",""target"":[{""pemain"":""Dimas"",""relasi"":""offend""}]},{""pengirim"":""Dimas"",""teks_chat"":""Aku bukan Hitman, tadi belum mau mengungkap role."",""label_intent"":""defend"",""target"":[{""pemain"":""Dimas"",""relasi"":""defend""}]},{""pengirim"":""Raka"",""teks_chat"":""Itu cuma alasan kamu saja supaya aman."",""label_intent"":""offend"",""target"":[{""pemain"":""Dimas"",""relasi"":""offend""}]}]","[""Raka"",""Bima"",""Sari"",""Dimas"",""Toni""]","[{""pemain"":""Dimas"",""relasi"":""defend""}]"
Rina,"Aku sih percaya dia bukan pelakunya, omongannya dari awal sangat konsisten.",defend,"[{""pengirim"":""Fikri"",""teks_chat"":""Aku klaim Stalker, hasil Peek-ku menunjukkan Gilang Hitman."",""label_intent"":""offend"",""target"":[{""pemain"":""Gilang"",""relasi"":""offend""}]},{""pengirim"":""Siska"",""teks_chat"":""Serius? Kapan kamu Peek dia?"",""label_intent"":""neutral"",""target"":[]},{""pengirim"":""Fikri"",""teks_chat"":""Dia itu pelakunya, aku lihat sendiri hasilnya!"",""label_intent"":""offend"",""target"":[{""pemain"":""Gilang"",""relasi"":""offend""}]},{""pengirim"":""Gilang"",""teks_chat"":""Wah kamu memfitnah aku ya."",""label_intent"":""defend"",""target"":[{""pemain"":""Gilang"",""relasi"":""defend""}]},{""pengirim"":""Deni"",""teks_chat"":""Masa sih Fikri beneran Stalker?"",""label_intent"":""neutral"",""target"":[]},{""pengirim"":""Siska"",""teks_chat"":""Bisa jadi dia ngarang supaya kita vote orang yang salah."",""label_intent"":""offend"",""target"":[{""pemain"":""Fikri"",""relasi"":""offend""}]},{""pengirim"":""Fikri"",""teks_chat"":""Aku tidak berbohong, kalian harus percaya informasiku."",""label_intent"":""defend"",""target"":[{""pemain"":""Fikri"",""relasi"":""defend""}]},{""pengirim"":""Gilang"",""teks_chat"":""Kamu yang aslinya Hitman mau menyudutkan orang lain kan?"",""label_intent"":""offend"",""target"":[{""pemain"":""Fikri"",""relasi"":""offend""}]},{""pengirim"":""Deni"",""teks_chat"":""Sabar, kita pikir dulu baik-baik."",""label_intent"":""neutral"",""target"":[]},{""pengirim"":""Siska"",""teks_chat"":""Yang dituduh tadi, ada tanggapan soal klaim Peek itu?"",""label_intent"":""neutral"",""target"":[]},{""pengirim"":""Gilang"",""teks_chat"":""Aku bukan Hitman. Klaim hasil Peek itu tidak benar."",""label_intent"":""defend"",""target"":[{""pemain"":""Gilang"",""relasi"":""defend""}]},{""pengirim"":""Deni"",""teks_chat"":""Agak aneh sih klaim dari Fikri tadi."",""label_intent"":""neutral"",""target"":[]}]","[""Fikri"",""Siska"",""Gilang"",""Deni"",""Rina""]","[{""pemain"":""Gilang"",""relasi"":""defend""}]"
Fajar,"Jangan langsung vote dia, perubahan ajakan itu belum membuktikan dia Hitman.",defend,"[{""pengirim"":""Agus"",""teks_chat"":""Ayo dong, waktunya mau habis ini."",""label_intent"":""neutral"",""target"":[]},{""pengirim"":""Lila"",""teks_chat"":""Siapa yang tadi mengajak vote secara acak?"",""label_intent"":""neutral"",""target"":[]},{""pengirim"":""Beno"",""teks_chat"":""Aku tidak mengajak vote acak."",""label_intent"":""defend"",""target"":[{""pemain"":""Beno"",""relasi"":""defend""}]},{""pengirim"":""Maya"",""teks_chat"":""Bahaya kalau kita lewati ronde ini, mending cari yang mencurigakan."",""label_intent"":""neutral"",""target"":[]},{""pengirim"":""Agus"",""teks_chat"":""Ada yang mengubah ajakan vote di chat tanpa menjelaskan alasan."",""label_intent"":""neutral"",""target"":[]},{""pengirim"":""Lila"",""teks_chat"":""Beno mengubah ajakan begitu. Aku curiga dia Hitman."",""label_intent"":""offend"",""target"":[{""pemain"":""Beno"",""relasi"":""offend""}]},{""pengirim"":""Beno"",""teks_chat"":""Aku bukan Hitman, aku mengikuti alasan yang muncul di chat."",""label_intent"":""defend"",""target"":[{""pemain"":""Beno"",""relasi"":""defend""}]},{""pengirim"":""Maya"",""teks_chat"":""Kamu bohong, kita tidak ada menyuruh kamu pindah."",""label_intent"":""offend"",""target"":[{""pemain"":""Beno"",""relasi"":""offend""}]},{""pengirim"":""Agus"",""teks_chat"":""Curiga ini orang cuma main aman saja."",""label_intent"":""offend"",""target"":[{""pemain"":""Beno"",""relasi"":""offend""}]},{""pengirim"":""Lila"",""teks_chat"":""Sudah pasti sih ini, kita keluarkan saja."",""label_intent"":""offend"",""target"":[{""pemain"":""Beno"",""relasi"":""offend""}]},{""pengirim"":""Beno"",""teks_chat"":""Aku bukan Hitman, kalian salah paham."",""label_intent"":""defend"",""target"":[{""pemain"":""Beno"",""relasi"":""defend""}]},{""pengirim"":""Maya"",""teks_chat"":""Kamu memberikan alasan terus dari tadi."",""label_intent"":""offend"",""target"":[{""pemain"":""Beno"",""relasi"":""offend""}]}]","[""Agus"",""Lila"",""Beno"",""Maya"",""Fajar""]","[{""pemain"":""Beno"",""relasi"":""defend""}]"
Dika,"Setuju, tuduhan ke dia belum punya dasar yang cukup.",defend,"[{""pengirim"":""Risa"",""teks_chat"":""Waktu diskusi tinggal sepuluh detik. Coki belum terbukti Hitman, jangan vote tanpa alasan."",""label_intent"":""defend"",""target"":[{""pemain"":""Coki"",""relasi"":""defend""}]}]","[""Risa"",""Dika"",""Coki""]","[{""pemain"":""Coki"",""relasi"":""defend""}]"
Rio,"Reza itu bukan Hitman, kita akan salah langkah kalau memilih dia.",defend,"[{""pengirim"":""Vina"",""teks_chat"":""Korban malam pertama siapa ya? Tidak ada informasinya."",""label_intent"":""neutral"",""target"":[]},{""pengirim"":""Doni"",""teks_chat"":""Belum ada yang ngaku jadi korban juga sih."",""label_intent"":""neutral"",""target"":[]},{""pengirim"":""Vina"",""teks_chat"":""Jangan-jangan ada yang menyamar menjadi korban."",""label_intent"":""neutral"",""target"":[]},{""pengirim"":""Hadi"",""teks_chat"":""Reza memberi klaim yang berubah-ubah, aku curiga dia Hitman."",""label_intent"":""offend"",""target"":[{""pemain"":""Reza"",""relasi"":""offend""}]},{""pengirim"":""Reza"",""teks_chat"":""Aku bukan Hitman, aku cuma membetulkan salah ketik."",""label_intent"":""defend"",""target"":[{""pemain"":""Reza"",""relasi"":""defend""}]},{""pengirim"":""Doni"",""teks_chat"":""Tapi gelagat kamu aneh sekali."",""label_intent"":""offend"",""target"":[{""pemain"":""Reza"",""relasi"":""offend""}]},{""pengirim"":""Vina"",""teks_chat"":""Benar, lebih baik kita amankan saja Reza sekarang."",""label_intent"":""offend"",""target"":[{""pemain"":""Reza"",""relasi"":""offend""}]},{""pengirim"":""Rio"",""teks_chat"":""Kalian sdh memikirkan ini panjang lebar belum sih?"",""label_intent"":""neutral"",""target"":[]},{""pengirim"":""Reza"",""teks_chat"":""Aku bukan Hitman, perubahan tadi hanya koreksi salah ketik."",""label_intent"":""defend"",""target"":[{""pemain"":""Reza"",""relasi"":""defend""}]}]","[""Vina"",""Doni"",""Hadi"",""Reza"",""Rio""]","[{""pemain"":""Reza"",""relasi"":""defend""}]"
Tomi,Kenapa kamu panik sekali kalau memang bukan pelakunya?,offend,"[{""pengirim"":""Nisa"",""teks_chat"":""Edo ini pasti pelakunya, dia langsung membela diri padahal belum dituduh."",""label_intent"":""offend"",""target"":[{""pemain"":""Edo"",""relasi"":""offend""}]},{""pengirim"":""Edo"",""teks_chat"":""Aku cuma menjelaskan posisiku biar kalian tidak curiga."",""label_intent"":""defend"",""target"":[{""pemain"":""Edo"",""relasi"":""defend""}]}]","[""Nisa"",""Edo"",""Tomi""]","[{""pemain"":""Edo"",""relasi"":""offend""}]"
Arya,"Eh, setelah aku pikir kembali kok Kiki malah terus menghindar, kita naikkan saja dia ke pemilihan!",offend,"[{""pengirim"":""Joko"",""teks_chat"":""Ayo kita kumpulkan suara buat mengeluarkan Kiki."",""label_intent"":""offend"",""target"":[{""pemain"":""Kiki"",""relasi"":""offend""}]},{""pengirim"":""Kiki"",""teks_chat"":""Bukti kamu apa menuduh aku begitu?"",""label_intent"":""defend"",""target"":[{""pemain"":""Kiki"",""relasi"":""defend""}]},{""pengirim"":""Arya"",""teks_chat"":""Kasihan Kiki, dia dari tadi membantu kita mencari petunjuk kok."",""label_intent"":""defend"",""target"":[{""pemain"":""Kiki"",""relasi"":""defend""}]},{""pengirim"":""Joko"",""teks_chat"":""Dia menghindari pertanyaan saat diskusi, aku tetap curiga dia Hitman."",""label_intent"":""offend"",""target"":[{""pemain"":""Kiki"",""relasi"":""offend""}]}]","[""Joko"",""Kiki"",""Arya""]","[{""pemain"":""Kiki"",""relasi"":""offend""}]"
Kevin,"Rian itu jelas bukan Hitman, justru si Lia yang paling mencurigakan karena sengaja melempar isu.",offend,"[{""pengirim"":""Lia"",""teks_chat"":""Aku membaca perubahan ajakan vote yang aneh dalam chat."",""label_intent"":""neutral"",""target"":[]},{""pengirim"":""Kevin"",""teks_chat"":""Siapa yang kamu maksud aneh?"",""label_intent"":""neutral"",""target"":[]},{""pengirim"":""Lia"",""teks_chat"":""Rian mengubah ajakan vote tanpa menjelaskan alasan. Aku curiga dia Hitman."",""label_intent"":""offend"",""target"":[{""pemain"":""Rian"",""relasi"":""offend""}]},{""pengirim"":""Rian"",""teks_chat"":""Aku cuma menyesuaikan dengan diskusi kita tadi."",""label_intent"":""defend"",""target"":[{""pemain"":""Rian"",""relasi"":""defend""}]},{""pengirim"":""Sari"",""teks_chat"":""Tapi memang kelihatan sekali kamu mau mencari posisi aman."",""label_intent"":""offend"",""target"":[{""pemain"":""Rian"",""relasi"":""offend""}]},{""pengirim"":""Wawan"",""teks_chat"":""Jangan pada menyudutkan Rian dulu."",""label_intent"":""defend"",""target"":[{""pemain"":""Rian"",""relasi"":""defend""}]}]","[""Lia"",""Kevin"",""Rian"",""Sari"",""Wawan""]","[{""pemain"":""Rian"",""relasi"":""defend""},{""pemain"":""Lia"",""relasi"":""offend""}]"
Dinda,"Dia malah diam setelah ditanya, vote orang yang dibahas tadi!",offend,"[{""pengirim"":""Dinda"",""teks_chat"":""Kita jeda dulu bahas itu. Semalam ada yang dapat info?"",""label_intent"":""neutral"",""target"":[]},{""pengirim"":""Aris"",""teks_chat"":""Aku nggak dapat apa-apa."",""label_intent"":""neutral"",""target"":[]},{""pengirim"":""Bagus"",""teks_chat"":""Aku juga, semalam aman-aman aja."",""label_intent"":""neutral"",""target"":[]},{""pengirim"":""Cita"",""teks_chat"":""Ada yang punya petunjuk lain?"",""label_intent"":""neutral"",""target"":[]},{""pengirim"":""Bayu"",""teks_chat"":""Belum ada kayaknya."",""label_intent"":""neutral"",""target"":[]},{""pengirim"":""Putri"",""teks_chat"":""Terus semalam ada yang disandera nggak, ya?"",""label_intent"":""neutral"",""target"":[]},{""pengirim"":""Dinda"",""teks_chat"":""Nggak tahu, belum ada yang bilang apa-apa."",""label_intent"":""neutral"",""target"":[]},{""pengirim"":""Aris"",""teks_chat"":""Kita lihat aja nanti siapa yang tiba-tiba nggak muncul."",""label_intent"":""neutral"",""target"":[]},{""pengirim"":""Bagus"",""teks_chat"":""Iya, sambil perhatiin siapa yang jawabannya berubah-ubah."",""label_intent"":""neutral"",""target"":[]},{""pengirim"":""Cita"",""teks_chat"":""Setuju, jangan cuma nebak dari satu hal."",""label_intent"":""neutral"",""target"":[]},{""pengirim"":""Bayu"",""teks_chat"":""Oke, lanjut aja diskusinya."",""label_intent"":""neutral"",""target"":[]},{""pengirim"":""Putri"",""teks_chat"":""Waktu diskusi tinggal sedikit sebelum Tribunal."",""label_intent"":""neutral"",""target"":[]}]","[""Putri"",""Dinda"",""Aris"",""Bagus"",""Cita"",""Bayu""]","[{""pemain"":""tidak_diketahui"",""relasi"":""offend""}]"
Farah,"Benar juga, pasti dia yang melakukan itu, ayo kita keluarkan dia!",offend,"[{""pengirim"":""Yusuf"",""teks_chat"":""Lukman telat membalas pertanyaan, aku curiga dia Hitman yang menghindari diskusi."",""label_intent"":""offend"",""target"":[{""pemain"":""Lukman"",""relasi"":""offend""}]},{""pengirim"":""Farah"",""teks_chat"":""Wah iya, Lukman sangat mencurigakan."",""label_intent"":""offend"",""target"":[{""pemain"":""Lukman"",""relasi"":""offend""}]},{""pengirim"":""Lukman"",""teks_chat"":""Bukan aku pelakunya! Aku tadi ke kamar kecil sebentar."",""label_intent"":""defend"",""target"":[{""pemain"":""Lukman"",""relasi"":""defend""}]},{""pengirim"":""Tari"",""teks_chat"":""Itu cuma alasan kamu untuk menutupi jejak."",""label_intent"":""offend"",""target"":[{""pemain"":""Lukman"",""relasi"":""offend""}]},{""pengirim"":""Yusuf"",""teks_chat"":""Tapi sekarang aku curiga Tio Hitman, dia juga tidak membalas pertanyaan."",""label_intent"":""offend"",""target"":[{""pemain"":""Tio"",""relasi"":""offend""}]}]","[""Yusuf"",""Farah"",""Lukman"",""Tari"",""Tio""]","[{""pemain"":""Tio"",""relasi"":""offend""}]"
Andi,Aku curiga dia Hitman yang berbohong soal role. Vote dia!,offend,"[{""pengirim"":""Andi"",""teks_chat"":""Budi mengaku Stalker."",""label_intent"":""neutral"",""target"":[]},{""pengirim"":""Citra"",""teks_chat"":""Deni juga mengaku Stalker."",""label_intent"":""neutral"",""target"":[]},{""pengirim"":""Eko"",""teks_chat"":""Kita dengarkan penjelasan keduanya."",""label_intent"":""neutral"",""target"":[]},{""pengirim"":""Budi"",""teks_chat"":""Aku belum ingin membuka hasil Peek."",""label_intent"":""neutral"",""target"":[]},{""pengirim"":""Deni"",""teks_chat"":""Aku juga belum ingin membuka hasilnya."",""label_intent"":""neutral"",""target"":[]},{""pengirim"":""Citra"",""teks_chat"":""Aku curiga Budi dan Deni Hitman yang membuat klaim palsu."",""label_intent"":""offend"",""target"":[{""pemain"":""Budi"",""relasi"":""offend""},{""pemain"":""Deni"",""relasi"":""offend""}]},{""pengirim"":""Fajar"",""teks_chat"":""Keduanya belum memberi penjelasan lebih lanjut."",""label_intent"":""neutral"",""target"":[]}]","[""Andi"",""Citra"",""Eko"",""Budi"",""Deni"",""Fajar""]","[{""pemain"":""tidak_diketahui"",""relasi"":""offend""}]"
Lina,"Aku yakin bukan Joko pelakunya, memang gayanya selalu seperti itu kalau sedang panik.",defend,"[{""pengirim"":""Gilang"",""teks_chat"":""Ini kenapa pada diam semua?"",""label_intent"":""neutral"",""target"":[]},{""pengirim"":""Hari"",""teks_chat"":""Aku sedang memikirkan klaim yang mau dibahas."",""label_intent"":""neutral"",""target"":[]},{""pengirim"":""Intan"",""teks_chat"":""Sepertinya Joko pelakunya, soalnya saat awal dia langsung membela diri secara berlebihan."",""label_intent"":""offend"",""target"":[{""pemain"":""Joko"",""relasi"":""offend""}]},{""pengirim"":""Joko"",""teks_chat"":""Wajar dong aku bicara duluan supaya posisi jelas."",""label_intent"":""defend"",""target"":[{""pemain"":""Joko"",""relasi"":""defend""}]},{""pengirim"":""Kevin"",""teks_chat"":""Tetapi memang aneh sih Joko langsung melakukan klarifikasi secepat itu."",""label_intent"":""offend"",""target"":[{""pemain"":""Joko"",""relasi"":""offend""}]},{""pengirim"":""Gilang"",""teks_chat"":""Iya, padahal belum dituduh tetapi sudah panik."",""label_intent"":""offend"",""target"":[{""pemain"":""Joko"",""relasi"":""offend""}]},{""pengirim"":""Joko"",""teks_chat"":""Aku cuma tidak mau difitnah oleh kalian saja!"",""label_intent"":""defend"",""target"":[{""pemain"":""Joko"",""relasi"":""defend""}]},{""pengirim"":""Hari"",""teks_chat"":""Jangan vote dia dulu, bukti tuduhannya belum cukup."",""label_intent"":""defend"",""target"":[{""pemain"":""Joko"",""relasi"":""defend""}]}]","[""Gilang"",""Hari"",""Intan"",""Joko"",""Kevin"",""Lina""]","[{""pemain"":""Joko"",""relasi"":""defend""}]"
Rizky,Aku menolak tuduhan ke dia hanya karena lama membalas.,defend,"[{""pengirim"":""Mamat"",""teks_chat"":""Nina diam cukup lama, aku curiga dia Hitman."",""label_intent"":""offend"",""target"":[{""pemain"":""Nina"",""relasi"":""offend""}]},{""pengirim"":""Nina"",""teks_chat"":""Aku bukan Hitman, aku sedang membaca chat."",""label_intent"":""defend"",""target"":[{""pemain"":""Nina"",""relasi"":""defend""}]},{""pengirim"":""Oki"",""teks_chat"":""Aku tetap curiga dia pelakunya."",""label_intent"":""offend"",""target"":[{""pemain"":""Nina"",""relasi"":""offend""}]},{""pengirim"":""Putri"",""teks_chat"":""Apa ada alasan selain jeda balasan?"",""label_intent"":""neutral"",""target"":[]},{""pengirim"":""Rizky"",""teks_chat"":""Aku belum membaca alasan tambahan."",""label_intent"":""neutral"",""target"":[]},{""pengirim"":""Oki"",""teks_chat"":""Aku masih menduga dia Hitman."",""label_intent"":""offend"",""target"":[{""pemain"":""Nina"",""relasi"":""offend""}]},{""pengirim"":""Mamat"",""teks_chat"":""Kita perlu menilai alasan itu sebelum Tribunal."",""label_intent"":""neutral"",""target"":[]},{""pengirim"":""Putri"",""teks_chat"":""Berapa lama waktu diskusi tersisa?"",""label_intent"":""neutral"",""target"":[]},{""pengirim"":""Rizky"",""teks_chat"":""Masih cukup untuk membaca chat lagi."",""label_intent"":""neutral"",""target"":[]},{""pengirim"":""Mamat"",""teks_chat"":""Oke, periksa pesan yang sudah ada."",""label_intent"":""neutral"",""target"":[]},{""pengirim"":""Oki"",""teks_chat"":""Aku sudah membacanya."",""label_intent"":""neutral"",""target"":[]},{""pengirim"":""Putri"",""teks_chat"":""Belum ada alasan tambahan yang dibagikan."",""label_intent"":""neutral"",""target"":[]}]","[""Mamat"",""Nina"",""Oki"",""Putri"",""Rizky""]","[{""pemain"":""Nina"",""relasi"":""defend""}]"
Ujang,"Jangan asal menuduh dia, buktinya belum ada sama sekali.",defend,"[{""pengirim"":""Susi"",""teks_chat"":""Ini kok sepi sekali diskusinya."",""label_intent"":""neutral"",""target"":[]},{""pengirim"":""Tono"",""teks_chat"":""Bingung mau menuduh siapa, belum ada bukti yang jelas."",""label_intent"":""neutral"",""target"":[]},{""pengirim"":""Ujang"",""teks_chat"":""Kalau tidak ada bukti jangan asal menuduh."",""label_intent"":""neutral"",""target"":[]},{""pengirim"":""Vera"",""teks_chat"":""Tapi kan kita harus memilih seseorang, masa dilewati."",""label_intent"":""neutral"",""target"":[]},{""pengirim"":""Wawan"",""teks_chat"":""Menurutku sebaiknya kita membuat pilihan setelah diskusi."",""label_intent"":""neutral"",""target"":[]},{""pengirim"":""Susi"",""teks_chat"":""Tadi ada yang mengajak memilih secara acak lho."",""label_intent"":""neutral"",""target"":[]},{""pengirim"":""Tono"",""teks_chat"":""Siapa memangnya yang menyuruh begitu?"",""label_intent"":""neutral"",""target"":[]},{""pengirim"":""Ujang"",""teks_chat"":""Jangan terpancing, itu taktik Hitman memecah fokus."",""label_intent"":""neutral"",""target"":[]},{""pengirim"":""Vera"",""teks_chat"":""Kalau asal pilih malah pemain biasa yang akan rugi."",""label_intent"":""neutral"",""target"":[]},{""pengirim"":""Wawan"",""teks_chat"":""Lebih baik mengumpulkan informasi dulu dari malam tadi."",""label_intent"":""neutral"",""target"":[]},{""pengirim"":""Susi"",""teks_chat"":""Pokoknya jangan langsung menekan tombol vote."",""label_intent"":""neutral"",""target"":[]},{""pengirim"":""Tono"",""teks_chat"":""Wawan ingin kita tetap memilih, aku curiga dia Hitman yang memaksa vote."",""label_intent"":""offend"",""target"":[{""pemain"":""Wawan"",""relasi"":""offend""}]}]","[""Susi"",""Tono"",""Ujang"",""Vera"",""Wawan""]","[{""pemain"":""Wawan"",""relasi"":""defend""}]"
Aldo,"Tapi menurutku bukan Budi yang melakukan itu, dia dari tadi membantu kita melakukan analisis.",defend,"[{""pengirim"":""Aldo"",""teks_chat"":""Korban semalam siapa ya? Kok belum ada yang ngaku?"",""label_intent"":""neutral"",""target"":[]},{""pengirim"":""Budi"",""teks_chat"":""Belum ada yang ngaku, jadi kita harus analisis dari chat siang ini."",""label_intent"":""neutral"",""target"":[]},{""pengirim"":""Caca"",""teks_chat"":""Waktu ronde tnggal sedikit nih, ayo cepat putuskan!"",""label_intent"":""neutral"",""target"":[]},{""pengirim"":""Dodi"",""teks_chat"":""Fokus cari alasan dari chat aja. Jujur aku agak curiga sama Budi dari tadi."",""label_intent"":""offend"",""target"":[{""pemain"":""Budi"",""relasi"":""offend""}]}]","[""Aldo"",""Budi"",""Caca"",""Dodi""]","[{""pemain"":""Budi"",""relasi"":""defend""}]"
Fani,"Sudah jangan saling menyerang dulu, dia mungkin berkata jujur soal informasinya.",defend,"[{""pengirim"":""Edi"",""teks_chat"":""Aku klaim Stalker dan punya hasil Peek."",""label_intent"":""neutral"",""target"":[]},{""pengirim"":""Fani"",""teks_chat"":""Wah, masa sih? Buktinya apa kamu berkata seperti itu?"",""label_intent"":""neutral"",""target"":[]},{""pengirim"":""Galih"",""teks_chat"":""Aku juga klaim Stalker dan punya hasil Peek."",""label_intent"":""neutral"",""target"":[]},{""pengirim"":""Hari"",""teks_chat"":""Hati-hati, klaim peran begini sering menjadi jebakan musuh."",""label_intent"":""neutral"",""target"":[]},{""pengirim"":""Edi"",""teks_chat"":""Galih bohong itu, cuma mau menutupi jejak aksinya."",""label_intent"":""offend"",""target"":[{""pemain"":""Galih"",""relasi"":""offend""}]},{""pengirim"":""Galih"",""teks_chat"":""Justru Edi yang mencari aman dengan mengaku-ngaku tanpa bukti."",""label_intent"":""offend"",""target"":[{""pemain"":""Edi"",""relasi"":""offend""}]}]","[""Edi"",""Fani"",""Galih"",""Hari""]","[{""pemain"":""tidak_diketahui"",""relasi"":""defend""}]"
Nando,Ika mengingatkan ada koreksi di chat. Aku tarik tuduhan ke Mirza; salah ketik itu belum membuktikan dia Hitman.,defend,"[{""pengirim"":""Ika"",""teks_chat"":""Jojo belum membalas chat, ya?"",""label_intent"":""neutral"",""target"":[]},{""pengirim"":""Kiki"",""teks_chat"":""Iya, tetapi alasannya belum diketahui."",""label_intent"":""neutral"",""target"":[]},{""pengirim"":""Lani"",""teks_chat"":""Ada klaim yang ingin dibahas dulu?"",""label_intent"":""neutral"",""target"":[]},{""pengirim"":""Mirza"",""teks_chat"":""Aku klaim Civilian."",""label_intent"":""neutral"",""target"":[]},{""pengirim"":""Nando"",""teks_chat"":""Mirza tadi mengaku Spy, aku curiga dia Hitman."",""label_intent"":""offend"",""target"":[{""pemain"":""Mirza"",""relasi"":""offend""}]},{""pengirim"":""Lani"",""teks_chat"":""Aku juga curiga Mirza Hitman karena klaimnya berubah."",""label_intent"":""offend"",""target"":[{""pemain"":""Mirza"",""relasi"":""offend""}]},{""pengirim"":""Kiki"",""teks_chat"":""Vote Mirza saja!"",""label_intent"":""offend"",""target"":[{""pemain"":""Mirza"",""relasi"":""offend""}]},{""pengirim"":""Mirza"",""teks_chat"":""Aku bukan Hitman, tadi salah ketik dan langsung kukoreksi."",""label_intent"":""defend"",""target"":[{""pemain"":""Mirza"",""relasi"":""defend""}]},{""pengirim"":""Ika"",""teks_chat"":""Koreksinya bisa kita baca lagi di chat."",""label_intent"":""neutral"",""target"":[]}]","[""Ika"",""Kiki"",""Lani"",""Mirza"",""Nando"",""Jojo""]","[{""pemain"":""Mirza"",""relasi"":""defend""}]"
Yuda,"Jangan vote Zaki tanpa bukti, aku yakin dia bukan Hitman.",defend,[],"[""Yuda"",""Zaki"",""Arif""]","[{""pemain"":""Zaki"",""relasi"":""defend""}]"
Arya,Aku yakin dia bukan Hitman. Jangan asal vote dia.,defend,[],"[""Arya"",""Bagas"",""Dimas""]","[{""pemain"":""tidak_diketahui"",""relasi"":""defend""}]"
Bella,"Aku bukan Hitman, jangan asal menuduh aku.",defend,[],"[""Bella"",""Cinta"",""Dewi""]","[{""pemain"":""Bella"",""relasi"":""defend""}]"
Deni,"Jangan buru-buru, bisa jadi Rio itu terkena efek Gag Order makanya tidak bisa bicara.",defend,"[{""pengirim"":""Andi"",""teks_chat"":""Rio kok diam saja dari tadi? Pasti dia pelakunya."",""label_intent"":""offend"",""target"":[{""pemain"":""Rio"",""relasi"":""offend""}]},{""pengirim"":""Andi"",""teks_chat"":""Ayo kita kumpulkan suara buat dia."",""label_intent"":""offend"",""target"":[{""pemain"":""Rio"",""relasi"":""offend""}]}]","[""Andi"",""Rio"",""Deni""]","[{""pemain"":""Rio"",""relasi"":""defend""}]"
Gina,Masa sih Fajar berani berbohong sejelas itu kalau memang dia Hitman?,defend,"[{""pengirim"":""Eka"",""teks_chat"":""Fajar awalnya klaim Civilian lalu Spy. Aku curiga dia Hitman!"",""label_intent"":""offend"",""target"":[{""pemain"":""Fajar"",""relasi"":""offend""}]}]","[""Eka"",""Gina"",""Fajar""]","[{""pemain"":""Fajar"",""relasi"":""defend""}]"
Jojo,"Jangan ikut memilih Indra dulu, kita belum punya bukti yang kuat sama sekali.",defend,"[{""pengirim"":""Hadi"",""teks_chat"":""Aku curiga kepada Indra, lebih baik kita keluarkan saja."",""label_intent"":""offend"",""target"":[{""pemain"":""Indra"",""relasi"":""offend""}]},{""pengirim"":""Indra"",""teks_chat"":""Buktinya apa kamu tiba-tiba mengajak vote begitu?"",""label_intent"":""defend"",""target"":[{""pemain"":""Indra"",""relasi"":""defend""}]},{""pengirim"":""Hadi"",""teks_chat"":""Kamu mengubah klaim tanpa alasan, aku curiga kamu Hitman."",""label_intent"":""offend"",""target"":[{""pemain"":""Indra"",""relasi"":""offend""}]},{""pengirim"":""Jojo"",""teks_chat"":""Waktu ronde tinggal sedikit nih."",""label_intent"":""neutral"",""target"":[]},{""pengirim"":""Kiki"",""teks_chat"":""Iya, ayo cepat putuskan pilihan."",""label_intent"":""neutral"",""target"":[]},{""pengirim"":""Jojo"",""teks_chat"":""Jangan sampai waktu diskusinya habis."",""label_intent"":""neutral"",""target"":[]},{""pengirim"":""Kiki"",""teks_chat"":""Tinggal lima belas detik lagi sebelum ditutup."",""label_intent"":""neutral"",""target"":[]}]","[""Hadi"",""Indra"",""Jojo"",""Kiki""]","[{""pemain"":""Indra"",""relasi"":""defend""}]"
Maya,Aku dan Oki bukan Hitman. Tuduhan kalian belum ada buktinya.,defend,"[{""pengirim"":""Lani"",""teks_chat"":""Aku yakin sekali Maya dan Oki itu komplotan pelakunya."",""label_intent"":""offend"",""target"":[{""pemain"":""Maya"",""relasi"":""offend""},{""pemain"":""Oki"",""relasi"":""offend""}]},{""pengirim"":""Nando"",""teks_chat"":""Kalian berdua lebih baik cepat mengaku saja sekarang."",""label_intent"":""offend"",""target"":[{""pemain"":""Maya"",""relasi"":""offend""},{""pemain"":""Oki"",""relasi"":""offend""}]}]","[""Lani"",""Nando"",""Maya"",""Oki""]","[{""pemain"":""Maya"",""relasi"":""defend""},{""pemain"":""Oki"",""relasi"":""defend""}]"
Putri,"Qori bilang 'Hitman yang sengaja menghindari pertanyaan'. Aku tidak setuju, jeda balasan belum membuktikan Raka Hitman.",defend,"[{""pengirim"":""Putri"",""teks_chat"":""Raka kok balas obrolannya lama sekali?"",""label_intent"":""neutral"",""target"":[]},{""pengirim"":""Qori"",""teks_chat"":""Aku curiga dia Hitman yang sengaja menghindari pertanyaan."",""label_intent"":""offend"",""target"":[{""pemain"":""Raka"",""relasi"":""offend""}]},{""pengirim"":""Raka"",""teks_chat"":""Sinyalku sedang jelek sekali."",""label_intent"":""defend"",""target"":[{""pemain"":""Raka"",""relasi"":""defend""}]}]","[""Putri"",""Qori"",""Raka""]","[{""pemain"":""Raka"",""relasi"":""defend""}]"
Vina,Tio bukan Hitman menurutku. Perubahan klaimnya belum cukup jadi bukti.,defend,"[{""pengirim"":""Siska"",""teks_chat"":""Tio tadi mengaku Civilian."",""label_intent"":""neutral"",""target"":[]},{""pengirim"":""Umar"",""teks_chat"":""Sekarang dia mengaku Spy. Aku curiga dia Hitman."",""label_intent"":""offend"",""target"":[{""pemain"":""Tio"",""relasi"":""offend""}]},{""pengirim"":""Tio"",""teks_chat"":""Aku bukan Hitman, tadi belum ingin membuka role."",""label_intent"":""defend"",""target"":[{""pemain"":""Tio"",""relasi"":""defend""}]},{""pengirim"":""Umar"",""teks_chat"":""Itu cuma alasan kamu saja biar posisinya aman."",""label_intent"":""offend"",""target"":[{""pemain"":""Tio"",""relasi"":""offend""}]}]","[""Siska"",""Umar"",""Tio"",""Vina""]","[{""pemain"":""Tio"",""relasi"":""defend""}]"
Zidan,"Percaya saja sama Wan, dia mungkin masih menunggu waktu yang pas untuk berbicara.",defend,"[{""pengirim"":""Wawan"",""teks_chat"":""Aku klaim Spy, aku ingin membagikan pilihan Guard semalam."",""label_intent"":""neutral"",""target"":[]},{""pengirim"":""Yudi"",""teks_chat"":""Wawan pasti berbohong supaya posisinya aman."",""label_intent"":""offend"",""target"":[{""pemain"":""Wawan"",""relasi"":""offend""}]},{""pengirim"":""Wawan"",""teks_chat"":""Aku benar-benar Spy, nanti aku berikan buktinya."",""label_intent"":""defend"",""target"":[{""pemain"":""Wawan"",""relasi"":""defend""}]},{""pengirim"":""Zidan"",""teks_chat"":""Kalau memang Spy, nanti kasih tahu ya siapa yang kamu Guard."",""label_intent"":""neutral"",""target"":[]}]","[""Wawan"",""Yudi"",""Zidan""]","[{""pemain"":""Wawan"",""relasi"":""defend""}]"
Bima,"Aku yakin bukan Coki pelakunya, kita jangan asal menekan tombol vote.",defend,"[{""pengirim"":""Agus"",""teks_chat"":""Ayo kita kumpulkan suara buat Coki, dia mencurigakan."",""label_intent"":""offend"",""target"":[{""pemain"":""Coki"",""relasi"":""offend""}]},{""pengirim"":""Bima"",""teks_chat"":""Buktinya apa kamu tiba-tiba mengajak mengeluarkan Coki?"",""label_intent"":""defend"",""target"":[{""pemain"":""Coki"",""relasi"":""defend""}]},{""pengirim"":""Agus"",""teks_chat"":""Dia dari tadi tidak memberi pendapat, aku curiga dia pelakunya."",""label_intent"":""offend"",""target"":[{""pemain"":""Coki"",""relasi"":""offend""}]},{""pengirim"":""Dani"",""teks_chat"":""Ada banyak pesan yang perlu dibaca dulu."",""label_intent"":""neutral"",""target"":[]},{""pengirim"":""Coki"",""teks_chat"":""Aku bukan Hitman, aku sedang membaca ulang chat."",""label_intent"":""defend"",""target"":[{""pemain"":""Coki"",""relasi"":""defend""}]},{""pengirim"":""Agus"",""teks_chat"":""Tetap saja aneh, lebih baik keluarkan saja."",""label_intent"":""offend"",""target"":[{""pemain"":""Coki"",""relasi"":""offend""}]}]","[""Agus"",""Bima"",""Coki"",""Dani""]","[{""pemain"":""Coki"",""relasi"":""defend""}]"
Hari,Jangan ikut menuduh dia kalau belum ada bukti.,defend,"[{""pengirim"":""Fani"",""teks_chat"":""Sebentar, semalam ada yang dapat info apa-apa?"",""label_intent"":""neutral"",""target"":[]},{""pengirim"":""Gilang"",""teks_chat"":""Aku nggak dapat apa-apa."",""label_intent"":""neutral"",""target"":[]},{""pengirim"":""Hari"",""teks_chat"":""Aku juga, malamku biasa aja."",""label_intent"":""neutral"",""target"":[]},{""pengirim"":""Budi"",""teks_chat"":""Sama, nggak ada yang aneh."",""label_intent"":""neutral"",""target"":[]},{""pengirim"":""Eka"",""teks_chat"":""Terus semalam ada yang disandera nggak, ya?"",""label_intent"":""neutral"",""target"":[]},{""pengirim"":""Fani"",""teks_chat"":""Belum ada yang tahu, belum ada yang ngeluh juga."",""label_intent"":""neutral"",""target"":[]},{""pengirim"":""Gilang"",""teks_chat"":""Tadi ada yang pesannya kepotong-potong, ya?"",""label_intent"":""neutral"",""target"":[]},{""pengirim"":""Hari"",""teks_chat"":""Iya, aku juga lihat."",""label_intent"":""neutral"",""target"":[]},{""pengirim"":""Budi"",""teks_chat"":""Pesanku juga sempat telat masuk tadi."",""label_intent"":""neutral"",""target"":[]},{""pengirim"":""Eka"",""teks_chat"":""Belum tentu karena Gag Order sih."",""label_intent"":""neutral"",""target"":[]},{""pengirim"":""Fani"",""teks_chat"":""Oke, berarti pesan terpotong belum menunjukkan efek itu."",""label_intent"":""neutral"",""target"":[]},{""pengirim"":""Gilang"",""teks_chat"":""Benar, bisa ada masalah pengetikan atau koneksi."",""label_intent"":""neutral"",""target"":[]}]","[""Eka"",""Fani"",""Gilang"",""Hari"",""Budi""]","[{""pemain"":""tidak_diketahui"",""relasi"":""defend""}]"
Jojo,"Kevin itu memang suka berbicara duluan kok dari permainan sebelumnya, jangan langsung menyimpulkan dia pelakunya.",defend,"[{""pengirim"":""Ika"",""teks_chat"":""Jojo mengubah klaim, aku curiga dia Hitman. Tapi sekarang aku juga curiga Kevin karena terlalu cepat membela diri."",""label_intent"":""offend"",""target"":[{""pemain"":""Jojo"",""relasi"":""offend""},{""pemain"":""Kevin"",""relasi"":""offend""}]}]","[""Ika"",""Jojo"",""Kevin""]","[{""pemain"":""Kevin"",""relasi"":""defend""}]"
Budi,"Menurutku dia mungkin jujur soal role, jangan langsung vote dia.",defend,"[{""pengirim"":""Budi"",""teks_chat"":""Coki dan Doni sama-sama mengaku Stalker, keduanya belum membuka hasil."",""label_intent"":""neutral"",""target"":[]},{""pengirim"":""Coki"",""teks_chat"":""Kita belum membahas alasan klaim masing-masing."",""label_intent"":""neutral"",""target"":[]}]","[""Budi"",""Coki"",""Doni""]","[{""pemain"":""tidak_diketahui"",""relasi"":""defend""}]"
Aldo,"Aku bukan Hitman, jangan memilihku tanpa bukti.",defend,[],"[""Aldo"",""Bima"",""Candra""]","[{""pemain"":""Aldo"",""relasi"":""defend""}]"
Gilang,"Jangan buru-buru vote Bagus. Diam bisa punya banyak alasan, belum membuktikan dia Hitman.",defend,"[{""pengirim"":""Asep"",""teks_chat"":""Si Bagus dari tadi diam aja nih, pasti Hitman."",""label_intent"":""offend"",""target"":[{""pemain"":""Bagus"",""relasi"":""offend""}]},{""pengirim"":""Gilang"",""teks_chat"":""Hmm, dari awal memang belum ada suara dari Bagus."",""label_intent"":""neutral"",""target"":[]}]","[""Asep"",""Bagus"",""Gilang""]","[{""pemain"":""Bagus"",""relasi"":""defend""}]"
Fikri,"gw civilian biasa, dan tuduhan ini muncul cuma gara-gara timing yang kebetulan",defend,[],"[""Fikri""]","[{""pemain"":""Fikri"",""relasi"":""defend""}]"
Toni,"Tuduhanmu berpindah tanpa alasan kuat. Dia belum terbukti Hitman, jangan vote dulu.",defend,"[{""pengirim"":""Rina"",""teks_chat"":""Aku curiga Sandi Hitman karena klaimnya belum dijelaskan."",""label_intent"":""offend"",""target"":[{""pemain"":""Sandi"",""relasi"":""offend""}]},{""pengirim"":""Toni"",""teks_chat"":""Bukannya tadi kamu menuduh Eko ya? Kok sekarang pindah?"",""label_intent"":""neutral"",""target"":[]},{""pengirim"":""Rina"",""teks_chat"":""Ya habisnya Sandi sekarang lebih terlihat mencurigakan."",""label_intent"":""offend"",""target"":[{""pemain"":""Sandi"",""relasi"":""offend""}]}]","[""Rina"",""Sandi"",""Toni"",""Eko""]","[{""pemain"":""Sandi"",""relasi"":""defend""}]"
Beno,"Setuju, perubahan ajakan itu belum cukup untuk menuduh dia Hitman.",defend,"[{""pengirim"":""Ayu"",""teks_chat"":""Fajar mengubah ajakan vote di chat, aku curiga dia Hitman."",""label_intent"":""offend"",""target"":[{""pemain"":""Fajar"",""relasi"":""offend""}]},{""pengirim"":""Beno"",""teks_chat"":""Iya, aku membaca perubahan ajakannya."",""label_intent"":""neutral"",""target"":[]},{""pengirim"":""Caca"",""teks_chat"":""Wah, dia pasti cari aman tuh biar tidak ketahuan."",""label_intent"":""offend"",""target"":[{""pemain"":""Fajar"",""relasi"":""offend""}]},{""pengirim"":""Dika"",""teks_chat"":""Kita perlu membahas alasan perubahan itu."",""label_intent"":""neutral"",""target"":[]},{""pengirim"":""Gito"",""teks_chat"":""Dia menjelaskan perubahan ajakan setelah membaca alasan baru. Itu belum membuktikan dia Hitman."",""label_intent"":""defend"",""target"":[{""pemain"":""Fajar"",""relasi"":""defend""}]}]","[""Ayu"",""Beno"",""Caca"",""Dika"",""Fajar"",""Gito""]","[{""pemain"":""Fajar"",""relasi"":""defend""}]"
Niko,"Benar, mereka berdua belum terbukti pelakunya hanya karena pasif.",defend,"[{""pengirim"":""Indah"",""teks_chat"":""Korban semalam siapa ya? Kok tidak ada yang keluar?"",""label_intent"":""neutral"",""target"":[]},{""pengirim"":""Lina"",""teks_chat"":""Nggak ada yang tahu, dari tadi juga belum ada yang bahas."",""label_intent"":""neutral"",""target"":[]},{""pengirim"":""Mira"",""teks_chat"":""Galih dan Hadi tidak ikut memberi pendapat. Aku curiga mereka Hitman."",""label_intent"":""offend"",""target"":[{""pemain"":""Galih"",""relasi"":""offend""},{""pemain"":""Hadi"",""relasi"":""offend""}]},{""pengirim"":""Niko"",""teks_chat"":""Aku juga curiga mereka Hitman karena terus diam."",""label_intent"":""offend"",""target"":[{""pemain"":""Galih"",""relasi"":""offend""},{""pemain"":""Hadi"",""relasi"":""offend""}]},{""pengirim"":""Indah"",""teks_chat"":""Jangan-jangan mereka itu komplotan yang bertugas semalam."",""label_intent"":""offend"",""target"":[{""pemain"":""Galih"",""relasi"":""offend""},{""pemain"":""Hadi"",""relasi"":""offend""}]},{""pengirim"":""Lina"",""teks_chat"":""Jangan vote mereka hanya karena diam. Mereka belum terbukti Hitman."",""label_intent"":""defend"",""target"":[{""pemain"":""Galih"",""relasi"":""defend""},{""pemain"":""Hadi"",""relasi"":""defend""}]}]","[""Indah"",""Galih"",""Hadi"",""Lina"",""Mira"",""Niko""]","[{""pemain"":""Galih"",""relasi"":""defend""},{""pemain"":""Hadi"",""relasi"":""defend""}]"
Aldi,Aku tarik tuduhanku ke Intan. Diam saja belum membuktikan dia Hitman.,defend,"[{""pengirim"":""Aldi"",""teks_chat"":""Intan diam terus, aku curiga dia Hitman."",""label_intent"":""offend"",""target"":[{""pemain"":""Intan"",""relasi"":""offend""}]},{""pengirim"":""Bella"",""teks_chat"":""Iya, pasif banget, biasanya kalau seperti itu dia adalah Hitman yang lagi menyamar."",""label_intent"":""offend"",""target"":[{""pemain"":""Intan"",""relasi"":""offend""}]},{""pengirim"":""Chiko"",""teks_chat"":""Kita pilih Intan saja yuk biar keadaan kita aman."",""label_intent"":""offend"",""target"":[{""pemain"":""Intan"",""relasi"":""offend""}]},{""pengirim"":""Bella"",""teks_chat"":""Boleh juga, dia tidak memberi informasi apa-apa dari awal."",""label_intent"":""offend"",""target"":[{""pemain"":""Intan"",""relasi"":""offend""}]},{""pengirim"":""Aldi"",""teks_chat"":""Tuh kan, semuanya setuju kalau dia sangat mencurigakan."",""label_intent"":""offend"",""target"":[{""pemain"":""Intan"",""relasi"":""offend""}]},{""pengirim"":""Chiko"",""teks_chat"":""Tunggu, dia bilang sedang membaca ulang chat. Itu belum membuktikan dia Hitman."",""label_intent"":""defend"",""target"":[{""pemain"":""Intan"",""relasi"":""defend""}]},{""pengirim"":""Bella"",""teks_chat"":""Ada pesan penjelasannya, ya?"",""label_intent"":""neutral"",""target"":[]},{""pengirim"":""Chiko"",""teks_chat"":""Iya, aku tidak mendukung vote dia hanya karena diam."",""label_intent"":""defend"",""target"":[{""pemain"":""Intan"",""relasi"":""defend""}]}]","[""Aldi"",""Intan"",""Bella"",""Chiko""]","[{""pemain"":""Intan"",""relasi"":""defend""}]"
Maya,Aku menolak vote Joko hanya karena terlambat membalas. Gangguan sinyal juga mungkin terjadi.,defend,"[{""pengirim"":""Kiki"",""teks_chat"":""Kok pesanku telat ya masuknya?"",""label_intent"":""neutral"",""target"":[]},{""pengirim"":""Lutfi"",""teks_chat"":""Sama, jaringanku juga lagi agak kurang bagus nih."",""label_intent"":""neutral"",""target"":[]},{""pengirim"":""Maya"",""teks_chat"":""Tadi pas lagi rame ada yang tiba-tiba diam nggak?"",""label_intent"":""neutral"",""target"":[]},{""pengirim"":""Nina"",""teks_chat"":""Joko diam cukup lama, aku curiga dia Hitman."",""label_intent"":""offend"",""target"":[{""pemain"":""Joko"",""relasi"":""offend""}]},{""pengirim"":""Kiki"",""teks_chat"":""Wah iya, balasannya lambat sekali pas lagi genting."",""label_intent"":""offend"",""target"":[{""pemain"":""Joko"",""relasi"":""offend""}]},{""pengirim"":""Lutfi"",""teks_chat"":""Aku curiga dia Hitman yang menghindari pertanyaan."",""label_intent"":""offend"",""target"":[{""pemain"":""Joko"",""relasi"":""offend""}]},{""pengirim"":""Maya"",""teks_chat"":""Masuk akal sih, pantes aja chatnya telat terus."",""label_intent"":""offend"",""target"":[{""pemain"":""Joko"",""relasi"":""offend""}]},{""pengirim"":""Nina"",""teks_chat"":""Ayo kumpulkan suara buat Joko saja sekarang."",""label_intent"":""offend"",""target"":[{""pemain"":""Joko"",""relasi"":""offend""}]},{""pengirim"":""Joko"",""teks_chat"":""Hei, aku memang mengalami gangguan sinyal dari awal."",""label_intent"":""defend"",""target"":[{""pemain"":""Joko"",""relasi"":""defend""}]},{""pengirim"":""Lutfi"",""teks_chat"":""Itu cuma alasan kamu untuk menutupi kesalahan."",""label_intent"":""offend"",""target"":[{""pemain"":""Joko"",""relasi"":""offend""}]},{""pengirim"":""Kiki"",""teks_chat"":""Iya, jangan gampang percaya dengan alasannya."",""label_intent"":""offend"",""target"":[{""pemain"":""Joko"",""relasi"":""offend""}]}]","[""Joko"",""Kiki"",""Lutfi"",""Maya"",""Nina""]","[{""pemain"":""Joko"",""relasi"":""defend""}]"
Cinta,Dia sudah menjelaskan gangguan sinyal. Telat membalas belum membuktikan dia Hitman.,defend,"[{""pengirim"":""Bagas"",""teks_chat"":""Parah nih jaringan hari ini, lambat sekali."",""label_intent"":""neutral"",""target"":[]},{""pengirim"":""Cinta"",""teks_chat"":""Iya pesanku juga telat masuknya ke obrolan."",""label_intent"":""neutral"",""target"":[]},{""pengirim"":""Didi"",""teks_chat"":""Ada yang sampai lama diam gara-gara sinyal nggak?"",""label_intent"":""neutral"",""target"":[]},{""pengirim"":""Eno"",""teks_chat"":""Tidak tahu deh, tapi mengetik balasan jadi susah sekali."",""label_intent"":""neutral"",""target"":[]},{""pengirim"":""Fikri"",""teks_chat"":""Ada yang belum membalas pertanyaan diskusi tadi."",""label_intent"":""neutral"",""target"":[]},{""pengirim"":""Bagas"",""teks_chat"":""Laila lama membalas, aku curiga dia Hitman yang menghindar."",""label_intent"":""offend"",""target"":[{""pemain"":""Laila"",""relasi"":""offend""}]},{""pengirim"":""Cinta"",""teks_chat"":""Benar, dia kelihatan sedang mengerjakan hal lain."",""label_intent"":""offend"",""target"":[{""pemain"":""Laila"",""relasi"":""offend""}]},{""pengirim"":""Didi"",""teks_chat"":""Aku juga menduga dia Hitman yang enggan menjawab."",""label_intent"":""offend"",""target"":[{""pemain"":""Laila"",""relasi"":""offend""}]},{""pengirim"":""Eno"",""teks_chat"":""Bahaya sih kalau dibiarkan begitu saja."",""label_intent"":""offend"",""target"":[{""pemain"":""Laila"",""relasi"":""offend""}]},{""pengirim"":""Fikri"",""teks_chat"":""Ayo kumpulkan suara buat dia aja sekarang."",""label_intent"":""offend"",""target"":[{""pemain"":""Laila"",""relasi"":""offend""}]},{""pengirim"":""Laila"",""teks_chat"":""Aku bukan Hitman, koneksiku sedang bermasalah."",""label_intent"":""defend"",""target"":[{""pemain"":""Laila"",""relasi"":""defend""}]},{""pengirim"":""Bagas"",""teks_chat"":""Tapi buktinya kamu telat sekali balasnya."",""label_intent"":""offend"",""target"":[{""pemain"":""Laila"",""relasi"":""offend""}]}]","[""Bagas"",""Cinta"",""Didi"",""Eno"",""Fikri"",""Laila""]","[{""pemain"":""Laila"",""relasi"":""defend""}]"
Bagas,"Tunggu, aku tarik tuduhan. Dia belum terbukti pelakunya hanya karena belum membuka role.",defend,"[{""pengirim"":""Dimas"",""teks_chat"":""Aku belum ingin membuka role."",""label_intent"":""neutral"",""target"":[]},{""pengirim"":""Sari"",""teks_chat"":""Aku juga curiga dia Hitman yang mencari aman."",""label_intent"":""offend"",""target"":[{""pemain"":""Dimas"",""relasi"":""offend""}]},{""pengirim"":""Toni"",""teks_chat"":""Apa ada alasan lain?"",""label_intent"":""neutral"",""target"":[]},{""pengirim"":""Lita"",""teks_chat"":""Aku mendukung tuduhan tadi, sikapnya mencurigakan."",""label_intent"":""offend"",""target"":[{""pemain"":""Dimas"",""relasi"":""offend""}]},{""pengirim"":""Dimas"",""teks_chat"":""Aku bukan Hitman, belum membuka role bukan bukti."",""label_intent"":""defend"",""target"":[{""pemain"":""Dimas"",""relasi"":""defend""}]},{""pengirim"":""Bagas"",""teks_chat"":""Aku tetap curiga kamu pelakunya."",""label_intent"":""offend"",""target"":[{""pemain"":""Dimas"",""relasi"":""offend""}]},{""pengirim"":""Rian"",""teks_chat"":""Vote dia saja."",""label_intent"":""offend"",""target"":[{""pemain"":""Dimas"",""relasi"":""offend""}]},{""pengirim"":""Dimas"",""teks_chat"":""Aku menolak tuduhan itu, alasannya belum cukup."",""label_intent"":""defend"",""target"":[{""pemain"":""Dimas"",""relasi"":""defend""}]},{""pengirim"":""Sari"",""teks_chat"":""Aku masih menduga dia Hitman."",""label_intent"":""offend"",""target"":[{""pemain"":""Dimas"",""relasi"":""offend""}]},{""pengirim"":""Toni"",""teks_chat"":""Dia belum terbukti Hitman hanya karena menyimpan klaim."",""label_intent"":""defend"",""target"":[{""pemain"":""Dimas"",""relasi"":""defend""}]},{""pengirim"":""Lita"",""teks_chat"":""Aku tetap ingin vote dia."",""label_intent"":""offend"",""target"":[{""pemain"":""Dimas"",""relasi"":""offend""}]},{""pengirim"":""Rian"",""teks_chat"":""Aku mendukung ajakan vote itu."",""label_intent"":""offend"",""target"":[{""pemain"":""Dimas"",""relasi"":""offend""}]}]","[""Dimas"",""Bagas"",""Sari"",""Toni"",""Lita"",""Rian""]","[{""pemain"":""Dimas"",""relasi"":""defend""}]"
Fajar,"Betul juga, lagian respon dia emang sering kepotong dari ronde awal.",defend,"[{""pengirim"":""Fajar"",""teks_chat"":""Reza diam terus, aku curiga dia Hitman."",""label_intent"":""offend"",""target"":[{""pemain"":""Reza"",""relasi"":""offend""}]},{""pengirim"":""Maya"",""teks_chat"":""Iya nih, telat banget balesnya."",""label_intent"":""offend"",""target"":[{""pemain"":""Reza"",""relasi"":""offend""}]},{""pengirim"":""Reza"",""teks_chat"":""Sori sori, inetku ngelag parah."",""label_intent"":""defend"",""target"":[{""pemain"":""Reza"",""relasi"":""defend""}]},{""pengirim"":""Aldo"",""teks_chat"":""Alasan klasik, jangan-jangan lu lagi siapin rencana ya."",""label_intent"":""offend"",""target"":[{""pemain"":""Reza"",""relasi"":""offend""}]},{""pengirim"":""Bima"",""teks_chat"":""Waktu diskusi tinggal 10 detik lagi guys!"",""label_intent"":""neutral"",""target"":[]},{""pengirim"":""Citra"",""teks_chat"":""Wah gila cepet banget waktunya."",""label_intent"":""neutral"",""target"":[]},{""pengirim"":""Aldo"",""teks_chat"":""Eh iya, jangan lupa siapin vote kalian."",""label_intent"":""neutral"",""target"":[]},{""pengirim"":""Maya"",""teks_chat"":""Tapi balik ke yang tadi, dia kan bisa aja beneran lag jaringannya."",""label_intent"":""defend"",""target"":[{""pemain"":""Reza"",""relasi"":""defend""}]}]","[""Fajar"",""Maya"",""Reza"",""Aldo"",""Bima"",""Citra""]","[{""pemain"":""Reza"",""relasi"":""defend""}]"
Dina,"Menurutku dia belum terbukti Hitman, mungkin cuma kesulitan menjelaskan dugaannya.",defend,"[{""pengirim"":""Dina"",""teks_chat"":""Si Tio ini kena gag order atau emang sengaja diam?"",""label_intent"":""neutral"",""target"":[]},{""pengirim"":""Eko"",""teks_chat"":""Paling sengaja, hitman kan suka pura-pura."",""label_intent"":""offend"",""target"":[{""pemain"":""Tio"",""relasi"":""offend""}]},{""pengirim"":""Tio"",""teks_chat"":""..."",""label_intent"":""neutral"",""target"":[]},{""pengirim"":""Dina"",""teks_chat"":""Tuh kan, aneh banget."",""label_intent"":""offend"",""target"":[{""pemain"":""Tio"",""relasi"":""offend""}]},{""pengirim"":""Fani"",""teks_chat"":""Sekarang aku curiga Gilang Hitman karena penjelasannya tidak menjawab pertanyaan."",""label_intent"":""offend"",""target"":[{""pemain"":""Gilang"",""relasi"":""offend""}]},{""pengirim"":""Heri"",""teks_chat"":""Iya, Gilang chatnya banyak tapi isinya muter-muter."",""label_intent"":""offend"",""target"":[{""pemain"":""Gilang"",""relasi"":""offend""}]},{""pengirim"":""Gilang"",""teks_chat"":""Lah, aku kan cuma mau bantu ngasih info."",""label_intent"":""defend"",""target"":[{""pemain"":""Gilang"",""relasi"":""defend""}]},{""pengirim"":""Eko"",""teks_chat"":""Info apaan, kamu dari tadi cuma nebak doang."",""label_intent"":""offend"",""target"":[{""pemain"":""Gilang"",""relasi"":""offend""}]},{""pengirim"":""Heri"",""teks_chat"":""Bener, aku makin curiga dia ini pelakunya."",""label_intent"":""offend"",""target"":[{""pemain"":""Gilang"",""relasi"":""offend""}]}]","[""Dina"",""Eko"",""Tio"",""Fani"",""Heri"",""Gilang""]","[{""pemain"":""Gilang"",""relasi"":""defend""}]"
Yudi,Menurutku dia belum terbukti Hitman hanya karena mengubah ajakan vote.,defend,"[{""pengirim"":""Joko"",""teks_chat"":""Ajakan vote Rina dan Doni berubah tanpa alasan, aku curiga mereka Hitman."",""label_intent"":""offend"",""target"":[{""pemain"":""Rina"",""relasi"":""offend""},{""pemain"":""Doni"",""relasi"":""offend""}]},{""pengirim"":""Kiki"",""teks_chat"":""Aku juga curiga mereka Hitman karena tiba-tiba mengajak vote Yudi."",""label_intent"":""offend"",""target"":[{""pemain"":""Rina"",""relasi"":""offend""},{""pemain"":""Doni"",""relasi"":""offend""}]},{""pengirim"":""Lala"",""teks_chat"":""Yudi kan kasihan, dia dari tadi diem aja soalnya bingung."",""label_intent"":""defend"",""target"":[{""pemain"":""Yudi"",""relasi"":""defend""}]},{""pengirim"":""Rina"",""teks_chat"":""Aku curiga Yudi Hitman karena diam terus."",""label_intent"":""offend"",""target"":[{""pemain"":""Yudi"",""relasi"":""offend""}]},{""pengirim"":""Doni"",""teks_chat"":""Setuju, aku juga curiga dia Hitman karena tidak memberi pendapat."",""label_intent"":""offend"",""target"":[{""pemain"":""Yudi"",""relasi"":""offend""}]},{""pengirim"":""Yudi"",""teks_chat"":""Aku bukan Hitman, aku sedang membaca diskusi."",""label_intent"":""defend"",""target"":[{""pemain"":""Yudi"",""relasi"":""defend""}]},{""pengirim"":""Kiki"",""teks_chat"":""Aku tetap curiga Rina dan Doni Hitman yang mengajak vote tanpa alasan kuat."",""label_intent"":""offend"",""target"":[{""pemain"":""Rina"",""relasi"":""offend""},{""pemain"":""Doni"",""relasi"":""offend""}]},{""pengirim"":""Lala"",""teks_chat"":""Aku curiga Rina Hitman karena mengganti ajakan vote tanpa alasan."",""label_intent"":""offend"",""target"":[{""pemain"":""Rina"",""relasi"":""offend""}]},{""pengirim"":""Joko"",""teks_chat"":""Doni juga sama aja, kelihatan ngikut-ngikut doang."",""label_intent"":""offend"",""target"":[{""pemain"":""Doni"",""relasi"":""offend""}]},{""pengirim"":""Kiki"",""teks_chat"":""Kayaknya antara Rina atau Doni ada yang pelakunya deh."",""label_intent"":""offend"",""target"":[{""pemain"":""Rina"",""relasi"":""offend""},{""pemain"":""Doni"",""relasi"":""offend""}]}]","[""Joko"",""Kiki"",""Lala"",""Rina"",""Doni"",""Yudi""]","[{""pemain"":""tidak_diketahui"",""relasi"":""defend""}]"
Rio,"Fix sih, kita vote aja dia sekarang biar aman.",offend,"[{""pengirim"":""Rio"",""teks_chat"":""Aku curiga dia Hitman yang sengaja menghindari pertanyaan."",""label_intent"":""offend"",""target"":[{""pemain"":""Bayu"",""relasi"":""offend""}]},{""pengirim"":""Sita"",""teks_chat"":""Iya, padahal dia biasanya cerewet banget."",""label_intent"":""offend"",""target"":[{""pemain"":""Bayu"",""relasi"":""offend""}]},{""pengirim"":""Agus"",""teks_chat"":""Mungkin dia emang nunggu momen buat beraksi."",""label_intent"":""offend"",""target"":[{""pemain"":""Bayu"",""relasi"":""offend""}]},{""pengirim"":""Nisa"",""teks_chat"":""Nah itu, bisa jadi alasan aja pura-pura diam."",""label_intent"":""offend"",""target"":[{""pemain"":""Bayu"",""relasi"":""offend""}]},{""pengirim"":""Rio"",""teks_chat"":""Atau dia sengaja biar kita gak nanya-nanya."",""label_intent"":""offend"",""target"":[{""pemain"":""Bayu"",""relasi"":""offend""}]},{""pengirim"":""Sita"",""teks_chat"":""Iya sih, diamnya pas banget waktu mau ditanya."",""label_intent"":""offend"",""target"":[{""pemain"":""Bayu"",""relasi"":""offend""}]},{""pengirim"":""Agus"",""teks_chat"":""Aku tetap curiga dia Hitman karena pasif saat diskusi."",""label_intent"":""offend"",""target"":[{""pemain"":""Bayu"",""relasi"":""offend""}]},{""pengirim"":""Nisa"",""teks_chat"":""Setuju, jangan gampang percaya gitu aja."",""label_intent"":""offend"",""target"":[{""pemain"":""Bayu"",""relasi"":""offend""}]},{""pengirim"":""Rio"",""teks_chat"":""Aku mendukung tuduhan itu, dia mencurigakan."",""label_intent"":""offend"",""target"":[{""pemain"":""Bayu"",""relasi"":""offend""}]},{""pengirim"":""Sita"",""teks_chat"":""Iya, dia pasti punya rencana rahasia."",""label_intent"":""offend"",""target"":[{""pemain"":""Bayu"",""relasi"":""offend""}]},{""pengirim"":""Agus"",""teks_chat"":""Kalau masih bungkam juga, mending langsung kita singkirkan."",""label_intent"":""offend"",""target"":[{""pemain"":""Bayu"",""relasi"":""offend""}]},{""pengirim"":""Nisa"",""teks_chat"":""Bener, bahaya kalau dibiarin terus."",""label_intent"":""offend"",""target"":[{""pemain"":""Bayu"",""relasi"":""offend""}]}]","[""Nisa"",""Rio"",""Sita"",""Agus"",""Bayu""]","[{""pemain"":""Bayu"",""relasi"":""offend""}]"
Hana,"Iya, apalagi pas Bimo bilang 'Caca itu pasti hitman', menurutku tuduhan ke Caca itu gak masuk akal sama sekali.",defend,"[{""pengirim"":""Hana"",""teks_chat"":""Kok Bimo kemaren nuduh si Caca, sekarang malah nuduh aku?"",""label_intent"":""neutral"",""target"":[]},{""pengirim"":""Irfan"",""teks_chat"":""Lah, emang si Bimo bilang gitu?"",""label_intent"":""neutral"",""target"":[]},{""pengirim"":""Caca"",""teks_chat"":""Aku curiga Bimo Hitman karena menuduh berganti-ganti tanpa alasan."",""label_intent"":""offend"",""target"":[{""pemain"":""Bimo"",""relasi"":""offend""}]}]","[""Hana"",""Irfan"",""Caca"",""Bimo""]","[{""pemain"":""Caca"",""relasi"":""defend""}]"
Farel,"Lupa kali dia, wajar aja kok kalau panik pas ditanya tiba-tiba gitu.",defend,"[{""pengirim"":""Deka"",""teks_chat"":""Ervan tadi klaim Civilian, sekarang klaim Spy. Aku curiga dia Hitman."",""label_intent"":""offend"",""target"":[{""pemain"":""Ervan"",""relasi"":""offend""}]}]","[""Deka"",""Farel"",""Ervan""]","[{""pemain"":""Ervan"",""relasi"":""defend""}]"
Kinan,"Jangan, mereka berdua emang beneran jelek koneksinya dari tadi kulihat.",defend,"[{""pengirim"":""Galih"",""teks_chat"":""Hani dan Jefri lambat membalas, aku curiga mereka Hitman."",""label_intent"":""offend"",""target"":[{""pemain"":""Hani"",""relasi"":""offend""},{""pemain"":""Jefri"",""relasi"":""offend""}]},{""pengirim"":""Ira"",""teks_chat"":""Iya, kayak lagi asyik koordinasi di luar game aja."",""label_intent"":""offend"",""target"":[{""pemain"":""Hani"",""relasi"":""offend""},{""pemain"":""Jefri"",""relasi"":""offend""}]},{""pengirim"":""Hani"",""teks_chat"":""Aku bukan Hitman, koneksiku bermasalah."",""label_intent"":""defend"",""target"":[{""pemain"":""Hani"",""relasi"":""defend""}]},{""pengirim"":""Galih"",""teks_chat"":""Alasan doang itu, palingan sibuk ngatur strategi."",""label_intent"":""offend"",""target"":[{""pemain"":""Hani"",""relasi"":""offend""},{""pemain"":""Jefri"",""relasi"":""offend""}]},{""pengirim"":""Jefri"",""teks_chat"":""Aku juga bukan Hitman, susah mengetik karena koneksi."",""label_intent"":""defend"",""target"":[{""pemain"":""Jefri"",""relasi"":""defend""}]},{""pengirim"":""Ira"",""teks_chat"":""Tetep aja kelakuannya sangat mencurigakan."",""label_intent"":""offend"",""target"":[{""pemain"":""Hani"",""relasi"":""offend""},{""pemain"":""Jefri"",""relasi"":""offend""}]},{""pengirim"":""Galih"",""teks_chat"":""Vote aja dua-duanya biar aman dan gak pusing."",""label_intent"":""offend"",""target"":[{""pemain"":""Hani"",""relasi"":""offend""},{""pemain"":""Jefri"",""relasi"":""offend""}]}]","[""Galih"",""Ira"",""Hani"",""Jefri"",""Kinan""]","[{""pemain"":""Hani"",""relasi"":""defend""},{""pemain"":""Jefri"",""relasi"":""defend""}]"
Nina,"Eh setelah dipikir-pikir masuk akal juga sih penjelasannya tadi, aku narik tuduhanku deh ke dia.",defend,"[{""pengirim"":""Lia"",""teks_chat"":""Mira mengubah klaim tanpa penjelasan, aku curiga dia Hitman."",""label_intent"":""offend"",""target"":[{""pemain"":""Mira"",""relasi"":""offend""}]},{""pengirim"":""Nina"",""teks_chat"":""Wah iya, makin curiga dia pelakunya nih."",""label_intent"":""offend"",""target"":[{""pemain"":""Mira"",""relasi"":""offend""}]},{""pengirim"":""Mira"",""teks_chat"":""Ya ampun, aku kan cuma nambahin info yang baru aja ku inget."",""label_intent"":""defend"",""target"":[{""pemain"":""Mira"",""relasi"":""defend""}]},{""pengirim"":""Lia"",""teks_chat"":""Ah, palingan alasan aja lu buat nutupin."",""label_intent"":""offend"",""target"":[{""pemain"":""Mira"",""relasi"":""offend""}]},{""pengirim"":""Oki"",""teks_chat"":""Tapi bisa jadi dia emang baru inget kan?"",""label_intent"":""defend"",""target"":[{""pemain"":""Mira"",""relasi"":""defend""}]},{""pengirim"":""Nina"",""teks_chat"":""Ga mungkin lah, pasti bohong dia dari awal."",""label_intent"":""offend"",""target"":[{""pemain"":""Mira"",""relasi"":""offend""}]},{""pengirim"":""Mira"",""teks_chat"":""Sumpah, kalian nekan aku terus dari tadi ga kasih ampun."",""label_intent"":""defend"",""target"":[{""pemain"":""Mira"",""relasi"":""defend""}]},{""pengirim"":""Lia"",""teks_chat"":""Penjelasanmu belum meyakinkanku, aku masih curiga kamu Hitman."",""label_intent"":""offend"",""target"":[{""pemain"":""Mira"",""relasi"":""offend""}]},{""pengirim"":""Oki"",""teks_chat"":""Sabar dulu, jangan asal nuduh kalau belum pasti 100%."",""label_intent"":""defend"",""target"":[{""pemain"":""Mira"",""relasi"":""defend""}]}]","[""Lia"",""Nina"",""Mira"",""Oki""]","[{""pemain"":""Mira"",""relasi"":""defend""}]"
Rudi,"Toni juga membaca ajakannya. Ayo vote Wawan, aku yakin dia Hitman!",offend,"[{""pengirim"":""Rudi"",""teks_chat"":""Siska dieksekusi pada Tribunal sebelumnya, ya?"",""label_intent"":""neutral"",""target"":[]},{""pengirim"":""Toni"",""teks_chat"":""Iya, pilihan suara terbanyak mengarah kepadanya."",""label_intent"":""neutral"",""target"":[]},{""pengirim"":""Umar"",""teks_chat"":""Kita perlu lebih hati-hati menilai alasan vote berikutnya."",""label_intent"":""neutral"",""target"":[]},{""pengirim"":""Vina"",""teks_chat"":""Wawan paling sering mengajak vote tanpa alasan. Aku curiga dia Hitman."",""label_intent"":""offend"",""target"":[{""pemain"":""Wawan"",""relasi"":""offend""}]},{""pengirim"":""Wawan"",""teks_chat"":""Aku bukan Hitman, aku mengikuti pendapat diskusi."",""label_intent"":""defend"",""target"":[{""pemain"":""Wawan"",""relasi"":""defend""}]},{""pengirim"":""Rudi"",""teks_chat"":""Aku tetap curiga Wawan Hitman karena dia yang memulai ajakan."",""label_intent"":""offend"",""target"":[{""pemain"":""Wawan"",""relasi"":""offend""}]},{""pengirim"":""Toni"",""teks_chat"":""Aku membaca ajakan Wawan di chat, aku juga curiga dia pelakunya."",""label_intent"":""offend"",""target"":[{""pemain"":""Wawan"",""relasi"":""offend""}]},{""pengirim"":""Wawan"",""teks_chat"":""Aku bukan Hitman, ajakanku punya alasan."",""label_intent"":""defend"",""target"":[{""pemain"":""Wawan"",""relasi"":""defend""}]},{""pengirim"":""Umar"",""teks_chat"":""Aku masih curiga Wawan Hitman."",""label_intent"":""offend"",""target"":[{""pemain"":""Wawan"",""relasi"":""offend""}]},{""pengirim"":""Vina"",""teks_chat"":""Aku mendukung vote Wawan karena alasannya belum jelas."",""label_intent"":""offend"",""target"":[{""pemain"":""Wawan"",""relasi"":""offend""}]}]","[""Rudi"",""Toni"",""Umar"",""Vina"",""Wawan"",""Siska""]","[{""pemain"":""Wawan"",""relasi"":""offend""}]"
Fina,"Jangan deh, kasian mungkin aja dia emang civilian biasa yang lagi bingung mau ngapain.",defend,"[{""pengirim"":""Budi"",""teks_chat"":""Kok dari tadi ada yang diam aja ya?"",""label_intent"":""neutral"",""target"":[]},{""pengirim"":""Caca"",""teks_chat"":""Aku curiga pemain yang diam itu Hitman."",""label_intent"":""offend"",""target"":[{""pemain"":""tidak_diketahui"",""relasi"":""offend""}]},{""pengirim"":""Doni"",""teks_chat"":""Biasanya sih hitman emang nyari aman dan gak mau menonjol."",""label_intent"":""offend"",""target"":[{""pemain"":""tidak_diketahui"",""relasi"":""offend""}]},{""pengirim"":""Fina"",""teks_chat"":""Jangan tuduh dia hanya karena diam, mungkin sedang membaca chat."",""label_intent"":""defend"",""target"":[{""pemain"":""tidak_diketahui"",""relasi"":""defend""}]},{""pengirim"":""Gina"",""teks_chat"":""Aku tetap curiga pemain itu Hitman karena tidak memberi pendapat."",""label_intent"":""offend"",""target"":[{""pemain"":""tidak_diketahui"",""relasi"":""offend""}]},{""pengirim"":""Budi"",""teks_chat"":""Edi yang kumaksud. Aku curiga Edi Hitman karena pasif."",""label_intent"":""offend"",""target"":[{""pemain"":""Edi"",""relasi"":""offend""}]},{""pengirim"":""Doni"",""teks_chat"":""Oh iya bener juga, pantesan kerasa sepi banget."",""label_intent"":""offend"",""target"":[{""pemain"":""Edi"",""relasi"":""offend""}]},{""pengirim"":""Caca"",""teks_chat"":""Mending kita vote aja dia sekalian biar kelar urusannya."",""label_intent"":""offend"",""target"":[{""pemain"":""Edi"",""relasi"":""offend""}]},{""pengirim"":""Fina"",""teks_chat"":""Jangan langsung vote dia, mungkin sedang membaca ulang percakapan."",""label_intent"":""defend"",""target"":[{""pemain"":""Edi"",""relasi"":""defend""}]},{""pengirim"":""Gina"",""teks_chat"":""Aku tetap curiga dia Hitman karena belum menjawab."",""label_intent"":""offend"",""target"":[{""pemain"":""Edi"",""relasi"":""offend""}]},{""pengirim"":""Budi"",""teks_chat"":""Fix sih, kelakuan yang terlalu pasif kayak gitu tuh sus banget."",""label_intent"":""offend"",""target"":[{""pemain"":""Edi"",""relasi"":""offend""}]},{""pengirim"":""Doni"",""teks_chat"":""Iya, mending singkirkan sebelum dia berulah malam nanti."",""label_intent"":""offend"",""target"":[{""pemain"":""Edi"",""relasi"":""offend""}]}]","[""Budi"",""Caca"",""Doni"",""Edi"",""Fina"",""Gina""]","[{""pemain"":""Edi"",""relasi"":""defend""}]"
Eko,"Jangan buru-buru, menurutku dia cuma asal nebak karena emang kita belum punya petunjuk pasti.",defend,"[{""pengirim"":""Dono"",""teks_chat"":""Iya tuh, kelihatan banget pengen cari kambing hitam."",""label_intent"":""offend"",""target"":[{""pemain"":""Fina"",""relasi"":""offend""}]},{""pengirim"":""Eko"",""teks_chat"":""Nuduh sana sini emang ciri khas hitman."",""label_intent"":""offend"",""target"":[{""pemain"":""Fina"",""relasi"":""offend""}]},{""pengirim"":""Budi"",""teks_chat"":""Dia itu yg paling aneh dari ronde pertama menurutku."",""label_intent"":""offend"",""target"":[{""pemain"":""Fina"",""relasi"":""offend""}]},{""pengirim"":""Cici"",""teks_chat"":""Setuju, tuduhannya selalu berubah-ubah tanpa bukti yang jelas."",""label_intent"":""offend"",""target"":[{""pemain"":""Fina"",""relasi"":""offend""}]},{""pengirim"":""Eko"",""teks_chat"":""Mungkin dia lagi panik makanya asal sebut nama orang."",""label_intent"":""offend"",""target"":[{""pemain"":""Fina"",""relasi"":""offend""}]},{""pengirim"":""Dono"",""teks_chat"":""Atau dia emang sengaja pengen bikin ricuh diskusi kita."",""label_intent"":""offend"",""target"":[{""pemain"":""Fina"",""relasi"":""offend""}]},{""pengirim"":""Agus"",""teks_chat"":""Udahlah, kita vote aja dia biar gak bikin pusing."",""label_intent"":""offend"",""target"":[{""pemain"":""Fina"",""relasi"":""offend""}]},{""pengirim"":""Eko"",""teks_chat"":""Tapi tunggu dulu, kalau dia hitman masa dia senekat itu ganti target terang-terangan?"",""label_intent"":""defend"",""target"":[{""pemain"":""Fina"",""relasi"":""defend""}]},{""pengirim"":""Budi"",""teks_chat"":""Bisa aja pura-pura bego biar kita gak terlalu curiga sama dia."",""label_intent"":""offend"",""target"":[{""pemain"":""Fina"",""relasi"":""offend""}]},{""pengirim"":""Cici"",""teks_chat"":""Nah iya, taktiknya pasti gitu tuh buat ngelabuhi."",""label_intent"":""offend"",""target"":[{""pemain"":""Fina"",""relasi"":""offend""}]},{""pengirim"":""Dono"",""teks_chat"":""Mending kita amankan aja sebelum kita yang diincar malam nanti."",""label_intent"":""offend"",""target"":[{""pemain"":""Fina"",""relasi"":""offend""}]},{""pengirim"":""Agus"",""teks_chat"":""Ayo cepet kumpulin vote buat dia sekarang juga."",""label_intent"":""offend"",""target"":[{""pemain"":""Fina"",""relasi"":""offend""}]}]","[""Agus"",""Dono"",""Eko"",""Budi"",""Cici"",""Fina""]","[{""pemain"":""Fina"",""relasi"":""defend""}]"
Niko,"Aku bukan Hitman. Aku membetulkan nama target, bukan mengarang role.",defend,"[{""pengirim"":""Lani"",""teks_chat"":""Ada yang ingin membagikan hasil Peek semalam?"",""label_intent"":""neutral"",""target"":[]},{""pengirim"":""Maya"",""teks_chat"":""Niko sebelumnya mengaku Stalker, kita bisa bertanya kepadanya."",""label_intent"":""neutral"",""target"":[]},{""pengirim"":""Niko"",""teks_chat"":""Aku klaim Stalker, semalam aku Peek Maya."",""label_intent"":""neutral"",""target"":[]},{""pengirim"":""Ojan"",""teks_chat"":""Tadi kamu bilang Peek Lani. Aku curiga Niko Hitman."",""label_intent"":""offend"",""target"":[{""pemain"":""Niko"",""relasi"":""offend""}]},{""pengirim"":""Lani"",""teks_chat"":""Aku juga curiga dia mengarang hasil sebagai Hitman."",""label_intent"":""offend"",""target"":[{""pemain"":""Niko"",""relasi"":""offend""}]},{""pengirim"":""Niko"",""teks_chat"":""Aku bukan Hitman, td salah menyebut target."",""label_intent"":""defend"",""target"":[{""pemain"":""Niko"",""relasi"":""defend""}]},{""pengirim"":""Maya"",""teks_chat"":""Aku tetap curiga kamu Hitman."",""label_intent"":""offend"",""target"":[{""pemain"":""Niko"",""relasi"":""offend""}]},{""pengirim"":""Ojan"",""teks_chat"":""Aku mendukung tuduhan itu."",""label_intent"":""offend"",""target"":[{""pemain"":""Niko"",""relasi"":""offend""}]},{""pengirim"":""Lani"",""teks_chat"":""Vote dia saja."",""label_intent"":""offend"",""target"":[{""pemain"":""Niko"",""relasi"":""offend""}]},{""pengirim"":""Maya"",""teks_chat"":""Aku setuju vote dia."",""label_intent"":""offend"",""target"":[{""pemain"":""Niko"",""relasi"":""offend""}]},{""pengirim"":""Ojan"",""teks_chat"":""Aku yakin dia Hitman yang mengarang."",""label_intent"":""offend"",""target"":[{""pemain"":""Niko"",""relasi"":""offend""}]}]","[""Lani"",""Maya"",""Niko"",""Ojan""]","[{""pemain"":""Niko"",""relasi"":""defend""}]"
Vina,"Aku setuju sama Tara. Soni bilang 'Rina Hitman karena mengganti ajakan vote', tapi perubahan ajakan belum membuktikan dia Hitman.",defend,"[{""pengirim"":""Dika"",""teks_chat"":""Rina mengubah ajakan vote tanpa alasan, aku curiga dia Hitman."",""label_intent"":""offend"",""target"":[{""pemain"":""Rina"",""relasi"":""offend""}]},{""pengirim"":""Soni"",""teks_chat"":""Iya, aku curiga Rina Hitman karena mengganti ajakan vote."",""label_intent"":""offend"",""target"":[{""pemain"":""Rina"",""relasi"":""offend""}]},{""pengirim"":""Tara"",""teks_chat"":""Soni bilang 'Rina Hitman karena mengganti ajakan vote'. Aku tidak setuju, perubahan ajakan belum cukup jadi bukti."",""label_intent"":""defend"",""target"":[{""pemain"":""Rina"",""relasi"":""defend""}]}]","[""Dika"",""Soni"",""Tara"",""Vina"",""Rina""]","[{""pemain"":""Rina"",""relasi"":""defend""}]"
Kiki,"Bener kata Jojo, kalau lu jadi pelakunya pasti lu bakal lebih aktif cari alibi daripada diem.",defend,"[{""pengirim"":""Gilang"",""teks_chat"":""Jojo lambat membalas, aku curiga dia Hitman."",""label_intent"":""offend"",""target"":[{""pemain"":""Jojo"",""relasi"":""offend""}]},{""pengirim"":""Jojo"",""teks_chat"":""Aduh sori, pesannya baru masuk nih di layarku."",""label_intent"":""defend"",""target"":[{""pemain"":""Jojo"",""relasi"":""defend""}]},{""pengirim"":""Hani"",""teks_chat"":""Kok bisa telat gitu? Aneh lu Jo dari tadi."",""label_intent"":""offend"",""target"":[{""pemain"":""Jojo"",""relasi"":""offend""}]},{""pengirim"":""Gilang"",""teks_chat"":""Makanya, mencurigakan banget lu lagian."",""label_intent"":""offend"",""target"":[{""pemain"":""Jojo"",""relasi"":""offend""}]},{""pengirim"":""Jojo"",""teks_chat"":""Logikanya kalau aku hitman masa iya aku sengaja balesnya telat pas lagi dicecar gini."",""label_intent"":""defend"",""target"":[{""pemain"":""Jojo"",""relasi"":""defend""}]}]","[""Gilang"",""Jojo"",""Hani"",""Kiki""]","[{""pemain"":""Jojo"",""relasi"":""defend""}]"
Rara,"Menurutku dia bukan Hitman, jangan vote dia tanpa bukti.",defend,[],"[""Rara"",""Bagas"",""Dion""]","[{""pemain"":""tidak_diketahui"",""relasi"":""defend""}]"
Heru,"Justru karena lu terus-terusan nyebut bukan itu, aku makin yakin kalau Fikri itu beneran pelakunya.",offend,"[{""pengirim"":""Heru"",""teks_chat"":""Fikri cepat sekali membela Gama, aku curiga Fikri Hitman."",""label_intent"":""offend"",""target"":[{""pemain"":""Fikri"",""relasi"":""offend""}]},{""pengirim"":""Indah"",""teks_chat"":""Iya, baru juga dituduh dikit langsung dibantah mentah-mentah sama Fikri."",""label_intent"":""offend"",""target"":[{""pemain"":""Fikri"",""relasi"":""offend""}]},{""pengirim"":""Fikri"",""teks_chat"":""Aku bukan Hitman, dan Gama juga belum terbukti Hitman hanya karena diam."",""label_intent"":""defend"",""target"":[{""pemain"":""Fikri"",""relasi"":""defend""},{""pemain"":""Gama"",""relasi"":""defend""}]},{""pengirim"":""Heru"",""teks_chat"":""Tetep aja menurutku tingkah lu mencurigakan banget."",""label_intent"":""offend"",""target"":[{""pemain"":""Fikri"",""relasi"":""offend""}]},{""pengirim"":""Gama"",""teks_chat"":""Ya bagus dong ada yang nyampein info jujur ke kita."",""label_intent"":""defend"",""target"":[{""pemain"":""Fikri"",""relasi"":""defend""}]},{""pengirim"":""Indah"",""teks_chat"":""Jangan-jangan kalian berdua malah sekongkol dari belakang."",""label_intent"":""offend"",""target"":[{""pemain"":""Fikri"",""relasi"":""offend""},{""pemain"":""Gama"",""relasi"":""offend""}]},{""pengirim"":""Fikri"",""teks_chat"":""Sumpah aku bukan Hitman, jangan asal main tuduh tanpa bukti!"",""label_intent"":""defend"",""target"":[{""pemain"":""Fikri"",""relasi"":""defend""}]},{""pengirim"":""Gama"",""teks_chat"":""Menurutku Fikri jujur, pembelaannya belum membuktikan dia Hitman."",""label_intent"":""defend"",""target"":[{""pemain"":""Fikri"",""relasi"":""defend""}]}]","[""Heru"",""Indah"",""Fikri"",""Gama""]","[{""pemain"":""Fikri"",""relasi"":""offend""}]"
Tio,"Aku bukan Hitman, jangan langsung curiga kepadaku.",defend,[],"[""Tio"",""Mira""]","[{""pemain"":""Tio"",""relasi"":""defend""}]"
Tata,"Bener sih omongan mereka, kalian berdua cuma panik aja soal timer kan, bukan karena niat jahat.",defend,"[{""pengirim"":""Lala"",""teks_chat"":""Vina dan Wawan terus mengajak vote tanpa alasan, aku curiga mereka Hitman."",""label_intent"":""offend"",""target"":[{""pemain"":""Vina"",""relasi"":""offend""},{""pemain"":""Wawan"",""relasi"":""offend""}]},{""pengirim"":""Siska"",""teks_chat"":""Iya, mereka pengen ngontrol opini kita kelihatannya."",""label_intent"":""offend"",""target"":[{""pemain"":""Vina"",""relasi"":""offend""},{""pemain"":""Wawan"",""relasi"":""offend""}]},{""pengirim"":""Vina"",""teks_chat"":""Lah, kan emang waktunya udah mau abis."",""label_intent"":""defend"",""target"":[{""pemain"":""Vina"",""relasi"":""defend""}]},{""pengirim"":""Wawan"",""teks_chat"":""Aku bukan Hitman, aku cuma ingin kita membuat pilihan setelah diskusi."",""label_intent"":""defend"",""target"":[{""pemain"":""Wawan"",""relasi"":""defend""}]}]","[""Lala"",""Siska"",""Vina"",""Wawan"",""Tata""]","[{""pemain"":""Vina"",""relasi"":""defend""},{""pemain"":""Wawan"",""relasi"":""defend""}]"
Cindy,Lagian masa sih Rio mau repot-repot pura-pura lag kalau dia beneran jahat?,defend,"[{""pengirim"":""Aldi"",""teks_chat"":""Rio balesnya lama banget sih, lagi ngerencanain apaan tuh di belakang?"",""label_intent"":""offend"",""target"":[{""pemain"":""Rio"",""relasi"":""offend""}]},{""pengirim"":""Bimo"",""teks_chat"":""Biasalah, hitman lagi briefing sama temennya biar sejalan wkwk."",""label_intent"":""offend"",""target"":[{""pemain"":""Rio"",""relasi"":""offend""}]},{""pengirim"":""Rio"",""teks_chat"":""Gak, aku tadi ngetik panjang tapi kehapus mulu, lagian koneksiku jelek banget ini."",""label_intent"":""defend"",""target"":[{""pemain"":""Rio"",""relasi"":""defend""}]},{""pengirim"":""Aldi"",""teks_chat"":""Alasan lag mulu, udah basi alasan kayak gitu."",""label_intent"":""offend"",""target"":[{""pemain"":""Rio"",""relasi"":""offend""}]},{""pengirim"":""Bimo"",""teks_chat"":""Mending kumpul vote ke Rio aja deh sekarang biar aman posisi kita."",""label_intent"":""offend"",""target"":[{""pemain"":""Rio"",""relasi"":""offend""}]}]","[""Aldi"",""Bimo"",""Rio"",""Cindy""]","[{""pemain"":""Rio"",""relasi"":""defend""}]"
Seno,"Oke deh, kelihatannya dia emang panik doang bukan hitman.",defend,"[{""pengirim"":""Seno"",""teks_chat"":""Rio dari tadi nyalahin orang terus, dia pelakunya nih."",""label_intent"":""offend"",""target"":[{""pemain"":""Rio"",""relasi"":""offend""}]},{""pengirim"":""Aris"",""teks_chat"":""Iya, tuduhannya ke mana-mana ga jelas."",""label_intent"":""offend"",""target"":[{""pemain"":""Rio"",""relasi"":""offend""}]},{""pengirim"":""Rio"",""teks_chat"":""Aku bukan Hitman, aku menebak dari isi chat kalian."",""label_intent"":""defend"",""target"":[{""pemain"":""Rio"",""relasi"":""defend""}]},{""pengirim"":""Rani"",""teks_chat"":""Masa cuma nebak tapi maksa sampe nuduh 3 orang beda?"",""label_intent"":""offend"",""target"":[{""pemain"":""Rio"",""relasi"":""offend""}]},{""pengirim"":""Bima"",""teks_chat"":""Ajakan vote Rio berubah terus, aku curiga dia Hitman."",""label_intent"":""offend"",""target"":[{""pemain"":""Rio"",""relasi"":""offend""}]},{""pengirim"":""Rio"",""teks_chat"":""Aku Civilian, aku tadi panik saat membahas hasil Tribunal."",""label_intent"":""defend"",""target"":[{""pemain"":""Rio"",""relasi"":""defend""}]}]","[""Seno"",""Aris"",""Rio"",""Rani"",""Bima""]","[{""pemain"":""Rio"",""relasi"":""defend""}]"
Fikri,"siapa pun boleh meragukan gw, tapi role gw tetap Civilian dan itu fakta",defend,[],"[""Fikri""]","[{""pemain"":""Fikri"",""relasi"":""defend""}]"
Andi,"Jangan vote dia hanya karena pasif, dia belum terbukti Hitman.",defend,"[{""pengirim"":""Tora"",""teks_chat"":""Ada klaim skill semalam yang ingin dibagikan?"",""label_intent"":""neutral"",""target"":[]},{""pengirim"":""Lina"",""teks_chat"":""Aku belum mau membuka klaim."",""label_intent"":""neutral"",""target"":[]},{""pengirim"":""Andi"",""teks_chat"":""Kita bisa membaca chat dulu sambil menunggu."",""label_intent"":""neutral"",""target"":[]},{""pengirim"":""Nia"",""teks_chat"":""Iya, periksa alasan yang sudah disebut."",""label_intent"":""neutral"",""target"":[]},{""pengirim"":""Tora"",""teks_chat"":""Oke, aku baca ulang."",""label_intent"":""neutral"",""target"":[]},{""pengirim"":""Geri"",""teks_chat"":""Ada satu pemain pasif yang aku curigai Hitman."",""label_intent"":""offend"",""target"":[{""pemain"":""tidak_diketahui"",""relasi"":""offend""}]},{""pengirim"":""Lina"",""teks_chat"":""Aku juga curiga pemain itu Hitman."",""label_intent"":""offend"",""target"":[{""pemain"":""tidak_diketahui"",""relasi"":""offend""}]},{""pengirim"":""Andi"",""teks_chat"":""Siapa yang kalian maksud?"",""label_intent"":""neutral"",""target"":[]},{""pengirim"":""Nia"",""teks_chat"":""Jangan vote pemain itu hanya karena diam."",""label_intent"":""defend"",""target"":[{""pemain"":""tidak_diketahui"",""relasi"":""defend""}]},{""pengirim"":""Geri"",""teks_chat"":""Aku tetap menduga pemain itu pelakunya."",""label_intent"":""offend"",""target"":[{""pemain"":""tidak_diketahui"",""relasi"":""offend""}]},{""pengirim"":""Lina"",""teks_chat"":""Sebutkan namanya supaya jelas."",""label_intent"":""neutral"",""target"":[]},{""pengirim"":""Geri"",""teks_chat"":""Wawan. Aku curiga Wawan Hitman karena tidak memberi pendapat."",""label_intent"":""offend"",""target"":[{""pemain"":""Wawan"",""relasi"":""offend""}]}]","[""Tora"",""Lina"",""Andi"",""Nia"",""Geri"",""Wawan""]","[{""pemain"":""Wawan"",""relasi"":""defend""}]"
Mira,"Tapi kan emang belum ada yang ngeklaim peran Spy selain dia, mending kita percaya dulu aja.",defend,"[{""pengirim"":""Rudi"",""teks_chat"":""Joko berubah klaim tanpa penjelasan, aku curiga dia Hitman."",""label_intent"":""offend"",""target"":[{""pemain"":""Joko"",""relasi"":""offend""}]},{""pengirim"":""Mira"",""teks_chat"":""Iya si Joko emang sus parah ronde ini."",""label_intent"":""offend"",""target"":[{""pemain"":""Joko"",""relasi"":""offend""}]},{""pengirim"":""Sari"",""teks_chat"":""Eh tunggu, tapi si Dika tadi ngaku Spy lho pas awal."",""label_intent"":""neutral"",""target"":[]},{""pengirim"":""Rudi"",""teks_chat"":""Hah, Dika Spy? Ga percaya aku, pasti dia cuma hitman yang lagi nyamar."",""label_intent"":""offend"",""target"":[{""pemain"":""Dika"",""relasi"":""offend""}]}]","[""Rudi"",""Mira"",""Sari"",""Joko"",""Dika""]","[{""pemain"":""Dika"",""relasi"":""defend""}]"
Gina,"Menurutku dia belum terbukti Hitman, jangan asal vote.",defend,"[{""pengirim"":""Fani"",""teks_chat"":""Kok Budi sama Coki ga ngomong dari tadi?"",""label_intent"":""neutral"",""target"":[]},{""pengirim"":""Aldo"",""teks_chat"":""Keduanya diam, tetapi belum jelas alasannya."",""label_intent"":""neutral"",""target"":[]},{""pengirim"":""Gina"",""teks_chat"":""Masa dua-duanya? Salah satu pasti ada hitman yang sengaja pura-pura bisu."",""label_intent"":""offend"",""target"":[{""pemain"":""tidak_diketahui"",""relasi"":""offend""}]},{""pengirim"":""Aldo"",""teks_chat"":""Bisa jadi sih, yang satu emang cari aman biar ga disorot."",""label_intent"":""offend"",""target"":[{""pemain"":""tidak_diketahui"",""relasi"":""offend""}]},{""pengirim"":""Fani"",""teks_chat"":""Terus jadinya kita mau vote yang mana nih dari mereka?"",""label_intent"":""neutral"",""target"":[]}]","[""Fani"",""Aldo"",""Gina"",""Budi"",""Coki""]","[{""pemain"":""tidak_diketahui"",""relasi"":""defend""}]"
Eka,Sisa waktu diskusinya tinggal berapa detik lagi sih ini?,neutral,"[{""pengirim"":""Doni"",""teks_chat"":""Si Eka dari kemaren nuduhnya ganti-ganti terus, fix dia hitman!"",""label_intent"":""offend"",""target"":[{""pemain"":""Eka"",""relasi"":""offend""}]},{""pengirim"":""Hasan"",""teks_chat"":""Iya, Eka ga konsisten sama sekali argumennya."",""label_intent"":""offend"",""target"":[{""pemain"":""Eka"",""relasi"":""offend""}]},{""pengirim"":""Eka"",""teks_chat"":""Aku bukan Hitman, aku mengikuti info baru dalam chat."",""label_intent"":""defend"",""target"":[{""pemain"":""Eka"",""relasi"":""defend""}]},{""pengirim"":""Doni"",""teks_chat"":""Alasan terus, mending kita kumpul vote buat Eka aja sekarang."",""label_intent"":""offend"",""target"":[{""pemain"":""Eka"",""relasi"":""offend""}]},{""pengirim"":""Hasan"",""teks_chat"":""Setuju, vote Eka aja biar cepat kelar."",""label_intent"":""offend"",""target"":[{""pemain"":""Eka"",""relasi"":""offend""}]}]","[""Doni"",""Hasan"",""Eka""]",[]
Reza,"Aku bukan Hitman, jangan vote aku tanpa bukti.",defend,[],"[""Reza""]","[{""pemain"":""Reza"",""relasi"":""defend""}]"
Bayu,"Aku bukan Hitman, tadi salah membaca chat sehingga sekarang aku koreksi.",defend,"[{""pengirim"":""Tika"",""teks_chat"":""Lho, Bayu kok omongannya beda sama ronde kemarin? Sangat mencurigakan."",""label_intent"":""offend"",""target"":[{""pemain"":""Bayu"",""relasi"":""offend""}]}]","[""Tika"",""Bayu""]","[{""pemain"":""Bayu"",""relasi"":""defend""}]"
Dian,"Aku tidak setuju, dia belum terbukti Hitman hanya karena belum membuka pilihan skill.",defend,"[{""pengirim"":""Lia"",""teks_chat"":""Ada yang mau membagikan klaim role?"",""label_intent"":""neutral"",""target"":[]},{""pengirim"":""Rian"",""teks_chat"":""Aku klaim Civilian."",""label_intent"":""neutral"",""target"":[]},{""pengirim"":""Susi"",""teks_chat"":""Oke, klaimnya sudah terbaca."",""label_intent"":""neutral"",""target"":[]},{""pengirim"":""Feri"",""teks_chat"":""Yoga mengaku Spy tanpa menjelaskan Guard, aku curiga dia Hitman."",""label_intent"":""offend"",""target"":[{""pemain"":""Yoga"",""relasi"":""offend""}]},{""pengirim"":""Yoga"",""teks_chat"":""Aku bukan Hitman, aku belum ingin membuka pilihan Guard-ku."",""label_intent"":""defend"",""target"":[{""pemain"":""Yoga"",""relasi"":""defend""}]},{""pengirim"":""Lia"",""teks_chat"":""Aku tetap curiga Yoga Hitman karena menunda penjelasan."",""label_intent"":""offend"",""target"":[{""pemain"":""Yoga"",""relasi"":""offend""}]},{""pengirim"":""Rian"",""teks_chat"":""Aku juga curiga Yoga pelakunya."",""label_intent"":""offend"",""target"":[{""pemain"":""Yoga"",""relasi"":""offend""}]},{""pengirim"":""Susi"",""teks_chat"":""Vote Yoga saja."",""label_intent"":""offend"",""target"":[{""pemain"":""Yoga"",""relasi"":""offend""}]},{""pengirim"":""Feri"",""teks_chat"":""Ayo vote dia sebelum waktu habis."",""label_intent"":""offend"",""target"":[{""pemain"":""Yoga"",""relasi"":""offend""}]}]","[""Lia"",""Rian"",""Susi"",""Feri"",""Yoga"",""Dian""]","[{""pemain"":""Yoga"",""relasi"":""defend""}]"
Gilang,Aku tarik tuduhan. Membela tuduhan yang belum berdasar tidak membuktikan dia Hitman.,defend,"[{""pengirim"":""Gilang"",""teks_chat"":""Si Nando ini aneh, ada yang dituduh dikit dia langsung cepet banget ngebela."",""label_intent"":""offend"",""target"":[{""pemain"":""Nando"",""relasi"":""offend""}]},{""pengirim"":""Caca"",""teks_chat"":""Iya, Nando kayaknya satu komplotan sama hitman deh."",""label_intent"":""offend"",""target"":[{""pemain"":""Nando"",""relasi"":""offend""}]},{""pengirim"":""Nando"",""teks_chat"":""Aku bukan komplotan, aku membela karena tuduhannya belum berdasar."",""label_intent"":""defend"",""target"":[{""pemain"":""Nando"",""relasi"":""defend""}]},{""pengirim"":""Tomi"",""teks_chat"":""Tetep aja ngebela orang terlalu cepet itu mencurigakan."",""label_intent"":""offend"",""target"":[{""pemain"":""Nando"",""relasi"":""offend""}]},{""pengirim"":""Gilang"",""teks_chat"":""Makanya, pasti Nando ini juga pelakunya yang bantu nutupin."",""label_intent"":""offend"",""target"":[{""pemain"":""Nando"",""relasi"":""offend""}]},{""pengirim"":""Caca"",""teks_chat"":""Aku udah terlanjur masukin vote ke Nando sih."",""label_intent"":""offend"",""target"":[{""pemain"":""Nando"",""relasi"":""offend""}]},{""pengirim"":""Nando"",""teks_chat"":""Kalian cek aja kelakuanku dari awal, aku civilian tulen kok!"",""label_intent"":""defend"",""target"":[{""pemain"":""Nando"",""relasi"":""defend""}]},{""pengirim"":""Tomi"",""teks_chat"":""Halah, hitman juga bisa bikin alasan ngomong gitu."",""label_intent"":""offend"",""target"":[{""pemain"":""Nando"",""relasi"":""offend""}]}]","[""Gilang"",""Caca"",""Nando"",""Tomi""]","[{""pemain"":""Nando"",""relasi"":""defend""}]"
Caca,Masa iya orang yang maksa vote tanpa bukti kayak lu ini bukan Hitman?,offend,"[{""pengirim"":""Andi"",""teks_chat"":""Vote Budi aja gais, trust me."",""label_intent"":""offend"",""target"":[{""pemain"":""Budi"",""relasi"":""offend""}]},{""pengirim"":""Caca"",""teks_chat"":""Hah? Buktinya apa lu ngajak vote dia?"",""label_intent"":""defend"",""target"":[{""pemain"":""Budi"",""relasi"":""defend""}]},{""pengirim"":""Andi"",""teks_chat"":""Udah ikut aja, ntar keburu habis waktunya."",""label_intent"":""offend"",""target"":[{""pemain"":""Budi"",""relasi"":""offend""}]},{""pengirim"":""Budi"",""teks_chat"":""Lah kok gw, lu nyari tumbal ya?"",""label_intent"":""defend"",""target"":[{""pemain"":""Budi"",""relasi"":""defend""}]},{""pengirim"":""Doni"",""teks_chat"":""Jangan asal vote, bahaya kalau Budi beneran civilian."",""label_intent"":""defend"",""target"":[{""pemain"":""Budi"",""relasi"":""defend""}]},{""pengirim"":""Andi"",""teks_chat"":""Budi itu Hitman, feeling gw kuat banget."",""label_intent"":""offend"",""target"":[{""pemain"":""Budi"",""relasi"":""offend""}]}]","[""Andi"",""Budi"",""Caca"",""Doni""]","[{""pemain"":""Andi"",""relasi"":""offend""}]"
Gina,"Diam bisa punya banyak alasan, jangan vote dia hanya karena itu.",defend,"[{""pengirim"":""Fikri"",""teks_chat"":""Ini kenapa sepi banget yang chat?"",""label_intent"":""neutral"",""target"":[]},{""pengirim"":""Gina"",""teks_chat"":""Mungkin ada yang kena Gag Order saat diskusi siang ini."",""label_intent"":""neutral"",""target"":[]},{""pengirim"":""Hari"",""teks_chat"":""Atau emang sengaja diem biar aman."",""label_intent"":""offend"",""target"":[{""pemain"":""tidak_diketahui"",""relasi"":""offend""}]},{""pengirim"":""Fikri"",""teks_chat"":""Aku curiga pemain yang sengaja diam itu Hitman."",""label_intent"":""offend"",""target"":[{""pemain"":""tidak_diketahui"",""relasi"":""offend""}]},{""pengirim"":""Gina"",""teks_chat"":""Mungkin dia emang sdh kena skill hitman."",""label_intent"":""neutral"",""target"":[]},{""pengirim"":""Hari"",""teks_chat"":""Biasanya hitman yang suka sembunyi di balik alasan gag order begini."",""label_intent"":""offend"",""target"":[{""pemain"":""tidak_diketahui"",""relasi"":""offend""}]},{""pengirim"":""Ivan"",""teks_chat"":""Kita pantau aja siapa yang dari tadi belum ngomong sama sekali."",""label_intent"":""neutral"",""target"":[]},{""pengirim"":""Fikri"",""teks_chat"":""Nah, setuju. Kalau sampai akhir ronde diam terus, kita curigai."",""label_intent"":""offend"",""target"":[{""pemain"":""tidak_diketahui"",""relasi"":""offend""}]},{""pengirim"":""Gina"",""teks_chat"":""Tapi kan kasihan kalau emang dia beneran ga bisa ngetik."",""label_intent"":""defend"",""target"":[{""pemain"":""tidak_diketahui"",""relasi"":""defend""}]},{""pengirim"":""Hari"",""teks_chat"":""Alah, paling pura-pura itu doang taktiknya."",""label_intent"":""offend"",""target"":[{""pemain"":""tidak_diketahui"",""relasi"":""offend""}]},{""pengirim"":""Ivan"",""teks_chat"":""Coba cek ada berapa orang yang belum muncul chatnya."",""label_intent"":""neutral"",""target"":[]},{""pengirim"":""Fikri"",""teks_chat"":""Eka belum memberi pendapat, aku curiga Eka Hitman."",""label_intent"":""offend"",""target"":[{""pemain"":""Eka"",""relasi"":""offend""}]}]","[""Fikri"",""Gina"",""Hari"",""Ivan"",""Eka""]","[{""pemain"":""Eka"",""relasi"":""defend""}]"
Nando,"Eh, si Kik dari tadi ngaku role apa sih sebenarnya?",neutral,"[{""pengirim"":""Joko"",""teks_chat"":""Kiki cepat membela Rina, aku curiga keduanya Hitman."",""label_intent"":""offend"",""target"":[{""pemain"":""Kiki"",""relasi"":""offend""},{""pemain"":""Rina"",""relasi"":""offend""}]},{""pengirim"":""Lani"",""teks_chat"":""Iya, cepet banget ngetiknya pas Rina dituduh."",""label_intent"":""offend"",""target"":[{""pemain"":""Kiki"",""relasi"":""offend""}]},{""pengirim"":""Kiki"",""teks_chat"":""Aku bukan Hitman dan Rina belum terbukti Hitman hanya karena diam."",""label_intent"":""defend"",""target"":[{""pemain"":""Kiki"",""relasi"":""defend""},{""pemain"":""Rina"",""relasi"":""defend""}]},{""pengirim"":""Joko"",""teks_chat"":""Jangan-jangan kalian berdua hitman yang sekongkol dari awal."",""label_intent"":""offend"",""target"":[{""pemain"":""Kiki"",""relasi"":""offend""},{""pemain"":""Rina"",""relasi"":""offend""}]},{""pengirim"":""Maman"",""teks_chat"":""Bisa jadi, pembelaan secepat itu pasti udah disiapin teksnya."",""label_intent"":""offend"",""target"":[{""pemain"":""Kiki"",""relasi"":""offend""}]},{""pengirim"":""Rina"",""teks_chat"":""Terserah kalian, tapi aku beneran civilian murni."",""label_intent"":""defend"",""target"":[{""pemain"":""Rina"",""relasi"":""defend""}]},{""pengirim"":""Lani"",""teks_chat"":""Kita fokus ke Kiki dulu, dia yang paling mencurigakan."",""label_intent"":""offend"",""target"":[{""pemain"":""Kiki"",""relasi"":""offend""}]},{""pengirim"":""Maman"",""teks_chat"":""Setuju, kumpulin vote buat Kiki aja."",""label_intent"":""offend"",""target"":[{""pemain"":""Kiki"",""relasi"":""offend""}]},{""pengirim"":""Joko"",""teks_chat"":""Kalau Kiki hitman, Rina juga pasti ikut terlibat."",""label_intent"":""offend"",""target"":[{""pemain"":""Kiki"",""relasi"":""offend""},{""pemain"":""Rina"",""relasi"":""offend""}]},{""pengirim"":""Kiki"",""teks_chat"":""Aku bukan Hitman, tuduhan kalian belum punya bukti."",""label_intent"":""defend"",""target"":[{""pemain"":""Kiki"",""relasi"":""defend""}]},{""pengirim"":""Lani"",""teks_chat"":""Buktinya lu langsung panik pas kita mulai bahas soal Rina."",""label_intent"":""offend"",""target"":[{""pemain"":""Kiki"",""relasi"":""offend""}]},{""pengirim"":""Maman"",""teks_chat"":""Udah, buang aja dia ronde ini biar aman."",""label_intent"":""offend"",""target"":[{""pemain"":""Kiki"",""relasi"":""offend""}]}]","[""Joko"",""Lani"",""Kiki"",""Maman"",""Rina"",""Nando""]",[]
Qori,"Si Radit sama Siska ke mana ya, dari tadi gak kelihatan chatnya.",neutral,"[{""pengirim"":""Ojan"",""teks_chat"":""Ini kok pada diam aja sih, gak ada yang mau diskusi?"",""label_intent"":""neutral"",""target"":[]},{""pengirim"":""Putri"",""teks_chat"":""Gak tau nih, pada takut salah ngomong kali ya."",""label_intent"":""neutral"",""target"":[]}]","[""Ojan"",""Putri"",""Qori"",""Radit"",""Siska""]",[]
Xena,Salah ketik masih mungkin terjadi. Aku menolak vote dia hanya karena perubahan klaim itu.,defend,"[{""pengirim"":""Tomi"",""teks_chat"":""Umar mengaku Spy lalu berganti ke Civilian, aku curiga dia Hitman."",""label_intent"":""offend"",""target"":[{""pemain"":""Umar"",""relasi"":""offend""}]},{""pengirim"":""Vina"",""teks_chat"":""Aku juga curiga Umar Hitman karena klaimnya berubah."",""label_intent"":""offend"",""target"":[{""pemain"":""Umar"",""relasi"":""offend""}]},{""pengirim"":""Umar"",""teks_chat"":""Aku bukan Hitman, tadi salah ketik. Klaimku sebenarnya Spy."",""label_intent"":""defend"",""target"":[{""pemain"":""Umar"",""relasi"":""defend""}]},{""pengirim"":""Tomi"",""teks_chat"":""Alasan salah ketik basi banget sumpah."",""label_intent"":""offend"",""target"":[{""pemain"":""Umar"",""relasi"":""offend""}]},{""pengirim"":""Wawan"",""teks_chat"":""Guys, sisa waktu diskusi kita tinggal 15 detik nih!"",""label_intent"":""neutral"",""target"":[]},{""pengirim"":""Xena"",""teks_chat"":""Wah cepet banget ya, padahal belum kumpul info lengkap."",""label_intent"":""neutral"",""target"":[]},{""pengirim"":""Vina"",""teks_chat"":""Aduh, bingung banget mau vote siapa jadinya ini."",""label_intent"":""neutral"",""target"":[]},{""pengirim"":""Wawan"",""teks_chat"":""Buruan bahas alasan pilihan kalian sebelum waktunya habis."",""label_intent"":""neutral"",""target"":[]}]","[""Tomi"",""Vina"",""Umar"",""Wawan"",""Xena""]","[{""pemain"":""Umar"",""relasi"":""defend""}]"
Zara,"Ngomong-ngomong, siapa yang mau membagikan klaim pilihan Guard semalam?",neutral,"[{""pengirim"":""Yadi"",""teks_chat"":""Si Zara cepet banget ngebelain Wira tadi, pasti mereka sekongkol tuh."",""label_intent"":""offend"",""target"":[{""pemain"":""Zara"",""relasi"":""offend""},{""pemain"":""Wira"",""relasi"":""offend""}]}]","[""Yadi"",""Zara"",""Wira""]",[]
Budi,"Aku berani sumpah aku ini civilian biasa, bukan hitman yang lagi nutupin aksi temannya!",defend,"[{""pengirim"":""Andi"",""teks_chat"":""Budi cepat membela Caca, aku curiga Budi Hitman."",""label_intent"":""offend"",""target"":[{""pemain"":""Budi"",""relasi"":""offend""}]},{""pengirim"":""Budi"",""teks_chat"":""Aku bukan Hitman, dan Caca belum terbukti pelakunya. Itu alasan aku membela."",""label_intent"":""defend"",""target"":[{""pemain"":""Budi"",""relasi"":""defend""},{""pemain"":""Caca"",""relasi"":""defend""}]},{""pengirim"":""Doni"",""teks_chat"":""Masalahnya pembelaanmu itu terlalu maksa dan gak natural kelihatannya."",""label_intent"":""offend"",""target"":[{""pemain"":""Budi"",""relasi"":""offend""}]},{""pengirim"":""Andi"",""teks_chat"":""Iya, kelihatan banget lu pengen nutupin sesuatu."",""label_intent"":""offend"",""target"":[{""pemain"":""Budi"",""relasi"":""offend""}]},{""pengirim"":""Caca"",""teks_chat"":""Budi cuma menunjukkan lemahnya alasan tuduhan. Jangan langsung vote Budi."",""label_intent"":""defend"",""target"":[{""pemain"":""Budi"",""relasi"":""defend""}]},{""pengirim"":""Doni"",""teks_chat"":""Halah, hitman juga pasti bakal saling cover begini."",""label_intent"":""offend"",""target"":[{""pemain"":""Budi"",""relasi"":""offend""},{""pemain"":""Caca"",""relasi"":""offend""}]},{""pengirim"":""Andi"",""teks_chat"":""Mending kita curigain si Budi dulu aja deh ronde ini."",""label_intent"":""offend"",""target"":[{""pemain"":""Budi"",""relasi"":""offend""}]},{""pengirim"":""Caca"",""teks_chat"":""Jangan asal nuduh, kalian gak ada bukti kuat."",""label_intent"":""defend"",""target"":[{""pemain"":""Budi"",""relasi"":""defend""}]},{""pengirim"":""Doni"",""teks_chat"":""Bukti apalagi? Gerak-geriknya ngebela tadi udah jelas aneh."",""label_intent"":""offend"",""target"":[{""pemain"":""Budi"",""relasi"":""offend""}]}]","[""Andi"",""Budi"",""Doni"",""Caca""]","[{""pemain"":""Budi"",""relasi"":""defend""}]"
Fani,"Ayo vote dia, aku curiga dia Hitman yang akan beraksi malam nanti.",offend,"[{""pengirim"":""Eka"",""teks_chat"":""Ada klaim yang ingin dibahas lagi?"",""label_intent"":""neutral"",""target"":[]},{""pengirim"":""Fani"",""teks_chat"":""Aku masih membaca pesan sebelumnya."",""label_intent"":""neutral"",""target"":[]},{""pengirim"":""Gita"",""teks_chat"":""Ini kenapa ada yang dari tadi chatnya kepotong-potong terus ya?"",""label_intent"":""neutral"",""target"":[]},{""pengirim"":""Hari"",""teks_chat"":""Iya, balasnya juga lama banget kayak lagi mikir keras mau bohong apa."",""label_intent"":""offend"",""target"":[{""pemain"":""tidak_diketahui"",""relasi"":""offend""}]},{""pengirim"":""Eka"",""teks_chat"":""Jangan tuduh dia hanya karena lambat membalas, mungkin koneksi bermasalah."",""label_intent"":""defend"",""target"":[{""pemain"":""tidak_diketahui"",""relasi"":""defend""}]},{""pengirim"":""Fani"",""teks_chat"":""Ivan yang dimaksud. Aku curiga Ivan Hitman yang sengaja menghindari pertanyaan."",""label_intent"":""offend"",""target"":[{""pemain"":""Ivan"",""relasi"":""offend""}]},{""pengirim"":""Gita"",""teks_chat"":""Oh iya bener, Ivan mencurigakan banget sih kalau perilakunya gitu."",""label_intent"":""offend"",""target"":[{""pemain"":""Ivan"",""relasi"":""offend""}]},{""pengirim"":""Hari"",""teks_chat"":""Biasanya yang chatnya telat itu lagi sibuk koordinasi sama hitman lain di luar."",""label_intent"":""offend"",""target"":[{""pemain"":""Ivan"",""relasi"":""offend""}]},{""pengirim"":""Eka"",""teks_chat"":""Bisa jadi koneksinya yang jelek makanya ngelag."",""label_intent"":""defend"",""target"":[{""pemain"":""Ivan"",""relasi"":""defend""}]},{""pengirim"":""Fani"",""teks_chat"":""Tapi masa dari ronde pertama alasannya cuma koneksi terus?"",""label_intent"":""offend"",""target"":[{""pemain"":""Ivan"",""relasi"":""offend""}]},{""pengirim"":""Gita"",""teks_chat"":""Bener, aku juga gak percaya kalau itu cuma karena masalah jaringan."",""label_intent"":""offend"",""target"":[{""pemain"":""Ivan"",""relasi"":""offend""}]},{""pengirim"":""Hari"",""teks_chat"":""Aku tetap curiga dia Hitman karena tidak menjawab pertanyaan."",""label_intent"":""offend"",""target"":[{""pemain"":""Ivan"",""relasi"":""offend""}]}]","[""Eka"",""Fani"",""Gita"",""Hari"",""Ivan""]","[{""pemain"":""Ivan"",""relasi"":""offend""}]"
Joko,"Jangan langsung vote dia, aku yakin dia bukan Hitman.",defend,[],"[""Joko"",""Tio"",""Dian""]","[{""pemain"":""tidak_diketahui"",""relasi"":""defend""}]"
Ojan,"Aku sependapat dengan Putri, perubahan dugaan itu belum membuktikan dia Hitman.",defend,"[{""pengirim"":""Kiki"",""teks_chat"":""Lusi berganti tuduhan dari aku ke Maman tanpa alasan, aku curiga Lusi Hitman."",""label_intent"":""offend"",""target"":[{""pemain"":""Lusi"",""relasi"":""offend""}]},{""pengirim"":""Nando"",""teks_chat"":""Iya, Lusi kelihatan banget lagi cari tumbal sembarangan buat divote."",""label_intent"":""offend"",""target"":[{""pemain"":""Lusi"",""relasi"":""offend""}]},{""pengirim"":""Lusi"",""teks_chat"":""Aku kan cuma ngasih tau apa yang aku curigai dari awal!"",""label_intent"":""defend"",""target"":[{""pemain"":""Lusi"",""relasi"":""defend""}]},{""pengirim"":""Ojan"",""teks_chat"":""Tapi kecurigaan lu ganti-ganti terus, gak konsisten sama sekali."",""label_intent"":""offend"",""target"":[{""pemain"":""Lusi"",""relasi"":""offend""}]},{""pengirim"":""Putri"",""teks_chat"":""Menurutku Lusi cuma bingung karena banyak info yang masuk bersamaan."",""label_intent"":""defend"",""target"":[{""pemain"":""Lusi"",""relasi"":""defend""}]},{""pengirim"":""Kiki"",""teks_chat"":""Bingung apa, dia emang sengaja bikin keruh suasana aja."",""label_intent"":""offend"",""target"":[{""pemain"":""Lusi"",""relasi"":""offend""}]},{""pengirim"":""Nando"",""teks_chat"":""Setuju, fix Lusi pelakunya ronde ini tanpa ragu."",""label_intent"":""offend"",""target"":[{""pemain"":""Lusi"",""relasi"":""offend""}]},{""pengirim"":""Lusi"",""teks_chat"":""Terserah kalian, yang penting aku udah jujur ngomong apa adanya ke forum."",""label_intent"":""defend"",""target"":[{""pemain"":""Lusi"",""relasi"":""defend""}]},{""pengirim"":""Ojan"",""teks_chat"":""Kejujuran dari seorang hitman itu gak bisa dipercaya."",""label_intent"":""offend"",""target"":[{""pemain"":""Lusi"",""relasi"":""offend""}]},{""pengirim"":""Putri"",""teks_chat"":""Aku masih membela Lusi, perubahan dugaan itu belum membuktikan dia Hitman."",""label_intent"":""defend"",""target"":[{""pemain"":""Lusi"",""relasi"":""defend""}]},{""pengirim"":""Kiki"",""teks_chat"":""Itu cuma taktik kotornya biar kamu percaya sepenuhnya sama dia."",""label_intent"":""offend"",""target"":[{""pemain"":""Lusi"",""relasi"":""offend""}]},{""pengirim"":""Nando"",""teks_chat"":""Betul, jangan gampang ketipu sama trik murahan kayak gitu."",""label_intent"":""offend"",""target"":[{""pemain"":""Lusi"",""relasi"":""offend""}]}]","[""Kiki"",""Nando"",""Lusi"",""Ojan"",""Putri"",""Maman""]","[{""pemain"":""Lusi"",""relasi"":""defend""}]"
Budi,"Aku rasa mereka berdua bukan pelakunya, wajar kalau pemain pasif pada awal permainan.",defend,"[{""pengirim"":""Arief"",""teks_chat"":""Citra dan Dika diam terus dari tadi, pasti mereka adalah Hitman."",""label_intent"":""offend"",""target"":[{""pemain"":""Citra"",""relasi"":""offend""},{""pemain"":""Dika"",""relasi"":""offend""}]},{""pengirim"":""Citra"",""teks_chat"":""Aku dan Dika cuma sedang membaca percakapan, jangan asal menuduh."",""label_intent"":""defend"",""target"":[{""pemain"":""Citra"",""relasi"":""defend""},{""pemain"":""Dika"",""relasi"":""defend""}]}]","[""Arief"",""Budi"",""Citra"",""Dika""]","[{""pemain"":""Citra"",""relasi"":""defend""},{""pemain"":""Dika"",""relasi"":""defend""}]"
Eka,Masa sih Gilang itu Hitman hanya karena dia sering mengganti target secara mendadak?,defend,"[{""pengirim"":""Eka"",""teks_chat"":""Tuduhan Gilang berubah tanpa alasan yg jelas, aku curiga dia Hitman."",""label_intent"":""offend"",""target"":[{""pemain"":""Gilang"",""relasi"":""offend""}]},{""pengirim"":""Gilang"",""teks_chat"":""Aku hanya mengumpulkan informasi, wajar kalau pendapat aku berubah."",""label_intent"":""defend"",""target"":[{""pemain"":""Gilang"",""relasi"":""defend""}]},{""pengirim"":""Feri"",""teks_chat"":""Tetapi caramu mencari korban memang seperti Hitman yang sedang panik."",""label_intent"":""offend"",""target"":[{""pemain"":""Gilang"",""relasi"":""offend""}]}]","[""Eka"",""Feri"",""Gilang""]","[{""pemain"":""Gilang"",""relasi"":""defend""}]"
Hendra,"santai, gw bukan pelaku. gw Civilian dan gak pernah punya akses buat Hostage",defend,[],"[""Hendra""]","[{""pemain"":""Hendra"",""relasi"":""defend""}]"
Irma,"Kayaknya bukan Joko pelakunya deh, reaksinya terlalu jujur buat seorang Hitman.",defend,"[{""pengirim"":""Irma"",""teks_chat"":""Joko membalas sangat cepat, dia pasti sudah menyiapkan alasan karena dia Hitman."",""label_intent"":""offend"",""target"":[{""pemain"":""Joko"",""relasi"":""offend""}]},{""pengirim"":""Joko"",""teks_chat"":""Aku kebetulan sedang melihat layar saat kamu mengirim pesan."",""label_intent"":""defend"",""target"":[{""pemain"":""Joko"",""relasi"":""defend""}]},{""pengirim"":""Kiki"",""teks_chat"":""Pembelaan yang terlalu cepat itu sering kali adalah tanda rasa bersalah."",""label_intent"":""offend"",""target"":[{""pemain"":""Joko"",""relasi"":""offend""}]},{""pengirim"":""Joko"",""teks_chat"":""Aku adalah Civilian, aku hanya berusaha menjernihkan namaku secepat mungkin."",""label_intent"":""defend"",""target"":[{""pemain"":""Joko"",""relasi"":""defend""}]},{""pengirim"":""Irma"",""teks_chat"":""Hitman juga sering mengaku sebagai Civilian, itu alasan standar."",""label_intent"":""offend"",""target"":[{""pemain"":""Joko"",""relasi"":""offend""}]},{""pengirim"":""Kiki"",""teks_chat"":""Mari kita nominasikan Joko pada putaran kali ini."",""label_intent"":""offend"",""target"":[{""pemain"":""Joko"",""relasi"":""offend""}]},{""pengirim"":""Joko"",""teks_chat"":""Tolong jangan gegabah, perhatikan cara kalian terus menyudutkan aku."",""label_intent"":""defend"",""target"":[{""pemain"":""Joko"",""relasi"":""defend""}]}]","[""Irma"",""Joko"",""Kiki""]","[{""pemain"":""Joko"",""relasi"":""defend""}]"
Lela,Aku tarik tuduhanku. Dia belum terbukti Hitman hanya karena sedikit membalas.,defend,"[{""pengirim"":""Lela"",""teks_chat"":""Mamat sengaja diam, dia pasti Hitman yang pura-pura kena Gag Order."",""label_intent"":""offend"",""target"":[{""pemain"":""Mamat"",""relasi"":""offend""}]},{""pengirim"":""Mamat"",""teks_chat"":""Aku bukan Hitman, aku belum sempat membalas banyak pesan."",""label_intent"":""defend"",""target"":[{""pemain"":""Mamat"",""relasi"":""defend""}]},{""pengirim"":""Nisa"",""teks_chat"":""Lela, jangan tuduh dia hanya karena sedikit membalas."",""label_intent"":""defend"",""target"":[{""pemain"":""Mamat"",""relasi"":""defend""}]},{""pengirim"":""Lela"",""teks_chat"":""Tetapi diamnya sangat mencurigakan pada putaran diskusi ini."",""label_intent"":""offend"",""target"":[{""pemain"":""Mamat"",""relasi"":""offend""}]},{""pengirim"":""Nisa"",""teks_chat"":""Bisa saja dia memang seorang Civilian yang sedang diincar musuh."",""label_intent"":""defend"",""target"":[{""pemain"":""Mamat"",""relasi"":""defend""}]},{""pengirim"":""Mamat"",""teks_chat"":""Tolong percaya sama aku kali ini."",""label_intent"":""defend"",""target"":[{""pemain"":""Mamat"",""relasi"":""defend""}]},{""pengirim"":""Lela"",""teks_chat"":""Aku tetap merasa ada sesuatu yang sedang disembunyikan."",""label_intent"":""offend"",""target"":[{""pemain"":""Mamat"",""relasi"":""offend""}]},{""pengirim"":""Nisa"",""teks_chat"":""Tenang dulu dan baca alasan yang sudah disebut."",""label_intent"":""neutral"",""target"":[]},{""pengirim"":""Lela"",""teks_chat"":""Bagaimana kita bisa menang kalau ada pemain yang tidak aktif berdiskusi?"",""label_intent"":""offend"",""target"":[{""pemain"":""Mamat"",""relasi"":""offend""}]},{""pengirim"":""Nisa"",""teks_chat"":""Kadang pasif itu wajar kok, biar nggak jadi incaran."",""label_intent"":""defend"",""target"":[{""pemain"":""Mamat"",""relasi"":""defend""}]},{""pengirim"":""Lela"",""teks_chat"":""Aku mau memberikan suara untuknya sekarang juga."",""label_intent"":""offend"",""target"":[{""pemain"":""Mamat"",""relasi"":""offend""}]},{""pengirim"":""Nisa"",""teks_chat"":""Lela, aku curiga kamu Hitman karena terus memaksa vote."",""label_intent"":""offend"",""target"":[{""pemain"":""Lela"",""relasi"":""offend""}]}]","[""Lela"",""Mamat"",""Nisa""]","[{""pemain"":""Mamat"",""relasi"":""defend""}]"
Panji,"Oke, aku percaya klaim itu, kayaknya dia memang bukan Hitman.",defend,"[{""pengirim"":""Oji"",""teks_chat"":""Malam udah lewat, ada yang mau share info?"",""label_intent"":""neutral"",""target"":[]},{""pengirim"":""Panji"",""teks_chat"":""Sejauh ini keadaan masih aman, tidak ada tanda serangan yang terlihat."",""label_intent"":""neutral"",""target"":[]},{""pengirim"":""Ratna"",""teks_chat"":""Aku rasa kita perlu mencari tahu siapa yang menyelinap semalam."",""label_intent"":""neutral"",""target"":[]},{""pengirim"":""Sigit"",""teks_chat"":""Ada yang mau ngaku Stalker nggak?"",""label_intent"":""neutral"",""target"":[]},{""pengirim"":""Oji"",""teks_chat"":""Aku belum berani membuka identitas sekarang karena situasinya rawan."",""label_intent"":""neutral"",""target"":[]},{""pengirim"":""Ratna"",""teks_chat"":""Aku klaim Stalker, hasil Peek-ku menunjukkan Sigit Civilian."",""label_intent"":""defend"",""target"":[{""pemain"":""Sigit"",""relasi"":""defend""}]},{""pengirim"":""Panji"",""teks_chat"":""Aku masih curiga dia Hitman, aku belum percaya hasil Peek itu."",""label_intent"":""offend"",""target"":[{""pemain"":""Sigit"",""relasi"":""offend""}]},{""pengirim"":""Oji"",""teks_chat"":""Hati-hati, bisa aja dia nipu kita semua biar lolos vote."",""label_intent"":""offend"",""target"":[{""pemain"":""Sigit"",""relasi"":""offend""}]},{""pengirim"":""Sigit"",""teks_chat"":""Aku Civilian, bukan Hitman."",""label_intent"":""defend"",""target"":[{""pemain"":""Sigit"",""relasi"":""defend""}]},{""pengirim"":""Panji"",""teks_chat"":""Ratna, kamu yakin hasil Peek-mu nggak salah?"",""label_intent"":""neutral"",""target"":[]},{""pengirim"":""Ratna"",""teks_chat"":""Yakin, hasilnya jelas dia Civilian."",""label_intent"":""defend"",""target"":[{""pemain"":""Sigit"",""relasi"":""defend""}]},{""pengirim"":""Oji"",""teks_chat"":""Kita sdh bisa percaya info itu belum?"",""label_intent"":""neutral"",""target"":[]}]","[""Oji"",""Panji"",""Ratna"",""Sigit""]","[{""pemain"":""Sigit"",""relasi"":""defend""}]"
Vina,Waktu kita tinggal berapa lama lagi sebelum vote?,neutral,"[{""pengirim"":""Tari"",""teks_chat"":""Udin terlihat terlalu pasif, mari kita singkirkan dia sekarang."",""label_intent"":""offend"",""target"":[{""pemain"":""Udin"",""relasi"":""offend""}]},{""pengirim"":""Udin"",""teks_chat"":""Aku hanya sedang menyimak alur percakapan kalian secara diam-diam."",""label_intent"":""defend"",""target"":[{""pemain"":""Udin"",""relasi"":""defend""}]}]","[""Tari"",""Udin"",""Vina""]",[]
Wahyu,"Rasanya aku seperti sedang berbicara sendiri, mari vote aku saja kalau kalian tidak percaya.",offend,"[{""pengirim"":""Wahyu"",""teks_chat"":""Yayan, kamu cepat membela diri sebelum ditanya, aku curiga kamu Hitman."",""label_intent"":""offend"",""target"":[{""pemain"":""Yayan"",""relasi"":""offend""}]},{""pengirim"":""Yayan"",""teks_chat"":""Aku hanya berjaga-jaga karena merasa sedang dicurigai sejak awal."",""label_intent"":""defend"",""target"":[{""pemain"":""Yayan"",""relasi"":""defend""}]},{""pengirim"":""Wahyu"",""teks_chat"":""Itu kelakuan khas pelaku banget."",""label_intent"":""offend"",""target"":[{""pemain"":""Yayan"",""relasi"":""offend""}]},{""pengirim"":""Yayan"",""teks_chat"":""Aku cuma Civilian, nggak punya skill apa-apa."",""label_intent"":""defend"",""target"":[{""pemain"":""Yayan"",""relasi"":""defend""}]},{""pengirim"":""Wahyu"",""teks_chat"":""Ayo kita segera kumpulkan suara untuk mengeliminasi Yayan."",""label_intent"":""offend"",""target"":[{""pemain"":""Yayan"",""relasi"":""offend""}]}]","[""Wahyu"",""Yayan""]","[{""pemain"":""Wahyu"",""relasi"":""offend""}]"
Cici,"Aldi juga membaca perubahan klaimnya. Vote Beni, aku curiga dia Hitman.",offend,"[{""pengirim"":""Aldi"",""teks_chat"":""Beni, tadi kamu mengaku Guard Dodi semalam, ya?"",""label_intent"":""neutral"",""target"":[]},{""pengirim"":""Beni"",""teks_chat"":""Iya, aku klaim Spy dan Guard Dodi."",""label_intent"":""neutral"",""target"":[]},{""pengirim"":""Cici"",""teks_chat"":""Tadi kamu bilang Guard Aldi. Aku curiga Beni Hitman."",""label_intent"":""offend"",""target"":[{""pemain"":""Beni"",""relasi"":""offend""}]},{""pengirim"":""Beni"",""teks_chat"":""Aku salah menyebut nama, bukan Hitman. Yang benar Dodi."",""label_intent"":""defend"",""target"":[{""pemain"":""Beni"",""relasi"":""defend""}]},{""pengirim"":""Aldi"",""teks_chat"":""Aku tetap curiga Beni Hitman karena klaim target berubah."",""label_intent"":""offend"",""target"":[{""pemain"":""Beni"",""relasi"":""offend""}]},{""pengirim"":""Beni"",""teks_chat"":""Aku bukan Hitman, koreksiku sudah jelas."",""label_intent"":""defend"",""target"":[{""pemain"":""Beni"",""relasi"":""defend""}]}]","[""Aldi"",""Beni"",""Cici"",""Dodi""]","[{""pemain"":""Beni"",""relasi"":""offend""}]"
Elly,Feelingku kamu pelakunya. Aku memilih vote kamu.,offend,[],"[""Elly"",""Faisal""]","[{""pemain"":""tidak_diketahui"",""relasi"":""offend""}]"
Doni,Mereka berdua pasti sekongkol sebagai Hitman. Vote mereka!,offend,"[{""pengirim"":""Andi"",""teks_chat"":""Budi dan Cici, ada klaim role yang ingin disampaikan?"",""label_intent"":""neutral"",""target"":[]},{""pengirim"":""Budi"",""teks_chat"":""Aku klaim Civilian."",""label_intent"":""neutral"",""target"":[]},{""pengirim"":""Cici"",""teks_chat"":""Aku dan Budi bukan Hitman."",""label_intent"":""defend"",""target"":[{""pemain"":""Cici"",""relasi"":""defend""},{""pemain"":""Budi"",""relasi"":""defend""}]},{""pengirim"":""Doni"",""teks_chat"":""Aku curiga Budi dan Cici Hitman karena saling membela tanpa alasan."",""label_intent"":""offend"",""target"":[{""pemain"":""Budi"",""relasi"":""offend""},{""pemain"":""Cici"",""relasi"":""offend""}]},{""pengirim"":""Budi"",""teks_chat"":""Aku dan Cici bukan Hitman, tuduhan itu belum terbukti."",""label_intent"":""defend"",""target"":[{""pemain"":""Budi"",""relasi"":""defend""},{""pemain"":""Cici"",""relasi"":""defend""}]},{""pengirim"":""Andi"",""teks_chat"":""Aku juga curiga kalian berdua Hitman."",""label_intent"":""offend"",""target"":[{""pemain"":""Budi"",""relasi"":""offend""},{""pemain"":""Cici"",""relasi"":""offend""}]},{""pengirim"":""Cici"",""teks_chat"":""Aku dan Budi menolak tuduhan itu."",""label_intent"":""defend"",""target"":[{""pemain"":""Cici"",""relasi"":""defend""},{""pemain"":""Budi"",""relasi"":""defend""}]}]","[""Andi"",""Budi"",""Cici"",""Doni""]","[{""pemain"":""Budi"",""relasi"":""offend""},{""pemain"":""Cici"",""relasi"":""offend""}]"
Hani,Ada yang ingin membagikan klaim pilihan skill semalam?,neutral,"[{""pengirim"":""Fajar"",""teks_chat"":""Gilang diam terus, aku curiga dia Hitman."",""label_intent"":""offend"",""target"":[{""pemain"":""Gilang"",""relasi"":""offend""}]},{""pengirim"":""Gilang"",""teks_chat"":""Aku lagi mikir aja kok."",""label_intent"":""defend"",""target"":[{""pemain"":""Gilang"",""relasi"":""defend""}]},{""pengirim"":""Hani"",""teks_chat"":""Mikir apa ngeles tuh?"",""label_intent"":""offend"",""target"":[{""pemain"":""Gilang"",""relasi"":""offend""}]},{""pengirim"":""Ivan"",""teks_chat"":""Iya, pasif banget mencurigakan."",""label_intent"":""offend"",""target"":[{""pemain"":""Gilang"",""relasi"":""offend""}]},{""pengirim"":""Fajar"",""teks_chat"":""Vote aja Gilang biar aman."",""label_intent"":""offend"",""target"":[{""pemain"":""Gilang"",""relasi"":""offend""}]},{""pengirim"":""Gilang"",""teks_chat"":""Jangan, aku civilian tulen."",""label_intent"":""defend"",""target"":[{""pemain"":""Gilang"",""relasi"":""defend""}]},{""pengirim"":""Hani"",""teks_chat"":""Gak percaya aku."",""label_intent"":""offend"",""target"":[{""pemain"":""Gilang"",""relasi"":""offend""}]},{""pengirim"":""Ivan"",""teks_chat"":""Bener, buktikan kalau bukan."",""label_intent"":""offend"",""target"":[{""pemain"":""Gilang"",""relasi"":""offend""}]},{""pengirim"":""Fajar"",""teks_chat"":""Udah buang aja mumpung masih ada waktu."",""label_intent"":""offend"",""target"":[{""pemain"":""Gilang"",""relasi"":""offend""}]},{""pengirim"":""Gilang"",""teks_chat"":""Aku bukan Hitman, kalian menuduh tanpa bukti."",""label_intent"":""defend"",""target"":[{""pemain"":""Gilang"",""relasi"":""defend""}]}]","[""Fajar"",""Gilang"",""Hani"",""Ivan""]",[]
Jaka,"Pagi, teman-teman. Kita mulai dari klaim role dulu atau langsung diskusi?",neutral,[],"[""Jaka""]",[]
Ojan,"Menurutku Lusi dan Maman emang beneran panik karena timer doang sih, jangan asal nuduh mereka.",defend,"[{""pengirim"":""Kiki"",""teks_chat"":""Lusi dan Maman mengubah ajakan vote saat waktu hampir habis. Aku curiga mereka Hitman."",""label_intent"":""offend"",""target"":[{""pemain"":""Lusi"",""relasi"":""offend""},{""pemain"":""Maman"",""relasi"":""offend""}]},{""pengirim"":""Nando"",""teks_chat"":""Iya, mencurigakan banget mereka."",""label_intent"":""offend"",""target"":[{""pemain"":""Lusi"",""relasi"":""offend""},{""pemain"":""Maman"",""relasi"":""offend""}]},{""pengirim"":""Lusi"",""teks_chat"":""Aku bukan Hitman, aku berubah pikiran setelah membaca alasan lain."",""label_intent"":""defend"",""target"":[{""pemain"":""Lusi"",""relasi"":""defend""}]},{""pengirim"":""Kiki"",""teks_chat"":""Alasan aja lu."",""label_intent"":""offend"",""target"":[{""pemain"":""Lusi"",""relasi"":""offend""}]},{""pengirim"":""Maman"",""teks_chat"":""Aku dan Lusi bukan Hitman. Aku mengikuti alasan yang Lusi bagikan di chat."",""label_intent"":""defend"",""target"":[{""pemain"":""Maman"",""relasi"":""defend""},{""pemain"":""Lusi"",""relasi"":""defend""}]},{""pengirim"":""Nando"",""teks_chat"":""Udah kelihatan kalau kalian berdua emang sekongkol."",""label_intent"":""offend"",""target"":[{""pemain"":""Lusi"",""relasi"":""offend""},{""pemain"":""Maman"",""relasi"":""offend""}]}]","[""Kiki"",""Lusi"",""Maman"",""Nando"",""Ojan""]","[{""pemain"":""Lusi"",""relasi"":""defend""},{""pemain"":""Maman"",""relasi"":""defend""}]"
Rara,"Tadi si Putri bilang 'Qori itu pasti hitman', padahal menurutku Qori emang lagi ngelag beneran dari tadi kok.",defend,"[{""pengirim"":""Putri"",""teks_chat"":""Qori itu pasti hitman soalnya bales chatnya sering kepotong."",""label_intent"":""offend"",""target"":[{""pemain"":""Qori"",""relasi"":""offend""}]},{""pengirim"":""Qori"",""teks_chat"":""Sinyalku emang lagi jelek banget ini."",""label_intent"":""defend"",""target"":[{""pemain"":""Qori"",""relasi"":""defend""}]}]","[""Putri"",""Qori"",""Rara""]","[{""pemain"":""Qori"",""relasi"":""defend""}]"
Siska,"Setuju, Tono dan Umar ini fix pelakunya karena kompak ngilang pas ditanya, mending kita singkirkan saja mereka.",offend,"[{""pengirim"":""Siska"",""teks_chat"":""Tono dan Umar lambat membalas, aku curiga mereka Hitman."",""label_intent"":""offend"",""target"":[{""pemain"":""Tono"",""relasi"":""offend""},{""pemain"":""Umar"",""relasi"":""offend""}]},{""pengirim"":""Tono"",""teks_chat"":""Aku bukan Hitman, sinyalku jelek."",""label_intent"":""defend"",""target"":[{""pemain"":""Tono"",""relasi"":""defend""}]},{""pengirim"":""Umar"",""teks_chat"":""Aku juga bukan Hitman, koneksiku bermasalah."",""label_intent"":""defend"",""target"":[{""pemain"":""Umar"",""relasi"":""defend""}]},{""pengirim"":""Vina"",""teks_chat"":""Kok bisa pas banget kalian berdua ngelag barengan?"",""label_intent"":""offend"",""target"":[{""pemain"":""Tono"",""relasi"":""offend""},{""pemain"":""Umar"",""relasi"":""offend""}]},{""pengirim"":""Siska"",""teks_chat"":""Pasti lagi atur strategi di belakang kita nih."",""label_intent"":""offend"",""target"":[{""pemain"":""Tono"",""relasi"":""offend""},{""pemain"":""Umar"",""relasi"":""offend""}]},{""pengirim"":""Tono"",""teks_chat"":""Aku bukan pelakunya, koneksiku memang bermasalah."",""label_intent"":""defend"",""target"":[{""pemain"":""Tono"",""relasi"":""defend""}]},{""pengirim"":""Umar"",""teks_chat"":""Aku bukan Hitman, cari bukti dulu sebelum menuduh."",""label_intent"":""defend"",""target"":[{""pemain"":""Umar"",""relasi"":""defend""}]},{""pengirim"":""Vina"",""teks_chat"":""Gak usah dengerin alasan mereka, udah basi."",""label_intent"":""offend"",""target"":[{""pemain"":""Tono"",""relasi"":""offend""},{""pemain"":""Umar"",""relasi"":""offend""}]}]","[""Siska"",""Tono"",""Umar"",""Vina""]","[{""pemain"":""Tono"",""relasi"":""offend""},{""pemain"":""Umar"",""relasi"":""offend""}]"
Xena,Yanto dan Zaki belum membagikan klaim skill semalam.,neutral,"[{""pengirim"":""Wawan"",""teks_chat"":""Malam tadi ada kejadian apa aja?"",""label_intent"":""neutral"",""target"":[]}]","[""Wawan"",""Xena"",""Yanto"",""Zaki""]",[]
Aldo,"Aku yakin dia bukan Hitman, jangan vote dia tanpa bukti.",defend,[],"[""Aldo"",""Beno""]","[{""pemain"":""tidak_diketahui"",""relasi"":""defend""}]"
Bima,"Aku bukan Hitman, jangan langsung memilihku.",defend,[],"[""Bima"",""Citra""]","[{""pemain"":""Bima"",""relasi"":""defend""}]"
Citra,"Aku curiga kamu Hitman, aku ingin vote kamu.",offend,[],"[""Citra"",""Doni""]","[{""pemain"":""tidak_diketahui"",""relasi"":""offend""}]"
Doni,"Budi memang selalu pasif pada awal permainan, dia wajar saja.",defend,"[{""pengirim"":""Rina"",""teks_chat"":""Budi dari tadi diam terus, sepertinya dia pelakunya."",""label_intent"":""offend"",""target"":[{""pemain"":""Budi"",""relasi"":""offend""}]},{""pengirim"":""Budi"",""teks_chat"":""Aku tidak pasif, aku sedang membaca ulang percakapan sebelumnya."",""label_intent"":""defend"",""target"":[{""pemain"":""Budi"",""relasi"":""defend""}]}]","[""Rina"",""Budi"",""Doni""]","[{""pemain"":""Budi"",""relasi"":""defend""}]"
Hasan,Masa sih Tomi adalah Hitman hanya karena pesannya telat masuk?,defend,"[{""pengirim"":""Tomi"",""teks_chat"":""Halo semua, apakah ada yang sudah menemukan petunjuk?"",""label_intent"":""neutral"",""target"":[]},{""pengirim"":""Siti"",""teks_chat"":""Belum ada, situasi masih sangat sepi."",""label_intent"":""neutral"",""target"":[]},{""pengirim"":""Hasan"",""teks_chat"":""Tomi, kamu dari tadi mengetik tetapi pesannya terpotong."",""label_intent"":""neutral"",""target"":[]},{""pengirim"":""Tomi"",""teks_chat"":""Sinyal aku jelek sepertinya hari ini."",""label_intent"":""neutral"",""target"":[]},{""pengirim"":""Rika"",""teks_chat"":""Tomi, aku curiga kamu Hitman yang memakai alasan sinyal."",""label_intent"":""offend"",""target"":[{""pemain"":""Tomi"",""relasi"":""offend""}]},{""pengirim"":""Tomi"",""teks_chat"":""Aku berkata jujur, pesan aku sangat lambat terkirim."",""label_intent"":""defend"",""target"":[{""pemain"":""Tomi"",""relasi"":""defend""}]},{""pengirim"":""Siti"",""teks_chat"":""Hitman biasanya mencari alasan seperti itu untuk menghindari diskusi."",""label_intent"":""offend"",""target"":[{""pemain"":""Tomi"",""relasi"":""offend""}]},{""pengirim"":""Hasan"",""teks_chat"":""Jangan vote dia hanya karena lambat membalas."",""label_intent"":""defend"",""target"":[{""pemain"":""Tomi"",""relasi"":""defend""}]},{""pengirim"":""Rika"",""teks_chat"":""Tetapi respons Tomi yang sangat lambat ini mencurigakan."",""label_intent"":""offend"",""target"":[{""pemain"":""Tomi"",""relasi"":""offend""}]},{""pengirim"":""Tomi"",""teks_chat"":""Aku sedang mencoba berpindah tempat untuk mencari sinyal."",""label_intent"":""defend"",""target"":[{""pemain"":""Tomi"",""relasi"":""defend""}]},{""pengirim"":""Siti"",""teks_chat"":""Terserah kamu, aku tetap merasa kamu pelakunya."",""label_intent"":""offend"",""target"":[{""pemain"":""Tomi"",""relasi"":""offend""}]},{""pengirim"":""Rika"",""teks_chat"":""Ayo kita sepakat untuk menominasikan Tomi saja sekarang."",""label_intent"":""offend"",""target"":[{""pemain"":""Tomi"",""relasi"":""offend""}]}]","[""Tomi"",""Siti"",""Hasan"",""Rika""]","[{""pemain"":""Tomi"",""relasi"":""defend""}]"
Joko,"Aku yakin bukan Tari, respons cepat itu wajar untuk seorang Civilian.",defend,"[{""pengirim"":""Joko"",""teks_chat"":""Sepertinya Tari pelakunya pada putaran ini."",""label_intent"":""offend"",""target"":[{""pemain"":""Tari"",""relasi"":""offend""}]},{""pengirim"":""Tari"",""teks_chat"":""Enak saja, aku bukan Hitman!"",""label_intent"":""defend"",""target"":[{""pemain"":""Tari"",""relasi"":""defend""}]},{""pengirim"":""Kiki"",""teks_chat"":""Tari, pembelaan kamu cepat sekali, sangat mencurigakan."",""label_intent"":""offend"",""target"":[{""pemain"":""Tari"",""relasi"":""offend""}]},{""pengirim"":""Tari"",""teks_chat"":""Tentu saja aku membela diri karena aku memang tidak bersalah."",""label_intent"":""defend"",""target"":[{""pemain"":""Tari"",""relasi"":""defend""}]}]","[""Joko"",""Tari"",""Kiki""]","[{""pemain"":""Tari"",""relasi"":""defend""}]"
Sari,"Aku klaim Civilian, dari tadi cuma merhatiin tuduhan kalian yang ganti-ganti.",neutral,"[{""pengirim"":""Lina"",""teks_chat"":""Bagas pasti Hitman, dia diam saja dari tadi."",""label_intent"":""offend"",""target"":[{""pemain"":""Bagas"",""relasi"":""offend""}]},{""pengirim"":""Bagas"",""teks_chat"":""Aku sedang mengamati obrolan kalian dengan saksama."",""label_intent"":""defend"",""target"":[{""pemain"":""Bagas"",""relasi"":""defend""}]},{""pengirim"":""Lina"",""teks_chat"":""Kalau begitu, Deni yang pelakunya!"",""label_intent"":""offend"",""target"":[{""pemain"":""Deni"",""relasi"":""offend""}]},{""pengirim"":""Deni"",""teks_chat"":""Kenapa tiba-tiba kamu menuduh aku?"",""label_intent"":""defend"",""target"":[{""pemain"":""Deni"",""relasi"":""defend""}]},{""pengirim"":""Sari"",""teks_chat"":""Lina berganti tuduhan tanpa alasan, aku curiga dia Hitman."",""label_intent"":""offend"",""target"":[{""pemain"":""Lina"",""relasi"":""offend""}]},{""pengirim"":""Bagas"",""teks_chat"":""Aku setuju, Lina sepertinya mencoba mencari korban secara sembarangan."",""label_intent"":""offend"",""target"":[{""pemain"":""Lina"",""relasi"":""offend""}]},{""pengirim"":""Lina"",""teks_chat"":""Aku hanya memancing reaksi kalian saja."",""label_intent"":""defend"",""target"":[{""pemain"":""Lina"",""relasi"":""defend""}]},{""pengirim"":""Deni"",""teks_chat"":""Alasan yang sangat klasik, Lina."",""label_intent"":""offend"",""target"":[{""pemain"":""Lina"",""relasi"":""offend""}]}]","[""Lina"",""Bagas"",""Deni"",""Sari""]",[]
Fani,"Aku setuju, perkataannya memang mencla-mencle sejak awal permainan.",offend,"[{""pengirim"":""Edo"",""teks_chat"":""Aku curiga Fani Hitman karena banyak bertanya tanpa memberi pendapat."",""label_intent"":""offend"",""target"":[{""pemain"":""Fani"",""relasi"":""offend""}]},{""pengirim"":""Fani"",""teks_chat"":""Aku bukan Hitman, aku cuma ingin memahami informasi."",""label_intent"":""defend"",""target"":[{""pemain"":""Fani"",""relasi"":""defend""}]},{""pengirim"":""Gilang"",""teks_chat"":""Edo, tadi kamu bilang Fani aman, kenapa sekarang malah menuduh?"",""label_intent"":""offend"",""target"":[{""pemain"":""Edo"",""relasi"":""offend""}]},{""pengirim"":""Edo"",""teks_chat"":""Aku sama sekali tidak pernah bilang Fani aman."",""label_intent"":""defend"",""target"":[{""pemain"":""Edo"",""relasi"":""defend""}]},{""pengirim"":""Hana"",""teks_chat"":""Edo berbohong, aku juga membaca saat kamu bilang Fani aman sebelumnya."",""label_intent"":""offend"",""target"":[{""pemain"":""Edo"",""relasi"":""offend""}]},{""pengirim"":""Fani"",""teks_chat"":""Ucapan Edo bertentangan dengan dirinya sendiri, dia pasti Hitman."",""label_intent"":""offend"",""target"":[{""pemain"":""Edo"",""relasi"":""offend""}]},{""pengirim"":""Edo"",""teks_chat"":""Kalian salah paham dengan maksud ucapan aku sebelumnya."",""label_intent"":""defend"",""target"":[{""pemain"":""Edo"",""relasi"":""defend""}]},{""pengirim"":""Gilang"",""teks_chat"":""Tidak ada yang salah paham, perkataan kamu jelas berubah."",""label_intent"":""offend"",""target"":[{""pemain"":""Edo"",""relasi"":""offend""}]},{""pengirim"":""Hana"",""teks_chat"":""Ayo kumpulin suara buat Edo aja."",""label_intent"":""offend"",""target"":[{""pemain"":""Edo"",""relasi"":""offend""}]}]","[""Edo"",""Fani"",""Gilang"",""Hana""]","[{""pemain"":""Edo"",""relasi"":""offend""}]"
Ivan,"Aku rasa Kaila bukan pelakunya, kita jangan terburu-buru mengambil keputusan.",defend,"[{""pengirim"":""Ivan"",""teks_chat"":""Aku sangat curiga kepada Jamil, dia terus memojokkan orang lain."",""label_intent"":""offend"",""target"":[{""pemain"":""Jamil"",""relasi"":""offend""}]},{""pengirim"":""Jamil"",""teks_chat"":""Aku hanya mencoba berdiskusi dengan baik, Ivan."",""label_intent"":""defend"",""target"":[{""pemain"":""Jamil"",""relasi"":""defend""}]},{""pengirim"":""Kaila"",""teks_chat"":""Jamil memang terlihat sangat agresif hari ini."",""label_intent"":""offend"",""target"":[{""pemain"":""Jamil"",""relasi"":""offend""}]},{""pengirim"":""Lestari"",""teks_chat"":""Guys, aku mau ngaku, aku Stalker."",""label_intent"":""neutral"",""target"":[]},{""pengirim"":""Ivan"",""teks_chat"":""Lestari, siapa pemain yang sudah kamu periksa semalam?"",""label_intent"":""neutral"",""target"":[]},{""pengirim"":""Lestari"",""teks_chat"":""Aku melakukan peek pada Jamil tadi malam."",""label_intent"":""neutral"",""target"":[]},{""pengirim"":""Kaila"",""teks_chat"":""Lalu apa hasil pemeriksaannya?"",""label_intent"":""neutral"",""target"":[]},{""pengirim"":""Lestari"",""teks_chat"":""Jamil aman, dia dipastikan bukan Hitman."",""label_intent"":""defend"",""target"":[{""pemain"":""Jamil"",""relasi"":""defend""}]},{""pengirim"":""Ivan"",""teks_chat"":""Berarti Jamil benar-benar seorang Civilian yang agresif."",""label_intent"":""defend"",""target"":[{""pemain"":""Jamil"",""relasi"":""defend""}]},{""pengirim"":""Jamil"",""teks_chat"":""Terima kasih Lestari, sekarang kita harus mengalihkan fokus pada Kaila."",""label_intent"":""offend"",""target"":[{""pemain"":""Kaila"",""relasi"":""offend""}]}]","[""Ivan"",""Jamil"",""Kaila"",""Lestari""]","[{""pemain"":""Kaila"",""relasi"":""defend""}]"
Mia,"Aku bukan Hitman, aku bisa membalas cepat karena sedang memegang ponsel.",defend,"[{""pengirim"":""Niko"",""teks_chat"":""Mia, pembelaan kamu di putaran lalu terasa terlalu cepat."",""label_intent"":""offend"",""target"":[{""pemain"":""Mia"",""relasi"":""offend""}]}]","[""Mia"",""Niko""]","[{""pemain"":""Mia"",""relasi"":""defend""}]"
Oka,Rudi tampaknya salah membaca pengirim. Aku menolak tuduhan ke Putri berdasarkan pesan itu.,defend,"[{""pengirim"":""Oka"",""teks_chat"":""Ada yang membaca perubahan klaim role Putri?"",""label_intent"":""neutral"",""target"":[]},{""pengirim"":""Putri"",""teks_chat"":""Aku mengaku Civilian dari awal."",""label_intent"":""neutral"",""target"":[]},{""pengirim"":""Rudi"",""teks_chat"":""Putri bohong, tadi dia mengaku Spy. Aku curiga dia Hitman."",""label_intent"":""offend"",""target"":[{""pemain"":""Putri"",""relasi"":""offend""}]},{""pengirim"":""Oka"",""teks_chat"":""Kita cocokkan isi chatnya dulu."",""label_intent"":""neutral"",""target"":[]},{""pengirim"":""Putri"",""teks_chat"":""Aku bukan Hitman. Pesan klaim Spy itu bukan tulisanku."",""label_intent"":""defend"",""target"":[{""pemain"":""Putri"",""relasi"":""defend""}]},{""pengirim"":""Rudi"",""teks_chat"":""Aku tetap curiga Putri pelakunya."",""label_intent"":""offend"",""target"":[{""pemain"":""Putri"",""relasi"":""offend""}]}]","[""Oka"",""Putri"",""Rudi""]","[{""pemain"":""Putri"",""relasi"":""defend""}]"
Tika,"Tadi Soni berkata ""Mari kita pilih Umar"", tetapi aku rasa Umar sama sekali tidak mencurigakan.",defend,"[{""pengirim"":""Soni"",""teks_chat"":""Mari kita pilih Umar sekarang juga."",""label_intent"":""offend"",""target"":[{""pemain"":""Umar"",""relasi"":""offend""}]},{""pengirim"":""Tika"",""teks_chat"":""Soni, jangan vote Umar tanpa bukti."",""label_intent"":""defend"",""target"":[{""pemain"":""Umar"",""relasi"":""defend""}]},{""pengirim"":""Umar"",""teks_chat"":""Soni sangat mencurigakan, dia pasti Hitman yang sedang panik."",""label_intent"":""offend"",""target"":[{""pemain"":""Soni"",""relasi"":""offend""}]},{""pengirim"":""Soni"",""teks_chat"":""Aku hanya mengikuti insting, Umar berdiam diri terlalu lama."",""label_intent"":""offend"",""target"":[{""pemain"":""Umar"",""relasi"":""offend""}]},{""pengirim"":""Vina"",""teks_chat"":""Insting Soni belum cukup untuk menuduh Umar."",""label_intent"":""defend"",""target"":[{""pemain"":""Umar"",""relasi"":""defend""}]},{""pengirim"":""Tika"",""teks_chat"":""Kita tidak boleh membuang suara dengan sia-sia."",""label_intent"":""neutral"",""target"":[]},{""pengirim"":""Umar"",""teks_chat"":""Soni terus memaksakan kehendak, mari kita singkirkan dia."",""label_intent"":""offend"",""target"":[{""pemain"":""Soni"",""relasi"":""offend""}]},{""pengirim"":""Soni"",""teks_chat"":""Kalian semua sudah termakan tipu daya Umar."",""label_intent"":""offend"",""target"":[{""pemain"":""Umar"",""relasi"":""offend""}]},{""pengirim"":""Vina"",""teks_chat"":""Aku curiga Soni Hitman karena memaksa vote tanpa alasan."",""label_intent"":""offend"",""target"":[{""pemain"":""Soni"",""relasi"":""offend""}]}]","[""Soni"",""Tika"",""Umar"",""Vina""]","[{""pemain"":""Umar"",""relasi"":""defend""}]"
Wira,"Zaki, kamu belum terbukti Hitman hanya karena sedikit membalas. Aku tarik tuduhanku.",defend,"[{""pengirim"":""Wira"",""teks_chat"":""Zaki diam terus, aku curiga dia Hitman."",""label_intent"":""offend"",""target"":[{""pemain"":""Zaki"",""relasi"":""offend""}]},{""pengirim"":""Yani"",""teks_chat"":""Mungkin dia sengaja menghindari diskusi."",""label_intent"":""offend"",""target"":[{""pemain"":""Zaki"",""relasi"":""offend""}]},{""pengirim"":""Zaki"",""teks_chat"":""Aku bukan Hitman, aku belum sempat membalas banyak pesan."",""label_intent"":""defend"",""target"":[{""pemain"":""Zaki"",""relasi"":""defend""}]},{""pengirim"":""Wira"",""teks_chat"":""Itu alasan saja dari kamu, Zaki."",""label_intent"":""offend"",""target"":[{""pemain"":""Zaki"",""relasi"":""offend""}]},{""pengirim"":""Yani"",""teks_chat"":""Aku curiga dia Hitman yang memakai alasan sibuk untuk menghindar."",""label_intent"":""offend"",""target"":[{""pemain"":""Zaki"",""relasi"":""offend""}]},{""pengirim"":""Zaki"",""teks_chat"":""Tolong percaya sama aku."",""label_intent"":""defend"",""target"":[{""pemain"":""Zaki"",""relasi"":""defend""}]},{""pengirim"":""Wira"",""teks_chat"":""Sulit mempercayai orang yang tidak memberikan informasi apa pun."",""label_intent"":""offend"",""target"":[{""pemain"":""Zaki"",""relasi"":""offend""}]},{""pengirim"":""Yani"",""teks_chat"":""Kita kumpulkan suara untuk Zaki saja."",""label_intent"":""offend"",""target"":[{""pemain"":""Zaki"",""relasi"":""offend""}]},{""pengirim"":""Zaki"",""teks_chat"":""Jangan, aku sungguh bukan pelakunya."",""label_intent"":""defend"",""target"":[{""pemain"":""Zaki"",""relasi"":""defend""}]},{""pengirim"":""Wira"",""teks_chat"":""Buktikan kalau kamu benar-benar tidak bersalah."",""label_intent"":""offend"",""target"":[{""pemain"":""Zaki"",""relasi"":""offend""}]},{""pengirim"":""Yani"",""teks_chat"":""Waktu kita hampir habis, ayo cepat kita putuskan."",""label_intent"":""neutral"",""target"":[]}]","[""Wira"",""Yani"",""Zaki""]","[{""pemain"":""Zaki"",""relasi"":""defend""}]"
Andi,"Aku bukan Hitman, klaim roleku Stalker.",defend,[],"[""Andi"",""Budi"",""Caca""]","[{""pemain"":""Andi"",""relasi"":""defend""}]"
Gita,Aku dan Fani bukan Hitman. Dia menunjukkan lemahnya alasan tuduhan itu.,defend,"[{""pengirim"":""Dina"",""teks_chat"":""Fani cepat membela Gita tanpa alasan, aku curiga keduanya Hitman."",""label_intent"":""offend"",""target"":[{""pemain"":""Fani"",""relasi"":""offend""},{""pemain"":""Gita"",""relasi"":""offend""}]},{""pengirim"":""Eko"",""teks_chat"":""Iya, aneh banget gak sih kelakuannya."",""label_intent"":""offend"",""target"":[{""pemain"":""Fani"",""relasi"":""offend""}]},{""pengirim"":""Fani"",""teks_chat"":""Aku bukan Hitman, aku membela karena tuduhannya belum berdasar."",""label_intent"":""defend"",""target"":[{""pemain"":""Fani"",""relasi"":""defend""}]}]","[""Dina"",""Eko"",""Fani"",""Gita""]","[{""pemain"":""Fani"",""relasi"":""defend""},{""pemain"":""Gita"",""relasi"":""defend""}]"
Ivan,"Masa Lala dianggap Hitman hanya karena diam? Bisa saja ada kendala lain, jangan langsung vote.",defend,"[{""pengirim"":""Heri"",""teks_chat"":""Lala kok diam terus dari tadi, mencurigakan banget."",""label_intent"":""offend"",""target"":[{""pemain"":""Lala"",""relasi"":""offend""}]},{""pengirim"":""Ivan"",""teks_chat"":""Bener, pasif banget mainnya ronde ini."",""label_intent"":""offend"",""target"":[{""pemain"":""Lala"",""relasi"":""offend""}]},{""pengirim"":""Jaka"",""teks_chat"":""Jangan-jangan dia lagi nunggu momen buat beraksi."",""label_intent"":""offend"",""target"":[{""pemain"":""Lala"",""relasi"":""offend""}]},{""pengirim"":""Kiki"",""teks_chat"":""Setuju, vote aja si Lala biar kita aman."",""label_intent"":""offend"",""target"":[{""pemain"":""Lala"",""relasi"":""offend""}]},{""pengirim"":""Maman"",""teks_chat"":""Ayo kumpul vote sebelum waktu diskusinya habis."",""label_intent"":""offend"",""target"":[{""pemain"":""Lala"",""relasi"":""offend""}]}]","[""Heri"",""Ivan"",""Jaka"",""Kiki"",""Lala"",""Maman""]","[{""pemain"":""Lala"",""relasi"":""defend""}]"
Qori,"Aku percaya Miko itu Stalker beneran, jadi menurutku Ojan yg Hitman.",offend,"[{""pengirim"":""Nisa"",""teks_chat"":""Ada yang ingin membagikan hasil Peek?"",""label_intent"":""neutral"",""target"":[]},{""pengirim"":""Miko"",""teks_chat"":""Aku klaim Stalker, hasil Peek-ku menunjukkan Ojan Hitman."",""label_intent"":""offend"",""target"":[{""pemain"":""Ojan"",""relasi"":""offend""}]},{""pengirim"":""Popo"",""teks_chat"":""Ojan sebelumnya mengaku Civilian."",""label_intent"":""neutral"",""target"":[]},{""pengirim"":""Ojan"",""teks_chat"":""Aku Civilian, bukan Hitman."",""label_intent"":""defend"",""target"":[{""pemain"":""Ojan"",""relasi"":""defend""}]},{""pengirim"":""Nisa"",""teks_chat"":""Aku curiga Miko dan Ojan, klaim mereka bertentangan."",""label_intent"":""offend"",""target"":[{""pemain"":""Miko"",""relasi"":""offend""},{""pemain"":""Ojan"",""relasi"":""offend""}]},{""pengirim"":""Miko"",""teks_chat"":""Aku bukan Hitman, Ojan yang Hitman sesuai klaim hasil Peek-ku."",""label_intent"":""offend"",""target"":[{""pemain"":""Miko"",""relasi"":""defend""},{""pemain"":""Ojan"",""relasi"":""offend""}]},{""pengirim"":""Popo"",""teks_chat"":""Klaim keduanya sudah terdengar."",""label_intent"":""neutral"",""target"":[]},{""pengirim"":""Nisa"",""teks_chat"":""Aku lebih curiga Ojan Hitman."",""label_intent"":""offend"",""target"":[{""pemain"":""Ojan"",""relasi"":""offend""}]}]","[""Nisa"",""Ojan"",""Popo"",""Qori"",""Miko""]","[{""pemain"":""Miko"",""relasi"":""defend""},{""pemain"":""Ojan"",""relasi"":""offend""}]"
Sari,"Udahlah, kita vote aja dia karena klaim Spy-nya terbukti palsu.",offend,"[{""pengirim"":""Sari"",""teks_chat"":""Ada klaim skill yang mau dibahas?"",""label_intent"":""neutral"",""target"":[]},{""pengirim"":""Tono"",""teks_chat"":""Aku belum membagikan klaim."",""label_intent"":""neutral"",""target"":[]},{""pengirim"":""Umar"",""teks_chat"":""Aku mau mendengarkan dulu."",""label_intent"":""neutral"",""target"":[]},{""pengirim"":""Vera"",""teks_chat"":""Kayaknya hitman main aman banget ronde ini."",""label_intent"":""neutral"",""target"":[]},{""pengirim"":""Sari"",""teks_chat"":""Mungkin ada yang belum mau membuka role."",""label_intent"":""neutral"",""target"":[]},{""pengirim"":""Tono"",""teks_chat"":""Riko mengaku Spy tetapi juga mengaku memakai Peek. Aku curiga Riko Hitman."",""label_intent"":""offend"",""target"":[{""pemain"":""Riko"",""relasi"":""offend""}]},{""pengirim"":""Umar"",""teks_chat"":""Iya, info yang dia kasih nggak masuk akal sama sekali."",""label_intent"":""offend"",""target"":[{""pemain"":""Riko"",""relasi"":""offend""}]},{""pengirim"":""Vera"",""teks_chat"":""Lah, Spy kok bisa Peek? Aku curiga dia bikin klaim palsu."",""label_intent"":""offend"",""target"":[{""pemain"":""Riko"",""relasi"":""offend""}]},{""pengirim"":""Sari"",""teks_chat"":""Pasti ngarang tuh buat cari perhatian dan alibi."",""label_intent"":""offend"",""target"":[{""pemain"":""Riko"",""relasi"":""offend""}]},{""pengirim"":""Tono"",""teks_chat"":""Sus parah sih kelakuannya dari awal."",""label_intent"":""offend"",""target"":[{""pemain"":""Riko"",""relasi"":""offend""}]},{""pengirim"":""Umar"",""teks_chat"":""Mending kita awasi dia terus."",""label_intent"":""offend"",""target"":[{""pemain"":""Riko"",""relasi"":""offend""}]},{""pengirim"":""Vera"",""teks_chat"":""Vote aja gak sih biar cepat kelar?"",""label_intent"":""offend"",""target"":[{""pemain"":""Riko"",""relasi"":""offend""}]}]","[""Riko"",""Sari"",""Tono"",""Umar"",""Vera""]","[{""pemain"":""Riko"",""relasi"":""offend""}]"
Wawan,"Tunggu dulu, mungkin aja dia cuma masalah jaringan makanya ngelag, bukan sengaja telat balas.",defend,"[{""pengirim"":""Wawan"",""teks_chat"":""Siska lambat membalas, aku curiga dia Hitman."",""label_intent"":""offend"",""target"":[{""pemain"":""Siska"",""relasi"":""offend""}]},{""pengirim"":""Xena"",""teks_chat"":""Iya, dari awal ngetiknya sepotong-sepotong terus."",""label_intent"":""offend"",""target"":[{""pemain"":""Siska"",""relasi"":""offend""}]},{""pengirim"":""Yudi"",""teks_chat"":""Kayaknya lagi mikir keras mau bohong apa ke kita."",""label_intent"":""offend"",""target"":[{""pemain"":""Siska"",""relasi"":""offend""}]},{""pengirim"":""Zara"",""teks_chat"":""Atau lagi sibuk koordinasi di luar game sama temannya."",""label_intent"":""offend"",""target"":[{""pemain"":""Siska"",""relasi"":""offend""}]},{""pengirim"":""Wawan"",""teks_chat"":""Bisa jadi, mencurigakan banget soalnya timingnya."",""label_intent"":""offend"",""target"":[{""pemain"":""Siska"",""relasi"":""offend""}]},{""pengirim"":""Xena"",""teks_chat"":""Fix hitman sih kalau mainnya pasif gini."",""label_intent"":""offend"",""target"":[{""pemain"":""Siska"",""relasi"":""offend""}]},{""pengirim"":""Yudi"",""teks_chat"":""Aku curiga dia pelaku Hostage semalam."",""label_intent"":""offend"",""target"":[{""pemain"":""Siska"",""relasi"":""offend""}]},{""pengirim"":""Zara"",""teks_chat"":""Sudah kelihatan dari gelagatnya yang tidak beres."",""label_intent"":""offend"",""target"":[{""pemain"":""Siska"",""relasi"":""offend""}]},{""pengirim"":""Wawan"",""teks_chat"":""Ayo kumpul vote buat dia sekarang."",""label_intent"":""offend"",""target"":[{""pemain"":""Siska"",""relasi"":""offend""}]},{""pengirim"":""Xena"",""teks_chat"":""Setuju, sebelum dia berulah lagi malam ini."",""label_intent"":""offend"",""target"":[{""pemain"":""Siska"",""relasi"":""offend""}]},{""pengirim"":""Yudi"",""teks_chat"":""Gas vote sekarang biar aman."",""label_intent"":""offend"",""target"":[{""pemain"":""Siska"",""relasi"":""offend""}]},{""pengirim"":""Zara"",""teks_chat"":""Buruan waktunya sudah mau habis."",""label_intent"":""offend"",""target"":[{""pemain"":""Siska"",""relasi"":""offend""}]}]","[""Wawan"",""Xena"",""Yudi"",""Zara"",""Siska""]","[{""pemain"":""Siska"",""relasi"":""defend""}]"
Aldo,Jangan langsung vote dia. Perubahan klaim belum cukup membuktikan dia Hitman.,defend,"[{""pengirim"":""Aldo"",""teks_chat"":""Ada yang berani klaim peran tidak ronde ini?"",""label_intent"":""neutral"",""target"":[]},{""pengirim"":""Bima"",""teks_chat"":""Belum ada yang buka suara nih dari tadi."",""label_intent"":""neutral"",""target"":[]},{""pengirim"":""Citra"",""teks_chat"":""Mending disimpan dulu aja rahasia rolenya."",""label_intent"":""neutral"",""target"":[]},{""pengirim"":""Deni"",""teks_chat"":""Iya biar tidak langsung diincar musuh nanti malam."",""label_intent"":""neutral"",""target"":[]},{""pengirim"":""Aldo"",""teks_chat"":""Ada yang memberi klaim role bertentangan. Aku curiga orang itu Hitman."",""label_intent"":""offend"",""target"":[{""pemain"":""tidak_diketahui"",""relasi"":""offend""}]},{""pengirim"":""Bima"",""teks_chat"":""Info apaan tuh emangnya?"",""label_intent"":""neutral"",""target"":[]},{""pengirim"":""Citra"",""teks_chat"":""Dia awalnya mengaku Civilian lalu Spy, aku curiga klaimnya palsu."",""label_intent"":""offend"",""target"":[{""pemain"":""tidak_diketahui"",""relasi"":""offend""}]},{""pengirim"":""Deni"",""teks_chat"":""Wah parah, berarti ngasih info palsu dong."",""label_intent"":""offend"",""target"":[{""pemain"":""tidak_diketahui"",""relasi"":""offend""}]},{""pengirim"":""Aldo"",""teks_chat"":""Sengaja mau menyesatkan kita itu pasti."",""label_intent"":""offend"",""target"":[{""pemain"":""tidak_diketahui"",""relasi"":""offend""}]},{""pengirim"":""Bima"",""teks_chat"":""Siapa yang mengubah klaim di chat tadi?"",""label_intent"":""neutral"",""target"":[]},{""pengirim"":""Citra"",""teks_chat"":""Pemain yang sebelumnya mengaku Civilian itu. Aku curiga dia Hitman."",""label_intent"":""offend"",""target"":[{""pemain"":""tidak_diketahui"",""relasi"":""offend""}]},{""pengirim"":""Deni"",""teks_chat"":""Tino yang dimaksud. Aku juga curiga Tino Hitman karena klaimnya berubah."",""label_intent"":""offend"",""target"":[{""pemain"":""Tino"",""relasi"":""offend""}]}]","[""Aldo"",""Bima"",""Citra"",""Deni"",""Tino""]","[{""pemain"":""Tino"",""relasi"":""defend""}]"
Budi,"Aku tarik tuduhan. Perubahan klaim belum membuktikan dia Hitman, mungkin tadi salah ketik.",defend,"[{""pengirim"":""Budi"",""teks_chat"":""Aku curiga dia Hitman karena perubahan klaim itu."",""label_intent"":""offend"",""target"":[{""pemain"":""Umar"",""relasi"":""offend""}]},{""pengirim"":""Caca"",""teks_chat"":""Aku juga curiga dia Hitman karena klaimnya berubah."",""label_intent"":""offend"",""target"":[{""pemain"":""Umar"",""relasi"":""offend""}]},{""pengirim"":""Dedi"",""teks_chat"":""Benar, menurutku dia mengarang role untuk cari aman."",""label_intent"":""offend"",""target"":[{""pemain"":""Umar"",""relasi"":""offend""}]},{""pengirim"":""Eko"",""teks_chat"":""Sengaja banget ngasih info sesat biar kita bingung."",""label_intent"":""offend"",""target"":[{""pemain"":""Umar"",""relasi"":""offend""}]},{""pengirim"":""Fani"",""teks_chat"":""Mencurigakan sekali kelakuannya."",""label_intent"":""offend"",""target"":[{""pemain"":""Umar"",""relasi"":""offend""}]},{""pengirim"":""Agus"",""teks_chat"":""Berarti dia bohong soal role yang diklaim."",""label_intent"":""offend"",""target"":[{""pemain"":""Umar"",""relasi"":""offend""}]},{""pengirim"":""Budi"",""teks_chat"":""Sudah pasti hitman yang lagi menyamar itu mah."",""label_intent"":""offend"",""target"":[{""pemain"":""Umar"",""relasi"":""offend""}]},{""pengirim"":""Caca"",""teks_chat"":""Masa sih dia senekat itu bohong terang-terangan?"",""label_intent"":""defend"",""target"":[{""pemain"":""Umar"",""relasi"":""defend""}]},{""pengirim"":""Dedi"",""teks_chat"":""Ya namanya juga usaha nyari alibi biar tidak dituduh."",""label_intent"":""offend"",""target"":[{""pemain"":""Umar"",""relasi"":""offend""}]},{""pengirim"":""Eko"",""teks_chat"":""Mending kita sepakat vote dia aja sekarang biar aman."",""label_intent"":""offend"",""target"":[{""pemain"":""Umar"",""relasi"":""offend""}]},{""pengirim"":""Fani"",""teks_chat"":""Setuju, singkirkan aja sebelum bahaya."",""label_intent"":""offend"",""target"":[{""pemain"":""Umar"",""relasi"":""offend""}]},{""pengirim"":""Agus"",""teks_chat"":""Ayo buruan divote mumpung waktunya masih ada."",""label_intent"":""offend"",""target"":[{""pemain"":""Umar"",""relasi"":""offend""}]}]","[""Agus"",""Budi"",""Caca"",""Dedi"",""Eko"",""Fani"",""Umar""]","[{""pemain"":""Umar"",""relasi"":""defend""}]"
Vera,Wawan dan Yudi juga bilang pesan mereka lambat terkirim.,neutral,"[{""pengirim"":""Sari"",""teks_chat"":""Ini kenapa pada lama banget balasnya sih?"",""label_intent"":""neutral"",""target"":[]},{""pengirim"":""Tono"",""teks_chat"":""Iya dari tadi pesanku tidak dibalas sama sekali."",""label_intent"":""neutral"",""target"":[]},{""pengirim"":""Sari"",""teks_chat"":""Koneksiku juga agak bermasalah nih kayaknya."",""label_intent"":""neutral"",""target"":[]}]","[""Sari"",""Tono"",""Vera"",""Wawan"",""Yudi""]",[]
Andi,"aku Stalker, semalam sudah peek si B dan dia bukan Hitman, jangan ikut vote dia",defend,[],"[""Andi"",""B""]","[{""pemain"":""B"",""relasi"":""defend""}]"
Doni,"Eh, sebelum vote, ada yang punya info lain soal semalam?",neutral,"[{""pengirim"":""Andi"",""teks_chat"":""Caca diam terus, aku curiga dia Hitman."",""label_intent"":""offend"",""target"":[{""pemain"":""Caca"",""relasi"":""offend""}]},{""pengirim"":""Budi"",""teks_chat"":""Iya, jangan-jangan dia Hitman yang lagi sembunyi."",""label_intent"":""offend"",""target"":[{""pemain"":""Caca"",""relasi"":""offend""}]},{""pengirim"":""Caca"",""teks_chat"":""Aku bukan Hitman, tadi belum sempat membalas."",""label_intent"":""defend"",""target"":[{""pemain"":""Caca"",""relasi"":""defend""}]},{""pengirim"":""Andi"",""teks_chat"":""Alasan doang lu, pasti bohong."",""label_intent"":""offend"",""target"":[{""pemain"":""Caca"",""relasi"":""offend""}]},{""pengirim"":""Budi"",""teks_chat"":""Udah vote aja Caca biar cepat selesai."",""label_intent"":""offend"",""target"":[{""pemain"":""Caca"",""relasi"":""offend""}]}]","[""Andi"",""Budi"",""Caca"",""Doni""]",[]
Vina,"Eko dan Rina belum terbukti Hitman hanya karena mengubah klaim, jangan langsung vote.",defend,"[{""pengirim"":""Soni"",""teks_chat"":""Eko dan Rina awalnya klaim Civilian lalu mengaku Spy. Aku curiga mereka Hitman."",""label_intent"":""offend"",""target"":[{""pemain"":""Eko"",""relasi"":""offend""},{""pemain"":""Rina"",""relasi"":""offend""}]},{""pengirim"":""Tika"",""teks_chat"":""Iya, mereka berdua ucapannya mencla-mencle dari tadi."",""label_intent"":""offend"",""target"":[{""pemain"":""Eko"",""relasi"":""offend""},{""pemain"":""Rina"",""relasi"":""offend""}]},{""pengirim"":""Eko"",""teks_chat"":""Aku dan Rina bukan Hitman, tadi belum ingin membuka role."",""label_intent"":""defend"",""target"":[{""pemain"":""Eko"",""relasi"":""defend""},{""pemain"":""Rina"",""relasi"":""defend""}]},{""pengirim"":""Umar"",""teks_chat"":""Alasan klasik, pasti lagi ngarang cerita dadakan."",""label_intent"":""offend"",""target"":[{""pemain"":""Eko"",""relasi"":""offend""},{""pemain"":""Rina"",""relasi"":""offend""}]},{""pengirim"":""Rina"",""teks_chat"":""Aku dan Eko bukan Hitman. Perubahan klaim itu bukan bukti."",""label_intent"":""defend"",""target"":[{""pemain"":""Eko"",""relasi"":""defend""},{""pemain"":""Rina"",""relasi"":""defend""}]},{""pengirim"":""Soni"",""teks_chat"":""Jangan percaya, hitman emang suka bikin alasan ganti-ganti."",""label_intent"":""offend"",""target"":[{""pemain"":""Eko"",""relasi"":""offend""},{""pemain"":""Rina"",""relasi"":""offend""}]},{""pengirim"":""Tika"",""teks_chat"":""Fix sih mereka berdua pelakunya yang lagi kerja sama."",""label_intent"":""offend"",""target"":[{""pemain"":""Eko"",""relasi"":""offend""},{""pemain"":""Rina"",""relasi"":""offend""}]},{""pengirim"":""Umar"",""teks_chat"":""Mending vote Eko sama Rina aja ronde ini biar kita aman."",""label_intent"":""offend"",""target"":[{""pemain"":""Eko"",""relasi"":""offend""},{""pemain"":""Rina"",""relasi"":""offend""}]},{""pengirim"":""Soni"",""teks_chat"":""Setuju, bahaya kalau dibiarin bebas."",""label_intent"":""offend"",""target"":[{""pemain"":""Eko"",""relasi"":""offend""},{""pemain"":""Rina"",""relasi"":""offend""}]},{""pengirim"":""Eko"",""teks_chat"":""Aku dan Rina bukan Hitman, tolong dengarkan penjelasan kami."",""label_intent"":""defend"",""target"":[{""pemain"":""Eko"",""relasi"":""defend""},{""pemain"":""Rina"",""relasi"":""defend""}]}]","[""Eko"",""Rina"",""Soni"",""Tika"",""Umar"",""Vina""]","[{""pemain"":""Eko"",""relasi"":""defend""},{""pemain"":""Rina"",""relasi"":""defend""}]"
Edo,"Tenang aja, aku yakin Bila ini bukan Hitman karena dari awal mainnya kelihatan jujur.",defend,"[{""pengirim"":""Agus"",""teks_chat"":""Bila awalnya mengaku Guard Cici lalu Doni, aku curiga dia Hitman."",""label_intent"":""offend"",""target"":[{""pemain"":""Bila"",""relasi"":""offend""}]},{""pengirim"":""Cici"",""teks_chat"":""Aku juga curiga Bila Hitman karena klaim target Guard-nya berubah."",""label_intent"":""offend"",""target"":[{""pemain"":""Bila"",""relasi"":""offend""}]},{""pengirim"":""Bila"",""teks_chat"":""Aku bukan Hitman, tadi salah ketik nama target. Yang benar Cici."",""label_intent"":""defend"",""target"":[{""pemain"":""Bila"",""relasi"":""defend""}]},{""pengirim"":""Doni"",""teks_chat"":""Alasan aja, ucapan yang berubah-ubah gini ciri khas pelaku."",""label_intent"":""offend"",""target"":[{""pemain"":""Bila"",""relasi"":""offend""}]},{""pengirim"":""Edo"",""teks_chat"":""Bisa aja dia emang salah ketik beneran pas lagi panik."",""label_intent"":""defend"",""target"":[{""pemain"":""Bila"",""relasi"":""defend""}]},{""pengirim"":""Agus"",""teks_chat"":""Gak mungkin, kelihatan banget bohongnya dari awal."",""label_intent"":""offend"",""target"":[{""pemain"":""Bila"",""relasi"":""offend""}]},{""pengirim"":""Cici"",""teks_chat"":""Kalau bukan hitman ngapain dia repot-repot ngarang cerita?"",""label_intent"":""offend"",""target"":[{""pemain"":""Bila"",""relasi"":""offend""}]},{""pengirim"":""Bila"",""teks_chat"":""Sumpah aku nggak ngarang, jangan asal nuduh tanpa bukti kuat."",""label_intent"":""defend"",""target"":[{""pemain"":""Bila"",""relasi"":""defend""}]},{""pengirim"":""Doni"",""teks_chat"":""Vote dia saja, aku curiga dia Hitman yang akan memakai Hostage malam nanti."",""label_intent"":""offend"",""target"":[{""pemain"":""Bila"",""relasi"":""offend""}]},{""pengirim"":""Agus"",""teks_chat"":""Setuju, kumpulin vote ke Bila aja sekarang."",""label_intent"":""offend"",""target"":[{""pemain"":""Bila"",""relasi"":""offend""}]},{""pengirim"":""Cici"",""teks_chat"":""Gas aja sebelum waktunya habis."",""label_intent"":""offend"",""target"":[{""pemain"":""Bila"",""relasi"":""offend""}]},{""pengirim"":""Bila"",""teks_chat"":""Tolong percaya sama aku sekali ini aja!"",""label_intent"":""defend"",""target"":[{""pemain"":""Bila"",""relasi"":""defend""}]}]","[""Agus"",""Bila"",""Cici"",""Doni"",""Edo""]","[{""pemain"":""Bila"",""relasi"":""defend""}]"
Gita,"Kamu bilang 'Aku klaim Civilian', padahal sebelumnya Spy. Aku curiga kamu Hitman!",offend,"[{""pengirim"":""Feri"",""teks_chat"":""Aku klaim Civilian."",""label_intent"":""neutral"",""target"":[]},{""pengirim"":""Gita"",""teks_chat"":""Tadi kamu klaim Spy. Aku curiga Feri Hitman krn klaimnya berubah."",""label_intent"":""offend"",""target"":[{""pemain"":""Feri"",""relasi"":""offend""}]},{""pengirim"":""Feri"",""teks_chat"":""Aku bukan Hitman, tadi salah mengetik."",""label_intent"":""defend"",""target"":[{""pemain"":""Feri"",""relasi"":""defend""}]},{""pengirim"":""Hani"",""teks_chat"":""Aku juga curiga Feri Hitman karena klaimnya berubah."",""label_intent"":""offend"",""target"":[{""pemain"":""Feri"",""relasi"":""offend""}]},{""pengirim"":""Iwan"",""teks_chat"":""Aku mendukung tuduhan itu."",""label_intent"":""offend"",""target"":[{""pemain"":""Feri"",""relasi"":""offend""}]}]","[""Feri"",""Gita"",""Hani"",""Iwan""]","[{""pemain"":""Feri"",""relasi"":""offend""}]"
Nando,Joko dan Kiki sudah membagikan klaim role belum?,neutral,"[{""pengirim"":""Joko"",""teks_chat"":""Kiki berganti tuduhan tanpa alasan, aku curiga dia Hitman."",""label_intent"":""offend"",""target"":[{""pemain"":""Kiki"",""relasi"":""offend""}]},{""pengirim"":""Lusi"",""teks_chat"":""Iya, tadi dia ngejar aku, sekarang pindah ke Maman."",""label_intent"":""offend"",""target"":[{""pemain"":""Kiki"",""relasi"":""offend""}]},{""pengirim"":""Kiki"",""teks_chat"":""Kan aku dapat info baru, wajar kalau ganti target."",""label_intent"":""defend"",""target"":[{""pemain"":""Kiki"",""relasi"":""defend""}]},{""pengirim"":""Maman"",""teks_chat"":""Info apaan, kamu cuma nebak asal doang kan?"",""label_intent"":""offend"",""target"":[{""pemain"":""Kiki"",""relasi"":""offend""}]},{""pengirim"":""Joko"",""teks_chat"":""Udah kelihatan banget taktik liciknya ronde ini."",""label_intent"":""offend"",""target"":[{""pemain"":""Kiki"",""relasi"":""offend""}]},{""pengirim"":""Lusi"",""teks_chat"":""Bener, nyari kambing hitam dia biar selamat."",""label_intent"":""offend"",""target"":[{""pemain"":""Kiki"",""relasi"":""offend""}]},{""pengirim"":""Kiki"",""teks_chat"":""Aku beneran civilian, aku cuma nyari pelaku asli."",""label_intent"":""defend"",""target"":[{""pemain"":""Kiki"",""relasi"":""defend""}]},{""pengirim"":""Maman"",""teks_chat"":""Kalau civilian harusnya konsisten dong ngasih buktinya."",""label_intent"":""offend"",""target"":[{""pemain"":""Kiki"",""relasi"":""offend""}]},{""pengirim"":""Joko"",""teks_chat"":""Mending kita kumpulin vote aja ke si Kiki ini."",""label_intent"":""offend"",""target"":[{""pemain"":""Kiki"",""relasi"":""offend""}]},{""pengirim"":""Lusi"",""teks_chat"":""Ayo gas, biar gak ribet diskusinya."",""label_intent"":""offend"",""target"":[{""pemain"":""Kiki"",""relasi"":""offend""}]},{""pengirim"":""Kiki"",""teks_chat"":""Kalian ini yang sekongkol jangan-jangan dari tadi."",""label_intent"":""offend"",""target"":[{""pemain"":""Joko"",""relasi"":""offend""},{""pemain"":""Lusi"",""relasi"":""offend""}]},{""pengirim"":""Maman"",""teks_chat"":""Wah mulai nuduh balik dia karena panik."",""label_intent"":""offend"",""target"":[{""pemain"":""Kiki"",""relasi"":""offend""}]}]","[""Joko"",""Lusi"",""Kiki"",""Maman"",""Nando""]",[]
Puji,"Eh, sisa waktu diskusi kita tinggal berapa ya?",neutral,"[{""pengirim"":""Oki"",""teks_chat"":""Puji kok diam aja dari tadi, lu pasti hitmannya ya?"",""label_intent"":""offend"",""target"":[{""pemain"":""Puji"",""relasi"":""offend""}]}]","[""Oki"",""Puji""]",[]
Qori,"Aku curiga banget sama Reno, dia pasti ada niat jahat maksa kita vote gini.",offend,"[{""pengirim"":""Qori"",""teks_chat"":""Reno mengajak vote tanpa alasan, aku curiga dia Hitman."",""label_intent"":""offend"",""target"":[{""pemain"":""Reno"",""relasi"":""offend""}]},{""pengirim"":""Reno"",""teks_chat"":""Aku bukan Hitman, aku ingin kita membuat keputusan."",""label_intent"":""defend"",""target"":[{""pemain"":""Reno"",""relasi"":""defend""}]},{""pengirim"":""Soni"",""teks_chat"":""Kalau vote asal, bisa-bisa yang keluar malah orang baik. Kita bahas buktinya dulu."",""label_intent"":""neutral"",""target"":[]}]","[""Qori"",""Reno"",""Soni""]","[{""pemain"":""Reno"",""relasi"":""offend""}]"
Wawan,Ayo vote dia sebelum waktu habis!,offend,"[{""pengirim"":""Tino"",""teks_chat"":""Udin mengubah klaim role, aku curiga dia Hitman."",""label_intent"":""offend"",""target"":[{""pemain"":""Udin"",""relasi"":""offend""}]},{""pengirim"":""Vira"",""teks_chat"":""Aku jg curiga dia Hitman karena perubahan itu."",""label_intent"":""offend"",""target"":[{""pemain"":""Udin"",""relasi"":""offend""}]},{""pengirim"":""Udin"",""teks_chat"":""Aku bukan Hitman, tadi salah mengetik klaim."",""label_intent"":""defend"",""target"":[{""pemain"":""Udin"",""relasi"":""defend""}]},{""pengirim"":""Wawan"",""teks_chat"":""Aku tetap curiga kamu Hitman, alasanmu belum meyakinkan."",""label_intent"":""offend"",""target"":[{""pemain"":""Udin"",""relasi"":""offend""}]},{""pengirim"":""Udin"",""teks_chat"":""Aku cuma mengoreksi salah ketik, bukan menipu."",""label_intent"":""defend"",""target"":[{""pemain"":""Udin"",""relasi"":""defend""}]},{""pengirim"":""Tino"",""teks_chat"":""Aku tetap ingin vote dia karena klaimnya berubah."",""label_intent"":""offend"",""target"":[{""pemain"":""Udin"",""relasi"":""offend""}]},{""pengirim"":""Vira"",""teks_chat"":""Aku mendukung vote itu."",""label_intent"":""offend"",""target"":[{""pemain"":""Udin"",""relasi"":""offend""}]},{""pengirim"":""Udin"",""teks_chat"":""Aku bukan pelakunya, koreksiku sudah jelas."",""label_intent"":""defend"",""target"":[{""pemain"":""Udin"",""relasi"":""defend""}]},{""pengirim"":""Wawan"",""teks_chat"":""Aku belum percaya, aku curiga dia Hitman."",""label_intent"":""offend"",""target"":[{""pemain"":""Udin"",""relasi"":""offend""}]},{""pengirim"":""Tino"",""teks_chat"":""Aku juga menduga dia pelakunya."",""label_intent"":""offend"",""target"":[{""pemain"":""Udin"",""relasi"":""offend""}]},{""pengirim"":""Vira"",""teks_chat"":""Setuju dengan tuduhan itu."",""label_intent"":""offend"",""target"":[{""pemain"":""Udin"",""relasi"":""offend""}]},{""pengirim"":""Udin"",""teks_chat"":""Sumpah bukan aku pelakunya."",""label_intent"":""defend"",""target"":[{""pemain"":""Udin"",""relasi"":""defend""}]}]","[""Tino"",""Vira"",""Udin"",""Wawan""]","[{""pemain"":""Udin"",""relasi"":""offend""}]"
Yanto,"Ya ampun, kalau kalian emang mau nyari kambing hitam mending vote aku aja sekalian!",offend,"[{""pengirim"":""Xena"",""teks_chat"":""Yanto mengubah klaim tanpa alasan, aku curiga dia Hitman."",""label_intent"":""offend"",""target"":[{""pemain"":""Yanto"",""relasi"":""offend""}]}]","[""Xena"",""Yanto""]","[{""pemain"":""Yanto"",""relasi"":""offend""}]"
Caca,"Btw, waktu diskusi kita sisa berapa detik lagi nih sebelum voting?",neutral,"[{""pengirim"":""Zaki"",""teks_chat"":""Adi balesnya lama bener, jangan-jangan lagi diskusi sama temen hitmannya."",""label_intent"":""offend"",""target"":[{""pemain"":""Adi"",""relasi"":""offend""}]},{""pengirim"":""Adi"",""teks_chat"":""Sori, internet ngelag jadi chatku masuknya pending terus."",""label_intent"":""defend"",""target"":[{""pemain"":""Adi"",""relasi"":""defend""}]},{""pengirim"":""Bima"",""teks_chat"":""Alasan klasik tuh nyalahin internet ngelag."",""label_intent"":""offend"",""target"":[{""pemain"":""Adi"",""relasi"":""offend""}]}]","[""Zaki"",""Adi"",""Bima"",""Caca""]",[]
Rina,"Yud, ngomong-ngomong kamu udah dapet petunjuk baru belum?",neutral,"[{""pengirim"":""Bima"",""teks_chat"":""Yuda menuduh aku lalu Rina tanpa alasan. Aku curiga Yuda Hitman."",""label_intent"":""offend"",""target"":[{""pemain"":""Yuda"",""relasi"":""offend""}]},{""pengirim"":""Yuda"",""teks_chat"":""Kan infonya berkembang terus, Bim."",""label_intent"":""defend"",""target"":[{""pemain"":""Yuda"",""relasi"":""defend""}]},{""pengirim"":""Rina"",""teks_chat"":""Tuduhan yang berubah-ubah gitu biasanya ciri khas Hitman yang lagi panik."",""label_intent"":""offend"",""target"":[{""pemain"":""Yuda"",""relasi"":""offend""}]},{""pengirim"":""Yuda"",""teks_chat"":""Enak aja, aku ini Civilian tulen kok!"",""label_intent"":""defend"",""target"":[{""pemain"":""Yuda"",""relasi"":""defend""}]},{""pengirim"":""Bima"",""teks_chat"":""Pokoknya kelakuan Yuda sus banget hari ini."",""label_intent"":""offend"",""target"":[{""pemain"":""Yuda"",""relasi"":""offend""}]}]","[""Bima"",""Yuda"",""Rina""]",[]
Eko,Sisa waktu diskusi di timer kita masih berapa menit ya?,neutral,"[{""pengirim"":""Doni"",""teks_chat"":""Eko lambat membalas, aku curiga dia Hitman."",""label_intent"":""offend"",""target"":[{""pemain"":""Eko"",""relasi"":""offend""}]},{""pengirim"":""Eko"",""teks_chat"":""Sinyalku jelek banget, makanya wajar kalau telat masuknya."",""label_intent"":""defend"",""target"":[{""pemain"":""Eko"",""relasi"":""defend""}]},{""pengirim"":""Caca"",""teks_chat"":""Alasan sinyal dan chat terpotong itu klise banget buat Hitman."",""label_intent"":""offend"",""target"":[{""pemain"":""Eko"",""relasi"":""offend""}]},{""pengirim"":""Eko"",""teks_chat"":""Beneran, pesanku kepotong terus dari tadi."",""label_intent"":""defend"",""target"":[{""pemain"":""Eko"",""relasi"":""defend""}]},{""pengirim"":""Doni"",""teks_chat"":""Aku setuju sama Caca, si Eko ini patut dicurigai."",""label_intent"":""offend"",""target"":[{""pemain"":""Eko"",""relasi"":""offend""}]},{""pengirim"":""Eko"",""teks_chat"":""Tolong jangan langsung nuduh sembarangan, posisiku aman."",""label_intent"":""defend"",""target"":[{""pemain"":""Eko"",""relasi"":""defend""}]},{""pengirim"":""Caca"",""teks_chat"":""Kita kumpulkan vote buat Eko aja nanti."",""label_intent"":""offend"",""target"":[{""pemain"":""Eko"",""relasi"":""offend""}]}]","[""Doni"",""Eko"",""Caca""]",[]
Fajar,"Aku sendiri klaim Civilian, belum punya info skill untuk dibagikan.",neutral,"[{""pengirim"":""Fajar"",""teks_chat"":""Gita, semalam kamu aktivitasnya ngapain aja?"",""label_intent"":""neutral"",""target"":[]},{""pengirim"":""Gita"",""teks_chat"":""Aku klaim Spy, semalam aku memilih Guard Fajar."",""label_intent"":""neutral"",""target"":[]},{""pengirim"":""Hadi"",""teks_chat"":""Aku curiga Gita Hitman yang membuat klaim palsu."",""label_intent"":""offend"",""target"":[{""pemain"":""Gita"",""relasi"":""offend""}]},{""pengirim"":""Gita"",""teks_chat"":""Aku bukan Hitman, klaim pilihanku benar."",""label_intent"":""defend"",""target"":[{""pemain"":""Gita"",""relasi"":""defend""}]},{""pengirim"":""Fajar"",""teks_chat"":""Aku juga curiga kamu Hitman, penjelasannya belum meyakinkan."",""label_intent"":""offend"",""target"":[{""pemain"":""Gita"",""relasi"":""offend""}]},{""pengirim"":""Gita"",""teks_chat"":""Kalian salah besar kalau nuduh aku yang pelakunya."",""label_intent"":""defend"",""target"":[{""pemain"":""Gita"",""relasi"":""defend""}]},{""pengirim"":""Hadi"",""teks_chat"":""Aku sih yakin aja kalau Gita pelakunya."",""label_intent"":""offend"",""target"":[{""pemain"":""Gita"",""relasi"":""offend""}]},{""pengirim"":""Gita"",""teks_chat"":""Terserah kalian deh kalau emang gak mau percaya."",""label_intent"":""defend"",""target"":[{""pemain"":""Gita"",""relasi"":""defend""}]}]","[""Fajar"",""Gita"",""Hadi""]",[]
Iwan,Agak susah juga ya diskusi kalau belum ada petunjuk sama sekali gini.,neutral,"[{""pengirim"":""Iwan"",""teks_chat"":""Siapa sih pemain yang jadi korban sandera semalam?"",""label_intent"":""neutral"",""target"":[]},{""pengirim"":""Jojo"",""teks_chat"":""Nggak tahu juga, dari tadi belum ada yang ngaku kena."",""label_intent"":""neutral"",""target"":[]}]","[""Iwan"",""Jojo""]",[]
Kiki,"Peranku di sini cuma sebagai Civilian biasa, jadi wajar aku mengulik info sebanyak-banyaknya.",neutral,"[{""pengirim"":""Kiki"",""teks_chat"":""Lani cepat membalas, aku curiga dia Hitman yang sudah menyiapkan alasan."",""label_intent"":""offend"",""target"":[{""pemain"":""Lani"",""relasi"":""offend""}]},{""pengirim"":""Lani"",""teks_chat"":""Aku gak nyiapin apa-apa, emang kebetulan lagi pegang hp aja."",""label_intent"":""defend"",""target"":[{""pemain"":""Lani"",""relasi"":""defend""}]}]","[""Kiki"",""Lani""]",[]
Putri,"Nan, ada info tambahan yang mau dibagikan?",neutral,"[{""pengirim"":""Nando"",""teks_chat"":""Opik diam aja dari tadi, jangan-jangan dia Hitman yang sembunyi."",""label_intent"":""offend"",""target"":[{""pemain"":""Opik"",""relasi"":""offend""}]},{""pengirim"":""Opik"",""teks_chat"":""Aku lagi nyimak bentar, baca riwayat chat dulu."",""label_intent"":""defend"",""target"":[{""pemain"":""Opik"",""relasi"":""defend""}]},{""pengirim"":""Putri"",""teks_chat"":""Aku curiga kamu Hitman karena terlalu lama diam."",""label_intent"":""offend"",""target"":[{""pemain"":""Opik"",""relasi"":""offend""}]},{""pengirim"":""Opik"",""teks_chat"":""Ya masa aku langsung ngetik tanpa tau konteks bahasannya."",""label_intent"":""defend"",""target"":[{""pemain"":""Opik"",""relasi"":""defend""}]},{""pengirim"":""Nando"",""teks_chat"":""Tapi kelakuanmu tetap aja kelewat pasif dibanding yang lain."",""label_intent"":""offend"",""target"":[{""pemain"":""Opik"",""relasi"":""offend""}]},{""pengirim"":""Putri"",""teks_chat"":""Bener banget, orang yang pasif biasanya nyembunyiin identitas jahatnya."",""label_intent"":""offend"",""target"":[{""pemain"":""Opik"",""relasi"":""offend""}]},{""pengirim"":""Opik"",""teks_chat"":""Tolong percaya sama aku, aku ini bukan pelakunya."",""label_intent"":""defend"",""target"":[{""pemain"":""Opik"",""relasi"":""defend""}]},{""pengirim"":""Nando"",""teks_chat"":""Mending kita semua kumpulin info dulu sebelum terburu-buru milih."",""label_intent"":""neutral"",""target"":[]},{""pengirim"":""Putri"",""teks_chat"":""Setuju, lebih baik kita jalani diskusi baik-baik aja."",""label_intent"":""neutral"",""target"":[]},{""pengirim"":""Opik"",""teks_chat"":""Oke, aku lanjut baca chat dulu."",""label_intent"":""neutral"",""target"":[]},{""pengirim"":""Nando"",""teks_chat"":""Waktu timer kita kan masih lumayan panjang buat nyari tahu sisanya."",""label_intent"":""neutral"",""target"":[]}]","[""Nando"",""Opik"",""Putri""]",[]
Rian,"boleh tahu, target pengawalan Spy tadi malam siapa?",neutral,[],"[""Rian""]",[]
Satria,"Aku percaya kamu bukan Hitman, jangan langsung divote.",defend,[],"[""Satria"",""Tomi""]","[{""pemain"":""tidak_diketahui"",""relasi"":""defend""}]"
Tino,"Aku bukan Hitman, jangan menuduhku tanpa alasan.",defend,[],"[""Tino""]","[{""pemain"":""Tino"",""relasi"":""defend""}]"
Tari,"Ucapanku sama sekali gak bertentangan kok, kamu aja yang salah paham mengartikan kalimatku.",defend,"[{""pengirim"":""Surya"",""teks_chat"":""Tari, omonganmu barusan beda sama yang sebelumnya, pasti kamu pelakunya."",""label_intent"":""offend"",""target"":[{""pemain"":""Tari"",""relasi"":""offend""}]}]","[""Surya"",""Tari""]","[{""pemain"":""Tari"",""relasi"":""defend""}]"
Eko,"Nggak setuju, emang servernya lagi jelek koneksinya, aku juga ngerasain hal yang sama kok.",defend,"[{""pengirim"":""Anton"",""teks_chat"":""Budi lambat membalas, aku curiga dia Hitman."",""label_intent"":""offend"",""target"":[{""pemain"":""Budi"",""relasi"":""offend""}]},{""pengirim"":""Caca"",""teks_chat"":""Iya, pasti dia lagi koordinasi sama Hitman lain di luar game."",""label_intent"":""offend"",""target"":[{""pemain"":""Budi"",""relasi"":""offend""}]},{""pengirim"":""Budi"",""teks_chat"":""Sinyalku ngelag parah dari tadi, maaf ya."",""label_intent"":""defend"",""target"":[{""pemain"":""Budi"",""relasi"":""defend""}]},{""pengirim"":""Doni"",""teks_chat"":""Alasan doang itu, lagian pesannya kepotong-potong aneh gitu."",""label_intent"":""offend"",""target"":[{""pemain"":""Budi"",""relasi"":""offend""}]},{""pengirim"":""Anton"",""teks_chat"":""Udah fix Budi pelakunya ini mah."",""label_intent"":""offend"",""target"":[{""pemain"":""Budi"",""relasi"":""offend""}]},{""pengirim"":""Budi"",""teks_chat"":""Beneran, aku sampai relog tadi karena putus nyambung."",""label_intent"":""defend"",""target"":[{""pemain"":""Budi"",""relasi"":""defend""}]},{""pengirim"":""Caca"",""teks_chat"":""Halah, vote aja dia guys!"",""label_intent"":""offend"",""target"":[{""pemain"":""Budi"",""relasi"":""offend""}]},{""pengirim"":""Doni"",""teks_chat"":""Ayo, mumpung masih ada waktu sebelum diskip!"",""label_intent"":""offend"",""target"":[{""pemain"":""Budi"",""relasi"":""offend""}]}]","[""Anton"",""Budi"",""Caca"",""Doni"",""Eko""]","[{""pemain"":""Budi"",""relasi"":""defend""}]"
Gilang,Aku tarik tuduhanku. Membaca chat dan lambat membalas belum membuktikan dia Hitman.,defend,"[{""pengirim"":""Gilang"",""teks_chat"":""Kira-kira siapa ya yang nyandera orang semalam?"",""label_intent"":""neutral"",""target"":[]},{""pengirim"":""Hana"",""teks_chat"":""Aku curiga Fajar Hitman karena menghindari pertanyaan."",""label_intent"":""offend"",""target"":[{""pemain"":""Fajar"",""relasi"":""offend""}]},{""pengirim"":""Gilang"",""teks_chat"":""Bener juga, Fajar diam aja dari awal, pasti dia hitmannya."",""label_intent"":""offend"",""target"":[{""pemain"":""Fajar"",""relasi"":""offend""}]},{""pengirim"":""Fajar"",""teks_chat"":""Aku bukan Hitman, aku sedang membaca ulang chat."",""label_intent"":""defend"",""target"":[{""pemain"":""Fajar"",""relasi"":""defend""}]},{""pengirim"":""Hana"",""teks_chat"":""Itu mah alibi klasik pelaku buat nutupin jejak."",""label_intent"":""offend"",""target"":[{""pemain"":""Fajar"",""relasi"":""offend""}]}]","[""Gilang"",""Hana"",""Fajar""]","[{""pemain"":""Fajar"",""relasi"":""defend""}]"
Iwan,"Ngomong-ngomong, sisa waktu diskusi kita tinggal berapa detik lagi nih?",neutral,"[{""pengirim"":""Iwan"",""teks_chat"":""Joko berganti tuduhan dari Rina ke aku tanpa alasan, aku curiga Joko Hitman."",""label_intent"":""offend"",""target"":[{""pemain"":""Joko"",""relasi"":""offend""}]},{""pengirim"":""Joko"",""teks_chat"":""Karena lu baru aja ngetik sesuatu yang sangat mencurigakan."",""label_intent"":""offend"",""target"":[{""pemain"":""Iwan"",""relasi"":""offend""}]},{""pengirim"":""Rina"",""teks_chat"":""Joko ini emang suka ganti-ganti target, jangan dipercaya omongannya."",""label_intent"":""offend"",""target"":[{""pemain"":""Joko"",""relasi"":""offend""}]}]","[""Iwan"",""Joko"",""Rina""]",[]
Maman,"Oke, aku klaim Spy ya. Guard-ku semalam ke Lia.",neutral,"[{""pengirim"":""Kiki"",""teks_chat"":""Maman mengubah klaim target Guard dari aku ke Lia. Aku curiga dia Hitman."",""label_intent"":""offend"",""target"":[{""pemain"":""Maman"",""relasi"":""offend""}]},{""pengirim"":""Lia"",""teks_chat"":""Iya, mencurigakan banget beda-beda gitu ngomongnya."",""label_intent"":""offend"",""target"":[{""pemain"":""Maman"",""relasi"":""offend""}]},{""pengirim"":""Maman"",""teks_chat"":""Aku salah ketik tadi, maaf aku emang lagi panik."",""label_intent"":""defend"",""target"":[{""pemain"":""Maman"",""relasi"":""defend""}]},{""pengirim"":""Nisa"",""teks_chat"":""Aku curiga dia Hitman karena klaim targetnya berubah."",""label_intent"":""offend"",""target"":[{""pemain"":""Maman"",""relasi"":""offend""}]},{""pengirim"":""Kiki"",""teks_chat"":""Pasti bohong biar alibinya kelihatan pas aja."",""label_intent"":""offend"",""target"":[{""pemain"":""Maman"",""relasi"":""offend""}]},{""pengirim"":""Lia"",""teks_chat"":""Vote Maman aja deh daripada kita pusing."",""label_intent"":""offend"",""target"":[{""pemain"":""Maman"",""relasi"":""offend""}]},{""pengirim"":""Maman"",""teks_chat"":""Aku beneran jujur, kalian jangan asal nuduh tanpa bukti!"",""label_intent"":""defend"",""target"":[{""pemain"":""Maman"",""relasi"":""defend""}]},{""pengirim"":""Nisa"",""teks_chat"":""Buktinya ucapanmu nggak sinkron dari awal ronde ini."",""label_intent"":""offend"",""target"":[{""pemain"":""Maman"",""relasi"":""offend""}]},{""pengirim"":""Kiki"",""teks_chat"":""Ayo kumpul vote buat Maman sekarang!"",""label_intent"":""offend"",""target"":[{""pemain"":""Maman"",""relasi"":""offend""}]},{""pengirim"":""Lia"",""teks_chat"":""Gas, waktunya juga udah mau habis bentar lagi."",""label_intent"":""offend"",""target"":[{""pemain"":""Maman"",""relasi"":""offend""}]}]","[""Kiki"",""Lia"",""Maman"",""Nisa""]",[]
Peni,"Riko bilang 'aku mengubah ajakan setelah membaca argumen Qori'. Qori, argumen yang dimaksud itu yang mana?",neutral,"[{""pengirim"":""Oka"",""teks_chat"":""Riko mengubah ajakan vote di akhir diskusi, aku curiga dia Hitman."",""label_intent"":""offend"",""target"":[{""pemain"":""Riko"",""relasi"":""offend""}]},{""pengirim"":""Peni"",""teks_chat"":""Pasti dia nyoba nyelametin temennya yang sesama hitman."",""label_intent"":""offend"",""target"":[{""pemain"":""Riko"",""relasi"":""offend""}]},{""pengirim"":""Riko"",""teks_chat"":""Aku bukan Hitman, aku mengubah ajakan setelah membaca argumen Qori."",""label_intent"":""defend"",""target"":[{""pemain"":""Riko"",""relasi"":""defend""}]},{""pengirim"":""Qori"",""teks_chat"":""Argumenku belum selesai, aku curiga kamu Hitman yang mencari alasan."",""label_intent"":""offend"",""target"":[{""pemain"":""Riko"",""relasi"":""offend""}]},{""pengirim"":""Oka"",""teks_chat"":""Makanya, kelihatan banget paniknya si Riko ini."",""label_intent"":""offend"",""target"":[{""pemain"":""Riko"",""relasi"":""offend""}]},{""pengirim"":""Peni"",""teks_chat"":""Vote Riko aja langsung ronde ini biar aman."",""label_intent"":""offend"",""target"":[{""pemain"":""Riko"",""relasi"":""offend""}]},{""pengirim"":""Riko"",""teks_chat"":""Aku bukan Hitman, aku memang berubah pikiran soal ajakan vote."",""label_intent"":""defend"",""target"":[{""pemain"":""Riko"",""relasi"":""defend""}]},{""pengirim"":""Oka"",""teks_chat"":""Berubah pikiran apa alesan buat nutupin kedok?"",""label_intent"":""offend"",""target"":[{""pemain"":""Riko"",""relasi"":""offend""}]},{""pengirim"":""Peni"",""teks_chat"":""Udah fix dia pelakunya, buang aja."",""label_intent"":""offend"",""target"":[{""pemain"":""Riko"",""relasi"":""offend""}]},{""pengirim"":""Qori"",""teks_chat"":""Iya, kelakuan Riko emang yang paling sus di sini."",""label_intent"":""offend"",""target"":[{""pemain"":""Riko"",""relasi"":""offend""}]},{""pengirim"":""Oka"",""teks_chat"":""Kayak kata Peni, 'Riko pasti nyoba nyelametin temennya', itu bener banget posisinya."",""label_intent"":""offend"",""target"":[{""pemain"":""Riko"",""relasi"":""offend""}]}]","[""Oka"",""Peni"",""Qori"",""Riko""]",[]
Susi,Ada yang lain yang mau membagikan klaim skill semalam?,neutral,"[{""pengirim"":""Susi"",""teks_chat"":""Tomi, aku curiga kamu Hitman yang memakai klaim Spy palsu."",""label_intent"":""offend"",""target"":[{""pemain"":""Tomi"",""relasi"":""offend""}]},{""pengirim"":""Tomi"",""teks_chat"":""Aku bukan Hitman, aku belum ingin membagikan pilihan Guard."",""label_intent"":""defend"",""target"":[{""pemain"":""Tomi"",""relasi"":""defend""}]}]","[""Susi"",""Tomi""]",[]
Umar,Vina dan Wawan sudah membagikan klaim role masing-masing?,neutral,"[{""pengirim"":""Umar"",""teks_chat"":""Vina, aku curiga kamu Hitman yang membuat klaim Spy palsu."",""label_intent"":""offend"",""target"":[{""pemain"":""Vina"",""relasi"":""offend""}]},{""pengirim"":""Vina"",""teks_chat"":""Aku bukan Hitman, klaimku Spy. Semalam aku Guard Wawan."",""label_intent"":""defend"",""target"":[{""pemain"":""Vina"",""relasi"":""defend""}]},{""pengirim"":""Wawan"",""teks_chat"":""Jangan percaya, dia cuma ngulur waktu biar gak divote."",""label_intent"":""offend"",""target"":[{""pemain"":""Vina"",""relasi"":""offend""}]},{""pengirim"":""Yayan"",""teks_chat"":""Vote Vina aja guys biar tenang."",""label_intent"":""offend"",""target"":[{""pemain"":""Vina"",""relasi"":""offend""}]}]","[""Umar"",""Vina"",""Wawan"",""Yayan""]",[]
Aldo,"Ah alasan aja lu, kelakuan lu udah ketebak mencurigakan dari awal ronde!",offend,"[{""pengirim"":""Aldo"",""teks_chat"":""Candra lama membalas, aku curiga dia Hitman."",""label_intent"":""offend"",""target"":[{""pemain"":""Candra"",""relasi"":""offend""}]},{""pengirim"":""Bimo"",""teks_chat"":""Paling lagi ngatur rencana sama temen hitmannya itu."",""label_intent"":""offend"",""target"":[{""pemain"":""Candra"",""relasi"":""offend""}]},{""pengirim"":""Candra"",""teks_chat"":""Keyboardku agak error dari tadi siang, sori banget kalau putus-putus."",""label_intent"":""defend"",""target"":[{""pemain"":""Candra"",""relasi"":""defend""}]}]","[""Aldo"",""Bimo"",""Candra""]","[{""pemain"":""Candra"",""relasi"":""offend""}]"
Deni,"Oke, klaimmu aku catat dulu.",neutral,"[{""pengirim"":""Deni"",""teks_chat"":""Eka, aku curiga kamu Hitman yang mengaku Spy."",""label_intent"":""offend"",""target"":[{""pemain"":""Eka"",""relasi"":""offend""}]},{""pengirim"":""Eka"",""teks_chat"":""Aku bukan Hitman, aku klaim Spy dan belum ingin membuka pilihan Guard."",""label_intent"":""defend"",""target"":[{""pemain"":""Eka"",""relasi"":""defend""}]}]","[""Deni"",""Eka""]",[]
Joko,"Mending kita jangan nuduh Intan dulu, menurutku justru Fajar yang nuduh asal-asalan buat mecah fokus kita!",offend,"[{""pengirim"":""Fajar"",""teks_chat"":""Intan pasti hitmannya, dia diam aja dari awal ronde."",""label_intent"":""offend"",""target"":[{""pemain"":""Intan"",""relasi"":""offend""}]},{""pengirim"":""Gita"",""teks_chat"":""Hasan cepat membela Intan tanpa alasan, aku curiga keduanya Hitman."",""label_intent"":""offend"",""target"":[{""pemain"":""Hasan"",""relasi"":""offend""},{""pemain"":""Intan"",""relasi"":""offend""}]},{""pengirim"":""Hasan"",""teks_chat"":""Aku bukan Hitman, dan Intan belum terbukti Hitman hanya karena diam."",""label_intent"":""defend"",""target"":[{""pemain"":""Hasan"",""relasi"":""defend""},{""pemain"":""Intan"",""relasi"":""defend""}]},{""pengirim"":""Joko"",""teks_chat"":""Pembelaan yang terlalu instan itu biasanya mereka sekongkol."",""label_intent"":""offend"",""target"":[{""pemain"":""Hasan"",""relasi"":""offend""},{""pemain"":""Intan"",""relasi"":""offend""}]},{""pengirim"":""Intan"",""teks_chat"":""Aku dan Hasan bukan Hitman, tuduhan itu belum terbukti."",""label_intent"":""defend"",""target"":[{""pemain"":""Intan"",""relasi"":""defend""},{""pemain"":""Hasan"",""relasi"":""defend""}]},{""pengirim"":""Fajar"",""teks_chat"":""Itu mah alasan doang buatan kalian berdua."",""label_intent"":""offend"",""target"":[{""pemain"":""Intan"",""relasi"":""offend""},{""pemain"":""Hasan"",""relasi"":""offend""}]},{""pengirim"":""Gita"",""teks_chat"":""Udah ketahuan kedoknya, langsung pada panik gitu."",""label_intent"":""offend"",""target"":[{""pemain"":""Intan"",""relasi"":""offend""},{""pemain"":""Hasan"",""relasi"":""offend""}]},{""pengirim"":""Hasan"",""teks_chat"":""Buktinya apa kalau kami berdua hitman? Gak ada kan?"",""label_intent"":""defend"",""target"":[{""pemain"":""Hasan"",""relasi"":""defend""},{""pemain"":""Intan"",""relasi"":""defend""}]},{""pengirim"":""Joko"",""teks_chat"":""Jawaban kalian saling membela, aku tetap curiga kalian Hitman."",""label_intent"":""offend"",""target"":[{""pemain"":""Intan"",""relasi"":""offend""},{""pemain"":""Hasan"",""relasi"":""offend""}]},{""pengirim"":""Intan"",""teks_chat"":""Aku dan Hasan menolak tuduhan itu, alasan kalian belum cukup."",""label_intent"":""defend"",""target"":[{""pemain"":""Intan"",""relasi"":""defend""},{""pemain"":""Hasan"",""relasi"":""defend""}]},{""pengirim"":""Fajar"",""teks_chat"":""Aku tetap curiga kalian berdua Hitman yang saling membela."",""label_intent"":""offend"",""target"":[{""pemain"":""Intan"",""relasi"":""offend""},{""pemain"":""Hasan"",""relasi"":""offend""}]},{""pengirim"":""Gita"",""teks_chat"":""Daripada ribet diskusi, vote salah satu dari mereka aja."",""label_intent"":""offend"",""target"":[{""pemain"":""Intan"",""relasi"":""offend""},{""pemain"":""Hasan"",""relasi"":""offend""}]}]","[""Fajar"",""Gita"",""Hasan"",""Intan"",""Joko""]","[{""pemain"":""Intan"",""relasi"":""defend""},{""pemain"":""Fajar"",""relasi"":""offend""}]"
Rudi,"Eh Ton, terus hasil Peek-mu ke aku apa?",neutral,"[{""pengirim"":""Tono"",""teks_chat"":""Aku klaim Stalker, semalam aku memakai Peek ke Rudi."",""label_intent"":""neutral"",""target"":[]},{""pengirim"":""Rudi"",""teks_chat"":""Aku curiga Tono Hitman yang memakai klaim palsu."",""label_intent"":""offend"",""target"":[{""pemain"":""Tono"",""relasi"":""offend""}]},{""pengirim"":""Siti"",""teks_chat"":""Jangan langsung tuduh Tono, klaimnya belum terbukti palsu."",""label_intent"":""defend"",""target"":[{""pemain"":""Tono"",""relasi"":""defend""}]}]","[""Tono"",""Rudi"",""Siti""]",[]
Citra,"Oke, klaimmu aku catat dulu ya.",neutral,"[{""pengirim"":""Budi"",""teks_chat"":""Ada yang mau membagikan klaim skill semalam?"",""label_intent"":""neutral"",""target"":[]},{""pengirim"":""Andi"",""teks_chat"":""Aku klaim Spy, pilihan Guard-ku Citra."",""label_intent"":""neutral"",""target"":[]}]","[""Budi"",""Andi"",""Citra""]",[]
Deni,Siapa yang pertama menulis perubahan ajakan itu?,neutral,"[{""pengirim"":""Deni"",""teks_chat"":""Kenapa ajakan vote di chat berubah menjelang akhir diskusi?"",""label_intent"":""neutral"",""target"":[]},{""pengirim"":""Eko"",""teks_chat"":""Aku juga ingin membaca alasan perubahannya."",""label_intent"":""neutral"",""target"":[]},{""pengirim"":""Fina"",""teks_chat"":""Kita bisa cari pesan yang menyebut alasan baru."",""label_intent"":""neutral"",""target"":[]}]","[""Deni"",""Eko"",""Fina""]",[]
Gilang,Ada Spy yang mau cerita semalam Guard ke siapa?,neutral,"[{""pengirim"":""Gilang"",""teks_chat"":""Ada yang tau siapa yang jadi korban semalam?"",""label_intent"":""neutral"",""target"":[]},{""pengirim"":""Hani"",""teks_chat"":""Tidak tau, tapi kayaknya bukan pemain aktif deh."",""label_intent"":""neutral"",""target"":[]},{""pengirim"":""Iwan"",""teks_chat"":""Aku curiga sama Joko nih, daritadi diam aja pas kita bahas korban."",""label_intent"":""offend"",""target"":[{""pemain"":""Joko"",""relasi"":""offend""}]},{""pengirim"":""Joko"",""teks_chat"":""Lah, aku kan baru balik dari toilet, masa langsung dituduh."",""label_intent"":""defend"",""target"":[{""pemain"":""Joko"",""relasi"":""defend""}]},{""pengirim"":""Gilang"",""teks_chat"":""Aku curiga kamu Hitman yang memakai Hostage semalam."",""label_intent"":""offend"",""target"":[{""pemain"":""Joko"",""relasi"":""offend""}]},{""pengirim"":""Hani"",""teks_chat"":""Iya, gelagatmu aneh banget dari awal permainan."",""label_intent"":""offend"",""target"":[{""pemain"":""Joko"",""relasi"":""offend""}]},{""pengirim"":""Joko"",""teks_chat"":""Sumpah aku bukan pelakunya, kalian salah paham."",""label_intent"":""defend"",""target"":[{""pemain"":""Joko"",""relasi"":""defend""}]},{""pengirim"":""Iwan"",""teks_chat"":""Sdh ngaku aja kamu Joko, tidak usah mencari-cari alasan lagi."",""label_intent"":""offend"",""target"":[{""pemain"":""Joko"",""relasi"":""offend""}]},{""pengirim"":""Gilang"",""teks_chat"":""Mending kita kumpulin vote buat Joko aja ronde ini."",""label_intent"":""offend"",""target"":[{""pemain"":""Joko"",""relasi"":""offend""}]},{""pengirim"":""Hani"",""teks_chat"":""Ayo, aku setuju vote Joko aja biar aman."",""label_intent"":""offend"",""target"":[{""pemain"":""Joko"",""relasi"":""offend""}]},{""pengirim"":""Joko"",""teks_chat"":""Kalian jangan asal vote dong, nanti malah kita yang rugi sendiri."",""label_intent"":""defend"",""target"":[{""pemain"":""Joko"",""relasi"":""defend""}]},{""pengirim"":""Iwan"",""teks_chat"":""Kalau memang bukan kamu, coba sebutin alibi kamu semalam."",""label_intent"":""offend"",""target"":[{""pemain"":""Joko"",""relasi"":""offend""}]}]","[""Gilang"",""Hani"",""Iwan"",""Joko""]",[]
Lala,Lu pasti sengaja telat balas biar tidak ditanya-tanya soal alibi kan?,offend,"[{""pengirim"":""Kiki"",""teks_chat"":""Maman lambat membalas, aku curiga dia Hitman."",""label_intent"":""offend"",""target"":[{""pemain"":""Maman"",""relasi"":""offend""}]},{""pengirim"":""Maman"",""teks_chat"":""Sinyalku jelek banget woy, makanya pesannya telat."",""label_intent"":""defend"",""target"":[{""pemain"":""Maman"",""relasi"":""defend""}]}]","[""Kiki"",""Lala"",""Maman""]","[{""pemain"":""Maman"",""relasi"":""offend""}]"
Reza,Oka dan Peni mau menjelaskan klaim role masing-masing?,neutral,"[{""pengirim"":""Nia"",""teks_chat"":""Semalam ada yang pakai Peek nggak?"",""label_intent"":""neutral"",""target"":[]},{""pengirim"":""Oka"",""teks_chat"":""Aku klaim Civilian, jadi tidak memakai Peek."",""label_intent"":""neutral"",""target"":[]},{""pengirim"":""Peni"",""teks_chat"":""Aku Stalker, dan aku semalam nge-peek si Qori."",""label_intent"":""neutral"",""target"":[]},{""pengirim"":""Qori"",""teks_chat"":""Terus hasilnya apa Peni? Aku aman kan?"",""label_intent"":""neutral"",""target"":[]},{""pengirim"":""Peni"",""teks_chat"":""Iya, hasilnya aman, Qori bukan hitman."",""label_intent"":""defend"",""target"":[{""pemain"":""Qori"",""relasi"":""defend""}]},{""pengirim"":""Reza"",""teks_chat"":""Wah, berarti Qori sudah pasti aman ya."",""label_intent"":""defend"",""target"":[{""pemain"":""Qori"",""relasi"":""defend""}]},{""pengirim"":""Nia"",""teks_chat"":""Bagus deh kalau begitu, seenggaknya kita punya satu orang yang bisa dipercaya."",""label_intent"":""defend"",""target"":[{""pemain"":""Qori"",""relasi"":""defend""}]},{""pengirim"":""Oka"",""teks_chat"":""Jangan langsung percaya, bisa aja Peni hitmannya dan dia cuma bohong nutupin Qori."",""label_intent"":""offend"",""target"":[{""pemain"":""Peni"",""relasi"":""offend""},{""pemain"":""Qori"",""relasi"":""offend""}]},{""pengirim"":""Qori"",""teks_chat"":""Kok jadi nuduh Peni, dia kan cuma nyampein hasil skillnya."",""label_intent"":""defend"",""target"":[{""pemain"":""Peni"",""relasi"":""defend""}]}]","[""Nia"",""Oka"",""Peni"",""Qori"",""Reza""]",[]
Rudi,"gw belum dengar target Guard semalem, siapa yang dikawal?",neutral,[],"[""Rudi""]",[]
Sari,"Ngomong-ngomong, ada yang merhatiin siapa aja yang pasif banget ronde ini?",neutral,"[{""pengirim"":""Sari"",""teks_chat"":""Tomi ini mencurigakan banget, dari tadi nuduhnya pindah-pindah terus."",""label_intent"":""offend"",""target"":[{""pemain"":""Tomi"",""relasi"":""offend""}]},{""pengirim"":""Tomi"",""teks_chat"":""Loh, aku kan cuma nyampein kecurigaan aku aja, wajar dong."",""label_intent"":""defend"",""target"":[{""pemain"":""Tomi"",""relasi"":""defend""}]},{""pengirim"":""Udin"",""teks_chat"":""Tapi kamu tadi nuduh Vina, sekarang malah nuduh Sari, kan aneh."",""label_intent"":""offend"",""target"":[{""pemain"":""Tomi"",""relasi"":""offend""}]},{""pengirim"":""Vina"",""teks_chat"":""Iya, kelihatan banget pengen cari kambing hitam."",""label_intent"":""offend"",""target"":[{""pemain"":""Tomi"",""relasi"":""offend""}]},{""pengirim"":""Tomi"",""teks_chat"":""Kalian berdua kok malah nyerang aku sih? Aku beneran civilian!"",""label_intent"":""defend"",""target"":[{""pemain"":""Tomi"",""relasi"":""defend""}]},{""pengirim"":""Sari"",""teks_chat"":""Tdk usah banyak alasan, mending kita kumpul vote ke Tomi aja."",""label_intent"":""offend"",""target"":[{""pemain"":""Tomi"",""relasi"":""offend""}]},{""pengirim"":""Udin"",""teks_chat"":""Setuju, dia paling bahaya kalau dibiarkan."",""label_intent"":""offend"",""target"":[{""pemain"":""Tomi"",""relasi"":""offend""}]},{""pengirim"":""Vina"",""teks_chat"":""Ayo, sebelum waktu diskusinya habis nih."",""label_intent"":""offend"",""target"":[{""pemain"":""Tomi"",""relasi"":""offend""}]},{""pengirim"":""Tomi"",""teks_chat"":""Kalian jangan begitu dong, nanti kalau aku mati kalian bakal menyesal."",""label_intent"":""defend"",""target"":[{""pemain"":""Tomi"",""relasi"":""defend""}]},{""pengirim"":""Sari"",""teks_chat"":""Tidak bakal menyesal, sudah pasti kamu hitmannya."",""label_intent"":""offend"",""target"":[{""pemain"":""Tomi"",""relasi"":""offend""}]},{""pengirim"":""Udin"",""teks_chat"":""Mending kamu mengaku aja sekarang sebelum kita vote."",""label_intent"":""offend"",""target"":[{""pemain"":""Tomi"",""relasi"":""offend""}]},{""pengirim"":""Vina"",""teks_chat"":""Sudah, vote aja dia, nanti juga ketahuan perannya pas game selesai."",""label_intent"":""offend"",""target"":[{""pemain"":""Tomi"",""relasi"":""offend""}]}]","[""Sari"",""Tomi"",""Udin"",""Vina""]",[]
Zaki,Apa hasil Peek yang ingin kamu sampaikan?,neutral,"[{""pengirim"":""Wawan"",""teks_chat"":""Aku klaim Stalker, semalam aku memakai Peek ke Zaki."",""label_intent"":""neutral"",""target"":[]}]","[""Wawan"",""Zaki""]",[]
Caca,Masa sih orang yang jujur ceritanya bisa berubah-ubah terus kayak gitu?,offend,"[{""pengirim"":""Aldo"",""teks_chat"":""Bimo, klaim Guard-mu berubah dari Caca ke Doni. Aku curiga kamu Hitman."",""label_intent"":""offend"",""target"":[{""pemain"":""Bimo"",""relasi"":""offend""}]},{""pengirim"":""Bimo"",""teks_chat"":""Aku bukan Hitman, aku salah menyebut nama. Yang benar Caca."",""label_intent"":""defend"",""target"":[{""pemain"":""Bimo"",""relasi"":""defend""}]},{""pengirim"":""Caca"",""teks_chat"":""Aku tetap curiga Bimo Hitman karena klaim target berubah."",""label_intent"":""offend"",""target"":[{""pemain"":""Bimo"",""relasi"":""offend""}]},{""pengirim"":""Doni"",""teks_chat"":""Wah parah, alibinya ketahuan bohong tuh."",""label_intent"":""offend"",""target"":[{""pemain"":""Bimo"",""relasi"":""offend""}]},{""pengirim"":""Bimo"",""teks_chat"":""Aku bukan Hitman, tadi panik jadi salah mengetik."",""label_intent"":""defend"",""target"":[{""pemain"":""Bimo"",""relasi"":""defend""}]},{""pengirim"":""Aldo"",""teks_chat"":""Orang jujur itu tidak bakal ganti-ganti cerita."",""label_intent"":""offend"",""target"":[{""pemain"":""Bimo"",""relasi"":""offend""}]},{""pengirim"":""Caca"",""teks_chat"":""Benar, ini sudah bukti kuat kalau dia pelakunya."",""label_intent"":""offend"",""target"":[{""pemain"":""Bimo"",""relasi"":""offend""}]},{""pengirim"":""Doni"",""teks_chat"":""Langsung aja kumpul vote buat Bimo, sudah jelas bohongnya."",""label_intent"":""offend"",""target"":[{""pemain"":""Bimo"",""relasi"":""offend""}]},{""pengirim"":""Bimo"",""teks_chat"":""Kalian ini nuduh tanpa bukti yang kuat, cuma gara-gara aku salah bicara sedikit aja."",""label_intent"":""defend"",""target"":[{""pemain"":""Bimo"",""relasi"":""defend""}]},{""pengirim"":""Aldo"",""teks_chat"":""Nama targetnya berubah, aku tetap curiga kamu Hitman."",""label_intent"":""offend"",""target"":[{""pemain"":""Bimo"",""relasi"":""offend""}]}]","[""Aldo"",""Bimo"",""Caca"",""Doni""]","[{""pemain"":""Bimo"",""relasi"":""offend""}]"
Dika,"Kalau kalian tidak percaya, vote aku saja pada Tribunal nanti.",offend,"[{""pengirim"":""Reno"",""teks_chat"":""Sampai sekarang belum ada klaim yang jelas ya."",""label_intent"":""neutral"",""target"":[]},{""pengirim"":""Aldo"",""teks_chat"":""Ada yang mau membagikan pilihan skill semalam?"",""label_intent"":""neutral"",""target"":[]},{""pengirim"":""Bima"",""teks_chat"":""Aku belum mau membuka klaim."",""label_intent"":""neutral"",""target"":[]},{""pengirim"":""Dika"",""teks_chat"":""Aku klaim Spy."",""label_intent"":""neutral"",""target"":[]},{""pengirim"":""Reno"",""teks_chat"":""Dika, siapa pilihan Guard-mu?"",""label_intent"":""neutral"",""target"":[]},{""pengirim"":""Dika"",""teks_chat"":""Aku belum ingin menyebutkannya."",""label_intent"":""neutral"",""target"":[]},{""pengirim"":""Aldo"",""teks_chat"":""Aku curiga Dika Hitman yang memakai klaim palsu."",""label_intent"":""offend"",""target"":[{""pemain"":""Dika"",""relasi"":""offend""}]},{""pengirim"":""Bima"",""teks_chat"":""Aku juga curiga Dika pelakunya."",""label_intent"":""offend"",""target"":[{""pemain"":""Dika"",""relasi"":""offend""}]},{""pengirim"":""Dika"",""teks_chat"":""Aku bukan Hitman, belum membuka pilihan skill bukan bukti."",""label_intent"":""defend"",""target"":[{""pemain"":""Dika"",""relasi"":""defend""}]},{""pengirim"":""Reno"",""teks_chat"":""Aku tetap ingin vote Dika."",""label_intent"":""offend"",""target"":[{""pemain"":""Dika"",""relasi"":""offend""}]},{""pengirim"":""Aldo"",""teks_chat"":""Sebentar lagi Tribunal, bahas alasannya dulu."",""label_intent"":""neutral"",""target"":[]}]","[""Reno"",""Aldo"",""Bima"",""Dika""]","[{""pemain"":""Dika"",""relasi"":""offend""}]"
Joko,"Jangan terburu-buru, dia mungkin sedang membaca riwayat obrolan kita.",defend,"[{""pengirim"":""Siska"",""teks_chat"":""Kita harus menemukan pelaku secepatnya sebelum terlambat."",""label_intent"":""neutral"",""target"":[]},{""pengirim"":""Joko"",""teks_chat"":""Ada ide siapa yang harus kita periksa hari ini?"",""label_intent"":""neutral"",""target"":[]},{""pengirim"":""Rina"",""teks_chat"":""Bagaimana kalau kita perhatikan pemain yang pasif?"",""label_intent"":""neutral"",""target"":[]},{""pengirim"":""Siska"",""teks_chat"":""Ide bagus, biasanya pelaku lebih suka bersembunyi."",""label_intent"":""neutral"",""target"":[]},{""pengirim"":""Joko"",""teks_chat"":""Mending kita cari yg jarang berbicara dari awal."",""label_intent"":""neutral"",""target"":[]},{""pengirim"":""Rina"",""teks_chat"":""Coba kita lihat siapa saja yang belum memberikan informasi."",""label_intent"":""neutral"",""target"":[]},{""pengirim"":""Siska"",""teks_chat"":""Aku sudah mengaku Civilian."",""label_intent"":""neutral"",""target"":[]},{""pengirim"":""Joko"",""teks_chat"":""Aku sudah membagikan pendapatku di chat."",""label_intent"":""neutral"",""target"":[]},{""pengirim"":""Rina"",""teks_chat"":""Sepertinya hanya satu orang yang sama sekali tidak merespons."",""label_intent"":""neutral"",""target"":[]},{""pengirim"":""Siska"",""teks_chat"":""Iya, sangat mencurigakan kalau diam terus."",""label_intent"":""offend"",""target"":[{""pemain"":""tidak_diketahui"",""relasi"":""offend""}]},{""pengirim"":""Joko"",""teks_chat"":""Kira-kira apa alasannya tidak ikut diskusi?"",""label_intent"":""neutral"",""target"":[]},{""pengirim"":""Rina"",""teks_chat"":""Bima pasif sekali, aku yakin dia adalah Hitman."",""label_intent"":""offend"",""target"":[{""pemain"":""Bima"",""relasi"":""offend""}]}]","[""Rina"",""Bima"",""Joko"",""Siska""]","[{""pemain"":""Bima"",""relasi"":""defend""}]"
Tari,"Aku tidak percaya klaim si Rak, pasti dia bohong untuk menipu kita.",offend,"[{""pengirim"":""Raka"",""teks_chat"":""Aku klaim Spy dan punya dugaan dari diskusi."",""label_intent"":""neutral"",""target"":[]},{""pengirim"":""Aldo"",""teks_chat"":""Informasi apa yang kamu miliki?"",""label_intent"":""neutral"",""target"":[]},{""pengirim"":""Raka"",""teks_chat"":""Aku mencurigai satu pemain berdasarkan chat, bukan hasil skill."",""label_intent"":""offend"",""target"":[{""pemain"":""tidak_diketahui"",""relasi"":""offend""}]},{""pengirim"":""Citra"",""teks_chat"":""Itu terlalu umum, tolong sebutkan detailnya."",""label_intent"":""neutral"",""target"":[]},{""pengirim"":""Raka"",""teks_chat"":""Aku tidak bisa mengungkapkannya sekarang, masih terlalu berisiko."",""label_intent"":""neutral"",""target"":[]}]","[""Raka"",""Aldo"",""Tari"",""Citra""]","[{""pemain"":""Raka"",""relasi"":""offend""}]"
Rina,"Siska bukan pelakunya, yang sering mengajak vote sembarangan itu justru Dodi.",offend,"[{""pengirim"":""Dodi"",""teks_chat"":""Ayo kita vote Siska sekarang juga."",""label_intent"":""offend"",""target"":[{""pemain"":""Siska"",""relasi"":""offend""}]},{""pengirim"":""Hasan"",""teks_chat"":""Apa alasanmu mengajak vote Siska?"",""label_intent"":""neutral"",""target"":[]},{""pengirim"":""Dodi"",""teks_chat"":""Instingku mengatakan dia adalah pelakunya."",""label_intent"":""offend"",""target"":[{""pemain"":""Siska"",""relasi"":""offend""}]},{""pengirim"":""Siska"",""teks_chat"":""Itu bukan alasan yang masuk akal, aku warga biasa."",""label_intent"":""defend"",""target"":[{""pemain"":""Siska"",""relasi"":""defend""}]},{""pengirim"":""Dodi"",""teks_chat"":""Pelaku pasti selalu mengaku sebagai warga biasa."",""label_intent"":""offend"",""target"":[{""pemain"":""Siska"",""relasi"":""offend""}]},{""pengirim"":""Hasan"",""teks_chat"":""Kita butuh bukti, bukan sekadar insting."",""label_intent"":""neutral"",""target"":[]}]","[""Siska"",""Dodi"",""Hasan"",""Rina""]","[{""pemain"":""Siska"",""relasi"":""defend""},{""pemain"":""Dodi"",""relasi"":""offend""}]"
Fahri,"Setuju, ayo kita naikkan dia sekarang juga.",offend,"[{""pengirim"":""Andi"",""teks_chat"":""Tadi malam ada yang menjadi korban, tetapi identitasnya tidak jelas."",""label_intent"":""neutral"",""target"":[]},{""pengirim"":""Rian"",""teks_chat"":""Baguslah kalau korbannya tidak penting, kita abaikan saja."",""label_intent"":""neutral"",""target"":[]},{""pengirim"":""Fahri"",""teks_chat"":""Kenapa kamu berkata seperti itu? Setiap korban itu penting."",""label_intent"":""neutral"",""target"":[]},{""pengirim"":""Tari"",""teks_chat"":""Kita curigai Rian saja, responsnya sangat tidak pantas untuk warga biasa."",""label_intent"":""offend"",""target"":[{""pemain"":""Rian"",""relasi"":""offend""}]}]","[""Tari"",""Fahri"",""Rian"",""Andi""]","[{""pemain"":""Rian"",""relasi"":""offend""}]"
Dika,"Aku yakin Maya warga biasa, kita fokus saja ke Coki yang bermain sangat pasif.",offend,"[{""pengirim"":""Eka"",""teks_chat"":""Kita harus hati-hati melihat pemain yang hanya diam."",""label_intent"":""neutral"",""target"":[]},{""pengirim"":""Maya"",""teks_chat"":""Aku setuju, itu biasanya cara mereka menghindari masalah."",""label_intent"":""neutral"",""target"":[]},{""pengirim"":""Dika"",""teks_chat"":""Aku juga ngerasa ada yang dari tadi jarang ngomong."",""label_intent"":""neutral"",""target"":[]},{""pengirim"":""Eka"",""teks_chat"":""Aku curiga Maya Hitman karena jarang merespons."",""label_intent"":""offend"",""target"":[{""pemain"":""Maya"",""relasi"":""offend""}]},{""pengirim"":""Maya"",""teks_chat"":""Aku sedang membaca dan menyusun teori, jangan sembarangan menuduh."",""label_intent"":""defend"",""target"":[{""pemain"":""Maya"",""relasi"":""defend""}]},{""pengirim"":""Coki"",""teks_chat"":""Ya sudahlah, kita vote siapa jadinya?"",""label_intent"":""neutral"",""target"":[]},{""pengirim"":""Dika"",""teks_chat"":""Maya masih memikirkan teori, itu masuk akal."",""label_intent"":""defend"",""target"":[{""pemain"":""Maya"",""relasi"":""defend""}]},{""pengirim"":""Eka"",""teks_chat"":""Aku tetap merasa dia berusaha menghindar."",""label_intent"":""offend"",""target"":[{""pemain"":""Maya"",""relasi"":""offend""}]},{""pengirim"":""Maya"",""teks_chat"":""Tolong perhatikan Coki, dia muncul hanya saat membicarakan vote."",""label_intent"":""offend"",""target"":[{""pemain"":""Coki"",""relasi"":""offend""}]}]","[""Maya"",""Coki"",""Eka"",""Dika""]","[{""pemain"":""Maya"",""relasi"":""defend""},{""pemain"":""Coki"",""relasi"":""offend""}]"
Bara,Langsung saja kita naikkan dia sekarang juga.,offend,"[{""pengirim"":""Andi"",""teks_chat"":""Gilang sangat aneh, dia langsung mengajak vote tanpa bukti yang kuat."",""label_intent"":""offend"",""target"":[{""pemain"":""Gilang"",""relasi"":""offend""}]},{""pengirim"":""Bara"",""teks_chat"":""Benar sekali, alasan yang diberikan sama sekali tidak bisa diterima."",""label_intent"":""offend"",""target"":[{""pemain"":""Gilang"",""relasi"":""offend""}]},{""pengirim"":""Rina"",""teks_chat"":""Kita tidak boleh terburu-buru mengikuti ajakannya."",""label_intent"":""neutral"",""target"":[]},{""pengirim"":""Andi"",""teks_chat"":""Dia pasti mencoba mengarahkan kita kepada warga biasa."",""label_intent"":""offend"",""target"":[{""pemain"":""Gilang"",""relasi"":""offend""}]},{""pengirim"":""Bara"",""teks_chat"":""Biasanya Hitman memakai taktik agresif seperti itu."",""label_intent"":""offend"",""target"":[{""pemain"":""Gilang"",""relasi"":""offend""}]},{""pengirim"":""Rina"",""teks_chat"":""Ada yang mau menjelaskan alasan ajakan vote tadi?"",""label_intent"":""neutral"",""target"":[]},{""pengirim"":""Andi"",""teks_chat"":""Belum ada penjelasan tambahan dari pemain itu."",""label_intent"":""neutral"",""target"":[]},{""pengirim"":""Bara"",""teks_chat"":""Aku makin curiga dia Hitman yang menuduh tanpa alasan."",""label_intent"":""offend"",""target"":[{""pemain"":""Gilang"",""relasi"":""offend""}]},{""pengirim"":""Rina"",""teks_chat"":""Kita harus mempertimbangkan semua bukti sebelum bertindak."",""label_intent"":""neutral"",""target"":[]},{""pengirim"":""Andi"",""teks_chat"":""Bukti dari percakapan awal sudah cukup untuk menentukan sikap."",""label_intent"":""offend"",""target"":[{""pemain"":""Gilang"",""relasi"":""offend""}]},{""pengirim"":""Bara"",""teks_chat"":""Setuju, membiarkan dia lebih lama akan membahayakan tim."",""label_intent"":""offend"",""target"":[{""pemain"":""Gilang"",""relasi"":""offend""}]},{""pengirim"":""Rina"",""teks_chat"":""Lalu apa langkah kita selanjutnya?"",""label_intent"":""neutral"",""target"":[]}]","[""Andi"",""Bara"",""Gilang"",""Rina""]","[{""pemain"":""Gilang"",""relasi"":""offend""}]"
Rudi,"Sebaiknya kita segera vote Eka dan Tino, mereka tdk berkontribusi sejak awal.",offend,"[{""pengirim"":""Santi"",""teks_chat"":""Kalian sadar nggak, ada beberapa orang yang sama sekali nggak bantu nyari pelaku?"",""label_intent"":""neutral"",""target"":[]},{""pengirim"":""Rudi"",""teks_chat"":""Iya, diskusi kita seperti hanya diikuti oleh beberapa pemain saja."",""label_intent"":""neutral"",""target"":[]},{""pengirim"":""Santi"",""teks_chat"":""Mereka pasti sengaja menghindar biar nggak salah ngomong."",""label_intent"":""neutral"",""target"":[]},{""pengirim"":""Eka"",""teks_chat"":""Aku sedang menyimak."",""label_intent"":""neutral"",""target"":[]},{""pengirim"":""Tino"",""teks_chat"":""Aku juga sedang membaca diskusi."",""label_intent"":""neutral"",""target"":[]},{""pengirim"":""Rudi"",""teks_chat"":""Hanya muncul sebentar lalu hilang lagi, itu tidak membantu."",""label_intent"":""neutral"",""target"":[]},{""pengirim"":""Santi"",""teks_chat"":""Kita harus lebih tegas kepada orang-orang pasif ini."",""label_intent"":""neutral"",""target"":[]},{""pengirim"":""Eka"",""teks_chat"":""Aku mau menyampaikan pendapat setelah selesai membaca."",""label_intent"":""neutral"",""target"":[]},{""pengirim"":""Tino"",""teks_chat"":""Beri waktu untuk membaca semua pesan."",""label_intent"":""neutral"",""target"":[]}]","[""Santi"",""Eka"",""Tino"",""Rudi""]","[{""pemain"":""Eka"",""relasi"":""offend""},{""pemain"":""Tino"",""relasi"":""offend""}]"
Sandi,"Dina itu sangat aman, justru Budi yang berbahaya karena mencari simpati terlalu cepat.",offend,"[{""pengirim"":""Hani"",""teks_chat"":""Budi cepat menolak tuduhan ke Dina, aku curiga Budi Hitman."",""label_intent"":""offend"",""target"":[{""pemain"":""Budi"",""relasi"":""offend""}]}]","[""Hani"",""Sandi"",""Budi"",""Dina""]","[{""pemain"":""Dina"",""relasi"":""defend""},{""pemain"":""Budi"",""relasi"":""offend""}]"
Gita,"Alasan kamu sangat aneh dan tidak wajar, pasti kamu pelakunya.",offend,"[{""pengirim"":""Gita"",""teks_chat"":""Ada yang membaca perubahan ajakan vote di chat siang tadi?"",""label_intent"":""neutral"",""target"":[]},{""pengirim"":""Reno"",""teks_chat"":""Iya, ada beberapa ajakan yang berubah di akhir diskusi."",""label_intent"":""neutral"",""target"":[]},{""pengirim"":""Hani"",""teks_chat"":""Iya, salah satunya aku sih."",""label_intent"":""neutral"",""target"":[]},{""pengirim"":""Hani"",""teks_chat"":""Aku mengubah ajakan vote dari Reno ke pemain lain karena firasat."",""label_intent"":""neutral"",""target"":[]}]","[""Hani"",""Gita"",""Reno""]","[{""pemain"":""Hani"",""relasi"":""offend""}]"
Bagas,"Sikapmu yang mencoba mengalihkan pembicaraan itulah yang membuatku curiga padamu, Tono.",offend,"[{""pengirim"":""Bagas"",""teks_chat"":""Ada yang mendapat informasi soal siapa korbannya semalam?"",""label_intent"":""neutral"",""target"":[]},{""pengirim"":""Kiki"",""teks_chat"":""Belum ada, aku juga penasaran siapa yang disandera."",""label_intent"":""neutral"",""target"":[]},{""pengirim"":""Tono"",""teks_chat"":""Lebih baik bahas isi klaim dan chat daripada menebak identitas korban."",""label_intent"":""neutral"",""target"":[]}]","[""Bagas"",""Kiki"",""Tono""]","[{""pemain"":""Tono"",""relasi"":""offend""}]"
Sandi,Coki belum terbukti Hitman hanya karena diam. Justru Dino yang aku curigai karena menuduh tanpa alasan kuat.,offend,"[{""pengirim"":""Sandi"",""teks_chat"":""Semalam ada korban jatuh tapi anehnya kita tidak dikasih tahu siapa orangnya."",""label_intent"":""neutral"",""target"":[]},{""pengirim"":""Rani"",""teks_chat"":""Iya, jadi kita cuma bisa nebak dari obrolan."",""label_intent"":""neutral"",""target"":[]},{""pengirim"":""Dino"",""teks_chat"":""Aku curiga Coki Hitman karena belum ikut memberi pendapat."",""label_intent"":""offend"",""target"":[{""pemain"":""Coki"",""relasi"":""offend""}]},{""pengirim"":""Coki"",""teks_chat"":""Aku bukan Hitman, diam bukan bukti."",""label_intent"":""defend"",""target"":[{""pemain"":""Coki"",""relasi"":""defend""}]}]","[""Sandi"",""Rani"",""Dino"",""Coki""]","[{""pemain"":""Coki"",""relasi"":""defend""},{""pemain"":""Dino"",""relasi"":""offend""}]"
Andi,"lu nuduh gw tanpa bukti, padahal si B yang paling cepat ikut voting kemarin",offend,[],"[""Andi"",""B"",""Deni""]","[{""pemain"":""Andi"",""relasi"":""defend""},{""pemain"":""B"",""relasi"":""offend""}]"
Hasan,"Mumpung timer masih berjalan, ayo kita sepakat naikkan dia sekarang.",offend,"[{""pengirim"":""Fahri"",""teks_chat"":""Coba perhatikan, Hani dari awal ronde tadi diam saja, apakah dia pelakunya?"",""label_intent"":""offend"",""target"":[{""pemain"":""Hani"",""relasi"":""offend""}]},{""pengirim"":""Gita"",""teks_chat"":""Iya juga, respons chat dari dia lambat sekali, kadang terpotong pesannya."",""label_intent"":""offend"",""target"":[{""pemain"":""Hani"",""relasi"":""offend""}]},{""pengirim"":""Hasan"",""teks_chat"":""Eh kawan-kawan, ingat ya waktu diskusi kita sisa satu menit lagi."",""label_intent"":""neutral"",""target"":[]},{""pengirim"":""Fahri"",""teks_chat"":""Wah iya, cepat sekali waktu berjalannya."",""label_intent"":""neutral"",""target"":[]},{""pengirim"":""Gita"",""teks_chat"":""Berarti kita harus segera mengambil keputusan bulat."",""label_intent"":""neutral"",""target"":[]},{""pengirim"":""Hasan"",""teks_chat"":""Pastikan semuanya menekan tombol sebelum waktunya benar-benar habis."",""label_intent"":""neutral"",""target"":[]},{""pengirim"":""Fahri"",""teks_chat"":""Ayo fokus lagi ke obrolan utama kita tadi."",""label_intent"":""neutral"",""target"":[]},{""pengirim"":""Gita"",""teks_chat"":""Iya, jangan sampai buang-buang suara."",""label_intent"":""neutral"",""target"":[]},{""pengirim"":""Hasan"",""teks_chat"":""Jadi, kembali ke orang yang pasif tadi ya?"",""label_intent"":""neutral"",""target"":[]},{""pengirim"":""Fahri"",""teks_chat"":""Betul, gelagatnya yang selalu telat membalas sangat aneh."",""label_intent"":""offend"",""target"":[{""pemain"":""Hani"",""relasi"":""offend""}]},{""pengirim"":""Gita"",""teks_chat"":""Kemungkinan besar dia kesulitan menyusun kebohongan."",""label_intent"":""offend"",""target"":[{""pemain"":""Hani"",""relasi"":""offend""}]}]","[""Fahri"",""Gita"",""Hasan"",""Hani""]","[{""pemain"":""Hani"",""relasi"":""offend""}]"
Cinta,"Aku yakin dia Hitman, vote dia pada Tribunal nanti!",offend,"[{""pengirim"":""Bima"",""teks_chat"":""Ada yang tahu siapa korban semalam? Gelap banget."",""label_intent"":""neutral"",""target"":[]},{""pengirim"":""Ayu"",""teks_chat"":""Belum ada yang ngaku jadi korban, jadi susah melacak jejaknya."",""label_intent"":""neutral"",""target"":[]},{""pengirim"":""Cinta"",""teks_chat"":""Kalau begini caranya, aku merasa Joko yang mendalangi semua ini."",""label_intent"":""offend"",""target"":[{""pemain"":""Joko"",""relasi"":""offend""}]},{""pengirim"":""Bima"",""teks_chat"":""Kok tiba-tiba ke Joko? Apa alasannya?"",""label_intent"":""neutral"",""target"":[]},{""pengirim"":""Ayu"",""teks_chat"":""Aku juga curiga Joko Hitman karena klaimnya berubah tanpa penjelasan."",""label_intent"":""offend"",""target"":[{""pemain"":""Joko"",""relasi"":""offend""}]},{""pengirim"":""Cinta"",""teks_chat"":""Tuh kan, pasti Joko Hitman-nya!"",""label_intent"":""offend"",""target"":[{""pemain"":""Joko"",""relasi"":""offend""}]},{""pengirim"":""Joko"",""teks_chat"":""Aku bukan Hitman, tadi salah mengetik klaim."",""label_intent"":""defend"",""target"":[{""pemain"":""Joko"",""relasi"":""defend""}]},{""pengirim"":""Bima"",""teks_chat"":""Alasanmu masih sangat lemah, kawan."",""label_intent"":""offend"",""target"":[{""pemain"":""Joko"",""relasi"":""offend""}]},{""pengirim"":""Ayu"",""teks_chat"":""Tunggu sebentar, coba kita pikirkan ulang dan jangan fokus pada Joko terus."",""label_intent"":""neutral"",""target"":[]},{""pengirim"":""Cinta"",""teks_chat"":""Memangnya kamu punya kandidat lain yang lebih aneh?"",""label_intent"":""neutral"",""target"":[]},{""pengirim"":""Ayu"",""teks_chat"":""Kalian sadar tidak kalau Risa sejak tadi sama sekali tidak bicara saat identitas korban dibahas?"",""label_intent"":""offend"",""target"":[{""pemain"":""Risa"",""relasi"":""offend""}]},{""pengirim"":""Bima"",""teks_chat"":""Iya juga, seolah dia sudah tahu sejak awal."",""label_intent"":""offend"",""target"":[{""pemain"":""Risa"",""relasi"":""offend""}]}]","[""Bima"",""Ayu"",""Cinta"",""Joko"",""Risa""]","[{""pemain"":""Risa"",""relasi"":""offend""}]"
Danang,"Terserah, jika kalian berpikir aku pelakunya, vote aku saja sekarang.",offend,"[{""pengirim"":""Danang"",""teks_chat"":""Maafkan aku kawan-kawan, aku tdk bisa merespons cepat karena masalah jaringan."",""label_intent"":""neutral"",""target"":[]},{""pengirim"":""Bagas"",""teks_chat"":""Beneran jaringan, atau kamu cuma pura-pura biar punya alasan?"",""label_intent"":""offend"",""target"":[{""pemain"":""Danang"",""relasi"":""offend""}]}]","[""Danang"",""Bagas""]","[{""pemain"":""Danang"",""relasi"":""offend""}]"
Hadi,"Aku sepenuhnya setuju, dia tidak bisa dipercaya dan pantas kita naikkan.",offend,"[{""pengirim"":""Lani"",""teks_chat"":""Klaim Siti berubah dari Civilian ke Spy. Aku curiga dia Hitman."",""label_intent"":""offend"",""target"":[{""pemain"":""Siti"",""relasi"":""offend""}]},{""pengirim"":""Reno"",""teks_chat"":""Iya, klaimnya memang patut dipertanyakan."",""label_intent"":""offend"",""target"":[{""pemain"":""Siti"",""relasi"":""offend""}]}]","[""Lani"",""Reno"",""Hadi"",""Siti""]","[{""pemain"":""Siti"",""relasi"":""offend""}]"
Aldo,"Ya, gayanya yang lambat sangat mencurigakan, aku vote dia.",offend,"[{""pengirim"":""Aldo"",""teks_chat"":""Oke, sudah pagi, ayo mulai diskusi."",""label_intent"":""neutral"",""target"":[]},{""pengirim"":""Beni"",""teks_chat"":""Iya, mumpung waktunya masih panjang."",""label_intent"":""neutral"",""target"":[]},{""pengirim"":""Dinda"",""teks_chat"":""Ngomong-ngomong, ada pemain yang balas chatnya lambat sekali."",""label_intent"":""neutral"",""target"":[]},{""pengirim"":""Aldo"",""teks_chat"":""Siapa orang yang kamu maksud itu?"",""label_intent"":""neutral"",""target"":[]},{""pengirim"":""Beni"",""teks_chat"":""Aku perhatikan ada beberapa yang agak pasif."",""label_intent"":""neutral"",""target"":[]},{""pengirim"":""Dinda"",""teks_chat"":""Dimas lambat membalas sejak diskusi dibuka. Aku curiga Dimas Hitman."",""label_intent"":""offend"",""target"":[{""pemain"":""Dimas"",""relasi"":""offend""}]},{""pengirim"":""Aldo"",""teks_chat"":""Oh, betul juga, Dimas selalu begitu tiap ronde."",""label_intent"":""offend"",""target"":[{""pemain"":""Dimas"",""relasi"":""offend""}]},{""pengirim"":""Beni"",""teks_chat"":""Mungkin otaknya sedang berpikir keras merangkai skenario palsu."",""label_intent"":""offend"",""target"":[{""pemain"":""Dimas"",""relasi"":""offend""}]},{""pengirim"":""Dinda"",""teks_chat"":""Atau dia bimbang karena kehabisan alibi."",""label_intent"":""offend"",""target"":[{""pemain"":""Dimas"",""relasi"":""offend""}]},{""pengirim"":""Aldo"",""teks_chat"":""Orang yang bermain jujur biasanya cepat merespons chat."",""label_intent"":""offend"",""target"":[{""pemain"":""Dimas"",""relasi"":""offend""}]},{""pengirim"":""Beni"",""teks_chat"":""Betul sekali, respons spontan menunjukkan tidak ada yang disembunyikan."",""label_intent"":""offend"",""target"":[{""pemain"":""Dimas"",""relasi"":""offend""}]},{""pengirim"":""Dinda"",""teks_chat"":""Gimana, kita semua sudah satu suara soal ini?"",""label_intent"":""neutral"",""target"":[]}]","[""Aldo"",""Beni"",""Dinda"",""Dimas""]","[{""pemain"":""Dimas"",""relasi"":""offend""}]"
Coki,"Setelah Doni menyebut 'Toni sangat berbahaya', aku pikir ada benarnya, mari kita jatuhkan dia sekarang.",offend,"[{""pengirim"":""Doni"",""teks_chat"":""Aku klaim Stalker dan ingin membagikan hasil Peek semalam."",""label_intent"":""neutral"",""target"":[]},{""pengirim"":""Bara"",""teks_chat"":""Siapa target Peek-mu?"",""label_intent"":""neutral"",""target"":[]},{""pengirim"":""Doni"",""teks_chat"":""Hasil Peek-ku menunjukkan Toni Hitman. Toni sangat berbahaya."",""label_intent"":""offend"",""target"":[{""pemain"":""Toni"",""relasi"":""offend""}]},{""pengirim"":""Coki"",""teks_chat"":""Jangan terburu-buru, apa bukti kuat dari klaimmu itu?"",""label_intent"":""defend"",""target"":[{""pemain"":""Toni"",""relasi"":""defend""}]},{""pengirim"":""Bara"",""teks_chat"":""Iya, aku ragu, jangan sampai kita termakan kebohongan."",""label_intent"":""neutral"",""target"":[]},{""pengirim"":""Doni"",""teks_chat"":""Terserah jika kalian meragukannya, yang penting tugas awalku sudah kusampaikan."",""label_intent"":""neutral"",""target"":[]},{""pengirim"":""Coki"",""teks_chat"":""Tapi perhatikan, orang yang sedang kita bicarakan belum muncul memberikan bantahan."",""label_intent"":""neutral"",""target"":[]},{""pengirim"":""Bara"",""teks_chat"":""Benar, pemain itu belum memberi tanggapan."",""label_intent"":""neutral"",""target"":[]}]","[""Doni"",""Bara"",""Coki"",""Toni""]","[{""pemain"":""Toni"",""relasi"":""offend""}]"
Roni,"Oke, Doni mungkin bersih, tapi Wawan yang jelas-jelas memainkan taktik menyesatkan ini layak di-vote.",offend,"[{""pengirim"":""Yudha"",""teks_chat"":""Wawan cepat membela Doni tanpa alasan, aku curiga Wawan Hitman."",""label_intent"":""offend"",""target"":[{""pemain"":""Wawan"",""relasi"":""offend""}]},{""pengirim"":""Fina"",""teks_chat"":""Yg punya kebiasaan melindungi teman begitu biasanya bagian dari komplotan."",""label_intent"":""offend"",""target"":[{""pemain"":""Wawan"",""relasi"":""offend""}]},{""pengirim"":""Roni"",""teks_chat"":""Masa sih? Aku rasa Wawan murni berpendapat santai saja."",""label_intent"":""defend"",""target"":[{""pemain"":""Wawan"",""relasi"":""defend""}]},{""pengirim"":""Doni"",""teks_chat"":""Aku curiga Wawan Hitman yang mencari simpati dengan membelaku."",""label_intent"":""offend"",""target"":[{""pemain"":""Wawan"",""relasi"":""offend""}]},{""pengirim"":""Yudha"",""teks_chat"":""Nah, tuh dengar, yang dilindungi saja sampai keheranan."",""label_intent"":""offend"",""target"":[{""pemain"":""Wawan"",""relasi"":""offend""}]},{""pengirim"":""Fina"",""teks_chat"":""Sudah pasti dia adalah Hitman yang sok akrab untuk merangkul simpati."",""label_intent"":""offend"",""target"":[{""pemain"":""Wawan"",""relasi"":""offend""}]},{""pengirim"":""Roni"",""teks_chat"":""Jangan menghakimi Wawan terlalu cepat, buktinya belum nyata."",""label_intent"":""defend"",""target"":[{""pemain"":""Wawan"",""relasi"":""defend""}]},{""pengirim"":""Doni"",""teks_chat"":""Jujur, aku sama sekali tidak ada kerja sama dengan Wawan."",""label_intent"":""defend"",""target"":[{""pemain"":""Doni"",""relasi"":""defend""}]},{""pengirim"":""Yudha"",""teks_chat"":""Meski begitu, cara Wawan menyela sangat meyakinkan kalau dia berniat jelek."",""label_intent"":""offend"",""target"":[{""pemain"":""Wawan"",""relasi"":""offend""}]},{""pengirim"":""Fina"",""teks_chat"":""Hati-hati saja, Wawan tetap jadi tersangka utamaku hari ini."",""label_intent"":""offend"",""target"":[{""pemain"":""Wawan"",""relasi"":""offend""}]}]","[""Yudha"",""Fina"",""Roni"",""Wawan"",""Doni""]","[{""pemain"":""Doni"",""relasi"":""defend""},{""pemain"":""Wawan"",""relasi"":""offend""}]"
Budi,"Iya, dia pasti pelakunya, ayo sepakat kita singkirkan dia sekarang.",offend,"[{""pengirim"":""Budi"",""teks_chat"":""Klaim Guard Eko tidak masuk akal, aku curiga dia Hitman."",""label_intent"":""offend"",""target"":[{""pemain"":""Eko"",""relasi"":""offend""}]},{""pengirim"":""Citra"",""teks_chat"":""Apa klaim pilihan Guard-nya?"",""label_intent"":""neutral"",""target"":[]},{""pengirim"":""Doni"",""teks_chat"":""Katanya memilih satu pemain yang sama dua malam berturut-turut."",""label_intent"":""neutral"",""target"":[]},{""pengirim"":""Budi"",""teks_chat"":""Spy tidak boleh Guard target sama dua malam berturut-turut. Aku curiga dia berbohong."",""label_intent"":""offend"",""target"":[{""pemain"":""Eko"",""relasi"":""offend""}]},{""pengirim"":""Citra"",""teks_chat"":""Mungkin dia salah menyebut urutan malamnya?"",""label_intent"":""neutral"",""target"":[]},{""pengirim"":""Doni"",""teks_chat"":""Aku tetap curiga dia Hitman karena klaim itu bertentangan dengan aturan."",""label_intent"":""offend"",""target"":[{""pemain"":""Eko"",""relasi"":""offend""}]},{""pengirim"":""Budi"",""teks_chat"":""Itulah alasannya aku yakin ceritanya dibuat-buat."",""label_intent"":""offend"",""target"":[{""pemain"":""Eko"",""relasi"":""offend""}]},{""pengirim"":""Citra"",""teks_chat"":""Coba kita tunggu penjelasan lebih detail darinya."",""label_intent"":""neutral"",""target"":[]},{""pengirim"":""Doni"",""teks_chat"":""Dari tadi dia juga belum merespons kecurigaan ini."",""label_intent"":""offend"",""target"":[{""pemain"":""Eko"",""relasi"":""offend""}]},{""pengirim"":""Budi"",""teks_chat"":""Orang yang berbohong biasanya butuh waktu merangkai kata."",""label_intent"":""offend"",""target"":[{""pemain"":""Eko"",""relasi"":""offend""}]},{""pengirim"":""Citra"",""teks_chat"":""Aku juga curiga dia Hitman yang mengarang penggunaan skill."",""label_intent"":""offend"",""target"":[{""pemain"":""Eko"",""relasi"":""offend""}]},{""pengirim"":""Doni"",""teks_chat"":""Sepertinya kita sudah menemukan kandidat utama kita."",""label_intent"":""offend"",""target"":[{""pemain"":""Eko"",""relasi"":""offend""}]}]","[""Budi"",""Citra"",""Doni"",""Eko""]","[{""pemain"":""Eko"",""relasi"":""offend""}]"
Hani,"Ayo kita vote dia aja, klaimnya udah berubah-ubah gitu.",offend,"[{""pengirim"":""Fajar"",""teks_chat"":""Gilang, klaimmu berubah. Aku curiga kamu Hitman."",""label_intent"":""offend"",""target"":[{""pemain"":""Gilang"",""relasi"":""offend""}]},{""pengirim"":""Hani"",""teks_chat"":""Tadi klaim Civilian, sekarang Spy. Aku juga curiga dia pelakunya."",""label_intent"":""offend"",""target"":[{""pemain"":""Gilang"",""relasi"":""offend""}]},{""pengirim"":""Fajar"",""teks_chat"":""Eh, peringatan sistem bilang waktu diskusi kita tinggal satu menit lagi."",""label_intent"":""neutral"",""target"":[]},{""pengirim"":""Hani"",""teks_chat"":""Wah iya, cepat banget berjalannya ronde ini."",""label_intent"":""neutral"",""target"":[]},{""pengirim"":""Fajar"",""teks_chat"":""Kalau begitu kita harus segera membulatkan suara."",""label_intent"":""neutral"",""target"":[]}]","[""Fajar"",""Hani"",""Gilang""]","[{""pemain"":""Gilang"",""relasi"":""offend""}]"
Rani,"Tindakan Sandi dan Lia sudah cukup mencurigakan, mari kita pastikan mereka berdua yang naik hari ini.",offend,"[{""pengirim"":""Joko"",""teks_chat"":""Kalian perhatikan tidak, ada beberapa orang yang tuduhannya terus berubah?"",""label_intent"":""neutral"",""target"":[]},{""pengirim"":""Rani"",""teks_chat"":""Maksudmu siapa saja yang kamu curigai?"",""label_intent"":""neutral"",""target"":[]},{""pengirim"":""Joko"",""teks_chat"":""Sandi dan Lia berganti tuduhan tanpa alasan, aku curiga mereka Hitman."",""label_intent"":""offend"",""target"":[{""pemain"":""Sandi"",""relasi"":""offend""},{""pemain"":""Lia"",""relasi"":""offend""}]},{""pengirim"":""Sandi"",""teks_chat"":""Aku bukan Hitman, aku menyesuaikan dugaan dengan isi chat."",""label_intent"":""defend"",""target"":[{""pemain"":""Sandi"",""relasi"":""defend""}]},{""pengirim"":""Lia"",""teks_chat"":""Iya, wajar kalau target berubah seiring bertambahnya informasi."",""label_intent"":""defend"",""target"":[{""pemain"":""Lia"",""relasi"":""defend""}]},{""pengirim"":""Rani"",""teks_chat"":""Tapi perubahan kalian terlalu drastis, seperti sengaja melempar isu."",""label_intent"":""offend"",""target"":[{""pemain"":""Sandi"",""relasi"":""offend""},{""pemain"":""Lia"",""relasi"":""offend""}]},{""pengirim"":""Sandi"",""teks_chat"":""Kalian salah paham, aku bukan bagian dari mereka."",""label_intent"":""defend"",""target"":[{""pemain"":""Sandi"",""relasi"":""defend""}]},{""pengirim"":""Joko"",""teks_chat"":""Sikap melempar bola ini sangat merugikan warga."",""label_intent"":""offend"",""target"":[{""pemain"":""Sandi"",""relasi"":""offend""},{""pemain"":""Lia"",""relasi"":""offend""}]},{""pengirim"":""Lia"",""teks_chat"":""Aku sungguh warga biasa, percayalah padaku."",""label_intent"":""defend"",""target"":[{""pemain"":""Lia"",""relasi"":""defend""}]},{""pengirim"":""Rani"",""teks_chat"":""Semakin kalian banyak alasan, semakin aku tidak percaya."",""label_intent"":""offend"",""target"":[{""pemain"":""Sandi"",""relasi"":""offend""},{""pemain"":""Lia"",""relasi"":""offend""}]},{""pengirim"":""Joko"",""teks_chat"":""Waktu kita semakin menipis untuk berdebat."",""label_intent"":""neutral"",""target"":[]}]","[""Joko"",""Rani"",""Sandi"",""Lia""]","[{""pemain"":""Sandi"",""relasi"":""offend""},{""pemain"":""Lia"",""relasi"":""offend""}]"
Tomi,"Aku bukan Civilian, aku Hitman. Vote aku saja.",offend,"[{""pengirim"":""Rama"",""teks_chat"":""Tomi mengubah ajakan vote tanpa alasan, aku curiga dia Hitman."",""label_intent"":""offend"",""target"":[{""pemain"":""Tomi"",""relasi"":""offend""}]}]","[""Tomi"",""Rama""]","[{""pemain"":""Tomi"",""relasi"":""offend""}]"
Vina,"Kalau bukan Hitman, mengapa Kiki mengubah klaim rolenya begitu?",offend,"[{""pengirim"":""Vina"",""teks_chat"":""Belum ada yang tahu siapa korban semalam ya."",""label_intent"":""neutral"",""target"":[]},{""pengirim"":""Wawan"",""teks_chat"":""Kita perlu membahas klaim yang ada."",""label_intent"":""neutral"",""target"":[]},{""pengirim"":""Yudha"",""teks_chat"":""Kiki berubah klaim dari Civilian ke Spy, aku curiga dia Hitman."",""label_intent"":""offend"",""target"":[{""pemain"":""Kiki"",""relasi"":""offend""}]},{""pengirim"":""Vina"",""teks_chat"":""Apa sudah ada penjelasannya?"",""label_intent"":""neutral"",""target"":[]},{""pengirim"":""Wawan"",""teks_chat"":""Aku juga curiga Kiki Hitman karena klaimnya berubah."",""label_intent"":""offend"",""target"":[{""pemain"":""Kiki"",""relasi"":""offend""}]},{""pengirim"":""Kiki"",""teks_chat"":""Aku bukan Hitman, tadi belum ingin membuka role."",""label_intent"":""defend"",""target"":[{""pemain"":""Kiki"",""relasi"":""defend""}]},{""pengirim"":""Yudha"",""teks_chat"":""Aku belum percaya alasanmu, aku tetap curiga kamu pelakunya."",""label_intent"":""offend"",""target"":[{""pemain"":""Kiki"",""relasi"":""offend""}]},{""pengirim"":""Vina"",""teks_chat"":""Aku juga curiga Kiki mengarang klaim sebagai Hitman."",""label_intent"":""offend"",""target"":[{""pemain"":""Kiki"",""relasi"":""offend""}]},{""pengirim"":""Kiki"",""teks_chat"":""Aku benar-benar Spy, bukan Hitman."",""label_intent"":""defend"",""target"":[{""pemain"":""Kiki"",""relasi"":""defend""}]},{""pengirim"":""Wawan"",""teks_chat"":""Aku tetap ingin vote dia."",""label_intent"":""offend"",""target"":[{""pemain"":""Kiki"",""relasi"":""offend""}]},{""pengirim"":""Yudha"",""teks_chat"":""Kita perlu segera memutuskan pilihan."",""label_intent"":""neutral"",""target"":[]}]","[""Vina"",""Wawan"",""Yudha"",""Kiki""]","[{""pemain"":""Kiki"",""relasi"":""offend""}]"
Bagas,"Deni tidak salah apa-apa, tapi respons Santi yang sangat cepat membelanya justru membuktikan dialah Hitman sebenarnya.",offend,"[{""pengirim"":""Bagas"",""teks_chat"":""Aku mencurigai Deni, dia aneh sekali dari awal."",""label_intent"":""offend"",""target"":[{""pemain"":""Deni"",""relasi"":""offend""}]},{""pengirim"":""Santi"",""teks_chat"":""Tunggu dulu Bagas, jangan asal tuduh, Deni itu jelas ada di kubu kita."",""label_intent"":""defend"",""target"":[{""pemain"":""Deni"",""relasi"":""defend""}]}]","[""Bagas"",""Deni"",""Santi""]","[{""pemain"":""Deni"",""relasi"":""defend""},{""pemain"":""Santi"",""relasi"":""offend""}]"
Lina,"Dia emang licik banget, pasti pelakunya dan harus kita hilangkan hari ini.",offend,"[{""pengirim"":""Lina"",""teks_chat"":""Ajakan vote di chat berubah-ubah tadi."",""label_intent"":""neutral"",""target"":[]},{""pengirim"":""Reza"",""teks_chat"":""Iya, beberapa ajakan berubah di akhir diskusi."",""label_intent"":""neutral"",""target"":[]},{""pengirim"":""Toni"",""teks_chat"":""Kita cari alasan perubahannya."",""label_intent"":""neutral"",""target"":[]},{""pengirim"":""Ari"",""teks_chat"":""Siapa yang mengubah ajakan vote tadi?"",""label_intent"":""neutral"",""target"":[]},{""pengirim"":""Lina"",""teks_chat"":""Aku belum perhatikan secara rinci."",""label_intent"":""neutral"",""target"":[]},{""pengirim"":""Reza"",""teks_chat"":""Aku mau membaca pesan yang tepat dulu."",""label_intent"":""neutral"",""target"":[]},{""pengirim"":""Toni"",""teks_chat"":""Aku juga belum mau menyimpulkan tanpa membaca alasannya."",""label_intent"":""neutral"",""target"":[]},{""pengirim"":""Ari"",""teks_chat"":""Kalian harus bantu mengingat siapa saja nama-namanya."",""label_intent"":""neutral"",""target"":[]},{""pengirim"":""Lina"",""teks_chat"":""Aku baca ulang chat sebentar."",""label_intent"":""neutral"",""target"":[]},{""pengirim"":""Reza"",""teks_chat"":""Cepat beritahu kami jika sudah ketemu."",""label_intent"":""neutral"",""target"":[]},{""pengirim"":""Lina"",""teks_chat"":""Toni dan Ari mengubah ajakan tanpa alasan jelas. Aku curiga mereka Hitman."",""label_intent"":""offend"",""target"":[{""pemain"":""Toni"",""relasi"":""offend""},{""pemain"":""Ari"",""relasi"":""offend""}]},{""pengirim"":""Reza"",""teks_chat"":""Wah iya bener banget, dua orang itu mencurigakan."",""label_intent"":""offend"",""target"":[{""pemain"":""Toni"",""relasi"":""offend""},{""pemain"":""Ari"",""relasi"":""offend""}]}]","[""Lina"",""Reza"",""Toni"",""Ari""]","[{""pemain"":""tidak_diketahui"",""relasi"":""offend""}]"
Ayu,Kita bahas Bima saja: menurutku Bima bukan Hitman dan belum pantas divote.,defend,"[{""pengirim"":""Dimas"",""teks_chat"":""Tadi Ayu terlalu tergesa-gesa membela Riko, bisa jadi dia kaki tangannya."",""label_intent"":""offend"",""target"":[{""pemain"":""Ayu"",""relasi"":""offend""}]}]","[""Dimas"",""Ayu"",""Bima"",""Riko""]","[{""pemain"":""Bima"",""relasi"":""defend""}]"
Fikri,"Siti tadi memang jadi saksi matanya, tapi aku tidak punya niat jahat sama sekali dan tuduhan ini keliru.",defend,"[{""pengirim"":""Hasan"",""teks_chat"":""Teman-teman, tadi Fikri langsung ngajak vote tanpa kasih alasan yang logis."",""label_intent"":""offend"",""target"":[{""pemain"":""Fikri"",""relasi"":""offend""}]},{""pengirim"":""Gita"",""teks_chat"":""Iya, dia sangat ngotot agar kita segera menekan tombolnya."",""label_intent"":""offend"",""target"":[{""pemain"":""Fikri"",""relasi"":""offend""}]},{""pengirim"":""Fikri"",""teks_chat"":""Aku cuma mencoba mencari kejelasan sebelum ronde berakhir."",""label_intent"":""defend"",""target"":[{""pemain"":""Fikri"",""relasi"":""defend""}]},{""pengirim"":""Hasan"",""teks_chat"":""Tapi tidak dengan cara menekan kami tanpa dasar fakta."",""label_intent"":""offend"",""target"":[{""pemain"":""Fikri"",""relasi"":""offend""}]},{""pengirim"":""Siti"",""teks_chat"":""Aku sendiri melihat Fikri menyuruh kita menyudutkan satu orang."",""label_intent"":""offend"",""target"":[{""pemain"":""Fikri"",""relasi"":""offend""}]},{""pengirim"":""Gita"",""teks_chat"":""Itulah perilaku Hitman yang panik."",""label_intent"":""offend"",""target"":[{""pemain"":""Fikri"",""relasi"":""offend""}]},{""pengirim"":""Fikri"",""teks_chat"":""Itu asumsi liar, aku hanya mau memajukan diskusi."",""label_intent"":""defend"",""target"":[{""pemain"":""Fikri"",""relasi"":""defend""}]},{""pengirim"":""Hasan"",""teks_chat"":""Kamu tidak bisa terus beralasan."",""label_intent"":""offend"",""target"":[{""pemain"":""Fikri"",""relasi"":""offend""}]},{""pengirim"":""Gita"",""teks_chat"":""Kita harus menghentikannya sebelum dia menyesatkan kita lebih jauh."",""label_intent"":""offend"",""target"":[{""pemain"":""Fikri"",""relasi"":""offend""}]},{""pengirim"":""Siti"",""teks_chat"":""Silakan vote dia, aku akan mengikuti mayoritas."",""label_intent"":""offend"",""target"":[{""pemain"":""Fikri"",""relasi"":""offend""}]}]","[""Hasan"",""Gita"",""Fikri"",""Siti""]","[{""pemain"":""Fikri"",""relasi"":""defend""}]"
Boni,"Aku curiga kamu Hitman, vote kamu saja.",offend,[],"[""Boni"",""Wati"",""Toni""]","[{""pemain"":""tidak_diketahui"",""relasi"":""offend""}]"
Citra,"Budi bilang 'Rama Hitman karena ajakan votenya berubah'. Aku tidak setuju, perubahan ajakan belum membuktikan Rama Hitman.",defend,"[{""pengirim"":""Rama"",""teks_chat"":""Kenapa ya tadi Budi menuduhku terus?"",""label_intent"":""neutral"",""target"":[]},{""pengirim"":""Budi"",""teks_chat"":""Aku curiga Rama Hitman karena ajakan votenya berubah tanpa alasan."",""label_intent"":""offend"",""target"":[{""pemain"":""Rama"",""relasi"":""offend""}]},{""pengirim"":""Citra"",""teks_chat"":""Budi berganti alasan tuduhan, aku curiga dia Hitman."",""label_intent"":""offend"",""target"":[{""pemain"":""Budi"",""relasi"":""offend""}]},{""pengirim"":""Rama"",""teks_chat"":""Aku juga curiga Budi Hitman karena alasannya berubah."",""label_intent"":""offend"",""target"":[{""pemain"":""Budi"",""relasi"":""offend""}]},{""pengirim"":""Budi"",""teks_chat"":""Aku hanya mengamati situasi, wajar kalau analisisku berkembang."",""label_intent"":""defend"",""target"":[{""pemain"":""Budi"",""relasi"":""defend""}]}]","[""Rama"",""Budi"",""Citra""]","[{""pemain"":""Rama"",""relasi"":""defend""}]"
Dinda,"Tunggu dulu, setelah kupikir lagi, orang yang menuduh dengan bingung bukan berarti Jojo Hitman, mungkin dia memang warga biasa yang tersesat.",defend,"[{""pengirim"":""Hendra"",""teks_chat"":""Jojo berganti tuduhan dari Dinda ke pemain lain tanpa alasan, aku curiga dia Hitman."",""label_intent"":""offend"",""target"":[{""pemain"":""Jojo"",""relasi"":""offend""}]},{""pengirim"":""Karin"",""teks_chat"":""Benar juga, dia sepertinya hanya mencari kambing hitam."",""label_intent"":""offend"",""target"":[{""pemain"":""Jojo"",""relasi"":""offend""}]},{""pengirim"":""Jojo"",""teks_chat"":""Aku tidak ganti target sembarangan, ada info baru yang masuk."",""label_intent"":""defend"",""target"":[{""pemain"":""Jojo"",""relasi"":""defend""}]},{""pengirim"":""Dinda"",""teks_chat"":""Info apa? Kamu cuma bingung menutupi kebohonganmu sendiri."",""label_intent"":""offend"",""target"":[{""pemain"":""Jojo"",""relasi"":""offend""}]},{""pengirim"":""Hendra"",""teks_chat"":""Sikap labil Jojo ini sangat menunjukkan dia adalah pelakunya."",""label_intent"":""offend"",""target"":[{""pemain"":""Jojo"",""relasi"":""offend""}]},{""pengirim"":""Karin"",""teks_chat"":""Ayo vote dia pada Tribunal nanti."",""label_intent"":""offend"",""target"":[{""pemain"":""Jojo"",""relasi"":""offend""}]}]","[""Jojo"",""Hendra"",""Karin"",""Dinda""]","[{""pemain"":""Jojo"",""relasi"":""defend""}]"
Bima,Aku curiga Toni Hitman karena belum menjelaskan klaim rolenya.,offend,"[{""pengirim"":""Bima"",""teks_chat"":""Pagi semuanya, ada yang tahu siapa yang disandera semalam?"",""label_intent"":""neutral"",""target"":[]},{""pengirim"":""Toni"",""teks_chat"":""Belum ada yang tahu, petunjuknya juga nggak ada."",""label_intent"":""neutral"",""target"":[]},{""pengirim"":""Gisel"",""teks_chat"":""Berarti kita perlu membahas isi klaim dan alasan dalam chat."",""label_intent"":""neutral"",""target"":[]}]","[""Bima"",""Gisel"",""Toni""]","[{""pemain"":""Toni"",""relasi"":""offend""}]"
Maya,"Aku setuju dengan Rian, vote dia.",offend,"[{""pengirim"":""Rian"",""teks_chat"":""Yudi mengaku Spy pada awal diskusi, ya?"",""label_intent"":""neutral"",""target"":[]},{""pengirim"":""Maya"",""teks_chat"":""Iya, aku membaca klaim itu."",""label_intent"":""neutral"",""target"":[]},{""pengirim"":""Yudi"",""teks_chat"":""Koreksi, aku sebenarnya Civilian."",""label_intent"":""neutral"",""target"":[]},{""pengirim"":""Luna"",""teks_chat"":""Aku curiga Yudi Hitman karena klaimnya berubah."",""label_intent"":""offend"",""target"":[{""pemain"":""Yudi"",""relasi"":""offend""}]},{""pengirim"":""Rian"",""teks_chat"":""Aku juga curiga dia pelakunya karena perubahan itu."",""label_intent"":""offend"",""target"":[{""pemain"":""Yudi"",""relasi"":""offend""}]},{""pengirim"":""Maya"",""teks_chat"":""Aku mendukung tuduhan itu."",""label_intent"":""offend"",""target"":[{""pemain"":""Yudi"",""relasi"":""offend""}]},{""pengirim"":""Yudi"",""teks_chat"":""Aku bukan Hitman, tadi salah mengetik."",""label_intent"":""defend"",""target"":[{""pemain"":""Yudi"",""relasi"":""defend""}]},{""pengirim"":""Luna"",""teks_chat"":""Aku tetap menduga dia yg Hitman."",""label_intent"":""offend"",""target"":[{""pemain"":""Yudi"",""relasi"":""offend""}]},{""pengirim"":""Rian"",""teks_chat"":""Vote dia saja, aku belum percaya koreksinya."",""label_intent"":""offend"",""target"":[{""pemain"":""Yudi"",""relasi"":""offend""}]}]","[""Rian"",""Maya"",""Yudi"",""Luna""]","[{""pemain"":""Yudi"",""relasi"":""offend""}]"
Rio,"Aku sudah menekan tombol vote untuknya, kalian ikuti saja.",offend,"[{""pengirim"":""Rio"",""teks_chat"":""Sarah berubah klaim role, aku curiga dia Hitman."",""label_intent"":""offend"",""target"":[{""pemain"":""Sarah"",""relasi"":""offend""}]},{""pengirim"":""Deni"",""teks_chat"":""Awalnya dia mengaku Civilian."",""label_intent"":""neutral"",""target"":[]},{""pengirim"":""Tina"",""teks_chat"":""Iya, aku membaca klaim itu."",""label_intent"":""neutral"",""target"":[]},{""pengirim"":""Rio"",""teks_chat"":""Sekarang dia mengaku Spy. Aku makin curiga dia pelakunya."",""label_intent"":""offend"",""target"":[{""pemain"":""Sarah"",""relasi"":""offend""}]},{""pengirim"":""Deni"",""teks_chat"":""Aku juga curiga dia Hitman karena klaimnya berubah."",""label_intent"":""offend"",""target"":[{""pemain"":""Sarah"",""relasi"":""offend""}]},{""pengirim"":""Tina"",""teks_chat"":""Ini adalah bukti kuat kalau ada yang disembunyikan darinya."",""label_intent"":""offend"",""target"":[{""pemain"":""Sarah"",""relasi"":""offend""}]},{""pengirim"":""Rio"",""teks_chat"":""Setiap kebohongan pasti akan terbongkar pada akhirnya."",""label_intent"":""offend"",""target"":[{""pemain"":""Sarah"",""relasi"":""offend""}]},{""pengirim"":""Deni"",""teks_chat"":""Sekarang kita sudah punya alasan logis untuk melakukan vote."",""label_intent"":""neutral"",""target"":[]},{""pengirim"":""Tina"",""teks_chat"":""Memang orang yang ucapannya saling bertentangan tidak bisa dipercaya."",""label_intent"":""offend"",""target"":[{""pemain"":""Sarah"",""relasi"":""offend""}]},{""pengirim"":""Rio"",""teks_chat"":""Ayo siap-siap vote sebelum waktunya habis."",""label_intent"":""neutral"",""target"":[]},{""pengirim"":""Deni"",""teks_chat"":""Semoga pilihan kita tidak salah kali ini."",""label_intent"":""neutral"",""target"":[]},{""pengirim"":""Tina"",""teks_chat"":""Fakta bahwa omongannya berubah-ubah sudah lebih dari cukup."",""label_intent"":""offend"",""target"":[{""pemain"":""Sarah"",""relasi"":""offend""}]}]","[""Rio"",""Sarah"",""Deni"",""Tina""]","[{""pemain"":""Sarah"",""relasi"":""offend""}]"
Dodi,"Udah, semua langsung vote dia aja sekarang.",offend,"[{""pengirim"":""Dodi"",""teks_chat"":""Iya, kelihatan sekali dia hanya ingin menciptakan kekacauan."",""label_intent"":""offend"",""target"":[{""pemain"":""Willy"",""relasi"":""offend""}]},{""pengirim"":""Eka"",""teks_chat"":""Perilaku agresif seperti itu sering dipakai untuk menutupi perannya."",""label_intent"":""offend"",""target"":[{""pemain"":""Willy"",""relasi"":""offend""}]},{""pengirim"":""Bagas"",""teks_chat"":""Apalagi nggak ada alasan jelas di balik ajakannya."",""label_intent"":""offend"",""target"":[{""pemain"":""Willy"",""relasi"":""offend""}]},{""pengirim"":""Dodi"",""teks_chat"":""Dia pasti berharap ada warga yang ikut-ikutan buta."",""label_intent"":""offend"",""target"":[{""pemain"":""Willy"",""relasi"":""offend""}]},{""pengirim"":""Eka"",""teks_chat"":""Kita jangan sampai terpancing provokasi murahan itu."",""label_intent"":""neutral"",""target"":[]},{""pengirim"":""Bagas"",""teks_chat"":""Udah, mending kita keluarin aja si perusuh ini."",""label_intent"":""offend"",""target"":[{""pemain"":""Willy"",""relasi"":""offend""}]},{""pengirim"":""Dodi"",""teks_chat"":""Aku setuju, keberadaannya sangat membahayakan posisi kita."",""label_intent"":""offend"",""target"":[{""pemain"":""Willy"",""relasi"":""offend""}]},{""pengirim"":""Eka"",""teks_chat"":""Tunggu sebentar, apakah ada yang mau memberinya kesempatan bicara?"",""label_intent"":""neutral"",""target"":[]},{""pengirim"":""Bagas"",""teks_chat"":""Buat apa? Tidak ada yang bisa dibela dari ajakan sepihak."",""label_intent"":""offend"",""target"":[{""pemain"":""Willy"",""relasi"":""offend""}]},{""pengirim"":""Dodi"",""teks_chat"":""Iya, percuma saja memberinya waktu, dia pasti hanya menambah alibi."",""label_intent"":""offend"",""target"":[{""pemain"":""Willy"",""relasi"":""offend""}]},{""pengirim"":""Eka"",""teks_chat"":""Memang benar sih, dia diam saja karena sadar sudah salah langkah."",""label_intent"":""offend"",""target"":[{""pemain"":""Willy"",""relasi"":""offend""}]},{""pengirim"":""Bagas"",""teks_chat"":""Ayo kita kompak vote dia biar cepat keluar."",""label_intent"":""offend"",""target"":[{""pemain"":""Willy"",""relasi"":""offend""}]}]","[""Bagas"",""Willy"",""Dodi"",""Eka""]","[{""pemain"":""Willy"",""relasi"":""offend""}]"
Rama,Aku curiga kamu Hitman. Kita vote kamu aja.,offend,[],"[""Rama"",""Kiki"",""Santi""]","[{""pemain"":""tidak_diketahui"",""relasi"":""offend""}]"
Johan,Vote aku saja sekarang kalau kalian mau menentukan pilihan.,offend,[],"[""Johan"",""Fina"",""Yudha""]","[{""pemain"":""Johan"",""relasi"":""offend""}]"
Guntur,"Aku tarik pembelaan. Aku curiga Roni Hitman, vote dia!",offend,"[{""pengirim"":""Guntur"",""teks_chat"":""Roni belum terbukti Hitman, aku percaya klaim Civilian-nya."",""label_intent"":""defend"",""target"":[{""pemain"":""Roni"",""relasi"":""defend""}]},{""pengirim"":""Dina"",""teks_chat"":""Aku juga belum mendukung tuduhan ke dia."",""label_intent"":""defend"",""target"":[{""pemain"":""Roni"",""relasi"":""defend""}]},{""pengirim"":""Siska"",""teks_chat"":""Roni tadi mengaku memakai Guard padahal mengaku Civilian. Aku curiga dia Hitman."",""label_intent"":""offend"",""target"":[{""pemain"":""Roni"",""relasi"":""offend""}]},{""pengirim"":""Guntur"",""teks_chat"":""Dia mengaku memakai skill juga?"",""label_intent"":""neutral"",""target"":[]},{""pengirim"":""Siska"",""teks_chat"":""Iya, aku membaca klaim Guard-nya. Aku curiga Roni pelakunya."",""label_intent"":""offend"",""target"":[{""pemain"":""Roni"",""relasi"":""offend""}]},{""pengirim"":""Dina"",""teks_chat"":""Lho, Civilian kok bisa pakai Guard? Aku jadi curiga Roni Hitman."",""label_intent"":""offend"",""target"":[{""pemain"":""Roni"",""relasi"":""offend""}]},{""pengirim"":""Roni"",""teks_chat"":""Aku bukan Hitman, maksudku menebak pilihan Guard pemain lain."",""label_intent"":""defend"",""target"":[{""pemain"":""Roni"",""relasi"":""defend""}]},{""pengirim"":""Siska"",""teks_chat"":""Aku tetap curiga kamu Hitman karena klaim itu."",""label_intent"":""offend"",""target"":[{""pemain"":""Roni"",""relasi"":""offend""}]}]","[""Guntur"",""Dina"",""Roni"",""Siska""]","[{""pemain"":""Roni"",""relasi"":""offend""}]"
Fajar,"Udah jelas dari hasil Peek itu, ayo kita sepakat buang dia.",offend,"[{""pengirim"":""Fajar"",""teks_chat"":""Serius? Kamu yakin nggak salah lihat hasilnya?"",""label_intent"":""neutral"",""target"":[]},{""pengirim"":""Rio"",""teks_chat"":""Coba jelasin lagi biar kita semua yakin."",""label_intent"":""neutral"",""target"":[]},{""pengirim"":""Beni"",""teks_chat"":""Yakin, hasilnya jelas nunjukin dia Hitman."",""label_intent"":""offend"",""target"":[{""pemain"":""Wati"",""relasi"":""offend""}]},{""pengirim"":""Fajar"",""teks_chat"":""Wow, itu bukti yang sangat valid."",""label_intent"":""offend"",""target"":[{""pemain"":""Wati"",""relasi"":""offend""}]},{""pengirim"":""Rio"",""teks_chat"":""Hasilnya udah dibagi nih, ada yang mau nanggepin?"",""label_intent"":""neutral"",""target"":[]},{""pengirim"":""Beni"",""teks_chat"":""Aku yakin dia Hitman berdasarkan klaim hasilku itu."",""label_intent"":""offend"",""target"":[{""pemain"":""Wati"",""relasi"":""offend""}]},{""pengirim"":""Fajar"",""teks_chat"":""Kalau begitu tidak ada alasan untuk ragu lagi."",""label_intent"":""offend"",""target"":[{""pemain"":""Wati"",""relasi"":""offend""}]},{""pengirim"":""Rio"",""teks_chat"":""Anehnya dia tidak juga muncul untuk membela diri."",""label_intent"":""offend"",""target"":[{""pemain"":""Wati"",""relasi"":""offend""}]},{""pengirim"":""Beni"",""teks_chat"":""Dia pasti sedang ketakutan karena kedoknya terbongkar."",""label_intent"":""offend"",""target"":[{""pemain"":""Wati"",""relasi"":""offend""}]},{""pengirim"":""Fajar"",""teks_chat"":""Kita harus bertindak cepat sebelum dia mencari alibi lain."",""label_intent"":""offend"",""target"":[{""pemain"":""Wati"",""relasi"":""offend""}]},{""pengirim"":""Rio"",""teks_chat"":""Setuju, lebih baik kita amankan warga dari ancamannya."",""label_intent"":""offend"",""target"":[{""pemain"":""Wati"",""relasi"":""offend""}]},{""pengirim"":""Beni"",""teks_chat"":""Siapkan suara kalian semua."",""label_intent"":""offend"",""target"":[{""pemain"":""Wati"",""relasi"":""offend""}]}]","[""Beni"",""Wati"",""Fajar"",""Rio""]","[{""pemain"":""Wati"",""relasi"":""offend""}]"
Lia,"Mending kita vote aja si Kik, klaimnya mencurigakan banget tanpa bukti.",offend,"[{""pengirim"":""Kiki"",""teks_chat"":""Aku ini Spy, kalian harus percaya."",""label_intent"":""neutral"",""target"":[]},{""pengirim"":""Lia"",""teks_chat"":""Belum ada bukti kalau kamu beneran Spy."",""label_intent"":""neutral"",""target"":[]},{""pengirim"":""Anton"",""teks_chat"":""Iya, bisa aja dia bohong buat nutupin role aslinya."",""label_intent"":""offend"",""target"":[{""pemain"":""Kiki"",""relasi"":""offend""}]},{""pengirim"":""Bagas"",""teks_chat"":""Kita dengarkan dulu klaim pilihan Guard-nya."",""label_intent"":""neutral"",""target"":[]},{""pengirim"":""Kiki"",""teks_chat"":""Terserah kalau gak percaya, aku cuma ngasih info."",""label_intent"":""defend"",""target"":[{""pemain"":""Kiki"",""relasi"":""defend""}]},{""pengirim"":""Lia"",""teks_chat"":""Kalau beneran Spy, harusnya bisa kasih info yang berguna dong."",""label_intent"":""neutral"",""target"":[]},{""pengirim"":""Anton"",""teks_chat"":""Betul, dari tadi informasinya kurang jelas."",""label_intent"":""neutral"",""target"":[]},{""pengirim"":""Bagas"",""teks_chat"":""Jangan buru-buru nuduh, kita kumpulin info dulu aja."",""label_intent"":""neutral"",""target"":[]},{""pengirim"":""Kiki"",""teks_chat"":""Nanti malam aku akan memilih satu pemain untuk Guard."",""label_intent"":""neutral"",""target"":[]},{""pengirim"":""Lia"",""teks_chat"":""Silakan, buktikan aja."",""label_intent"":""neutral"",""target"":[]},{""pengirim"":""Anton"",""teks_chat"":""Aku sih tetep waspada sama klaim ini."",""label_intent"":""neutral"",""target"":[]},{""pengirim"":""Bagas"",""teks_chat"":""Oke, soal Guard-nya kita bahas besok aja."",""label_intent"":""neutral"",""target"":[]}]","[""Kiki"",""Lia"",""Anton"",""Bagas""]","[{""pemain"":""Kiki"",""relasi"":""offend""}]"
Citra,"Jangan vote Doni, justru kamu yang paling mencurigakan asal ngajak vote.",offend,"[{""pengirim"":""Eka"",""teks_chat"":""Kita vote Doni aja yuk, aku curiga banget sama dia."",""label_intent"":""offend"",""target"":[{""pemain"":""Doni"",""relasi"":""offend""}]}]","[""Eka"",""Citra"",""Doni""]","[{""pemain"":""Doni"",""relasi"":""defend""},{""pemain"":""Eka"",""relasi"":""offend""}]"
Fahmi,"Aku curiga Gina Hitman, dia pura-pura heran padahal tadi dia sendiri yang ngarahin vote ke Hendra.",offend,"[{""pengirim"":""Gina"",""teks_chat"":""Kenapa ajakan vote di chat berubah ke Hendra?"",""label_intent"":""neutral"",""target"":[]},{""pengirim"":""Hendra"",""teks_chat"":""Iya nih, aku juga heran kenapa pada nargetin aku."",""label_intent"":""neutral"",""target"":[]}]","[""Gina"",""Hendra"",""Fahmi""]","[{""pemain"":""Gina"",""relasi"":""offend""}]"
Laras,"Mending kita vote dia aja, gak ada kontribusinya sama sekali buat diskusi.",offend,"[{""pengirim"":""Jamil"",""teks_chat"":""Iwan diam terus, aku curiga dia Hitman."",""label_intent"":""offend"",""target"":[{""pemain"":""Iwan"",""relasi"":""offend""}]},{""pengirim"":""Kurnia"",""teks_chat"":""Mungkin dia yg jadi pelakunya."",""label_intent"":""offend"",""target"":[{""pemain"":""Iwan"",""relasi"":""offend""}]},{""pengirim"":""Laras"",""teks_chat"":""Bisa jadi, orang pasif biasanya nyembunyiin sesuatu."",""label_intent"":""offend"",""target"":[{""pemain"":""Iwan"",""relasi"":""offend""}]},{""pengirim"":""Iwan"",""teks_chat"":""Aku cuma nyimak diskusi kalian kok."",""label_intent"":""defend"",""target"":[{""pemain"":""Iwan"",""relasi"":""defend""}]},{""pengirim"":""Jamil"",""teks_chat"":""Nyimak doang gak ngebantu nemuin pelakunya."",""label_intent"":""neutral"",""target"":[]},{""pengirim"":""Kurnia"",""teks_chat"":""Kita butuh diskusi aktif biar bisa menang."",""label_intent"":""neutral"",""target"":[]},{""pengirim"":""Laras"",""teks_chat"":""Setuju, kalau pada pasif susah nyari info."",""label_intent"":""neutral"",""target"":[]},{""pengirim"":""Iwan"",""teks_chat"":""Nanti kalau ada info aku pasti ngomong."",""label_intent"":""neutral"",""target"":[]},{""pengirim"":""Jamil"",""teks_chat"":""Alesan aja terus dari tadi."",""label_intent"":""offend"",""target"":[{""pemain"":""Iwan"",""relasi"":""offend""}]},{""pengirim"":""Kurnia"",""teks_chat"":""Ya udah, kita lihat aja nanti perkembangannya gimana."",""label_intent"":""neutral"",""target"":[]},{""pengirim"":""Laras"",""teks_chat"":""Tapi aku tetep ngerasa ada yang aneh sama kelakuannya."",""label_intent"":""offend"",""target"":[{""pemain"":""Iwan"",""relasi"":""offend""}]},{""pengirim"":""Jamil"",""teks_chat"":""Sama, firasatku juga agak kurang enak."",""label_intent"":""offend"",""target"":[{""pemain"":""Iwan"",""relasi"":""offend""}]}]","[""Jamil"",""Iwan"",""Kurnia"",""Laras""]","[{""pemain"":""Iwan"",""relasi"":""offend""}]"
Mira,"Aku klaim Spy, semalam pilihan Guard-ku Niko.",neutral,"[{""pengirim"":""Mira"",""teks_chat"":""Siapa korban Hostage semalam?"",""label_intent"":""neutral"",""target"":[]},{""pengirim"":""Niko"",""teks_chat"":""Belum tahu, belum ada yang ngaku jadi korban."",""label_intent"":""neutral"",""target"":[]}]","[""Mira"",""Niko""]",[]
Qori,"Aku setuju dengan Putri, jangan vote dia hanya berdasarkan dugaan itu.",defend,"[{""pengirim"":""Omar"",""teks_chat"":""Aku klaim Spy, pilihan Guard-ku Putri semalam."",""label_intent"":""neutral"",""target"":[]},{""pengirim"":""Qori"",""teks_chat"":""Apa alasan memilih Putri?"",""label_intent"":""neutral"",""target"":[]},{""pengirim"":""Omar"",""teks_chat"":""Aku memilihnya karena dia aktif berdiskusi."",""label_intent"":""neutral"",""target"":[]},{""pengirim"":""Qori"",""teks_chat"":""Oke, itu alasan pilihanmu."",""label_intent"":""neutral"",""target"":[]},{""pengirim"":""Omar"",""teks_chat"":""Aku tidak berbohong soal klaimku."",""label_intent"":""defend"",""target"":[{""pemain"":""Omar"",""relasi"":""defend""}]},{""pengirim"":""Qori"",""teks_chat"":""Aku curiga Omar Hitman yang memakai klaim palsu."",""label_intent"":""offend"",""target"":[{""pemain"":""Omar"",""relasi"":""offend""}]},{""pengirim"":""Putri"",""teks_chat"":""Klaim Omar belum terbukti palsu. Aku menolak vote dia."",""label_intent"":""defend"",""target"":[{""pemain"":""Omar"",""relasi"":""defend""}]},{""pengirim"":""Qori"",""teks_chat"":""Jadi alasan tuduhanku memang belum cukup."",""label_intent"":""neutral"",""target"":[]}]","[""Omar"",""Putri"",""Qori""]","[{""pemain"":""Omar"",""relasi"":""defend""}]"
Surya,Aku tarik tuduhan ke Rani. Koreksi salah ketik belum membuktikan Rani Hitman.,defend,"[{""pengirim"":""Surya"",""teks_chat"":""Rani mengubah klaim role, aku curiga dia Hitman!"",""label_intent"":""offend"",""target"":[{""pemain"":""Rani"",""relasi"":""offend""}]},{""pengirim"":""Tari"",""teks_chat"":""Emang klaimnya berubah gimana?"",""label_intent"":""neutral"",""target"":[]},{""pengirim"":""Rani"",""teks_chat"":""Aku bukan Hitman, aku langsung mengoreksi salah ketikku."",""label_intent"":""defend"",""target"":[{""pemain"":""Rani"",""relasi"":""defend""}]},{""pengirim"":""Tari"",""teks_chat"":""Koreksi itu memang ada pada pesan berikutnya."",""label_intent"":""neutral"",""target"":[]}]","[""Surya"",""Rani"",""Tari""]","[{""pemain"":""Rani"",""relasi"":""defend""}]"
Wawan,Aku tarik tuduhan ke si Um. Sedikit membalas belum membuktikan dia Hitman.,defend,"[{""pengirim"":""Wawan"",""teks_chat"":""Ada yang tahu kenapa Umar diam terus dari tadi?"",""label_intent"":""neutral"",""target"":[]},{""pengirim"":""Vina"",""teks_chat"":""Mungkin dia lagi mikir strategi."",""label_intent"":""neutral"",""target"":[]},{""pengirim"":""Wawan"",""teks_chat"":""Atau dia sengaja diam biar gak dicurigai sama kita?"",""label_intent"":""offend"",""target"":[{""pemain"":""Umar"",""relasi"":""offend""}]},{""pengirim"":""Vina"",""teks_chat"":""Bisa jadi, banyak yang pakai taktik gitu kalau lagi jadi pelaku."",""label_intent"":""offend"",""target"":[{""pemain"":""Umar"",""relasi"":""offend""}]},{""pengirim"":""Umar"",""teks_chat"":""..."",""label_intent"":""neutral"",""target"":[]},{""pengirim"":""Wawan"",""teks_chat"":""Tuh kan, ditanya juga gak ngejawab sama sekali."",""label_intent"":""offend"",""target"":[{""pemain"":""Umar"",""relasi"":""offend""}]},{""pengirim"":""Vina"",""teks_chat"":""Jangan-jangan emang bener dia pelakunya yang sembunyi."",""label_intent"":""offend"",""target"":[{""pemain"":""Umar"",""relasi"":""offend""}]}]","[""Wawan"",""Vina"",""Umar""]","[{""pemain"":""Umar"",""relasi"":""defend""}]"
Ayu,"Mungkin dia cuma bingung nyusun kata-kata, bukan berarti dia yang jadi hitman.",defend,"[{""pengirim"":""Zain"",""teks_chat"":""Yudi menuduh tanpa alasan, aku curiga dia Hitman."",""label_intent"":""offend"",""target"":[{""pemain"":""Yudi"",""relasi"":""offend""}]},{""pengirim"":""Ayu"",""teks_chat"":""Nuduh tanpa alasan gimana maksudnya?"",""label_intent"":""neutral"",""target"":[]},{""pengirim"":""Zain"",""teks_chat"":""Kemarin dia bilang mau fokus cari bukti, sekarang malah nuduh tanpa dasar."",""label_intent"":""offend"",""target"":[{""pemain"":""Yudi"",""relasi"":""offend""}]},{""pengirim"":""Bima"",""teks_chat"":""Iya juga sih, aneh banget perubahannya."",""label_intent"":""offend"",""target"":[{""pemain"":""Yudi"",""relasi"":""offend""}]},{""pengirim"":""Yudi"",""teks_chat"":""Aku cuma nyoba strategi baru aja buat mancing reaksi."",""label_intent"":""defend"",""target"":[{""pemain"":""Yudi"",""relasi"":""defend""}]},{""pengirim"":""Zain"",""teks_chat"":""Strategi apa yang bikin omongan jadi muter-muter gitu?"",""label_intent"":""offend"",""target"":[{""pemain"":""Yudi"",""relasi"":""offend""}]},{""pengirim"":""Ayu"",""teks_chat"":""Kita dengerin dulu aja penjelasan dia perlahan."",""label_intent"":""neutral"",""target"":[]},{""pengirim"":""Bima"",""teks_chat"":""Harus hati-hati, bisa aja itu trik dari pelaku."",""label_intent"":""neutral"",""target"":[]},{""pengirim"":""Yudi"",""teks_chat"":""Percaya deh, aku ada alasan sendiri kenapa milih langkah begini."",""label_intent"":""defend"",""target"":[{""pemain"":""Yudi"",""relasi"":""defend""}]},{""pengirim"":""Zain"",""teks_chat"":""Alasan yang dibikin-bikin paling buat nutupi kebohongan."",""label_intent"":""offend"",""target"":[{""pemain"":""Yudi"",""relasi"":""offend""}]},{""pengirim"":""Ayu"",""teks_chat"":""Jangan vote dia sebelum alasannya cukup."",""label_intent"":""defend"",""target"":[{""pemain"":""Yudi"",""relasi"":""defend""}]},{""pengirim"":""Bima"",""teks_chat"":""Susah buat gak curiga kalau begini caranya main."",""label_intent"":""offend"",""target"":[{""pemain"":""Yudi"",""relasi"":""offend""}]}]","[""Zain"",""Ayu"",""Bima"",""Yudi""]","[{""pemain"":""Yudi"",""relasi"":""defend""}]"
Euis,"Jangan vote Dede dulu, alasannya masuk akal. Justru Feri yang aku curigai Hitman karena buru-buru ngajak semua fokus ke Dede.",offend,"[{""pengirim"":""Caca"",""teks_chat"":""Kenapa ajakan vote di chat berubah di akhir diskusi?"",""label_intent"":""neutral"",""target"":[]},{""pengirim"":""Dede"",""teks_chat"":""Aku mengubah ajakan karena berubah pikiran."",""label_intent"":""neutral"",""target"":[]},{""pengirim"":""Euis"",""teks_chat"":""Aku curiga Dede Hitman karena mengubah ajakan tanpa alasan kuat."",""label_intent"":""offend"",""target"":[{""pemain"":""Dede"",""relasi"":""offend""}]},{""pengirim"":""Feri"",""teks_chat"":""Iya Dede kelihatan panik tadi pas mau habis waktunya."",""label_intent"":""offend"",""target"":[{""pemain"":""Dede"",""relasi"":""offend""}]},{""pengirim"":""Caca"",""teks_chat"":""Kita perlu membaca alasan setiap perubahan ajakan."",""label_intent"":""neutral"",""target"":[]},{""pengirim"":""Dede"",""teks_chat"":""Sumpah aku nggak panik, aku cuma ragu sama pilihan awalku aja."",""label_intent"":""defend"",""target"":[{""pemain"":""Dede"",""relasi"":""defend""}]},{""pengirim"":""Euis"",""teks_chat"":""Aku tetap curiga kamu Hitman karena ajakan itu berubah tanpa penjelasan."",""label_intent"":""offend"",""target"":[{""pemain"":""Dede"",""relasi"":""offend""}]},{""pengirim"":""Feri"",""teks_chat"":""Kita fokus aja sama Dede, dia yang paling gak jelas alasannya."",""label_intent"":""offend"",""target"":[{""pemain"":""Dede"",""relasi"":""offend""}]},{""pengirim"":""Caca"",""teks_chat"":""Bener juga, Dede patut kita curigai lebih dalam."",""label_intent"":""offend"",""target"":[{""pemain"":""Dede"",""relasi"":""offend""}]},{""pengirim"":""Dede"",""teks_chat"":""Jangan aku dong, aku beneran cuma berubah pikiran, nggak ada rencana apa-apa."",""label_intent"":""defend"",""target"":[{""pemain"":""Dede"",""relasi"":""defend""}]}]","[""Caca"",""Dede"",""Euis"",""Feri""]","[{""pemain"":""Dede"",""relasi"":""defend""},{""pemain"":""Feri"",""relasi"":""offend""}]"
Deni,"Sudah sangat jelas dia berbohong kepada kita semua, ayo kita sepakat untuk memilih dia saja hari ini.",offend,"[{""pengirim"":""Andi"",""teks_chat"":""Aku klaim Spy, semalam aku memakai Guard."",""label_intent"":""neutral"",""target"":[]},{""pengirim"":""Budi"",""teks_chat"":""Siapa target Guard-mu?"",""label_intent"":""neutral"",""target"":[]},{""pengirim"":""Cici"",""teks_chat"":""Iya, sebutkan pilihanmu kalau ingin dibahas."",""label_intent"":""neutral"",""target"":[]},{""pengirim"":""Andi"",""teks_chat"":""Aku memilih Deni sebagai target Guard."",""label_intent"":""neutral"",""target"":[]},{""pengirim"":""Deni"",""teks_chat"":""Bohong, kamu pasti asal sebut nama karena belum siap alibi."",""label_intent"":""offend"",""target"":[{""pemain"":""Andi"",""relasi"":""offend""}]},{""pengirim"":""Andi"",""teks_chat"":""Aku benar-benar Spy, berani sumpah deh."",""label_intent"":""defend"",""target"":[{""pemain"":""Andi"",""relasi"":""defend""}]},{""pengirim"":""Budi"",""teks_chat"":""Bukti kamu kurang kuat sih buat mengklaim posisi penting seperti itu."",""label_intent"":""offend"",""target"":[{""pemain"":""Andi"",""relasi"":""offend""}]},{""pengirim"":""Cici"",""teks_chat"":""Aku setuju dengan keraguan Budi, rasanya sulit mempercayai dia."",""label_intent"":""offend"",""target"":[{""pemain"":""Andi"",""relasi"":""offend""}]}]","[""Andi"",""Budi"",""Cici"",""Deni""]","[{""pemain"":""Andi"",""relasi"":""offend""}]"
Eka,"Aku menarik kata-kataku sebelumnya, lebih baik kita serentak vote Dika saja sekarang.",offend,"[{""pengirim"":""Gilang"",""teks_chat"":""Dika lambat membalas, aku curiga dia Hitman."",""label_intent"":""offend"",""target"":[{""pemain"":""Dika"",""relasi"":""offend""}]},{""pengirim"":""Eka"",""teks_chat"":""Mungkin Dika sedang sibuk membaca riwayat chat kita, wajar saja kalau lambat."",""label_intent"":""defend"",""target"":[{""pemain"":""Dika"",""relasi"":""defend""}]},{""pengirim"":""Fina"",""teks_chat"":""Diskusi siang sudah hampir selesai, aku tetap curiga dia Hitman."",""label_intent"":""offend"",""target"":[{""pemain"":""Dika"",""relasi"":""offend""}]},{""pengirim"":""Dika"",""teks_chat"":""Maaf, tadi aku sedang ada urusan di dapur sebentar."",""label_intent"":""defend"",""target"":[{""pemain"":""Dika"",""relasi"":""defend""}]},{""pengirim"":""Gilang"",""teks_chat"":""Tuh kan, alasannya mulai tidak masuk akal."",""label_intent"":""offend"",""target"":[{""pemain"":""Dika"",""relasi"":""offend""}]},{""pengirim"":""Eka"",""teks_chat"":""Jangan terburu-buru menuduh, kita berikan kesempatan dia ikut diskusi dulu."",""label_intent"":""defend"",""target"":[{""pemain"":""Dika"",""relasi"":""defend""}]},{""pengirim"":""Dika"",""teks_chat"":""Iya, aku ini hanya Civilian biasa kok, tidak berbahaya."",""label_intent"":""defend"",""target"":[{""pemain"":""Dika"",""relasi"":""defend""}]},{""pengirim"":""Fina"",""teks_chat"":""Kamu bahkan sama sekali tidak memberikan pendapat soal korban semalam."",""label_intent"":""offend"",""target"":[{""pemain"":""Dika"",""relasi"":""offend""}]},{""pengirim"":""Dika"",""teks_chat"":""Aku bingung dan tidak tahu mau membahas apa."",""label_intent"":""defend"",""target"":[{""pemain"":""Dika"",""relasi"":""defend""}]},{""pengirim"":""Gilang"",""teks_chat"":""Fiks dia mencoba menghindar dari tekanan kita."",""label_intent"":""offend"",""target"":[{""pemain"":""Dika"",""relasi"":""offend""}]},{""pengirim"":""Eka"",""teks_chat"":""Eh, setelah aku pikir-pikir lagi, jawaban Dika memang terlalu mencurigakan dari awal."",""label_intent"":""offend"",""target"":[{""pemain"":""Dika"",""relasi"":""offend""}]}]","[""Eka"",""Dika"",""Fina"",""Gilang""]","[{""pemain"":""Dika"",""relasi"":""offend""}]"
Fira,"Irul bukan sekadar Civilian pasif, dia ini jelas Hitman yang sedang mencari aman, mari kita singkirkan dia.",offend,"[{""pengirim"":""Fira"",""teks_chat"":""Irul kenapa pasif sekali dari awal permainan tadi?"",""label_intent"":""neutral"",""target"":[]},{""pengirim"":""Hana"",""teks_chat"":""Iya Rul, jangan diam saja, nanti orang-orang mengira yang tidak-tidak."",""label_intent"":""neutral"",""target"":[]},{""pengirim"":""Irul"",""teks_chat"":""Aku sedang menyimak alur diskusi."",""label_intent"":""neutral"",""target"":[]}]","[""Fira"",""Hana"",""Irul""]","[{""pemain"":""Irul"",""relasi"":""offend""}]"
Lina,"Aku sependapat dengan teori kamu Ko, mari kita serentak mengeluarkan dia saat waktu voting tiba.",offend,"[{""pengirim"":""Mardi"",""teks_chat"":""Ada klaim skill semalam yang mau dibagikan?"",""label_intent"":""neutral"",""target"":[]},{""pengirim"":""Lina"",""teks_chat"":""Belum ada klaim baru yang kubaca."",""label_intent"":""neutral"",""target"":[]},{""pengirim"":""Kiko"",""teks_chat"":""Jojo baru muncul sekarang. Aku curiga dia Hitman yang menghindari diskusi."",""label_intent"":""offend"",""target"":[{""pemain"":""Jojo"",""relasi"":""offend""}]},{""pengirim"":""Jojo"",""teks_chat"":""Aku baru sempat membuka ponsel, maaf baru bisa bergabung."",""label_intent"":""defend"",""target"":[{""pemain"":""Jojo"",""relasi"":""defend""}]},{""pengirim"":""Lina"",""teks_chat"":""Kok pesan kamu pada kepotong-potong begitu Jo?"",""label_intent"":""neutral"",""target"":[]},{""pengirim"":""Jojo"",""teks_chat"":""Jaringan di rumahku memang agak bermasalah hari ini, susah mengetik panjang."",""label_intent"":""defend"",""target"":[{""pemain"":""Jojo"",""relasi"":""defend""}]},{""pengirim"":""Mardi"",""teks_chat"":""Masuk akal juga sih kalau masalah jaringan."",""label_intent"":""defend"",""target"":[{""pemain"":""Jojo"",""relasi"":""defend""}]},{""pengirim"":""Kiko"",""teks_chat"":""Aku tetap curiga dia Hitman karena belum memberi pendapat."",""label_intent"":""offend"",""target"":[{""pemain"":""Jojo"",""relasi"":""offend""}]},{""pengirim"":""Jojo"",""teks_chat"":""Wah kalian jangan mengada-ada, aku sungguh tidak ada hubungannya."",""label_intent"":""defend"",""target"":[{""pemain"":""Jojo"",""relasi"":""defend""}]},{""pengirim"":""Mardi"",""teks_chat"":""Kiko ada benarnya, alasan masalah jaringan itu klasik banget untuk menutupi jejak."",""label_intent"":""offend"",""target"":[{""pemain"":""Jojo"",""relasi"":""offend""}]},{""pengirim"":""Kiko"",""teks_chat"":""Aku curiga Jojo Hitman yang sengaja menunda menjawab pertanyaan."",""label_intent"":""offend"",""target"":[{""pemain"":""Jojo"",""relasi"":""offend""}]}]","[""Jojo"",""Kiko"",""Lina"",""Mardi""]","[{""pemain"":""Jojo"",""relasi"":""offend""}]"
Nita,"Miko ini bukan pemain biasa yang sedang bimbang, dia pasti Hitman yang sengaja mengadu domba kita, cepat vote dia.",offend,"[{""pengirim"":""Miko"",""teks_chat"":""Oki kelihatan sangat mencurigakan karena dia enggan berbagi informasi."",""label_intent"":""offend"",""target"":[{""pemain"":""Oki"",""relasi"":""offend""}]},{""pengirim"":""Oki"",""teks_chat"":""Aku bukan Hitman, aku memang belum punya informasi."",""label_intent"":""defend"",""target"":[{""pemain"":""Oki"",""relasi"":""defend""}]},{""pengirim"":""Miko"",""teks_chat"":""Ya sudah, kalau bukan Oki, mungkin Nita yang sebenarnya beraksi semalam."",""label_intent"":""offend"",""target"":[{""pemain"":""Nita"",""relasi"":""offend""}]},{""pengirim"":""Nita"",""teks_chat"":""Aku bukan Hitman, jangan asal menuduhku."",""label_intent"":""defend"",""target"":[{""pemain"":""Nita"",""relasi"":""defend""}]},{""pengirim"":""Miko"",""teks_chat"":""Sebagai pemain kita memang harus selalu curiga kepada semua orang kan?"",""label_intent"":""defend"",""target"":[{""pemain"":""Miko"",""relasi"":""defend""}]},{""pengirim"":""Oki"",""teks_chat"":""Tetapi caramu berpindah target tuduhan terlalu cepat dan tanpa dasar yang jelas."",""label_intent"":""offend"",""target"":[{""pemain"":""Miko"",""relasi"":""offend""}]}]","[""Nita"",""Oki"",""Miko""]","[{""pemain"":""Miko"",""relasi"":""offend""}]"
Raka,"Kalian berdua tampak bersekongkol saling menutupi sejak awal, ayo kita jadikan keduanya target utama.",offend,"[{""pengirim"":""Raka"",""teks_chat"":""Siska terlalu cepat membela diri, aku curiga dia Hitman."",""label_intent"":""offend"",""target"":[{""pemain"":""Siska"",""relasi"":""offend""}]},{""pengirim"":""Tomi"",""teks_chat"":""Wajar dong kalau Siska cepat membela diri, namanya juga dituduh."",""label_intent"":""defend"",""target"":[{""pemain"":""Siska"",""relasi"":""defend""}]},{""pengirim"":""Siska"",""teks_chat"":""Aku dan Tomi bukan Hitman, tuduhan itu blm terbukti."",""label_intent"":""defend"",""target"":[{""pemain"":""Siska"",""relasi"":""defend""},{""pemain"":""Tomi"",""relasi"":""defend""}]}]","[""Raka"",""Siska"",""Tomi""]","[{""pemain"":""Siska"",""relasi"":""offend""},{""pemain"":""Tomi"",""relasi"":""offend""}]"
Anton,"semua perhatiin, Vino konsisten memelintir ucapan orang lain, fix dia target voting hari ini",offend,[],"[""Anton"",""Vino""]","[{""pemain"":""Vino"",""relasi"":""offend""}]"
Yani,Aku menawarkan diriku untuk divote. Pilih aku saja pada Tribunal nanti.,offend,[],"[""Yani"",""Zaki""]","[{""pemain"":""Yani"",""relasi"":""offend""}]"
Wira,"Mereka berdua pasti bersekongkol dan berbohong setelah menjalankan aksinya, jangan ragu lagi untuk vote keduanya!",offend,"[{""pengirim"":""Wira"",""teks_chat"":""Yuda dan Ziva kok membalas pesan sangat lambat sejak kita berdiskusi tadi pagi?"",""label_intent"":""neutral"",""target"":[]},{""pengirim"":""Yuda"",""teks_chat"":""Sinyalku sedang jelek, harap maklum."",""label_intent"":""neutral"",""target"":[]},{""pengirim"":""Wira"",""teks_chat"":""Aku curiga kalian berdua Hitman yang memakai alasan koneksi."",""label_intent"":""offend"",""target"":[{""pemain"":""Yuda"",""relasi"":""offend""},{""pemain"":""Ziva"",""relasi"":""offend""}]},{""pengirim"":""Ziva"",""teks_chat"":""Aku bukan Hitman, pesanku memang susah terkirim."",""label_intent"":""defend"",""target"":[{""pemain"":""Ziva"",""relasi"":""defend""}]},{""pengirim"":""Wira"",""teks_chat"":""Aku curiga kalian berdua Hitman yang menghindari pertanyaan."",""label_intent"":""offend"",""target"":[{""pemain"":""Yuda"",""relasi"":""offend""},{""pemain"":""Ziva"",""relasi"":""offend""}]},{""pengirim"":""Yuda"",""teks_chat"":""Aku dan Ziva bukan Hitman, kami tidak berbohong soal koneksi."",""label_intent"":""defend"",""target"":[{""pemain"":""Yuda"",""relasi"":""defend""},{""pemain"":""Ziva"",""relasi"":""defend""}]}]","[""Wira"",""Yuda"",""Ziva""]","[{""pemain"":""Yuda"",""relasi"":""offend""},{""pemain"":""Ziva"",""relasi"":""offend""}]"
Ayu,"Dery itu sama sekali bukan pelakunya, jelas-jelas Bayu yang Hitman karena dari tadi lempar tuduhan ke sana kemari, ayo vote Bayu!",offend,"[{""pengirim"":""Bayu"",""teks_chat"":""Ayu menurutku paling mencurigakan di ronde ini karena hanya diam saja."",""label_intent"":""offend"",""target"":[{""pemain"":""Ayu"",""relasi"":""offend""}]},{""pengirim"":""Ayu"",""teks_chat"":""Aku dari tadi sedang serius membaca chat, jangan asal tunjuk dong."",""label_intent"":""defend"",""target"":[{""pemain"":""Ayu"",""relasi"":""defend""}]},{""pengirim"":""Cita"",""teks_chat"":""Lagian Ayu baru sebentar gabung di diskusi, masa langsung disudutkan."",""label_intent"":""defend"",""target"":[{""pemain"":""Ayu"",""relasi"":""defend""}]},{""pengirim"":""Bayu"",""teks_chat"":""Ya sudah, kalau begitu berarti Cita yang menjadi Hitman karena berani membelanya."",""label_intent"":""offend"",""target"":[{""pemain"":""Cita"",""relasi"":""offend""}]},{""pengirim"":""Cita"",""teks_chat"":""Bayu, aku curiga kamu Hitman karena menuduh tanpa alasan."",""label_intent"":""offend"",""target"":[{""pemain"":""Bayu"",""relasi"":""offend""}]},{""pengirim"":""Dery"",""teks_chat"":""Aku juga curiga Bayu Hitman yang menebar tuduhan."",""label_intent"":""offend"",""target"":[{""pemain"":""Bayu"",""relasi"":""offend""}]},{""pengirim"":""Bayu"",""teks_chat"":""Sekarang malah Dery yang tiba-tiba menyerang aku, fix Dery otak utamanya!"",""label_intent"":""offend"",""target"":[{""pemain"":""Dery"",""relasi"":""offend""}]},{""pengirim"":""Dery"",""teks_chat"":""Aku cuma memastikan tujuanmu, kamu terlihat sangat panik."",""label_intent"":""offend"",""target"":[{""pemain"":""Bayu"",""relasi"":""offend""}]},{""pengirim"":""Ayu"",""teks_chat"":""Kelakuan Bayu hari ini sudah melampaui batas kewajaran."",""label_intent"":""offend"",""target"":[{""pemain"":""Bayu"",""relasi"":""offend""}]},{""pengirim"":""Cita"",""teks_chat"":""Jelas sekali dia sedang panik mencari kambing hitam untuk dikorbankan."",""label_intent"":""offend"",""target"":[{""pemain"":""Bayu"",""relasi"":""offend""}]}]","[""Bayu"",""Ayu"",""Cita"",""Dery""]","[{""pemain"":""Dery"",""relasi"":""defend""},{""pemain"":""Bayu"",""relasi"":""offend""}]"
Bima,"Fix Caca sama Doni ini berkomplot, dua-duanya harus kita vote keluar sekarang!",offend,"[{""pengirim"":""Bima"",""teks_chat"":""Ada yang mau membagikan klaim skill semalam?"",""label_intent"":""neutral"",""target"":[]},{""pengirim"":""Caca"",""teks_chat"":""Kayaknya semalam ada yang disandera, tapi nggak tahu siapa."",""label_intent"":""neutral"",""target"":[]},{""pengirim"":""Doni"",""teks_chat"":""Aku klaim Stalker, semalam aku Peek Bima."",""label_intent"":""neutral"",""target"":[]},{""pengirim"":""Bima"",""teks_chat"":""Hah? Lu ngawasin gua? Gua Civilian biasa woy."",""label_intent"":""defend"",""target"":[{""pemain"":""Bima"",""relasi"":""defend""}]},{""pengirim"":""Eka"",""teks_chat"":""Terus hasil intaian lu apa Don?"",""label_intent"":""neutral"",""target"":[]},{""pengirim"":""Doni"",""teks_chat"":""Hasil Peek-ku menunjukkan Bima Civilian, bukan Hitman."",""label_intent"":""defend"",""target"":[{""pemain"":""Bima"",""relasi"":""defend""}]},{""pengirim"":""Caca"",""teks_chat"":""Lah masa sih? Gue rada curiga sama Bima dari awal permainan lho."",""label_intent"":""offend"",""target"":[{""pemain"":""Bima"",""relasi"":""offend""}]},{""pengirim"":""Bima"",""teks_chat"":""Lu berdua malah yang mencurigakan, Caca nuduh gua terus, Doni ngintip gua tanpa alasan."",""label_intent"":""offend"",""target"":[{""pemain"":""Caca"",""relasi"":""offend""},{""pemain"":""Doni"",""relasi"":""offend""}]},{""pengirim"":""Eka"",""teks_chat"":""Kita kumpulkan klaim lain dulu."",""label_intent"":""neutral"",""target"":[]},{""pengirim"":""Doni"",""teks_chat"":""Gua beneran stalker, ngapain gua bohong coba."",""label_intent"":""defend"",""target"":[{""pemain"":""Doni"",""relasi"":""defend""}]}]","[""Bima"",""Caca"",""Doni"",""Eka""]","[{""pemain"":""Caca"",""relasi"":""offend""},{""pemain"":""Doni"",""relasi"":""offend""}]"
Fahmi,"Aku curiga dia Hitman, vote dia saja.",offend,[],"[""Fahmi"",""Gilang""]","[{""pemain"":""tidak_diketahui"",""relasi"":""offend""}]"
Hadi,Kalian vote aku saja sekarang.,offend,[],"[""Hadi"",""Intan""]","[{""pemain"":""Hadi"",""relasi"":""offend""}]"
Joko,"Udah jelas dia bohong soal rolenya, mending kita vote aja sekarang biar aman.",offend,"[{""pengirim"":""Joko"",""teks_chat"":""Udah siang nih, ayo mulai diskusi."",""label_intent"":""neutral"",""target"":[]},{""pengirim"":""Kiki"",""teks_chat"":""Iya, aku ingin membaca klaim yg dibagikan."",""label_intent"":""neutral"",""target"":[]},{""pengirim"":""Lala"",""teks_chat"":""Ada yang punya role penting nggak di sini?"",""label_intent"":""neutral"",""target"":[]},{""pengirim"":""Joko"",""teks_chat"":""Belum pada mau ngaku kayaknya, pada takut ketahuan Hitman."",""label_intent"":""neutral"",""target"":[]},{""pengirim"":""Kiki"",""teks_chat"":""Kalau pada diam gini malah susah nebak pelakunya."",""label_intent"":""neutral"",""target"":[]},{""pengirim"":""Lala"",""teks_chat"":""Kiki mengaku Spy tanpa menjelaskan pilihan Guard. Aku curiga Kiki Hitman."",""label_intent"":""offend"",""target"":[{""pemain"":""Kiki"",""relasi"":""offend""}]},{""pengirim"":""Joko"",""teks_chat"":""Emangnya Kiki bilang gitu? Perasaan nggak deh."",""label_intent"":""neutral"",""target"":[]},{""pengirim"":""Lala"",""teks_chat"":""Aku curiga dia Hitman karena menunda penjelasan Guard."",""label_intent"":""offend"",""target"":[{""pemain"":""Kiki"",""relasi"":""offend""}]},{""pengirim"":""Kiki"",""teks_chat"":""Enak aja, gua emang Spy asli tau!"",""label_intent"":""defend"",""target"":[{""pemain"":""Kiki"",""relasi"":""defend""}]},{""pengirim"":""Joko"",""teks_chat"":""Siapa pilihan Guard-mu semalam?"",""label_intent"":""neutral"",""target"":[]},{""pengirim"":""Lala"",""teks_chat"":""Tuh kan dia diam aja pas ditanya buktinya."",""label_intent"":""offend"",""target"":[{""pemain"":""Kiki"",""relasi"":""offend""}]},{""pengirim"":""Kiki"",""teks_chat"":""Sabar, gua lagi mikir nyusun laporan buat kalian."",""label_intent"":""defend"",""target"":[{""pemain"":""Kiki"",""relasi"":""defend""}]}]","[""Joko"",""Kiki"",""Lala""]","[{""pemain"":""Kiki"",""relasi"":""offend""}]"
Mira,"Aku curiga kamu Hitman yang sedang panik, vote kamu saja.",offend,"[{""pengirim"":""Mira"",""teks_chat"":""Ternyata ada korban nih semalam, tapi belum ada yang tahu siapa."",""label_intent"":""neutral"",""target"":[]},{""pengirim"":""Nino"",""teks_chat"":""Hah, serius?! Siapa korbannya?!"",""label_intent"":""neutral"",""target"":[]},{""pengirim"":""Mira"",""teks_chat"":""Tapi kok lu kelihatan panik gitu sih pas bahas korbannya?"",""label_intent"":""offend"",""target"":[{""pemain"":""Nino"",""relasi"":""offend""}]},{""pengirim"":""Nino"",""teks_chat"":""Gua panik darimana coba, orang gua nanggapin biasa aja."",""label_intent"":""defend"",""target"":[{""pemain"":""Nino"",""relasi"":""defend""}]}]","[""Mira"",""Nino""]","[{""pemain"":""Nino"",""relasi"":""offend""}]"
Ojan,"Vote gua saja sekarang, biar cepat ada keputusan.",offend,[],"[""Ojan"",""Putri""]","[{""pemain"":""Ojan"",""relasi"":""offend""}]"
Qori,"Mereka berdua itu pasti Hitman yang lagi nyari mangsa, vote aja yuk!",offend,"[{""pengirim"":""Qori"",""teks_chat"":""Aku curiga Rama dan Sita Hitman karena terus saling membela tanpa alasan."",""label_intent"":""offend"",""target"":[{""pemain"":""Rama"",""relasi"":""offend""},{""pemain"":""Sita"",""relasi"":""offend""}]}]","[""Qori"",""Rama"",""Sita""]","[{""pemain"":""Rama"",""relasi"":""offend""},{""pemain"":""Sita"",""relasi"":""offend""}]"
Tito,"Langsung kita vote aja dia sekarang, udah jelas penipu kok.",offend,"[{""pengirim"":""Tito"",""teks_chat"":""Menurutku Umar agak aneh banget hari ini, tiba-tiba ngaku Spy."",""label_intent"":""offend"",""target"":[{""pemain"":""Umar"",""relasi"":""offend""}]},{""pengirim"":""Vina"",""teks_chat"":""Iya juga sih, tapi buktinya apa dia bisa ngomong gitu?"",""label_intent"":""neutral"",""target"":[]},{""pengirim"":""Tito"",""teks_chat"":""Aku curiga dia Hitman karena belum menjelaskan pilihan Guard."",""label_intent"":""offend"",""target"":[{""pemain"":""Umar"",""relasi"":""offend""}]},{""pengirim"":""Vina"",""teks_chat"":""Jangan-jangan dia bohong buat nyari aman aja."",""label_intent"":""offend"",""target"":[{""pemain"":""Umar"",""relasi"":""offend""}]},{""pengirim"":""Tito"",""teks_chat"":""Aku juga curiga dia Hitman karena klaimnya tidak dijelaskan."",""label_intent"":""offend"",""target"":[{""pemain"":""Umar"",""relasi"":""offend""}]},{""pengirim"":""Vina"",""teks_chat"":""Kita tunggu aja deh sampai besok pagi."",""label_intent"":""neutral"",""target"":[]},{""pengirim"":""Tito"",""teks_chat"":""Kalau besok dia tetep diam gimana menurutmu?"",""label_intent"":""neutral"",""target"":[]},{""pengirim"":""Vina"",""teks_chat"":""Ya makin dicurigai dong pasti."",""label_intent"":""offend"",""target"":[{""pemain"":""Umar"",""relasi"":""offend""}]},{""pengirim"":""Tito"",""teks_chat"":""Lagian penjelasannya juga nggak meyakinkan banget tadi."",""label_intent"":""offend"",""target"":[{""pemain"":""Umar"",""relasi"":""offend""}]},{""pengirim"":""Vina"",""teks_chat"":""Bener sih, aku setuju sama kamu."",""label_intent"":""offend"",""target"":[{""pemain"":""Umar"",""relasi"":""offend""}]},{""pengirim"":""Tito"",""teks_chat"":""Nggak ada kontribusi juga buat bantu kita nyari Hitman."",""label_intent"":""offend"",""target"":[{""pemain"":""Umar"",""relasi"":""offend""}]},{""pengirim"":""Vina"",""teks_chat"":""Kalau gitu siap-siap aja deh buat ambil keputusan."",""label_intent"":""neutral"",""target"":[]}]","[""Tito"",""Umar"",""Vina""]","[{""pemain"":""Umar"",""relasi"":""offend""}]"
Wawan,Keduanya pasti Hitman yang bersekongkol. Vote mereka!,offend,"[{""pengirim"":""Wawan"",""teks_chat"":""Aku curiga Xena dan Yogi Hitman karena saling membela tanpa alasan."",""label_intent"":""offend"",""target"":[{""pemain"":""Xena"",""relasi"":""offend""},{""pemain"":""Yogi"",""relasi"":""offend""}]},{""pengirim"":""Xena"",""teks_chat"":""Aku bukan Hitman, pembelaan bukan bukti role."",""label_intent"":""defend"",""target"":[{""pemain"":""Xena"",""relasi"":""defend""}]},{""pengirim"":""Wawan"",""teks_chat"":""Aku tetap curiga kalian berdua pelakunya."",""label_intent"":""offend"",""target"":[{""pemain"":""Xena"",""relasi"":""offend""},{""pemain"":""Yogi"",""relasi"":""offend""}]},{""pengirim"":""Yogi"",""teks_chat"":""Aku dan Xena bukan Hitman, tuduhan itu belum terbukti."",""label_intent"":""defend"",""target"":[{""pemain"":""Yogi"",""relasi"":""defend""},{""pemain"":""Xena"",""relasi"":""defend""}]}]","[""Wawan"",""Xena"",""Yogi""]","[{""pemain"":""Xena"",""relasi"":""offend""},{""pemain"":""Yogi"",""relasi"":""offend""}]"
Zaki,"Ayu itu jelas bukan pelakunya, justru Bagas yang dari tadi sibuk nuduh membabi buta itu yang Hitman aslinya!",offend,"[{""pengirim"":""Zaki"",""teks_chat"":""Ayu belum membalas pertanyaan tadi."",""label_intent"":""neutral"",""target"":[]},{""pengirim"":""Bagas"",""teks_chat"":""Aku curiga dia Hitman yang sengaja menghindari pertanyaan."",""label_intent"":""offend"",""target"":[{""pemain"":""Ayu"",""relasi"":""offend""}]},{""pengirim"":""Ayu"",""teks_chat"":""Aku bukan Hitman, tadi belum sempat membalas."",""label_intent"":""defend"",""target"":[{""pemain"":""Ayu"",""relasi"":""defend""}]},{""pengirim"":""Zaki"",""teks_chat"":""Kita beri waktu untuk menjawab."",""label_intent"":""neutral"",""target"":[]},{""pengirim"":""Bagas"",""teks_chat"":""Gua tetep curiga berat sih sama Ayu, ga masuk akal."",""label_intent"":""offend"",""target"":[{""pemain"":""Ayu"",""relasi"":""offend""}]},{""pengirim"":""Zaki"",""teks_chat"":""Ayu belum terbukti Hitman hanya karena lambat membalas."",""label_intent"":""defend"",""target"":[{""pemain"":""Ayu"",""relasi"":""defend""}]},{""pengirim"":""Ayu"",""teks_chat"":""Nah tuh si Zaki ngerti situasinya."",""label_intent"":""defend"",""target"":[{""pemain"":""Ayu"",""relasi"":""defend""}]},{""pengirim"":""Bagas"",""teks_chat"":""Kalian berdua bersekongkol ya buat nutupin identitas Hitman?"",""label_intent"":""offend"",""target"":[{""pemain"":""Ayu"",""relasi"":""offend""},{""pemain"":""Zaki"",""relasi"":""offend""}]}]","[""Zaki"",""Ayu"",""Bagas""]","[{""pemain"":""Ayu"",""relasi"":""defend""},{""pemain"":""Bagas"",""relasi"":""offend""}]"
Budi,"Kalau kalian ingin memilih, vote aku saja.",offend,[],"[""Budi""]","[{""pemain"":""Budi"",""relasi"":""offend""}]"
Siska,"Sangat setuju, lebih baik kita langsung amankan dan vote mereka berdua sekarang.",offend,"[{""pengirim"":""Andi"",""teks_chat"":""Teman-teman, aku ngaku Spy ya."",""label_intent"":""neutral"",""target"":[]},{""pengirim"":""Rina"",""teks_chat"":""Aku juga klaim Spy dan ingin membagikan pilihan Guard."",""label_intent"":""neutral"",""target"":[]},{""pengirim"":""Coki"",""teks_chat"":""Kalian berdua kok tiba-tiba muncul dan membuat pengakuan bersama?"",""label_intent"":""offend"",""target"":[{""pemain"":""Andi"",""relasi"":""offend""},{""pemain"":""Rina"",""relasi"":""offend""}]},{""pengirim"":""Andi"",""teks_chat"":""Aku memutuskan membuka klaim supaya bisa dibahas."",""label_intent"":""neutral"",""target"":[]},{""pengirim"":""Siska"",""teks_chat"":""Aku ragu, klaim Spy kalian sama sekali belum ada buktinya."",""label_intent"":""neutral"",""target"":[]},{""pengirim"":""Rina"",""teks_chat"":""Aku dan Andi bukan Hitman, kami akan menjelaskan klaim kami."",""label_intent"":""defend"",""target"":[{""pemain"":""Rina"",""relasi"":""defend""},{""pemain"":""Andi"",""relasi"":""defend""}]},{""pengirim"":""Coki"",""teks_chat"":""Waktu kita nggak banyak buat nunggu kalian ngarang cerita."",""label_intent"":""offend"",""target"":[{""pemain"":""Andi"",""relasi"":""offend""},{""pemain"":""Rina"",""relasi"":""offend""}]}]","[""Andi"",""Rina"",""Coki"",""Siska""]","[{""pemain"":""Andi"",""relasi"":""offend""},{""pemain"":""Rina"",""relasi"":""offend""}]"
Dodi,"Tio minta kita percaya pada instingnya saja, padahal game ini butuh alasan; insting kosong bukan bukti, eksekusi Tio",offend,[],"[""Dodi"",""Tio""]","[{""pemain"":""Tio"",""relasi"":""offend""}]"
Sari,Klaim dia tetap mencurigakan. Aku ingin vote dia.,offend,"[{""pengirim"":""Tono"",""teks_chat"":""Bentar, sebelum lanjut, semalam ada yang dapat info?"",""label_intent"":""neutral"",""target"":[]},{""pengirim"":""Joko"",""teks_chat"":""Aku nggak dapat apa-apa."",""label_intent"":""neutral"",""target"":[]},{""pengirim"":""Dina"",""teks_chat"":""Aku juga, malamku sepi-sepi aja."",""label_intent"":""neutral"",""target"":[]},{""pengirim"":""Sari"",""teks_chat"":""Stalker-nya belum mau ngaku kayaknya."",""label_intent"":""neutral"",""target"":[]},{""pengirim"":""Joko"",""teks_chat"":""Mungkin nunggu sampai punya hasil yang jelas."",""label_intent"":""neutral"",""target"":[]},{""pengirim"":""Tono"",""teks_chat"":""Kalau kelamaan nanti keburu disandera."",""label_intent"":""neutral"",""target"":[]},{""pengirim"":""Dina"",""teks_chat"":""Iya, mending cepat ngomong kalau punya info."",""label_intent"":""neutral"",""target"":[]},{""pengirim"":""Sari"",""teks_chat"":""Ada yang mau nambahin info lain?"",""label_intent"":""neutral"",""target"":[]},{""pengirim"":""Joko"",""teks_chat"":""Belum ada, dari tadi sepi."",""label_intent"":""neutral"",""target"":[]},{""pengirim"":""Tono"",""teks_chat"":""Ya sudah, kita tunggu siapa yang mau buka duluan."",""label_intent"":""neutral"",""target"":[]},{""pengirim"":""Dina"",""teks_chat"":""Oke, waktunya juga makin mepet."",""label_intent"":""neutral"",""target"":[]},{""pengirim"":""Joko"",""teks_chat"":""Oke, kembali ke pembahasan tuduhan tadi."",""label_intent"":""neutral"",""target"":[]}]","[""Sari"",""Tono"",""Joko"",""Dina"",""Gilang""]","[{""pemain"":""tidak_diketahui"",""relasi"":""offend""}]"
Bagas,"Setuju, rasa ingin tahunya yang berlebihan itu membuktikan dia adalah pelakunya.",offend,"[{""pengirim"":""Lina"",""teks_chat"":""Romi terus menebak korban, aku curiga dia Hitman yang mengalihkan pembahasan."",""label_intent"":""offend"",""target"":[{""pemain"":""Romi"",""relasi"":""offend""}]},{""pengirim"":""Romi"",""teks_chat"":""Aku cuma mau mencari pola serangan malam, siapa tahu berguna."",""label_intent"":""defend"",""target"":[{""pemain"":""Romi"",""relasi"":""defend""}]},{""pengirim"":""Bagas"",""teks_chat"":""Eh kawan-kawan, peringatan waktu nih, sisa 30 detik sebelum voting dimulai."",""label_intent"":""neutral"",""target"":[]},{""pengirim"":""Lina"",""teks_chat"":""Wah cepat sekali ronde ini."",""label_intent"":""neutral"",""target"":[]},{""pengirim"":""Bagas"",""teks_chat"":""Ayo kembali fokus, jangan buang-buang detik terakhir."",""label_intent"":""neutral"",""target"":[]},{""pengirim"":""Lina"",""teks_chat"":""Balik ke masalah tadi ya."",""label_intent"":""neutral"",""target"":[]}]","[""Lina"",""Bagas"",""Romi""]","[{""pemain"":""Romi"",""relasi"":""offend""}]"
Dani,Vote aku saja kalau kalian berani menentukan pilihan.,offend,[],"[""Dani""]","[{""pemain"":""Dani"",""relasi"":""offend""}]"
Siti,Kok Yusuf bisa ngubah ajakan gitu aja kalau bukan Hitman yang mau mecah suara?,offend,"[{""pengirim"":""Siti"",""teks_chat"":""Ada yang membaca perubahan ajakan vote di chat tadi?"",""label_intent"":""neutral"",""target"":[]},{""pengirim"":""Hadi"",""teks_chat"":""Iya, beberapa ajakan berubah tanpa penjelasan."",""label_intent"":""neutral"",""target"":[]},{""pengirim"":""Gita"",""teks_chat"":""Kita perlu membaca alasannya sebelum menyimpulkan."",""label_intent"":""neutral"",""target"":[]},{""pengirim"":""Yusuf"",""teks_chat"":""Aku mengubah ajakan karena ragu dengan dugaan awalku."",""label_intent"":""neutral"",""target"":[]},{""pengirim"":""Siti"",""teks_chat"":""Aku curiga Yusuf Hitman, alasan ragu itu terlalu gampang dipakai."",""label_intent"":""offend"",""target"":[{""pemain"":""Yusuf"",""relasi"":""offend""}]},{""pengirim"":""Hadi"",""teks_chat"":""Sangat mencurigakan memang."",""label_intent"":""offend"",""target"":[{""pemain"":""Yusuf"",""relasi"":""offend""}]},{""pengirim"":""Yusuf"",""teks_chat"":""Aku bukan Hitman, perubahan ajakan itu bukan bukti."",""label_intent"":""defend"",""target"":[{""pemain"":""Yusuf"",""relasi"":""defend""}]},{""pengirim"":""Gita"",""teks_chat"":""Susah percaya kalau sudah berkaitan dengan keselamatan warga."",""label_intent"":""offend"",""target"":[{""pemain"":""Yusuf"",""relasi"":""offend""}]},{""pengirim"":""Siti"",""teks_chat"":""Polanya selalu berulang jika Hitman sedang terpojok."",""label_intent"":""offend"",""target"":[{""pemain"":""Yusuf"",""relasi"":""offend""}]},{""pengirim"":""Hadi"",""teks_chat"":""Mari kita pertimbangkan baik-baik langkah kita selanjutnya."",""label_intent"":""neutral"",""target"":[]},{""pengirim"":""Gita"",""teks_chat"":""Aku sudah cukup yakin dengan analisaku."",""label_intent"":""neutral"",""target"":[]}]","[""Siti"",""Hadi"",""Gita"",""Yusuf""]","[{""pemain"":""Yusuf"",""relasi"":""offend""}]"
Huda,"Kamu ini aneh banget Ren, kepo urusan korban pasti karena kamu Hitman-nya.",offend,"[{""pengirim"":""Rendi"",""teks_chat"":""Eh, semalam yang disandera siapa sih? Penasaran aku."",""label_intent"":""neutral"",""target"":[]}]","[""Rendi"",""Huda""]","[{""pemain"":""Rendi"",""relasi"":""offend""}]"
Maya,"Dia diam saja dan balasnya lambat, pasti dia Hitman-nya dan pantas dinaikkan.",offend,"[{""pengirim"":""Fandi"",""teks_chat"":""Ada beberapa orang yang telat sekali masuk ke ruang diskusi."",""label_intent"":""neutral"",""target"":[]},{""pengirim"":""Maya"",""teks_chat"":""Riko dan Nina daritadi pasif dan chat mereka sering terpotong."",""label_intent"":""neutral"",""target"":[]},{""pengirim"":""Riko"",""teks_chat"":""Jaringanku sedang bermasalah."",""label_intent"":""neutral"",""target"":[]},{""pengirim"":""Nina"",""teks_chat"":""Aku juga kesulitan mengirim pesan."",""label_intent"":""neutral"",""target"":[]},{""pengirim"":""Fandi"",""teks_chat"":""Aku curiga Riko dan Nina Hitman yang membuat alasan koneksi."",""label_intent"":""offend"",""target"":[{""pemain"":""Riko"",""relasi"":""offend""},{""pemain"":""Nina"",""relasi"":""offend""}]},{""pengirim"":""Maya"",""teks_chat"":""Sangat mencurigakan kalau dua orang serentak bermasalah."",""label_intent"":""offend"",""target"":[{""pemain"":""Riko"",""relasi"":""offend""},{""pemain"":""Nina"",""relasi"":""offend""}]},{""pengirim"":""Riko"",""teks_chat"":""Itu benar-benar terjadi, aku tidak berbohong."",""label_intent"":""defend"",""target"":[{""pemain"":""Riko"",""relasi"":""defend""}]},{""pengirim"":""Nina"",""teks_chat"":""Iya, kalian jangan langsung berasumsi buruk."",""label_intent"":""defend"",""target"":[{""pemain"":""Nina"",""relasi"":""defend""}]},{""pengirim"":""Fandi"",""teks_chat"":""Kalian berdua pasti bersekongkol malam tadi."",""label_intent"":""offend"",""target"":[{""pemain"":""Riko"",""relasi"":""offend""},{""pemain"":""Nina"",""relasi"":""offend""}]},{""pengirim"":""Maya"",""teks_chat"":""Sudah saatnya kita mengambil keputusan sebelum waktu habis."",""label_intent"":""neutral"",""target"":[]},{""pengirim"":""Fandi"",""teks_chat"":""Aku ingin membaca ulang penjelasan kedua pemain itu."",""label_intent"":""neutral"",""target"":[]}]","[""Fandi"",""Maya"",""Riko"",""Nina""]","[{""pemain"":""tidak_diketahui"",""relasi"":""offend""}]"
Siti,"Tuduhanmu berubah-ubah terus, Bima, kamu pasti pelakunya yang mencoba mengalihkan isu.",offend,"[{""pengirim"":""Bima"",""teks_chat"":""Tadi aku curiga ke Cici, tapi sekarang kayaknya Doni yang lebih pantas kita curigai."",""label_intent"":""offend"",""target"":[{""pemain"":""Doni"",""relasi"":""offend""}]}]","[""Bima"",""Siti"",""Cici"",""Doni""]","[{""pemain"":""Bima"",""relasi"":""offend""}]"
Dika,Lebih baik kita menyingkirkan dia saja hari ini daripada salah langkah.,offend,"[{""pengirim"":""Anton"",""teks_chat"":""Siapa yang mau kita incar sekarang?"",""label_intent"":""neutral"",""target"":[]},{""pengirim"":""Budi"",""teks_chat"":""Langsung arahkan ke Citra saja, dia diam terus dari tadi."",""label_intent"":""offend"",""target"":[{""pemain"":""Citra"",""relasi"":""offend""}]},{""pengirim"":""Citra"",""teks_chat"":""Kok aku? Aku sedang membaca obrolan kalian sebelumnya."",""label_intent"":""defend"",""target"":[{""pemain"":""Citra"",""relasi"":""defend""}]},{""pengirim"":""Dika"",""teks_chat"":""Jangan asal memutuskan dulu, waktu kita masih banyak."",""label_intent"":""neutral"",""target"":[]},{""pengirim"":""Anton"",""teks_chat"":""Iya, kita harus mengumpulkan informasi yang lebih jelas."",""label_intent"":""neutral"",""target"":[]},{""pengirim"":""Dika"",""teks_chat"":""Budi mengajak vote tanpa bukti, aku curiga dia Hitman."",""label_intent"":""offend"",""target"":[{""pemain"":""Budi"",""relasi"":""offend""}]},{""pengirim"":""Anton"",""teks_chat"":""Nah iya, kenapa dia terlihat terburu-buru sekali?"",""label_intent"":""offend"",""target"":[{""pemain"":""Budi"",""relasi"":""offend""}]},{""pengirim"":""Budi"",""teks_chat"":""Aku hanya memberikan usul, kalian jangan langsung panik."",""label_intent"":""defend"",""target"":[{""pemain"":""Budi"",""relasi"":""defend""}]},{""pengirim"":""Citra"",""teks_chat"":""Aku curiga kamu Hitman karena mengajak vote tanpa alasan kuat."",""label_intent"":""offend"",""target"":[{""pemain"":""Budi"",""relasi"":""offend""}]},{""pengirim"":""Dika"",""teks_chat"":""Apalagi kalau sampai mengajak pemain lain untuk ikut-ikutan."",""label_intent"":""offend"",""target"":[{""pemain"":""Budi"",""relasi"":""offend""}]},{""pengirim"":""Anton"",""teks_chat"":""Sangat berbahaya kalau kita mengikuti arahan yang salah."",""label_intent"":""neutral"",""target"":[]},{""pengirim"":""Citra"",""teks_chat"":""Aku tetap curiga dia Hitman yang mengarahkan vote sembarangan."",""label_intent"":""offend"",""target"":[{""pemain"":""Budi"",""relasi"":""offend""}]}]","[""Anton"",""Budi"",""Citra"",""Dika""]","[{""pemain"":""Budi"",""relasi"":""offend""}]"
Gita,"Sudah, kita sepakat membuang dia saja karena sengaja pasif.",offend,"[{""pengirim"":""Elsa"",""teks_chat"":""Farhan pasif, aku curiga dia Hitman."",""label_intent"":""offend"",""target"":[{""pemain"":""Farhan"",""relasi"":""offend""}]},{""pengirim"":""Gita"",""teks_chat"":""Iya, sama sekali tidak ada kontribusi untuk mencari pelaku."",""label_intent"":""offend"",""target"":[{""pemain"":""Farhan"",""relasi"":""offend""}]},{""pengirim"":""Farhan"",""teks_chat"":""Aku sedang berpikir, jangan langsung menuduh begitu."",""label_intent"":""defend"",""target"":[{""pemain"":""Farhan"",""relasi"":""defend""}]},{""pengirim"":""Elsa"",""teks_chat"":""Aku tetap curiga dia pelakunya karena belum memberi pendapat."",""label_intent"":""offend"",""target"":[{""pemain"":""Farhan"",""relasi"":""offend""}]},{""pengirim"":""Gita"",""teks_chat"":""Aku juga curiga dia Hitman yang menghindari diskusi."",""label_intent"":""offend"",""target"":[{""pemain"":""Farhan"",""relasi"":""offend""}]},{""pengirim"":""Elsa"",""teks_chat"":""Eh, ronde ini sisa berapa menit lagi ya?"",""label_intent"":""neutral"",""target"":[]},{""pengirim"":""Farhan"",""teks_chat"":""Tinggal dua menit lagi kalau tidak salah."",""label_intent"":""neutral"",""target"":[]},{""pengirim"":""Gita"",""teks_chat"":""Wah, kita harus cepat mengumpulkan suara ini."",""label_intent"":""neutral"",""target"":[]},{""pengirim"":""Elsa"",""teks_chat"":""Betul, jangan sampai seri atau hangus waktunya."",""label_intent"":""neutral"",""target"":[]},{""pengirim"":""Gita"",""teks_chat"":""Aku masih menduga pemain yang diam tadi Hitman."",""label_intent"":""offend"",""target"":[{""pemain"":""Farhan"",""relasi"":""offend""}]},{""pengirim"":""Farhan"",""teks_chat"":""Kan sudah aku bilang, aku masih membaca situasinya."",""label_intent"":""defend"",""target"":[{""pemain"":""Farhan"",""relasi"":""defend""}]},{""pengirim"":""Elsa"",""teks_chat"":""Situasi apa yang dibaca dari tadi tidak selesai-selesai?"",""label_intent"":""offend"",""target"":[{""pemain"":""Farhan"",""relasi"":""offend""}]}]","[""Elsa"",""Farhan"",""Gita""]","[{""pemain"":""Farhan"",""relasi"":""offend""}]"
Ika,"Hadi, baru nama Jojo disebut kamu langsung membela diri. Aku curiga kamu Hitman.",offend,"[{""pengirim"":""Ika"",""teks_chat"":""Jojo belum membalas sejak diskusi dibuka. Ada yang tahu alasannya?"",""label_intent"":""neutral"",""target"":[]},{""pengirim"":""Hadi"",""teks_chat"":""Aku bukan Hitman, jangan langsung menuduhku."",""label_intent"":""defend"",""target"":[{""pemain"":""Hadi"",""relasi"":""defend""}]},{""pengirim"":""Ika"",""teks_chat"":""Santai saja, belum ada yang menuduh kamu kok."",""label_intent"":""neutral"",""target"":[]},{""pengirim"":""Hadi"",""teks_chat"":""Aku cuma berjaga-jaga sebelum kalian menuduh yang aneh-aneh."",""label_intent"":""defend"",""target"":[{""pemain"":""Hadi"",""relasi"":""defend""}]}]","[""Hadi"",""Ika"",""Jojo""]","[{""pemain"":""Hadi"",""relasi"":""offend""}]"
Laras,"Betul kata Mila, kita jangan mau dipengaruhi sama orang ini.",offend,"[{""pengirim"":""Laras"",""teks_chat"":""Kevin dari tadi sibuk mengajak vote tanpa memberikan bukti sama sekali."",""label_intent"":""offend"",""target"":[{""pemain"":""Kevin"",""relasi"":""offend""}]},{""pengirim"":""Kevin"",""teks_chat"":""Buktinya ada dari polanya kemarin, kalian saja yang tidak sadar."",""label_intent"":""defend"",""target"":[{""pemain"":""Kevin"",""relasi"":""defend""}]},{""pengirim"":""Mila"",""teks_chat"":""Pola apa? Kamu cuma ingin mencari kambing hitam saja."",""label_intent"":""offend"",""target"":[{""pemain"":""Kevin"",""relasi"":""offend""}]}]","[""Kevin"",""Laras"",""Mila""]","[{""pemain"":""Kevin"",""relasi"":""offend""}]"
Nita,"Makanya, mereka berdua ini sangat mencurigakan.",offend,"[{""pengirim"":""Nita"",""teks_chat"":""Puput dan Rio membela diri sebelum ditanya, aku curiga mereka Hitman."",""label_intent"":""offend"",""target"":[{""pemain"":""Puput"",""relasi"":""offend""},{""pemain"":""Rio"",""relasi"":""offend""}]},{""pengirim"":""Puput"",""teks_chat"":""Biar jelas saja dari awal kalau aku bersih dan tidak terlibat."",""label_intent"":""defend"",""target"":[{""pemain"":""Puput"",""relasi"":""defend""}]},{""pengirim"":""Rio"",""teks_chat"":""Aku bukan Hitman, aku tidak mau dituduh tanpa alasan."",""label_intent"":""defend"",""target"":[{""pemain"":""Rio"",""relasi"":""defend""}]},{""pengirim"":""Oki"",""teks_chat"":""Tapi rasanya terlalu cepat buat membela diri sebelum ada yang bertanya."",""label_intent"":""offend"",""target"":[{""pemain"":""Puput"",""relasi"":""offend""},{""pemain"":""Rio"",""relasi"":""offend""}]}]","[""Nita"",""Oki"",""Puput"",""Rio""]","[{""pemain"":""Puput"",""relasi"":""offend""},{""pemain"":""Rio"",""relasi"":""offend""}]"
Tari,Jangan-jangan si Sam yang sebenarnya Hitman dan lagi pusing mencari sasaran tebakan.,offend,"[{""pengirim"":""Samsul"",""teks_chat"":""Hari ini aku mau diam saja deh, malas ikut diskusi panjang."",""label_intent"":""neutral"",""target"":[]},{""pengirim"":""Tari"",""teks_chat"":""Yakin tidak mau membantu kami mencari pelakunya?"",""label_intent"":""neutral"",""target"":[]},{""pengirim"":""Samsul"",""teks_chat"":""Iya, kalian urus saja berdua."",""label_intent"":""neutral"",""target"":[]},{""pengirim"":""Udin"",""teks_chat"":""Baguslah kalau begitu, setidaknya tidak membuat keadaan jadi ribet."",""label_intent"":""neutral"",""target"":[]},{""pengirim"":""Samsul"",""teks_chat"":""Tapi kok Udin malah tenang-tenang saja, pasti dia Hitman yang sembunyi!"",""label_intent"":""offend"",""target"":[{""pemain"":""Udin"",""relasi"":""offend""}]},{""pengirim"":""Tari"",""teks_chat"":""Lho, tadi katanya mau diam saja, kok sekarang malah menuduh?"",""label_intent"":""offend"",""target"":[{""pemain"":""Samsul"",""relasi"":""offend""}]},{""pengirim"":""Udin"",""teks_chat"":""Iya, omongannya tidak konsisten sama sekali."",""label_intent"":""offend"",""target"":[{""pemain"":""Samsul"",""relasi"":""offend""}]}]","[""Samsul"",""Tari"",""Udin""]","[{""pemain"":""Samsul"",""relasi"":""offend""}]"
Vina,Ayo kita vote dia sebelum waktunya habis.,offend,"[{""pengirim"":""Wira"",""teks_chat"":""Hah, masa sih begitu?"",""label_intent"":""neutral"",""target"":[]},{""pengirim"":""Yaya"",""teks_chat"":""Aku bukan Hitman, klaim hasil itu tidak benar."",""label_intent"":""defend"",""target"":[{""pemain"":""Yaya"",""relasi"":""defend""}]},{""pengirim"":""Vina"",""teks_chat"":""Aku tetap yakin kamu Hitman, hasil Peek-ku jelas."",""label_intent"":""offend"",""target"":[{""pemain"":""Yaya"",""relasi"":""offend""}]},{""pengirim"":""Wira"",""teks_chat"":""Ini klaim Stalker ya?"",""label_intent"":""neutral"",""target"":[]},{""pengirim"":""Vina"",""teks_chat"":""Iya, aku memakai skill Stalker tadi malam."",""label_intent"":""neutral"",""target"":[]},{""pengirim"":""Yaya"",""teks_chat"":""Sekali lagi, aku bukan Hitman. Hasil Peek itu karangan dia."",""label_intent"":""defend"",""target"":[{""pemain"":""Yaya"",""relasi"":""defend""}]},{""pengirim"":""Wira"",""teks_chat"":""Terus bagaimana ini? Kita mau mengikuti petunjuk Vina?"",""label_intent"":""neutral"",""target"":[]},{""pengirim"":""Vina"",""teks_chat"":""Ikuti saja usulku, aku jamin informasiku akurat seratus persen."",""label_intent"":""offend"",""target"":[{""pemain"":""Yaya"",""relasi"":""offend""}]},{""pengirim"":""Wira"",""teks_chat"":""Agak ragu sih, takutnya malah salah sasaran."",""label_intent"":""neutral"",""target"":[]},{""pengirim"":""Yaya"",""teks_chat"":""Tuh kan, Wira saja merasa ragu. Kalian jangan asal percaya klaim sepihak."",""label_intent"":""defend"",""target"":[{""pemain"":""Yaya"",""relasi"":""defend""}]},{""pengirim"":""Vina"",""teks_chat"":""Aku tetap yakin dia Hitman krn hasil Peek-ku."",""label_intent"":""offend"",""target"":[{""pemain"":""Yaya"",""relasi"":""offend""}]},{""pengirim"":""Wira"",""teks_chat"":""Aku ikut vote dia berdasarkan klaim itu."",""label_intent"":""offend"",""target"":[{""pemain"":""Yaya"",""relasi"":""offend""}]}]","[""Vina"",""Wira"",""Yaya""]","[{""pemain"":""Yaya"",""relasi"":""offend""}]"
Bayu,Zaki juga membaca perubahan ajakannya. Aku curiga Ayu Hitman yang sengaja mengarahkan diskusi.,offend,"[{""pengirim"":""Zaki"",""teks_chat"":""Saat Tribunal sebelumnya Citra dieksekusi. Sebelumnya ajakan vote di chat sempat berubah."",""label_intent"":""neutral"",""target"":[]},{""pengirim"":""Ayu"",""teks_chat"":""Berubah gimana maksudnya?"",""label_intent"":""neutral"",""target"":[]},{""pengirim"":""Zaki"",""teks_chat"":""Ada ajakan yang berubah di akhir diskusi."",""label_intent"":""neutral"",""target"":[]},{""pengirim"":""Bayu"",""teks_chat"":""Aku juga membaca perubahan ajakan itu."",""label_intent"":""neutral"",""target"":[]},{""pengirim"":""Ayu"",""teks_chat"":""Itu wajar kan kalau ada informasi baru di detik terakhir."",""label_intent"":""neutral"",""target"":[]},{""pengirim"":""Zaki"",""teks_chat"":""Ayu mengubah ajakan tanpa menjelaskan alasan. Aku curiga Ayu Hitman."",""label_intent"":""offend"",""target"":[{""pemain"":""Ayu"",""relasi"":""offend""}]},{""pengirim"":""Ayu"",""teks_chat"":""Aku bukan Hitman, aku berubah pikiran karena firasat."",""label_intent"":""defend"",""target"":[{""pemain"":""Ayu"",""relasi"":""defend""}]}]","[""Zaki"",""Ayu"",""Bayu"",""Citra""]","[{""pemain"":""Ayu"",""relasi"":""offend""}]"
Coki,"Benar, omongan dia ""nanti buktinya akan terlihat kalau kita sudah menyingkirkan dia"" itu cuma usaha murahan untuk menipu kita.",offend,"[{""pengirim"":""Coki"",""teks_chat"":""Deni terus mengajak vote Euis tanpa alasan, aku curiga Deni Hitman."",""label_intent"":""offend"",""target"":[{""pemain"":""Deni"",""relasi"":""offend""}]},{""pengirim"":""Deni"",""teks_chat"":""Aku curiga Euis Hitman karena jawaban chatnya menghindar."",""label_intent"":""offend"",""target"":[{""pemain"":""Euis"",""relasi"":""offend""}]},{""pengirim"":""Euis"",""teks_chat"":""Mencurigakan bagaimana? Jangan asal menuduh orang dong."",""label_intent"":""defend"",""target"":[{""pemain"":""Euis"",""relasi"":""defend""}]},{""pengirim"":""Coki"",""teks_chat"":""Makanya, dia mengajak vote tanpa memberikan bukti yang jelas sama sekali."",""label_intent"":""offend"",""target"":[{""pemain"":""Deni"",""relasi"":""offend""}]},{""pengirim"":""Deni"",""teks_chat"":""Nanti buktinya akan terlihat dengan jelas kalau kita sudah menyingkirkan dia."",""label_intent"":""offend"",""target"":[{""pemain"":""Euis"",""relasi"":""offend""}]},{""pengirim"":""Euis"",""teks_chat"":""Aku menolak vote itu, belum ada bukti aku Hitman."",""label_intent"":""defend"",""target"":[{""pemain"":""Euis"",""relasi"":""defend""}]},{""pengirim"":""Coki"",""teks_chat"":""Aku curiga Deni Hitman, jangan ikuti ajakannya."",""label_intent"":""offend"",""target"":[{""pemain"":""Deni"",""relasi"":""offend""}]},{""pengirim"":""Deni"",""teks_chat"":""Aku bukan Hitman, aku yakin dugaanku benar."",""label_intent"":""defend"",""target"":[{""pemain"":""Deni"",""relasi"":""defend""}]},{""pengirim"":""Euis"",""teks_chat"":""Aku curiga Deni Hitman yang sengaja mengajak vote tanpa bukti."",""label_intent"":""offend"",""target"":[{""pemain"":""Deni"",""relasi"":""offend""}]}]","[""Coki"",""Deni"",""Euis""]","[{""pemain"":""Deni"",""relasi"":""offend""}]"
Feri,Vote aku saja jika kalian mau memilih sekarang.,offend,[],"[""Feri""]","[{""pemain"":""Feri"",""relasi"":""offend""}]"
Bowo,"Kita vote dia aja sekarang, kelihatan banget paniknya nyari alasan.",offend,"[{""pengirim"":""Agus"",""teks_chat"":""Ada yang tahu siapa yang disandera ronde ini?"",""label_intent"":""neutral"",""target"":[]},{""pengirim"":""Bowo"",""teks_chat"":""Belum ada yang tahu. Aku curiga Ciko Hitman karena klaimnya berubah."",""label_intent"":""offend"",""target"":[{""pemain"":""Ciko"",""relasi"":""offend""}]},{""pengirim"":""Ciko"",""teks_chat"":""Aku bukan Hitman, tadi cuma salah ketik klaim."",""label_intent"":""defend"",""target"":[{""pemain"":""Ciko"",""relasi"":""defend""}]},{""pengirim"":""Dewi"",""teks_chat"":""Eh, waktu diskusinya sisa sebentar lagi nih."",""label_intent"":""neutral"",""target"":[]},{""pengirim"":""Erna"",""teks_chat"":""Iya, timer udah mau habis. Kita harus cepat mutusin."",""label_intent"":""neutral"",""target"":[]},{""pengirim"":""Agus"",""teks_chat"":""Bener juga, jangan sampai skip vote."",""label_intent"":""neutral"",""target"":[]}]","[""Agus"",""Bowo"",""Ciko"",""Dewi"",""Erna""]","[{""pemain"":""Ciko"",""relasi"":""offend""}]"
Fandi,"Lu pasif banget dari awal, pasti ada yang ditutup-tutupin. Vote aja nih orang.",offend,"[{""pengirim"":""Fandi"",""teks_chat"":""Gita, kenapa kamu diam terus dari tadi?"",""label_intent"":""offend"",""target"":[{""pemain"":""Gita"",""relasi"":""offend""}]},{""pengirim"":""Gita"",""teks_chat"":""Aku sedang membaca percakapan sebelumnya."",""label_intent"":""neutral"",""target"":[]}]","[""Fandi"",""Gita""]","[{""pemain"":""Gita"",""relasi"":""offend""}]"
Juna,"Setelah dipikir-pikir, omongan Hadi benar. Kamu memang sus banget dari tadi sibuk defensif, ayo kita vote Intan.",offend,"[{""pengirim"":""Hadi"",""teks_chat"":""Aku merasa Intan itu Hitman, pembelaannya terlalu cepat."",""label_intent"":""offend"",""target"":[{""pemain"":""Intan"",""relasi"":""offend""}]},{""pengirim"":""Juna"",""teks_chat"":""Jangan buru-buru nuduh Intan, dia mungkin cuma mau klarifikasi."",""label_intent"":""defend"",""target"":[{""pemain"":""Intan"",""relasi"":""defend""}]},{""pengirim"":""Kiki"",""teks_chat"":""Iya sih, tapi tetep aja mencurigakan."",""label_intent"":""offend"",""target"":[{""pemain"":""Intan"",""relasi"":""offend""}]},{""pengirim"":""Intan"",""teks_chat"":""Aku kan cuma merespons apa yang dituduhkan, bukan berarti aku panik."",""label_intent"":""defend"",""target"":[{""pemain"":""Intan"",""relasi"":""defend""}]},{""pengirim"":""Hadi"",""teks_chat"":""Tapi kenapa kamu langsung ngerespons orang pertama yang nanya?"",""label_intent"":""offend"",""target"":[{""pemain"":""Intan"",""relasi"":""offend""}]},{""pengirim"":""Intan"",""teks_chat"":""Ya masa aku diam aja kalau namaku disebut?"",""label_intent"":""defend"",""target"":[{""pemain"":""Intan"",""relasi"":""defend""}]},{""pengirim"":""Kiki"",""teks_chat"":""Masuk akal juga sih balasannya."",""label_intent"":""defend"",""target"":[{""pemain"":""Intan"",""relasi"":""defend""}]},{""pengirim"":""Hadi"",""teks_chat"":""Tetap aja aku ngerasa ada yang ganjil dari cara bicaranya."",""label_intent"":""offend"",""target"":[{""pemain"":""Intan"",""relasi"":""offend""}]},{""pengirim"":""Juna"",""teks_chat"":""Kita baca dulu pesan-pesannya ronde ini."",""label_intent"":""neutral"",""target"":[]},{""pengirim"":""Intan"",""teks_chat"":""Aku siap kok diperiksa sama Stalker kalau ada yang mau."",""label_intent"":""defend"",""target"":[{""pemain"":""Intan"",""relasi"":""defend""}]},{""pengirim"":""Kiki"",""teks_chat"":""Ada yang ngaku Stalker gak nih?"",""label_intent"":""neutral"",""target"":[]},{""pengirim"":""Hadi"",""teks_chat"":""Belum ada yang berani claim sepertinya."",""label_intent"":""neutral"",""target"":[]}]","[""Hadi"",""Intan"",""Juna"",""Kiki""]","[{""pemain"":""Intan"",""relasi"":""offend""}]"
Oka,"Miko belum terbukti Hitman, tetapi aku curiga Nina karena mengubah ajakan tanpa penjelasan.",offend,"[{""pengirim"":""Lia"",""teks_chat"":""Miko dan Nina mengubah ajakan vote bersamaan, aku curiga mereka Hitman."",""label_intent"":""offend"",""target"":[{""pemain"":""Miko"",""relasi"":""offend""},{""pemain"":""Nina"",""relasi"":""offend""}]},{""pengirim"":""Miko"",""teks_chat"":""Aku bukan Hitman, aku berubah pikiran setelah membaca alasan baru."",""label_intent"":""defend"",""target"":[{""pemain"":""Miko"",""relasi"":""defend""}]}]","[""Lia"",""Miko"",""Nina"",""Oka""]","[{""pemain"":""Miko"",""relasi"":""defend""},{""pemain"":""Nina"",""relasi"":""offend""}]"
Panji,"Rama, Siska, dari tadi kalian lihat ada yang tiba-tiba hilang dari chat nggak?",neutral,"[{""pengirim"":""Panji"",""teks_chat"":""Ada yang merasa aneh dengan ronde ini?"",""label_intent"":""neutral"",""target"":[]},{""pengirim"":""Qori"",""teks_chat"":""Mungkin ada yang kena efek skill Gag Order."",""label_intent"":""neutral"",""target"":[]},{""pengirim"":""Rama"",""teks_chat"":""Iya, soalnya chat kelihatan lebih sepi dari biasanya."",""label_intent"":""neutral"",""target"":[]},{""pengirim"":""Siska"",""teks_chat"":""Kira-kira siapa ya yang diincar sama skill itu?"",""label_intent"":""neutral"",""target"":[]},{""pengirim"":""Panji"",""teks_chat"":""Bisa jadi pemain yang cerewet di awal."",""label_intent"":""neutral"",""target"":[]},{""pengirim"":""Qori"",""teks_chat"":""Tapi belum tentu juga, kadang pelakunya random."",""label_intent"":""neutral"",""target"":[]},{""pengirim"":""Rama"",""teks_chat"":""Kita lihat aja siapa yang gak ngetik apa-apa sampai akhir waktu."",""label_intent"":""neutral"",""target"":[]},{""pengirim"":""Siska"",""teks_chat"":""Diam saja belum memastikan efek skill, bisa ada alasan lain."",""label_intent"":""neutral"",""target"":[]},{""pengirim"":""Panji"",""teks_chat"":""Iya, kita tidak bisa memastikan hanya dari chat yang sepi."",""label_intent"":""neutral"",""target"":[]},{""pengirim"":""Qori"",""teks_chat"":""Mudah-mudahan bukan peran penting yang kena."",""label_intent"":""neutral"",""target"":[]},{""pengirim"":""Rama"",""teks_chat"":""Yang masih bisa ngetik lanjut ngobrol aja."",""label_intent"":""neutral"",""target"":[]},{""pengirim"":""Siska"",""teks_chat"":""Setuju, komunikasi jalan terus aja."",""label_intent"":""neutral"",""target"":[]}]","[""Panji"",""Qori"",""Rama"",""Siska""]",[]
Vina,"Menurutku dia belum terbukti Hitman, jangan langsung vote.",defend,"[{""pengirim"":""Tito"",""teks_chat"":""Umar dan Wawan sama-sama dituduh karena berganti klaim role."",""label_intent"":""neutral"",""target"":[]},{""pengirim"":""Umar"",""teks_chat"":""Aku sama Wawan belum sempat jelasin alasan ganti klaim."",""label_intent"":""neutral"",""target"":[]}]","[""Tito"",""Umar"",""Vina"",""Wawan""]","[{""pemain"":""tidak_diketahui"",""relasi"":""defend""}]"
Bila,"Ucapan Zidan emang suka beda sama yang awal, tapi yang jelas aku bukan pelakunya, aku cuma Civilian biasa.",defend,"[{""pengirim"":""Yogi"",""teks_chat"":""Zidan mengatakan ada perubahan ajakan vote di chat."",""label_intent"":""neutral"",""target"":[]},{""pengirim"":""Anton"",""teks_chat"":""Tadi bilang ada dua pesan, sekarang satu. Yang mana?"",""label_intent"":""neutral"",""target"":[]},{""pengirim"":""Zidan"",""teks_chat"":""Yang satu ternyata kutipan, jadi hanya satu ajakan baru."",""label_intent"":""neutral"",""target"":[]},{""pengirim"":""Bila"",""teks_chat"":""Kalian fokus banget sama cerita Zidan ya."",""label_intent"":""neutral"",""target"":[]},{""pengirim"":""Yogi"",""teks_chat"":""Ya karena ucapannya bisa jadi petunjuk penting."",""label_intent"":""neutral"",""target"":[]},{""pengirim"":""Anton"",""teks_chat"":""Mari baca pesannya supaya jelas."",""label_intent"":""neutral"",""target"":[]},{""pengirim"":""Zidan"",""teks_chat"":""Aku cuma kasih info aja, gak ada niat nipu."",""label_intent"":""neutral"",""target"":[]},{""pengirim"":""Bila"",""teks_chat"":""Terus jadinya siapa yang kalian curigain?"",""label_intent"":""neutral"",""target"":[]},{""pengirim"":""Yogi"",""teks_chat"":""Bila dari tadi nanya doang, mencurigakan."",""label_intent"":""offend"",""target"":[{""pemain"":""Bila"",""relasi"":""offend""}]},{""pengirim"":""Anton"",""teks_chat"":""Iya, jangan-jangan dia pelakunya yang pura-pura polos."",""label_intent"":""offend"",""target"":[{""pemain"":""Bila"",""relasi"":""offend""}]},{""pengirim"":""Zidan"",""teks_chat"":""Kita harus hati-hati narik kesimpulan."",""label_intent"":""neutral"",""target"":[]}]","[""Yogi"",""Zidan"",""Anton"",""Bila""]","[{""pemain"":""Bila"",""relasi"":""defend""}]"
Joko,"bukan aku yang nyandera, gw bukan hitman",defend,[],"[""Joko""]","[{""pemain"":""Joko"",""relasi"":""defend""}]"
Caca,Aku menolak tuduhan ke dia. Diam saja belum membuktikan dia Hitman.,defend,"[{""pengirim"":""Caca"",""teks_chat"":""Deni diam, mungkin ada kendala. Jangan vote Deni hanya karena itu."",""label_intent"":""defend"",""target"":[{""pemain"":""Deni"",""relasi"":""defend""}]},{""pengirim"":""Edi"",""teks_chat"":""Iya, alasan diamnya belum bisa dipastikan."",""label_intent"":""neutral"",""target"":[]},{""pengirim"":""Feri"",""teks_chat"":""Dari tadi ada yang kena Gag Order nggak sih?"",""label_intent"":""neutral"",""target"":[]},{""pengirim"":""Caca"",""teks_chat"":""Belum ada yang ngaku, tapi bisa aja ada."",""label_intent"":""neutral"",""target"":[]},{""pengirim"":""Edi"",""teks_chat"":""Jadi itu salah satu kemungkinan penyebab diam."",""label_intent"":""neutral"",""target"":[]},{""pengirim"":""Feri"",""teks_chat"":""Iya, bukan kepastian hanya dari chat."",""label_intent"":""neutral"",""target"":[]},{""pengirim"":""Caca"",""teks_chat"":""Kalau ada yang kena, pasti susah ikut ngobrol, kan?"",""label_intent"":""neutral"",""target"":[]},{""pengirim"":""Edi"",""teks_chat"":""Iya, mau jelasin diri juga nggak bisa."",""label_intent"":""neutral"",""target"":[]},{""pengirim"":""Feri"",""teks_chat"":""Lumayan merugikan buat yang punya info penting."",""label_intent"":""neutral"",""target"":[]},{""pengirim"":""Caca"",""teks_chat"":""Makanya kita harus pinter-pinter nebak."",""label_intent"":""neutral"",""target"":[]},{""pengirim"":""Edi"",""teks_chat"":""Jangan gampang terpengaruh provokasi aja intinya."",""label_intent"":""neutral"",""target"":[]},{""pengirim"":""Feri"",""teks_chat"":""Aman, fokus cari petunjuk lain aja."",""label_intent"":""neutral"",""target"":[]}]","[""Caca"",""Deni"",""Edi"",""Feri""]","[{""pemain"":""Deni"",""relasi"":""defend""}]"
Hana,"Balik ke tuduhan awal, aku belum percaya klaim itu. Dia belum terbukti Hitman.",defend,"[{""pengirim"":""Hana"",""teks_chat"":""Waktu sisa berapa menit lagi nih?"",""label_intent"":""neutral"",""target"":[]},{""pengirim"":""Irwan"",""teks_chat"":""Masih agak lama, sekitar 3 menit."",""label_intent"":""neutral"",""target"":[]},{""pengirim"":""Jihan"",""teks_chat"":""Santai aja dulu jangan buru-buru vote."",""label_intent"":""neutral"",""target"":[]},{""pengirim"":""Galih"",""teks_chat"":""Siapa yang udah siap-siap nge-vote?"",""label_intent"":""neutral"",""target"":[]},{""pengirim"":""Hana"",""teks_chat"":""Aku belum pencet apa-apa."",""label_intent"":""neutral"",""target"":[]},{""pengirim"":""Irwan"",""teks_chat"":""Sama, masih baca-baca riwayat chat."",""label_intent"":""neutral"",""target"":[]},{""pengirim"":""Jihan"",""teks_chat"":""Jangan sampai salah buang orang penting."",""label_intent"":""neutral"",""target"":[]},{""pengirim"":""Galih"",""teks_chat"":""Kalian percaya sama feeling masing-masing aja."",""label_intent"":""neutral"",""target"":[]},{""pengirim"":""Hana"",""teks_chat"":""Susah kalau cuma ngandelin feeling."",""label_intent"":""neutral"",""target"":[]},{""pengirim"":""Irwan"",""teks_chat"":""Harus ada dasar logikanya juga."",""label_intent"":""neutral"",""target"":[]},{""pengirim"":""Jihan"",""teks_chat"":""Diskusi kita agak buntu kayaknya ronde ini."",""label_intent"":""neutral"",""target"":[]},{""pengirim"":""Galih"",""teks_chat"":""Yang penting jangan golput."",""label_intent"":""neutral"",""target"":[]}]","[""Galih"",""Hana"",""Irwan"",""Jihan"",""Joko""]","[{""pemain"":""tidak_diketahui"",""relasi"":""defend""}]"
Raka,"bukan aku yang pakai gag order, gw civilian dan nggak punya skill itu",defend,[],"[""Raka""]","[{""pemain"":""Raka"",""relasi"":""defend""}]"
Citra,"Kalau soal Bagas aku rasa dia aman, dia cuma ragu mau vote siapa.",defend,"[{""pengirim"":""Aris"",""teks_chat"":""Coba baca perubahan ajakan vote di chat tadi."",""label_intent"":""neutral"",""target"":[]},{""pengirim"":""Bagas"",""teks_chat"":""Citra mengubah ajakan vote tanpa alasan, aku curiga dia Hitman."",""label_intent"":""offend"",""target"":[{""pemain"":""Citra"",""relasi"":""offend""}]},{""pengirim"":""Dian"",""teks_chat"":""Aku juga curiga Citra Hitman karena tiba-tiba mengajak vote Aris."",""label_intent"":""offend"",""target"":[{""pemain"":""Citra"",""relasi"":""offend""}]},{""pengirim"":""Citra"",""teks_chat"":""Aku bukan Hitman. Aku mengubah ajakan karena menilai ulang diskusi."",""label_intent"":""defend"",""target"":[{""pemain"":""Citra"",""relasi"":""defend""}]},{""pengirim"":""Aris"",""teks_chat"":""Sekarang aku curiga Bagas Hitman karena baru ikut mengajak vote saat waktu hampir habis."",""label_intent"":""offend"",""target"":[{""pemain"":""Bagas"",""relasi"":""offend""}]}]","[""Aris"",""Bagas"",""Citra"",""Dian""]","[{""pemain"":""Bagas"",""relasi"":""defend""}]"
Intan,Salah satu dari dua pemain tadi menurutku belum pantas dicurigai; dia mungkin hanya menunggu informasi.,defend,"[{""pengirim"":""Feri"",""teks_chat"":""Ini kok banyak yang diam aja dari tadi."",""label_intent"":""neutral"",""target"":[]},{""pengirim"":""Gita"",""teks_chat"":""Iya nih, Hadi sama Joko tumben tidak cerewet."",""label_intent"":""neutral"",""target"":[]},{""pengirim"":""Hadi"",""teks_chat"":""Aku sedang baca ulang chat di atas."",""label_intent"":""neutral"",""target"":[]},{""pengirim"":""Intan"",""teks_chat"":""Jangan-jangan salah satu dari kalian pelakunya."",""label_intent"":""offend"",""target"":[{""pemain"":""tidak_diketahui"",""relasi"":""offend""}]},{""pengirim"":""Feri"",""teks_chat"":""Bisa jadi, Joko juga dari tadi menyimak doang."",""label_intent"":""offend"",""target"":[{""pemain"":""Joko"",""relasi"":""offend""}]},{""pengirim"":""Gita"",""teks_chat"":""Atau memang dua-duanya hitman yang sedang sembunyi?"",""label_intent"":""offend"",""target"":[{""pemain"":""Hadi"",""relasi"":""offend""},{""pemain"":""Joko"",""relasi"":""offend""}]},{""pengirim"":""Joko"",""teks_chat"":""Aku dan Hadi sama-sama sedang menunggu informasi tambahan."",""label_intent"":""defend"",""target"":[{""pemain"":""Joko"",""relasi"":""defend""},{""pemain"":""Hadi"",""relasi"":""defend""}]}]","[""Feri"",""Gita"",""Hadi"",""Intan"",""Joko""]","[{""pemain"":""tidak_diketahui"",""relasi"":""defend""}]"
Nino,"Aku setuju tuduhan Kiki, vote dia karena menebar tuduhan tanpa alasan.",offend,"[{""pengirim"":""Nino"",""teks_chat"":""Memangnya iya? Tadi bilangnya apa?"",""label_intent"":""neutral"",""target"":[]},{""pengirim"":""Kiki"",""teks_chat"":""Awalnya dia menyerang aku, terus sekarang pindah haluan."",""label_intent"":""offend"",""target"":[{""pemain"":""Lila"",""relasi"":""offend""}]},{""pengirim"":""Maman"",""teks_chat"":""Biasa itu strategi buat cari aman."",""label_intent"":""neutral"",""target"":[]},{""pengirim"":""Nino"",""teks_chat"":""Iya, kadang orang panik jadi begitu."",""label_intent"":""neutral"",""target"":[]},{""pengirim"":""Kiki"",""teks_chat"":""Tapi cara dia melempar opini itu aneh sekali."",""label_intent"":""offend"",""target"":[{""pemain"":""Lila"",""relasi"":""offend""}]},{""pengirim"":""Maman"",""teks_chat"":""Kita baca pesan-pesannya dulu."",""label_intent"":""neutral"",""target"":[]},{""pengirim"":""Nino"",""teks_chat"":""Belum ada bukti kuat juga untuk vote."",""label_intent"":""neutral"",""target"":[]},{""pengirim"":""Kiki"",""teks_chat"":""Kelihatan kok dari pola omongannya yang memutar-mutar."",""label_intent"":""offend"",""target"":[{""pemain"":""Lila"",""relasi"":""offend""}]},{""pengirim"":""Maman"",""teks_chat"":""Jangan buru-buru, waktu masih panjang."",""label_intent"":""neutral"",""target"":[]},{""pengirim"":""Nino"",""teks_chat"":""Masih menunggu info stalker juga nih kita."",""label_intent"":""neutral"",""target"":[]},{""pengirim"":""Kiki"",""teks_chat"":""Buat apa menunggu, sudah jelas dia berusaha menutup identitasnya."",""label_intent"":""offend"",""target"":[{""pemain"":""Lila"",""relasi"":""offend""}]},{""pengirim"":""Maman"",""teks_chat"":""Tetap saja butuh konfirmasi biar tidak salah vote orang baik."",""label_intent"":""neutral"",""target"":[]}]","[""Kiki"",""Lila"",""Maman"",""Nino""]","[{""pemain"":""Lila"",""relasi"":""offend""}]"
Putri,Wah parah sih kalau memang dia sengaja sembunyi sambil pura-pura kena skill.,offend,"[{""pengirim"":""Okan"",""teks_chat"":""Ini kenapa pada sepi sekali ya tumben."",""label_intent"":""neutral"",""target"":[]},{""pengirim"":""Putri"",""teks_chat"":""Mungkin ada yang kena gag order dari hitman?"",""label_intent"":""neutral"",""target"":[]},{""pengirim"":""Qori"",""teks_chat"":""Bisa jadi, atau memang pada sengaja menahan info."",""label_intent"":""neutral"",""target"":[]},{""pengirim"":""Okan"",""teks_chat"":""Jangan-jangan yg diam memang pelakunya sengaja cari aman."",""label_intent"":""offend"",""target"":[{""pemain"":""tidak_diketahui"",""relasi"":""offend""}]}]","[""Okan"",""Putri"",""Qori""]","[{""pemain"":""tidak_diketahui"",""relasi"":""offend""}]"
Umar,"Kalau dipikir-pikir, Siska sama Rudi kemungkinan besar memang orang baik, tidak mungkin mereka seberani itu bohong.",defend,"[{""pengirim"":""Rudi"",""teks_chat"":""Aku klaim Stalker, hasil Peek-ku menunjukkan Siska Civilian, bukan Hitman."",""label_intent"":""defend"",""target"":[{""pemain"":""Siska"",""relasi"":""defend""}]},{""pengirim"":""Siska"",""teks_chat"":""Aku memang bukan Hitman."",""label_intent"":""defend"",""target"":[{""pemain"":""Siska"",""relasi"":""defend""}]},{""pengirim"":""Tomi"",""teks_chat"":""Jangan percaya, bisa saja Rudi hitman yang sedang membela rekannya si Siska."",""label_intent"":""offend"",""target"":[{""pemain"":""Rudi"",""relasi"":""offend""},{""pemain"":""Siska"",""relasi"":""offend""}]},{""pengirim"":""Umar"",""teks_chat"":""Aku juga curiga Rudi dan Siska Hitman berdasarkan dugaan itu."",""label_intent"":""offend"",""target"":[{""pemain"":""Rudi"",""relasi"":""offend""},{""pemain"":""Siska"",""relasi"":""offend""}]},{""pengirim"":""Rudi"",""teks_chat"":""Tidak masuk akal, buat apa aku bohong membawa Siska kalau resikonya besar."",""label_intent"":""defend"",""target"":[{""pemain"":""Rudi"",""relasi"":""defend""},{""pemain"":""Siska"",""relasi"":""defend""}]},{""pengirim"":""Siska"",""teks_chat"":""Aku curiga Tomi Hitman karena terus menuduh tanpa alasan kuat."",""label_intent"":""offend"",""target"":[{""pemain"":""Tomi"",""relasi"":""offend""}]}]","[""Rudi"",""Siska"",""Tomi"",""Umar""]","[{""pemain"":""Siska"",""relasi"":""defend""},{""pemain"":""Rudi"",""relasi"":""defend""}]"
Vina,"Iya, Wawan pasti menyembunyikan sesuatu dari kita, mending di-vote saja.",offend,"[{""pengirim"":""Vina"",""teks_chat"":""Wawan diam sejak diskusi siang dimulai, aku curiga dia Hitman."",""label_intent"":""offend"",""target"":[{""pemain"":""Wawan"",""relasi"":""offend""}]},{""pengirim"":""Wawan"",""teks_chat"":""Aku cuma civilian biasa, semalam tidur tidak punya skill."",""label_intent"":""defend"",""target"":[{""pemain"":""Wawan"",""relasi"":""defend""}]},{""pengirim"":""Xena"",""teks_chat"":""Aku tetap curiga Wawan Hitman karena belum memberi pendapat."",""label_intent"":""offend"",""target"":[{""pemain"":""Wawan"",""relasi"":""offend""}]}]","[""Vina"",""Wawan"",""Xena""]","[{""pemain"":""Wawan"",""relasi"":""offend""}]"
Bowo,"Jangan percaya, mereka berdua pasti sindikat hitman yang sedang kerja sama.",offend,"[{""pengirim"":""Yudi"",""teks_chat"":""Zaki mengaku Spy dan Guard Andi semalam. Aku curiga keduanya Hitman yang membuat klaim palsu."",""label_intent"":""offend"",""target"":[{""pemain"":""Zaki"",""relasi"":""offend""},{""pemain"":""Andi"",""relasi"":""offend""}]}]","[""Yudi"",""Zaki"",""Andi"",""Bowo""]","[{""pemain"":""Zaki"",""relasi"":""offend""},{""pemain"":""Andi"",""relasi"":""offend""}]"
Coki,"Iya, coba nanti Dina atau Eka beritahu kalau ada info baru ya.",neutral,"[{""pengirim"":""Coki"",""teks_chat"":""Ada yang mau membagikan klaim hasil Peek semalam?"",""label_intent"":""neutral"",""target"":[]},{""pengirim"":""Dina"",""teks_chat"":""Belum ada info sama sekali masuk."",""label_intent"":""neutral"",""target"":[]},{""pengirim"":""Eka"",""teks_chat"":""Mungkin stalkernya masih menyimpan hasil biar aman."",""label_intent"":""neutral"",""target"":[]}]","[""Coki"",""Dina"",""Eka""]",[]
Fikri,"Iya maaf, koneksiku agak jelek jadi pesannya suka terpotong.",neutral,"[{""pengirim"":""Fikri"",""teks_chat"":""Halo tes, chatku masuk tidak di kalian?"",""label_intent"":""neutral"",""target"":[]},{""pengirim"":""Gilang"",""teks_chat"":""Masuk kok, kenapa memangnya agak lambat ya?"",""label_intent"":""neutral"",""target"":[]}]","[""Fikri"",""Gilang""]",[]
Dito,Aku tarik tuduhan. Mereka berdua belum terbukti Hitman hanya karena lambat membalas.,defend,"[{""pengirim"":""Bima"",""teks_chat"":""Raka dan Caca belum membalas pertanyaan tadi, ya?"",""label_intent"":""neutral"",""target"":[]},{""pengirim"":""Dito"",""teks_chat"":""Aku curiga Raka dan Caca Hitman karena terus diam."",""label_intent"":""offend"",""target"":[{""pemain"":""Raka"",""relasi"":""offend""},{""pemain"":""Caca"",""relasi"":""offend""}]},{""pengirim"":""Raka"",""teks_chat"":""Aku bukan Hitman, aku sedang membaca chat."",""label_intent"":""defend"",""target"":[{""pemain"":""Raka"",""relasi"":""defend""}]},{""pengirim"":""Caca"",""teks_chat"":""Aku juga bukan Hitman, masih membaca percakapan."",""label_intent"":""defend"",""target"":[{""pemain"":""Caca"",""relasi"":""defend""}]},{""pengirim"":""Bima"",""teks_chat"":""Aku tetap curiga kalian berdua pelakunya."",""label_intent"":""offend"",""target"":[{""pemain"":""Raka"",""relasi"":""offend""},{""pemain"":""Caca"",""relasi"":""offend""}]}]","[""Bima"",""Dito"",""Raka"",""Caca""]","[{""pemain"":""Raka"",""relasi"":""defend""},{""pemain"":""Caca"",""relasi"":""defend""}]"
Fajar,Eh btw ini udah masuk round berapa sih sekarang?,neutral,"[{""pengirim"":""Fajar"",""teks_chat"":""Gilang diam terus, aku curiga dia Hitman."",""label_intent"":""offend"",""target"":[{""pemain"":""Gilang"",""relasi"":""offend""}]},{""pengirim"":""Gilang"",""teks_chat"":""Sorry sinyal jelek banget nih."",""label_intent"":""defend"",""target"":[{""pemain"":""Gilang"",""relasi"":""defend""}]},{""pengirim"":""Hani"",""teks_chat"":""Alasan klasik tuh nyalahin sinyal."",""label_intent"":""offend"",""target"":[{""pemain"":""Gilang"",""relasi"":""offend""}]},{""pengirim"":""Intan"",""teks_chat"":""Bener, aku curiga dia sengaja diam biar aman."",""label_intent"":""offend"",""target"":[{""pemain"":""Gilang"",""relasi"":""offend""}]},{""pengirim"":""Gilang"",""teks_chat"":""Beneran woy, chat kalian baru masuk semua di layar aku."",""label_intent"":""defend"",""target"":[{""pemain"":""Gilang"",""relasi"":""defend""}]},{""pengirim"":""Fajar"",""teks_chat"":""Aku masih curiga kamu Hitman karena belum memberi pendapat."",""label_intent"":""offend"",""target"":[{""pemain"":""Gilang"",""relasi"":""offend""}]},{""pengirim"":""Hani"",""teks_chat"":""Udah kita vote Gilang aja lah mending."",""label_intent"":""offend"",""target"":[{""pemain"":""Gilang"",""relasi"":""offend""}]},{""pengirim"":""Intan"",""teks_chat"":""Jangan gegabah dulu, bisa jadi emang beneran ngelag."",""label_intent"":""defend"",""target"":[{""pemain"":""Gilang"",""relasi"":""defend""}]}]","[""Fajar"",""Gilang"",""Hani"",""Intan""]",[]
Laras,"Usulnya membahas chat belum membuktikan dia Hitman, jangan langsung vote.",defend,"[{""pengirim"":""Jaka"",""teks_chat"":""Ada yang sadar gak korban semalam siapa ya?"",""label_intent"":""neutral"",""target"":[]},{""pengirim"":""Kiki"",""teks_chat"":""Belum ada yang tahu, nggak ada petunjuk sama sekali."",""label_intent"":""neutral"",""target"":[]},{""pengirim"":""Laras"",""teks_chat"":""Susah dong kita tebaknya kalau gitu."",""label_intent"":""neutral"",""target"":[]},{""pengirim"":""Miko"",""teks_chat"":""Kita bahas alasan dan klaim yang ada di chat saja."",""label_intent"":""neutral"",""target"":[]},{""pengirim"":""Nana"",""teks_chat"":""Tapi pasti ada petunjuk lah kalau kita teliti."",""label_intent"":""neutral"",""target"":[]},{""pengirim"":""Jaka"",""teks_chat"":""Hitman ngincer role penting kayaknya semalam."",""label_intent"":""neutral"",""target"":[]},{""pengirim"":""Kiki"",""teks_chat"":""Terus hubungannya sama diskusi kita sekarang apaan?"",""label_intent"":""neutral"",""target"":[]},{""pengirim"":""Laras"",""teks_chat"":""Kita harus lebih hati-hati aja biar gak salah tuduh."",""label_intent"":""neutral"",""target"":[]},{""pengirim"":""Miko"",""teks_chat"":""Setuju, jangan sampai civilian saling vote."",""label_intent"":""neutral"",""target"":[]},{""pengirim"":""Nana"",""teks_chat"":""Siapa yang mau di-vote duluan nih kira-kira?"",""label_intent"":""neutral"",""target"":[]},{""pengirim"":""Jaka"",""teks_chat"":""Belum ada bayangan sama sekali jujur aja."",""label_intent"":""neutral"",""target"":[]},{""pengirim"":""Kiki"",""teks_chat"":""Miko mengalihkan pembahasan, aku curiga dia Hitman."",""label_intent"":""offend"",""target"":[{""pemain"":""Miko"",""relasi"":""offend""}]}]","[""Jaka"",""Kiki"",""Laras"",""Miko"",""Nana""]","[{""pemain"":""Miko"",""relasi"":""defend""}]"
Wira,Aku yakin banget bukan dia Hitman-nya.,defend,"[{""pengirim"":""Umar"",""teks_chat"":""Curiga lagi mikir alibi tuh makanya lama."",""label_intent"":""offend"",""target"":[{""pemain"":""Tio"",""relasi"":""offend""}]},{""pengirim"":""Vina"",""teks_chat"":""Nah bener, biasanya gitu kalau mulai panik takut ketahuan."",""label_intent"":""offend"",""target"":[{""pemain"":""Tio"",""relasi"":""offend""}]},{""pengirim"":""Wira"",""teks_chat"":""Jangan langsung nuduh tanpa bukti kuat dong."",""label_intent"":""defend"",""target"":[{""pemain"":""Tio"",""relasi"":""defend""}]},{""pengirim"":""Sari"",""teks_chat"":""Aku curiga dia Hitman karena belum menjawab pertanyaan."",""label_intent"":""offend"",""target"":[{""pemain"":""Tio"",""relasi"":""offend""}]},{""pengirim"":""Umar"",""teks_chat"":""Setuju, gelagatnya udah kelihatan mencurigakan."",""label_intent"":""offend"",""target"":[{""pemain"":""Tio"",""relasi"":""offend""}]},{""pengirim"":""Vina"",""teks_chat"":""Aku yakin dia pelaku Hostage semalam."",""label_intent"":""offend"",""target"":[{""pemain"":""Tio"",""relasi"":""offend""}]},{""pengirim"":""Wira"",""teks_chat"":""Kita tdk boleh asal tunjuk orang gitu aja."",""label_intent"":""defend"",""target"":[{""pemain"":""Tio"",""relasi"":""defend""}]},{""pengirim"":""Sari"",""teks_chat"":""Terus nunggu nambah korban lagi baru bertindak?"",""label_intent"":""offend"",""target"":[{""pemain"":""Tio"",""relasi"":""offend""}]},{""pengirim"":""Umar"",""teks_chat"":""Aku tetap ingin vote dia sebelum waktu diskusi habis."",""label_intent"":""offend"",""target"":[{""pemain"":""Tio"",""relasi"":""offend""}]},{""pengirim"":""Vina"",""teks_chat"":""Iya mending langsung eksekusi aja sekarang biar aman."",""label_intent"":""offend"",""target"":[{""pemain"":""Tio"",""relasi"":""offend""}]},{""pengirim"":""Wira"",""teks_chat"":""Tapi belum tentu kecurigaan kalian itu benar lho."",""label_intent"":""defend"",""target"":[{""pemain"":""Tio"",""relasi"":""defend""}]},{""pengirim"":""Sari"",""teks_chat"":""Resiko terlalu besar kalau dibiarkan lolos."",""label_intent"":""offend"",""target"":[{""pemain"":""Tio"",""relasi"":""offend""}]}]","[""Sari"",""Umar"",""Vina"",""Wira"",""Tio""]","[{""pemain"":""Tio"",""relasi"":""defend""}]"
Aldi,"Udah keliatan kedoknya, mending kita naikin Doni aja deh ronde ini.",offend,"[{""pengirim"":""Aldi"",""teks_chat"":""Bayu diam terus, aku curiga dia Hitman."",""label_intent"":""offend"",""target"":[{""pemain"":""Bayu"",""relasi"":""offend""}]},{""pengirim"":""Citra"",""teks_chat"":""Paling si Bayu lagi nyari alasan tuh buat ngeles."",""label_intent"":""offend"",""target"":[{""pemain"":""Bayu"",""relasi"":""offend""}]},{""pengirim"":""Doni"",""teks_chat"":""Bayu belum terbukti Hitman hanya karena diam. Jangan langsung vote."",""label_intent"":""defend"",""target"":[{""pemain"":""Bayu"",""relasi"":""defend""}]},{""pengirim"":""Aldi"",""teks_chat"":""Cepat banget kamu belain dia, malah jadi curiga."",""label_intent"":""offend"",""target"":[{""pemain"":""Doni"",""relasi"":""offend""}]},{""pengirim"":""Citra"",""teks_chat"":""Wah iya, malah si Don yang mencurigakan sekarang gelagatnya."",""label_intent"":""offend"",""target"":[{""pemain"":""Doni"",""relasi"":""offend""}]},{""pengirim"":""Bayu"",""teks_chat"":""Lah kalian nargetin aku sekarang malah pindah ke Doni?"",""label_intent"":""neutral"",""target"":[]},{""pengirim"":""Aldi"",""teks_chat"":""Habisnya pembelaan dia gak masuk akal banget tiba-tiba gitu."",""label_intent"":""offend"",""target"":[{""pemain"":""Doni"",""relasi"":""offend""}]},{""pengirim"":""Doni"",""teks_chat"":""Aku bukan Hitman, aku membela karena tuduhannya belum berdasar."",""label_intent"":""defend"",""target"":[{""pemain"":""Doni"",""relasi"":""defend""}]},{""pengirim"":""Citra"",""teks_chat"":""Bisa aja kalian berdua emang sindikat pembunuh."",""label_intent"":""offend"",""target"":[{""pemain"":""Doni"",""relasi"":""offend""},{""pemain"":""Bayu"",""relasi"":""offend""}]}]","[""Aldi"",""Citra"",""Doni"",""Bayu""]","[{""pemain"":""Doni"",""relasi"":""offend""}]"
Gita,"Pokoknya yang tingkahnya paling aneh hari ini pasti pelakunya, buruan cari.",offend,"[{""pengirim"":""Eka"",""teks_chat"":""Siapa korban Hostage semalam, ya?"",""label_intent"":""neutral"",""target"":[]},{""pengirim"":""Fikri"",""teks_chat"":""Gak tau, dari tadi belum ada petunjuk."",""label_intent"":""neutral"",""target"":[]},{""pengirim"":""Gita"",""teks_chat"":""Mungkin Civilian yang terkena Hostage, tetapi kita belum tahu."",""label_intent"":""neutral"",""target"":[]},{""pengirim"":""Hadi"",""teks_chat"":""Bisa juga role lain, kita kan nggak tahu."",""label_intent"":""neutral"",""target"":[]},{""pengirim"":""Eka"",""teks_chat"":""Terus gimana kita bisa cari hitmannya kalau info kurang gini?"",""label_intent"":""neutral"",""target"":[]},{""pengirim"":""Fikri"",""teks_chat"":""Coba perhatiin aja siapa yang paling banyak omong hari ini."",""label_intent"":""neutral"",""target"":[]},{""pengirim"":""Gita"",""teks_chat"":""Atau yang dari tadi sengaja diam aja juga patut dicurigai."",""label_intent"":""neutral"",""target"":[]},{""pengirim"":""Hadi"",""teks_chat"":""Intinya pasti ada yang nyoba ngalihin isu diskusi kita."",""label_intent"":""neutral"",""target"":[]},{""pengirim"":""Eka"",""teks_chat"":""Menurutku kita harus curiga sama mereka yang suka mancing opini."",""label_intent"":""offend"",""target"":[{""pemain"":""tidak_diketahui"",""relasi"":""offend""}]},{""pengirim"":""Fikri"",""teks_chat"":""Tapi mereka siapa yang kamu maksud spesifiknya?"",""label_intent"":""neutral"",""target"":[]}]","[""Eka"",""Fikri"",""Gita"",""Hadi""]","[{""pemain"":""tidak_diketahui"",""relasi"":""offend""}]"
Manda,"Tadi Kinan bilang ""Leo pasti Hitman"", maksudnya karena klaim rolenya berubah itu ya?",neutral,"[{""pengirim"":""Kinan"",""teks_chat"":""Leo pasti Hitman, klaim rolenya berubah tanpa alasan!"",""label_intent"":""offend"",""target"":[{""pemain"":""Leo"",""relasi"":""offend""}]}]","[""Kinan"",""Manda"",""Leo""]",[]
Naufal,"aku bukan Hitman, dan klaim si A sebagai Civilian terasa terlalu aman",offend,[],"[""Naufal"",""A""]","[{""pemain"":""Naufal"",""relasi"":""defend""},{""pemain"":""A"",""relasi"":""offend""}]"
Putri,Ojan dan Rizky ada info lain yang mau dibagi?,neutral,"[{""pengirim"":""Ojan"",""teks_chat"":""Ada klaim skill semalam yang mau dibagikan?"",""label_intent"":""neutral"",""target"":[]},{""pengirim"":""Putri"",""teks_chat"":""Aku belum ingin membuka klaim."",""label_intent"":""neutral"",""target"":[]},{""pengirim"":""Rizky"",""teks_chat"":""Aku juga ingin mendengar dulu."",""label_intent"":""neutral"",""target"":[]},{""pengirim"":""Sinta"",""teks_chat"":""Kalau belum ada klaim, semalam ada yang ngerasa diincar?"",""label_intent"":""neutral"",""target"":[]},{""pengirim"":""Ojan"",""teks_chat"":""Putri tadi sempat bilang semalam aman-aman aja."",""label_intent"":""neutral"",""target"":[]},{""pengirim"":""Putri"",""teks_chat"":""Iya, semalam aku nggak ngerasa ada apa-apa."",""label_intent"":""neutral"",""target"":[]},{""pengirim"":""Rizky"",""teks_chat"":""Sinta sendiri gimana semalam?"",""label_intent"":""neutral"",""target"":[]},{""pengirim"":""Sinta"",""teks_chat"":""Aman juga, nggak ada yang aneh."",""label_intent"":""neutral"",""target"":[]},{""pengirim"":""Ojan"",""teks_chat"":""Berarti belum ada yang dapat petunjuk, ya."",""label_intent"":""neutral"",""target"":[]}]","[""Ojan"",""Putri"",""Rizky"",""Sinta""]",[]
Udin,"Balik ke yang tadi, aku cuma ngasih fakta ya, bukan berarti sengaja bantuin pelaku.",defend,"[{""pengirim"":""Tomi"",""teks_chat"":""Udin belain Vano cepet banget, curiga mereka sekongkol nih."",""label_intent"":""offend"",""target"":[{""pemain"":""Udin"",""relasi"":""offend""},{""pemain"":""Vano"",""relasi"":""offend""}]},{""pengirim"":""Vano"",""teks_chat"":""Dih, orang emang kita gak ngapa-ngapain dari tadi."",""label_intent"":""defend"",""target"":[{""pemain"":""Udin"",""relasi"":""defend""},{""pemain"":""Vano"",""relasi"":""defend""}]},{""pengirim"":""Wawan"",""teks_chat"":""Eh guys ini sisa waktunya tinggal berapa detik lagi sih?"",""label_intent"":""neutral"",""target"":[]},{""pengirim"":""Tomi"",""teks_chat"":""Sebentar lagi Tribunal, perhatikan sisa waktu diskusi."",""label_intent"":""neutral"",""target"":[]},{""pengirim"":""Wawan"",""teks_chat"":""Oke sip, persiapkan diri masing-masing ya."",""label_intent"":""neutral"",""target"":[]}]","[""Tomi"",""Vano"",""Wawan"",""Udin""]","[{""pemain"":""Udin"",""relasi"":""defend""}]"
Citra,Ada yang mau ngaku Stalker nggak? Biar kita punya info.,neutral,"[{""pengirim"":""Andi"",""teks_chat"":""Budi diam terus, aku curiga dia Hitman."",""label_intent"":""offend"",""target"":[{""pemain"":""Budi"",""relasi"":""offend""}]},{""pengirim"":""Budi"",""teks_chat"":""Aku cuma nyimak dulu, belum ada info pasti."",""label_intent"":""defend"",""target"":[{""pemain"":""Budi"",""relasi"":""defend""}]},{""pengirim"":""Citra"",""teks_chat"":""Biasa Hitman main aman kayak gitu."",""label_intent"":""offend"",""target"":[{""pemain"":""Budi"",""relasi"":""offend""}]},{""pengirim"":""Dimas"",""teks_chat"":""Setuju, Budi mending kita vote aja."",""label_intent"":""offend"",""target"":[{""pemain"":""Budi"",""relasi"":""offend""}]},{""pengirim"":""Eka"",""teks_chat"":""Jangan vote dia hanya karena diam, itu belum membuktikan role."",""label_intent"":""defend"",""target"":[{""pemain"":""Budi"",""relasi"":""defend""}]},{""pengirim"":""Andi"",""teks_chat"":""Terlalu pasif, buang saja."",""label_intent"":""offend"",""target"":[{""pemain"":""Budi"",""relasi"":""offend""}]},{""pengirim"":""Budi"",""teks_chat"":""Jgn asal tuduh dong, aku beneran bukan Hitman."",""label_intent"":""defend"",""target"":[{""pemain"":""Budi"",""relasi"":""defend""}]}]","[""Andi"",""Budi"",""Citra"",""Dimas"",""Eka""]",[]
Gilang,Ada Spy yang mau ngaku semalam Guard siapa?,neutral,"[{""pengirim"":""Fajar"",""teks_chat"":""Aku klaim Stalker, hasil Peek-ku menunjukkan Gilang Civilian, bukan Hitman."",""label_intent"":""defend"",""target"":[{""pemain"":""Gilang"",""relasi"":""defend""}]}]","[""Fajar"",""Gilang""]",[]
Irfan,"Aku cuma curiga wajar, posisiku Civilian murni.",defend,"[{""pengirim"":""Irfan"",""teks_chat"":""Hendra cepat membela diri sebelum ditanya, aku curiga dia Hitman."",""label_intent"":""offend"",""target"":[{""pemain"":""Hendra"",""relasi"":""offend""}]},{""pengirim"":""Joko"",""teks_chat"":""Iya, aneh banget, pasti Hitman."",""label_intent"":""offend"",""target"":[{""pemain"":""Hendra"",""relasi"":""offend""}]},{""pengirim"":""Hendra"",""teks_chat"":""Aku kan cuma menjelaskan posisi sebelum ada yang salah paham."",""label_intent"":""defend"",""target"":[{""pemain"":""Hendra"",""relasi"":""defend""}]},{""pengirim"":""Kiki"",""teks_chat"":""Tadi malam ada yang Peek?"",""label_intent"":""neutral"",""target"":[]},{""pengirim"":""Lina"",""teks_chat"":""Irfan dari tadi nuduh terus, jangan-jangan kamu pelakunya."",""label_intent"":""offend"",""target"":[{""pemain"":""Irfan"",""relasi"":""offend""}]},{""pengirim"":""Joko"",""teks_chat"":""Benar juga, Irfan ngotot banget mau buang Hendra."",""label_intent"":""offend"",""target"":[{""pemain"":""Irfan"",""relasi"":""offend""}]}]","[""Irfan"",""Hendra"",""Joko"",""Kiki"",""Lina""]","[{""pemain"":""Irfan"",""relasi"":""defend""}]"
Nanda,"Siapa pun yang klaim, mending simpan dulu infonya sampai besok.",neutral,"[{""pengirim"":""Maya"",""teks_chat"":""Aku belum percaya ada yang beneran Spy di sini."",""label_intent"":""neutral"",""target"":[]}]","[""Maya"",""Nanda""]",[]
Putri,"Menurutku dia belum terbukti Hitman, jangan langsung vote.",defend,"[{""pengirim"":""Opan"",""teks_chat"":""Qori dan Siska belum menjelaskan klaim role mereka."",""label_intent"":""neutral"",""target"":[]},{""pengirim"":""Putri"",""teks_chat"":""Klaim yang mana?"",""label_intent"":""neutral"",""target"":[]},{""pengirim"":""Opan"",""teks_chat"":""Keduanya mengaku Civilian."",""label_intent"":""neutral"",""target"":[]},{""pengirim"":""Reza"",""teks_chat"":""Aku curiga Qori Hitman yang memakai klaim palsu."",""label_intent"":""offend"",""target"":[{""pemain"":""Qori"",""relasi"":""offend""}]},{""pengirim"":""Putri"",""teks_chat"":""Aku juga curiga Qori pelakunya."",""label_intent"":""offend"",""target"":[{""pemain"":""Qori"",""relasi"":""offend""}]},{""pengirim"":""Qori"",""teks_chat"":""Aku bukan Hitman, klaimku benar."",""label_intent"":""defend"",""target"":[{""pemain"":""Qori"",""relasi"":""defend""}]},{""pengirim"":""Opan"",""teks_chat"":""Aku juga curiga Siska Hitman yang memakai klaim palsu."",""label_intent"":""offend"",""target"":[{""pemain"":""Siska"",""relasi"":""offend""}]},{""pengirim"":""Reza"",""teks_chat"":""Siska, aku curiga kamu pelakunya."",""label_intent"":""offend"",""target"":[{""pemain"":""Siska"",""relasi"":""offend""}]},{""pengirim"":""Siska"",""teks_chat"":""Aku bukan Hitman."",""label_intent"":""defend"",""target"":[{""pemain"":""Siska"",""relasi"":""defend""}]},{""pengirim"":""Putri"",""teks_chat"":""Keduanya belum memberi penjelasan tambahan."",""label_intent"":""neutral"",""target"":[]},{""pengirim"":""Opan"",""teks_chat"":""Kita perlu alasan sebelum memilih."",""label_intent"":""neutral"",""target"":[]},{""pengirim"":""Reza"",""teks_chat"":""Aku curiga salah satu dari Qori atau Siska Hitman."",""label_intent"":""offend"",""target"":[{""pemain"":""Qori"",""relasi"":""offend""},{""pemain"":""Siska"",""relasi"":""offend""}]}]","[""Opan"",""Putri"",""Reza"",""Qori"",""Siska""]","[{""pemain"":""tidak_diketahui"",""relasi"":""defend""}]"
Wawan,Coba kita kumpulkan dulu semua bukti sebelum saling tuduh.,neutral,"[{""pengirim"":""Umar"",""teks_chat"":""Aku sebelumnya curiga Toni, sekarang lebih curiga Vina."",""label_intent"":""offend"",""target"":[{""pemain"":""Vina"",""relasi"":""offend""}]},{""pengirim"":""Vina"",""teks_chat"":""Kok malah nuduh aku? Kamu sendiri yang putar-putar alibi!"",""label_intent"":""offend"",""target"":[{""pemain"":""Vina"",""relasi"":""defend""},{""pemain"":""Umar"",""relasi"":""offend""}]}]","[""Toni"",""Umar"",""Vina"",""Wawan""]",[]
Zaki,Ada yang mau membagikan klaim skill lain?,neutral,"[{""pengirim"":""Xena"",""teks_chat"":""Yani mengubah klaim target Guard, aku curiga dia Hitman."",""label_intent"":""offend"",""target"":[{""pemain"":""Yani"",""relasi"":""offend""}]},{""pengirim"":""Yani"",""teks_chat"":""Aku bukan Hitman, tadi salah mengetik nama target."",""label_intent"":""defend"",""target"":[{""pemain"":""Yani"",""relasi"":""defend""}]}]","[""Xena"",""Yani"",""Zaki""]",[]
Coki,"Sebenarnya wajar sih kalau lu emosi, posisimu memang tersudut kemarin.",defend,"[{""pengirim"":""Ali"",""teks_chat"":""Ajakan vote dalam chat sebelumnya membingungkan."",""label_intent"":""neutral"",""target"":[]},{""pengirim"":""Coki"",""teks_chat"":""Bela mengubah ajakan ke Dodi tanpa alasan, aku curiga Bela Hitman."",""label_intent"":""offend"",""target"":[{""pemain"":""Bela"",""relasi"":""offend""}]},{""pengirim"":""Bela"",""teks_chat"":""Aku bukan Hitman, aku mengikuti alasan pemain lain."",""label_intent"":""defend"",""target"":[{""pemain"":""Bela"",""relasi"":""defend""}]},{""pengirim"":""Dodi"",""teks_chat"":""Alasan, kamu pasti mau melindungi teman Hitman-mu kan?"",""label_intent"":""offend"",""target"":[{""pemain"":""Bela"",""relasi"":""offend""}]},{""pengirim"":""Coki"",""teks_chat"":""Mungkin Bela memang kebingungan saja kemarin."",""label_intent"":""defend"",""target"":[{""pemain"":""Bela"",""relasi"":""defend""}]},{""pengirim"":""Dodi"",""teks_chat"":""Coki, kamu dan Bela pasti komplotan Hitman karena saling membela."",""label_intent"":""offend"",""target"":[{""pemain"":""Coki"",""relasi"":""offend""},{""pemain"":""Bela"",""relasi"":""offend""}]},{""pengirim"":""Coki"",""teks_chat"":""Enak saja, aku cuma berusaha objektif."",""label_intent"":""defend"",""target"":[{""pemain"":""Coki"",""relasi"":""defend""}]},{""pengirim"":""Ali"",""teks_chat"":""Dodi, aku justru curiga kamu Hitman karena menuduh tanpa alasan."",""label_intent"":""offend"",""target"":[{""pemain"":""Dodi"",""relasi"":""offend""}]},{""pengirim"":""Dodi"",""teks_chat"":""Aku panik karena aku hampir di-vote keluar tanpa alasan jelas!"",""label_intent"":""defend"",""target"":[{""pemain"":""Dodi"",""relasi"":""defend""}]},{""pengirim"":""Bela"",""teks_chat"":""Dodi, aku tetap curiga kamu Hitman karena terus menuduh balik."",""label_intent"":""offend"",""target"":[{""pemain"":""Dodi"",""relasi"":""offend""}]}]","[""Ali"",""Bela"",""Coki"",""Dodi""]","[{""pemain"":""Dodi"",""relasi"":""defend""}]"
Gisel,"Jangan pilih aku untuk dieksekusi, aku bukan Hitman dan mengaku Stalker.",defend,[],"[""Gisel""]","[{""pemain"":""Gisel"",""relasi"":""defend""}]"
Nana,Ada yang punya ide lain selain membahas status Spy ini?,neutral,"[{""pengirim"":""Hana"",""teks_chat"":""Belum ada kabar dari Spy ya hari ini?"",""label_intent"":""neutral"",""target"":[]},{""pengirim"":""Imam"",""teks_chat"":""Aku klaim Spy, tetapi belum ingin membagikan pilihan Guard semalam."",""label_intent"":""neutral"",""target"":[]},{""pengirim"":""Jaja"",""teks_chat"":""Bohong banget, pasti kamu Hitman yang pura-pura."",""label_intent"":""offend"",""target"":[{""pemain"":""Imam"",""relasi"":""offend""}]},{""pengirim"":""Keke"",""teks_chat"":""Aku curiga Imam Hitman karena belum menjelaskan pilihan Guard."",""label_intent"":""offend"",""target"":[{""pemain"":""Imam"",""relasi"":""offend""}]},{""pengirim"":""Imam"",""teks_chat"":""Aku bukan Hitman, aku belum ingin membuka pilihanku."",""label_intent"":""defend"",""target"":[{""pemain"":""Imam"",""relasi"":""defend""}]},{""pengirim"":""Lulu"",""teks_chat"":""Tolong vote Imam saja, alibinya tidak masuk akal."",""label_intent"":""offend"",""target"":[{""pemain"":""Imam"",""relasi"":""offend""}]},{""pengirim"":""Maman"",""teks_chat"":""Belum membuka pilihan Guard tidak membuktikan dia Hitman."",""label_intent"":""defend"",""target"":[{""pemain"":""Imam"",""relasi"":""defend""}]},{""pengirim"":""Keke"",""teks_chat"":""Maman jangan-jangan komplotannya, ngapain dibela?"",""label_intent"":""offend"",""target"":[{""pemain"":""Maman"",""relasi"":""offend""}]},{""pengirim"":""Maman"",""teks_chat"":""Aku kan cuma berpendapat, bukan berarti kita satu tim."",""label_intent"":""defend"",""target"":[{""pemain"":""Maman"",""relasi"":""defend""}]},{""pengirim"":""Jaja"",""teks_chat"":""Tetap saja Imam paling mencurigakan saat ini."",""label_intent"":""offend"",""target"":[{""pemain"":""Imam"",""relasi"":""offend""}]}]","[""Hana"",""Imam"",""Jaja"",""Keke"",""Lulu"",""Maman"",""Nana""]",[]
Dani,"Bisa aja dia kena gag order, jadi tdk bisa ngetik sama sekali.",defend,"[{""pengirim"":""Budi"",""teks_chat"":""Ciko diam terus dari tadi, aku curiga dia hitmannya."",""label_intent"":""offend"",""target"":[{""pemain"":""Ciko"",""relasi"":""offend""}]}]","[""Budi"",""Dani"",""Ciko""]","[{""pemain"":""Ciko"",""relasi"":""defend""}]"
Gilang,Ada yang ingat isi diskusi siang pada ronde pertama?,neutral,"[{""pengirim"":""Eka"",""teks_chat"":""Gilang ini aneh banget, nuduh orang gonta-ganti terus buat cari aman."",""label_intent"":""offend"",""target"":[{""pemain"":""Gilang"",""relasi"":""offend""}]}]","[""Eka"",""Gilang""]",[]
Kiki,Aku cuma mau bilang kalau peranku cuma civilian biasa.,neutral,"[{""pengirim"":""Hasan"",""teks_chat"":""Ada yang lihat korban semalam siapa?"",""label_intent"":""neutral"",""target"":[]},{""pengirim"":""Indra"",""teks_chat"":""Belum ada yang tahu, nggak ada yang ngaku juga."",""label_intent"":""neutral"",""target"":[]},{""pengirim"":""Jojo"",""teks_chat"":""Diam mungkin jadi petunjuk, tetapi tidak memastikan siapa korban."",""label_intent"":""neutral"",""target"":[]},{""pengirim"":""Kiki"",""teks_chat"":""Coba cek siapa aja yang dari tadi belum muncul."",""label_intent"":""neutral"",""target"":[]},{""pengirim"":""Hasan"",""teks_chat"":""Sepertinya semua masih rajin ngetik sih."",""label_intent"":""neutral"",""target"":[]},{""pengirim"":""Indra"",""teks_chat"":""Mungkin ada yang sekadar jadi penonton."",""label_intent"":""neutral"",""target"":[]},{""pengirim"":""Jojo"",""teks_chat"":""Atau jangan-jangan korbannya beneran afk."",""label_intent"":""neutral"",""target"":[]},{""pengirim"":""Kiki"",""teks_chat"":""Kita juga belum tahu pilihan Guard Spy semalam."",""label_intent"":""neutral"",""target"":[]},{""pengirim"":""Hasan"",""teks_chat"":""Belum ada yang membagikan klaim pilihan Guard di chat ini."",""label_intent"":""neutral"",""target"":[]},{""pengirim"":""Indra"",""teks_chat"":""Emang paling susah kalau infonya buta gini."",""label_intent"":""neutral"",""target"":[]},{""pengirim"":""Jojo"",""teks_chat"":""Makanya kita perhatiin pola chat mereka aja."",""label_intent"":""neutral"",""target"":[]}]","[""Hasan"",""Indra"",""Jojo"",""Kiki""]",[]
Lutfi,"Halo semua, ayo aktif diskusi dong, jangan pada pasif gini di awal.",neutral,[],"[""Lutfi""]",[]
Maman,Aku klaim Stalker. Belum ada hasil Peek yang ingin kubagikan sekarang.,neutral,"[{""pengirim"":""Maman"",""teks_chat"":""Korban yang semalam siapa ya, ada yang tahu?"",""label_intent"":""neutral"",""target"":[]},{""pengirim"":""Nanda"",""teks_chat"":""Belum ada yang tahu, kita cuma bisa ngira-ngira aja sekarang."",""label_intent"":""neutral"",""target"":[]}]","[""Maman"",""Nanda""]",[]
Qori,Ada yang berani claim role di sini gak?,neutral,"[{""pengirim"":""Oki"",""teks_chat"":""Ajakan vote di chat tiba-tiba mengarah ke aku."",""label_intent"":""neutral"",""target"":[]},{""pengirim"":""Putra"",""teks_chat"":""Qori yang pertama menulis ajakan itu."",""label_intent"":""neutral"",""target"":[]},{""pengirim"":""Qori"",""teks_chat"":""Enak aja, aku kan cuma ngikutin kecurigaan doang."",""label_intent"":""defend"",""target"":[{""pemain"":""Qori"",""relasi"":""defend""}]},{""pengirim"":""Oki"",""teks_chat"":""Qori mengubah ajakan tanpa alasan, aku curiga dia Hitman."",""label_intent"":""offend"",""target"":[{""pemain"":""Qori"",""relasi"":""offend""}]},{""pengirim"":""Qori"",""teks_chat"":""Bukan tanpa alasan, aku ada analisa sendiri."",""label_intent"":""defend"",""target"":[{""pemain"":""Qori"",""relasi"":""defend""}]},{""pengirim"":""Putra"",""teks_chat"":""Halah alasan, fix kamu hitmannya yang lagi cuci tangan."",""label_intent"":""offend"",""target"":[{""pemain"":""Qori"",""relasi"":""offend""}]},{""pengirim"":""Qori"",""teks_chat"":""Aku bukan Hitman, jangan vote aku tanpa bukti."",""label_intent"":""defend"",""target"":[{""pemain"":""Qori"",""relasi"":""defend""}]},{""pengirim"":""Oki"",""teks_chat"":""Jangan langsung vote dia, alasannya belum cukup."",""label_intent"":""defend"",""target"":[{""pemain"":""Qori"",""relasi"":""defend""}]},{""pengirim"":""Putra"",""teks_chat"":""Nggak, ini Qori udah paling sus dari awal."",""label_intent"":""offend"",""target"":[{""pemain"":""Qori"",""relasi"":""offend""}]},{""pengirim"":""Oki"",""teks_chat"":""Yaudah terserah kalau kalian maksa, kita lihat hasilnya."",""label_intent"":""neutral"",""target"":[]}]","[""Oki"",""Putra"",""Qori""]",[]
Tono,"Bener banget kata sis, ayo bahas topik lain aja.",neutral,"[{""pengirim"":""Rian"",""teks_chat"":""Semalam ada yang disandera, tapi siapa ya?"",""label_intent"":""neutral"",""target"":[]},{""pengirim"":""Siska"",""teks_chat"":""Iya, nggak ada yang tahu, dari tadi belum ada yang bahas."",""label_intent"":""neutral"",""target"":[]},{""pengirim"":""Tono"",""teks_chat"":""Bikin makin sulit buat nebak pelakunya ini."",""label_intent"":""neutral"",""target"":[]},{""pengirim"":""Rian"",""teks_chat"":""Mending kita bahas klaim yang sudah ada aja, jangan nebak korban dari siapa yang diam."",""label_intent"":""neutral"",""target"":[]},{""pengirim"":""Siska"",""teks_chat"":""Gak apa, kita sdh biasa main tebak-tebakan buta."",""label_intent"":""neutral"",""target"":[]}]","[""Rian"",""Siska"",""Tono""]",[]
Ujang,Aku sih mau infoin kalau roleku cuma civilian biasa.,neutral,"[{""pengirim"":""Ujang"",""teks_chat"":""Sepi amat chatnya, pada kemana ini woy?"",""label_intent"":""neutral"",""target"":[]},{""pengirim"":""Vina"",""teks_chat"":""Mungkin masih pada ngantuk atau lagi mikir."",""label_intent"":""neutral"",""target"":[]}]","[""Ujang"",""Vina""]",[]
Yanto,"Yanto di sini bukan Hitman ya, Wira. Tadi itu cuma dugaan, jangan fitnah aku.",defend,"[{""pengirim"":""Wira"",""teks_chat"":""Yanto tadi mengaku tahu siapa Hitman, sekarang bilang belum tahu. Aku curiga dia pelakunya."",""label_intent"":""offend"",""target"":[{""pemain"":""Yanto"",""relasi"":""offend""}]},{""pengirim"":""Yanto"",""teks_chat"":""Aku bukan Hitman, maksudku tadi hanya dugaan."",""label_intent"":""defend"",""target"":[{""pemain"":""Yanto"",""relasi"":""defend""}]},{""pengirim"":""Wira"",""teks_chat"":""Kamu pasti bohong buat nutupin sesuatu kan."",""label_intent"":""offend"",""target"":[{""pemain"":""Yanto"",""relasi"":""offend""}]}]","[""Wira"",""Yanto""]","[{""pemain"":""Yanto"",""relasi"":""defend""}]"
Bilal,"Tunggu dulu, mungkin dia beneran cuma civilian yang lagi pusing.",defend,"[{""pengirim"":""Zain"",""teks_chat"":""Hari ini belum ada info yang mencurigakan ya?"",""label_intent"":""neutral"",""target"":[]},{""pengirim"":""Ahmad"",""teks_chat"":""Belum nemu apa-apa nih aku."",""label_intent"":""neutral"",""target"":[]},{""pengirim"":""Bilal"",""teks_chat"":""Eh, tapi aku ngerasa ada yang janggal deh."",""label_intent"":""neutral"",""target"":[]},{""pengirim"":""Zain"",""teks_chat"":""Apanya yang janggal bil?"",""label_intent"":""neutral"",""target"":[]},{""pengirim"":""Bilal"",""teks_chat"":""Ada yang tuduhannya gonta-ganti terus."",""label_intent"":""neutral"",""target"":[]},{""pengirim"":""Zain"",""teks_chat"":""Ahmad menuduh berganti-ganti tanpa alasan. Aku curiga Ahmad Hitman."",""label_intent"":""offend"",""target"":[{""pemain"":""Ahmad"",""relasi"":""offend""}]},{""pengirim"":""Ahmad"",""teks_chat"":""Itu kan cuma berteori, wajar aja kita diskusi."",""label_intent"":""defend"",""target"":[{""pemain"":""Ahmad"",""relasi"":""defend""}]},{""pengirim"":""Bilal"",""teks_chat"":""Tapi teorimu berubahnya terlalu cepat, kayak nutupin jejak."",""label_intent"":""offend"",""target"":[{""pemain"":""Ahmad"",""relasi"":""offend""}]},{""pengirim"":""Zain"",""teks_chat"":""Jangan-jangan dia itu hitmannya yang lagi panik."",""label_intent"":""offend"",""target"":[{""pemain"":""Ahmad"",""relasi"":""offend""}]},{""pengirim"":""Ahmad"",""teks_chat"":""Aku cuma berusaha cari peluang dari reaksi kalian kok."",""label_intent"":""defend"",""target"":[{""pemain"":""Ahmad"",""relasi"":""defend""}]},{""pengirim"":""Bilal"",""teks_chat"":""Makin aneh aja alasan kamu buat menghindar."",""label_intent"":""offend"",""target"":[{""pemain"":""Ahmad"",""relasi"":""offend""}]},{""pengirim"":""Zain"",""teks_chat"":""Udah fix sih ini, mending ntar kita bareng-bareng vote dia aja."",""label_intent"":""offend"",""target"":[{""pemain"":""Ahmad"",""relasi"":""offend""}]}]","[""Zain"",""Ahmad"",""Bilal""]","[{""pemain"":""Ahmad"",""relasi"":""defend""}]"
Eka,Jadi sekarang posisi tuduhan Fajar itu ke Doni atau ke aku?,neutral,"[{""pengirim"":""Doni"",""teks_chat"":""Aku curiga kepada Eka, dia diam saja dari tadi pagi."",""label_intent"":""offend"",""target"":[{""pemain"":""Eka"",""relasi"":""offend""}]},{""pengirim"":""Eka"",""teks_chat"":""Aku tidak diam, aku sedang membaca riwayat percakapan kalian."",""label_intent"":""defend"",""target"":[{""pemain"":""Eka"",""relasi"":""defend""}]},{""pengirim"":""Fajar"",""teks_chat"":""Eka belum memberi pendapat, aku curiga Eka Hitman."",""label_intent"":""offend"",""target"":[{""pemain"":""Eka"",""relasi"":""offend""}]},{""pengirim"":""Gilang"",""teks_chat"":""Kita fokus aja deh, ada yang mau ngaku Stalker?"",""label_intent"":""neutral"",""target"":[]},{""pengirim"":""Eka"",""teks_chat"":""Aku bukan Hitman, aku cuma sedang menyimak diskusi."",""label_intent"":""defend"",""target"":[{""pemain"":""Eka"",""relasi"":""defend""}]},{""pengirim"":""Doni"",""teks_chat"":""Fajar, kamu merasa Eka itu Hitman atau tidak?"",""label_intent"":""neutral"",""target"":[]},{""pengirim"":""Fajar"",""teks_chat"":""Aku merasa Eka memang sangat mencurigakan."",""label_intent"":""offend"",""target"":[{""pemain"":""Eka"",""relasi"":""offend""}]},{""pengirim"":""Eka"",""teks_chat"":""Mengapa kalian semua jadi menuduh aku?"",""label_intent"":""defend"",""target"":[{""pemain"":""Eka"",""relasi"":""defend""}]},{""pengirim"":""Gilang"",""teks_chat"":""Sebentar, Doni tadi menuduh Eka, sekarang Fajar ikut menuduh."",""label_intent"":""neutral"",""target"":[]},{""pengirim"":""Fajar"",""teks_chat"":""Anehnya Doni malah terlihat mencurigakan sekarang, dia melempar tuduhan kepada Eka lalu diam."",""label_intent"":""offend"",""target"":[{""pemain"":""Doni"",""relasi"":""offend""}]},{""pengirim"":""Doni"",""teks_chat"":""Mengapa jadi menuduh aku? Aku kan cuma bertanya tadi kepada kalian."",""label_intent"":""defend"",""target"":[{""pemain"":""Doni"",""relasi"":""defend""}]},{""pengirim"":""Gilang"",""teks_chat"":""Tadi Fajar menuduh Eka, lalu sekarang menuduh Doni, tuduhan kalian berubah terus."",""label_intent"":""neutral"",""target"":[]}]","[""Doni"",""Eka"",""Fajar"",""Gilang""]",[]
Joko,"Indra, pesanmu yang telat itu sering kejadian atau baru kali ini?",neutral,"[{""pengirim"":""Hani"",""teks_chat"":""Indra lambat membalas, aku curiga dia Hitman."",""label_intent"":""offend"",""target"":[{""pemain"":""Indra"",""relasi"":""offend""}]},{""pengirim"":""Indra"",""teks_chat"":""Maaf, koneksiku buruk jadi pesan aku terpotong dan telat masuk."",""label_intent"":""defend"",""target"":[{""pemain"":""Indra"",""relasi"":""defend""}]}]","[""Hani"",""Indra"",""Joko""]",[]
Nina,Siapa saja yang menulis ajakan vote Kiki di chat tadi?,neutral,"[{""pengirim"":""Kiki"",""teks_chat"":""Maman mengubah ajakan vote dari Lala ke aku tanpa alasan, aku curiga Maman Hitman."",""label_intent"":""offend"",""target"":[{""pemain"":""Maman"",""relasi"":""offend""}]},{""pengirim"":""Maman"",""teks_chat"":""Aku curiga Kiki Hitman karena jawabannya menghindari pertanyaan."",""label_intent"":""offend"",""target"":[{""pemain"":""Kiki"",""relasi"":""offend""}]},{""pengirim"":""Kiki"",""teks_chat"":""Aku ini Civilian biasa, aku sungguh tidak tahu apa-apa."",""label_intent"":""defend"",""target"":[{""pemain"":""Kiki"",""relasi"":""defend""}]},{""pengirim"":""Lala"",""teks_chat"":""Aku juga curiga Maman Hitman karena ajakannya berubah tanpa alasan."",""label_intent"":""offend"",""target"":[{""pemain"":""Maman"",""relasi"":""offend""}]},{""pengirim"":""Nina"",""teks_chat"":""Kita baca alasan yang ditulis keduanya di chat."",""label_intent"":""neutral"",""target"":[]},{""pengirim"":""Maman"",""teks_chat"":""Aku sebelumnya curiga Lala, sekarang lebih curiga Kiki."",""label_intent"":""offend"",""target"":[{""pemain"":""Kiki"",""relasi"":""offend""}]},{""pengirim"":""Kiki"",""teks_chat"":""Kamu sengaja memecah suara kita semua kan Maman?"",""label_intent"":""offend"",""target"":[{""pemain"":""Maman"",""relasi"":""offend""}]}]","[""Kiki"",""Lala"",""Maman"",""Nina""]",[]
Oki,Putri dan Qori ingin membagikan klaim skill semalam?,neutral,"[{""pengirim"":""Oki"",""teks_chat"":""Ada yang tahu semalam siapa yang disandera Hitman?"",""label_intent"":""neutral"",""target"":[]},{""pengirim"":""Putri"",""teks_chat"":""Belum ada yang tahu, dari tadi belum ada yang ngaku kena."",""label_intent"":""neutral"",""target"":[]},{""pengirim"":""Qori"",""teks_chat"":""Chat juga sepi banget, jadi susah nebak."",""label_intent"":""neutral"",""target"":[]}]","[""Oki"",""Putri"",""Qori""]",[]
Santi,"Roni tadi memang sempat curiga ke aku, baru sekarang belain aku. Aku sendiri belum tahu mau nanggepin gimana.",neutral,"[{""pengirim"":""Roni"",""teks_chat"":""Aku membela Santi, dia belum terbukti Hitman hanya karena diam."",""label_intent"":""defend"",""target"":[{""pemain"":""Santi"",""relasi"":""defend""}]},{""pengirim"":""Tono"",""teks_chat"":""Roni, tadi kamu justru curiga Santi. Aku curiga kamu Hitman karena berubah pendapat."",""label_intent"":""offend"",""target"":[{""pemain"":""Roni"",""relasi"":""offend""}]},{""pengirim"":""Roni"",""teks_chat"":""Aku bukan Hitman, aku menilai ulang alasan tuduhannya."",""label_intent"":""defend"",""target"":[{""pemain"":""Roni"",""relasi"":""defend""}]}]","[""Roni"",""Santi"",""Tono""]",[]
Vina,"Terus hasil Peek-mu ke aku apa, Umar?",neutral,"[{""pengirim"":""Umar"",""teks_chat"":""Aku ini Stalker, dan aku sudah melakukan Peek kepada Vina semalam."",""label_intent"":""neutral"",""target"":[]}]","[""Umar"",""Vina""]",[]
Wawan,"Teman-teman, jangan langsung mengajak vote sembarangan kalau belum ada bukti yang jelas.",neutral,[],"[""Wawan"",""Xena""]",[]
Zaki,"Aku belum mau buka hasil Peek-ku dulu, biar Hitman nggak waspada.",neutral,"[{""pengirim"":""Yadi"",""teks_chat"":""Zaki, kamu mengaku sebagai Stalker, siapa yang kamu periksa semalam?"",""label_intent"":""neutral"",""target"":[]}]","[""Yadi"",""Zaki""]",[]
Dita,"Ngomong-ngomong, ada yang kena Gag Order nggak sih hari ini?",neutral,"[{""pengirim"":""Aldo"",""teks_chat"":""Kenapa Bayu diam saja dari awal permainan? Pasti dia adalah Hitman."",""label_intent"":""offend"",""target"":[{""pemain"":""Bayu"",""relasi"":""offend""}]},{""pengirim"":""Citra"",""teks_chat"":""Mungkin Bayu sedang sibuk dan tidak melihat layar permainan."",""label_intent"":""defend"",""target"":[{""pemain"":""Bayu"",""relasi"":""defend""}]},{""pengirim"":""Bayu"",""teks_chat"":""Aku merasa kesulitan untuk mengetik panjang dari tadi."",""label_intent"":""defend"",""target"":[{""pemain"":""Bayu"",""relasi"":""defend""}]},{""pengirim"":""Dita"",""teks_chat"":""Jangan vote Bayu hanya karena diam, alasannya belum cukup."",""label_intent"":""defend"",""target"":[{""pemain"":""Bayu"",""relasi"":""defend""}]},{""pengirim"":""Aldo"",""teks_chat"":""Siapa tahu dia sengaja berpura-pura diam agar tidak dicurigai."",""label_intent"":""offend"",""target"":[{""pemain"":""Bayu"",""relasi"":""offend""}]},{""pengirim"":""Citra"",""teks_chat"":""Jangan langsung vote Bayu, kita belum punya bukti."",""label_intent"":""defend"",""target"":[{""pemain"":""Bayu"",""relasi"":""defend""}]},{""pengirim"":""Bayu"",""teks_chat"":""Aku bukan Hitman, koneksiku sedang bermasalah."",""label_intent"":""defend"",""target"":[{""pemain"":""Bayu"",""relasi"":""defend""}]}]","[""Aldo"",""Bayu"",""Citra"",""Dita""]",[]
Gerry,Edi bilang 'Gerry itu Hitman'. Ada yang bisa ngecek klaim Spy-ku benar atau salah?,neutral,"[{""pengirim"":""Edi"",""teks_chat"":""Gerry itu Hitman, ayo kita berikan vote kepada dia sekarang juga."",""label_intent"":""offend"",""target"":[{""pemain"":""Gerry"",""relasi"":""offend""}]},{""pengirim"":""Gerry"",""teks_chat"":""Aku bukan Hitman, klaim roleku Spy."",""label_intent"":""defend"",""target"":[{""pemain"":""Gerry"",""relasi"":""defend""}]},{""pengirim"":""Fina"",""teks_chat"":""Aku curiga Edi Hitman karena mengajak vote tanpa alasan."",""label_intent"":""offend"",""target"":[{""pemain"":""Edi"",""relasi"":""offend""}]}]","[""Edi"",""Fina"",""Gerry""]",[]
Dimas,"Bagas bilang 'Dimas adalah Hitman'. Selain Bagas, ada yang punya pendapat soal itu?",neutral,"[{""pengirim"":""Bagas"",""teks_chat"":""Menurutku Dimas adalah Hitman yang menyamar di antara kita."",""label_intent"":""offend"",""target"":[{""pemain"":""Dimas"",""relasi"":""offend""}]},{""pengirim"":""Dimas"",""teks_chat"":""Aku bukan Hitman, klaimku Spy."",""label_intent"":""defend"",""target"":[{""pemain"":""Dimas"",""relasi"":""defend""}]},{""pengirim"":""Candra"",""teks_chat"":""Aku curiga Bagas Hitman karena menuduh tanpa alasan kuat."",""label_intent"":""offend"",""target"":[{""pemain"":""Bagas"",""relasi"":""offend""}]},{""pengirim"":""Dimas"",""teks_chat"":""Mengenai ucapan Bagas yang bilang 'Dimas adalah Hitman', apakah ada yang percaya klaim itu?"",""label_intent"":""neutral"",""target"":[]},{""pengirim"":""Bagas"",""teks_chat"":""Aku mendasarkannya pada jawaban chatmu yang menghindar, aku tetap curiga kamu Hitman."",""label_intent"":""offend"",""target"":[{""pemain"":""Dimas"",""relasi"":""offend""}]},{""pengirim"":""Candra"",""teks_chat"":""Klaim Spy milik Dimas juga belum tentu benar sepenuhnya."",""label_intent"":""neutral"",""target"":[]}]","[""Bagas"",""Candra"",""Dimas""]",[]
Eko,Mari kita dengar penjelasan lanjutan dari Farah dan Gani.,neutral,"[{""pengirim"":""Eko"",""teks_chat"":""Ada yang sadar nggak, dari pagi ada satu orang yang belum ngomong sama sekali?"",""label_intent"":""neutral"",""target"":[]},{""pengirim"":""Farah"",""teks_chat"":""Iya, semalam juga ada yang disandera, tapi kita nggak tahu siapa."",""label_intent"":""neutral"",""target"":[]},{""pengirim"":""Gani"",""teks_chat"":""Jangan-jangan yang disandera itu Hesti?"",""label_intent"":""neutral"",""target"":[]},{""pengirim"":""Hesti"",""teks_chat"":""Aku baru sempat bergabung dalam diskusi."",""label_intent"":""neutral"",""target"":[]},{""pengirim"":""Eko"",""teks_chat"":""Pesan Hesti sekarang sudah masuk."",""label_intent"":""neutral"",""target"":[]},{""pengirim"":""Farah"",""teks_chat"":""Mari lanjut membahas klaim yang sudah dibagikan."",""label_intent"":""neutral"",""target"":[]},{""pengirim"":""Gani"",""teks_chat"":""Eko, bagian diskusi mana yang ingin dibahas lagi?"",""label_intent"":""neutral"",""target"":[]},{""pengirim"":""Hesti"",""teks_chat"":""Eko tadi bertanya tentang pemain yang belum membalas."",""label_intent"":""neutral"",""target"":[]},{""pengirim"":""Eko"",""teks_chat"":""Iya, itu pertanyaanku tadi."",""label_intent"":""neutral"",""target"":[]},{""pengirim"":""Farah"",""teks_chat"":""Gani banyak bertanya tentang korban, aku curiga dia Hitman."",""label_intent"":""offend"",""target"":[{""pemain"":""Gani"",""relasi"":""offend""}]},{""pengirim"":""Gani"",""teks_chat"":""Aku hanya ingin memperjelas situasi permainan ini."",""label_intent"":""defend"",""target"":[{""pemain"":""Gani"",""relasi"":""defend""}]},{""pengirim"":""Hesti"",""teks_chat"":""Pertanyaan Gani dan Farah sama-sama masuk akal."",""label_intent"":""neutral"",""target"":[]}]","[""Eko"",""Farah"",""Gani"",""Hesti""]",[]
Kevin,Jadi Irfan sama Lilis lagi bahas siapa yang paling pasif di sini?,neutral,"[{""pengirim"":""Irfan"",""teks_chat"":""Jihan pasif, aku curiga dia Hitman."",""label_intent"":""offend"",""target"":[{""pemain"":""Jihan"",""relasi"":""offend""}]},{""pengirim"":""Jihan"",""teks_chat"":""Aku membaca semua pesan kalian dengan teliti."",""label_intent"":""defend"",""target"":[{""pemain"":""Jihan"",""relasi"":""defend""}]},{""pengirim"":""Kevin"",""teks_chat"":""Sikap pasif Jihan memang mencurigakan."",""label_intent"":""offend"",""target"":[{""pemain"":""Jihan"",""relasi"":""offend""}]},{""pengirim"":""Lilis"",""teks_chat"":""Jangan terburu-buru menuduh orang yang pasif."",""label_intent"":""defend"",""target"":[{""pemain"":""Jihan"",""relasi"":""defend""}]},{""pengirim"":""Irfan"",""teks_chat"":""Bisa jadi dia adalah Hitman yang sedang bersembunyi."",""label_intent"":""offend"",""target"":[{""pemain"":""Jihan"",""relasi"":""offend""}]},{""pengirim"":""Jihan"",""teks_chat"":""Aku hanya ingin mengamati situasi terlebih dahulu."",""label_intent"":""defend"",""target"":[{""pemain"":""Jihan"",""relasi"":""defend""}]},{""pengirim"":""Kevin"",""teks_chat"":""Aku tetap curiga dia Hitman karena belum memberi pendapat."",""label_intent"":""offend"",""target"":[{""pemain"":""Jihan"",""relasi"":""offend""}]},{""pengirim"":""Lilis"",""teks_chat"":""Sekarang aku curiga Kevin Hitman karena terus memaksa tuduhan itu."",""label_intent"":""offend"",""target"":[{""pemain"":""Kevin"",""relasi"":""offend""}]},{""pengirim"":""Irfan"",""teks_chat"":""Lilis tiba-tiba mengalihkan perhatian ke Kevin."",""label_intent"":""neutral"",""target"":[]},{""pengirim"":""Jihan"",""teks_chat"":""Terima kasih Lilis karena sudah membelaku."",""label_intent"":""neutral"",""target"":[]}]","[""Irfan"",""Jihan"",""Kevin"",""Lilis""]",[]
Niko,"Maya, alasan kamu ngajak vote aku apa?",neutral,"[{""pengirim"":""Maya"",""teks_chat"":""Mari kita langsung berikan vote kepada Niko tanpa perlu diskusi panjang."",""label_intent"":""offend"",""target"":[{""pemain"":""Niko"",""relasi"":""offend""}]}]","[""Maya"",""Niko""]",[]
Oky,Putra dan Riki mau melanjutkan pembahasan klaim skill?,neutral,"[{""pengirim"":""Oky"",""teks_chat"":""Tadi Putra bilang dia Spy."",""label_intent"":""neutral"",""target"":[]},{""pengirim"":""Putra"",""teks_chat"":""Aku klaim Spy, tetapi belum ingin membuka pilihan Guard semalam."",""label_intent"":""neutral"",""target"":[]},{""pengirim"":""Riki"",""teks_chat"":""Klaim Spy Putra ini bisa dipercaya nggak ya?"",""label_intent"":""neutral"",""target"":[]}]","[""Oky"",""Putra"",""Riki""]",[]
