teks_chat,label_intent
"dari pola ngomongnya A paling mencurigakan, dia terus dorong vote tanpa bukti jelas",offend
"B langsung kena Gag Order pas mau jelasin alibinya, fix ada Hitman yang takut kebongkar",offend
"menurut urutan kejadian, C paling diuntungkan dari hostage semalam, gw curiga dia Hitman",offend
"A dari tadi cuma ikut arus dan menghindari pertanyaan, perilakunya sus banget",offend
"Gag Order ke D muncul tepat setelah dia menyebut nama pelaku, kemungkinan besar C Hitmannya",offend
"gw perhatiin B selalu mengubah tuduhan saat argumennya dibantah, itu pola Hitman banget",offend
"kalau lihat timing vote, A sengaja mengalihkan fokus dari dirinya ke pemain yang pasif",offend
"C terlalu cepat menyimpulkan target tanpa data, menurutku dia sedang membangun narasi palsu",offend
"si D paling diuntungkan dari korban malam ini, jadi dia kandidat Hitman terkuat",offend
"bukan sekadar feeling, A konsisten menghindari pembahasan soal siapa yang kena hostage",offend
"B mendadak membungkam C setelah C mulai menyusun kronologi, gw tuduh B sebagai Hitman",offend
"dari semua pemain, C punya penjelasan paling tidak konsisten soal aksinya",offend
"A kelihatan sengaja memancing konflik lalu diam saat orang lain saling vote, mencurigakan banget",offend
"kalau Hitman punya akses Gag Order, timing ke B tadi terlalu tepat untuk dianggap kebetulan",offend
"gw lihat D selalu membela A tanpa alasan objektif, kemungkinan mereka satu kubu jahat",offend
"C terus menekan pemain yang informasinya terbatas, itu strategi aman buat menghindari sorotan",offend
"menurut analisis gw, B mengarang alibi setelah melihat arah diskusi, bukan dari informasi asli",offend
"A paling cepat menuduh setelah fase pagi dibuka, seolah sudah tahu siapa yang harus ditekan",offend
D jadi tersangka utama karena argumennya berubah total setelah Gag Order dipakai,offend
"si B terlalu tenang ketika korban muncul, responsnya terasa seperti sudah memperkirakan hasilnya",offend
"C menolak semua hipotesis tapi tidak menawarkan alternatif, gaya debatnya cuma mengaburkan jejak",offend
"dari pola voting ronde sebelumnya, A selalu membantu pemain yang akhirnya selamat dari tuduhan",offend
"Gag Order tadi kelihatan dipakai untuk memotong informasi penting, dan B punya motif paling kuat",offend
"D mengklaim punya logika, tapi tidak pernah menjelaskan hubungan antara bukti dan tuduhannya",offend
gw curiga C karena dia baru aktif setelah target diskusi sudah aman dari vote,offend
"A terlalu fokus menuduh pemain yang tidak bisa membalas, ini bisa jadi upaya memanfaatkan situasi",offend
"B punya alibi yang cuma bergantung pada asumsi, belum ada kejadian yang benar-benar mendukung",offend
"kalau dibandingkan dengan pola chat awal, D sekarang lebih agresif dan defensif secara bersamaan",offend
si C kemungkinan Hitman karena setiap pertanyaan penting selalu dijawab dengan tuduhan balik,offend
"aku menilai A paling berbahaya, dia mengontrol arah diskusi tanpa memberikan informasi baru",offend
"aku ikut suara mayoritas, si Raka paling mencurigakan dari chatnya",offend
"kalau ditanya, aku curiga ke Bima; jawabannya muter terus",offend
"sus, sejak ada Gag Order ke Nia, Riko malah cepat nuduh orang lain",offend
"aku nggak punya bukti kuat, tapi Dito diem terus kayak Hitman",offend
"menurutku Sari mencurigakan, apalagi dia menghindar waktu ditanya",offend
"ya, aku ikut vote Arga, dari tadi tuduhannya nggak jelas",offend
"yang kena Gag Order tadi kayaknya sengaja dibungkam, curiga ke Fikri",offend
"gw cuma ngikut mayoritas, tapi Vino paling sus dari responsnya",offend
"kalau lihat chat tadi, Lala lebih mungkin Hitman daripada yang lain",offend
"aku curiga sama Reno, dia muncul cuma pas ada yang mulai dituduh",offend
"si Tio terlalu cepat ikut nuduh, biasanya yang begitu patut dicurigai",offend
"nggak yakin sih, tapi Maya dari tadi jawab seperlunya banget",offend
"menurutku pelaku Gag Order ada di pihak Jovan, geraknya terlalu pas",offend
"aku ikut kecurigaan ke Seno, alasannya berubah-ubah terus",offend
"Ayu kelihatan panik waktu ditanya soal malam tadi, fix mencurigakan",offend
"gw nggak banyak ngomong, tapi pilihan gw tetap ke Damar",offend
"kalau mayoritas pilih Kiki, aku ikut; chat dia memang paling aneh",offend
"si Beni mungkin Hitman, dia terus mengarahkan vote ke orang lain",offend
aku curiga ke Caca karena dia sengaja menghilang setelah Gag Order,offend
"sus banget si Eko, tiap diskusi cuma ikut tuduhan terakhir",offend
"dari pola chatnya, Fani kayaknya lagi nutupin sesuatu",offend
"aku nggak bisa memastikan, tapi Gilang paling layak dicurigai",offend
yang nyuruh fokus ke korban Gag Order tadi kemungkinan besar Hadi,offend
"gw lihat Iqbal terlalu tenang, padahal situasinya udah kacau",offend
"kalau harus pilih sekarang, aku tuduh Jaka sebagai Hitman",offend
"si Karel jawabnya aman banget, malah jadi kelihatan sus",offend
"aku ikut pendapat kalian, tapi Luki memang paling mencurigakan",offend
menurutku Miko sengaja bikin debat berantakan supaya lolos vote,offend
"dia yang paling keras nuduh Nando, bisa jadi cuma pengalihan",offend
"aku curiga ke Oki; setelah Gag Order, dia langsung mengubah arah pembicaraan",offend
"jangan lempar tuduhan ke gw, yang paling mencurigakan justru si Raka dari tadi ngeles terus",offend
"gw bukan hitman, pola chat Dimas yang berubah-ubah itu lebih sus banget",offend
"kalau gw hitman, ngapain gw terus terang begini? fokus ke Nia yang mendadak diem",offend
"tuduhan ke gw lemah banget, si Bimo malah keliatan ngarahin vote dari awal",offend
"fix bukan gw, Ardi yang langsung nuduh tanpa bukti malah kayak lagi cari kambing hitam",offend
"jangan asal vote aku, kejadian Gag Order tadi jelas menguntungkan Seno",offend
"gw civilian, dan yang paling mungkin hitman itu Lala karena jawabannya muter-muter",offend
"kalian salah sasaran kalau ngejar gw, perhatiin Yuda yang selalu ikut vote terakhir",offend
"bukan aku pelakunya, si Tio terlalu cepat membela diri padahal belum dituduh",offend
"kalau mau cari hitman, cek Rani, dia konsisten bikin orang lain saling curiga",offend
"gw heran kenapa semua nuduh gw, padahal Fajar yang paling sering menghilang saat diskusi",offend
"jangan ketipu gaya kalemnya Kiki, dia justru paling mencurigakan sejak korban pertama",offend
"aku sudah jelasin posisi gw, sekarang lihat Doni yang jawabannya berubah setelah Gag Order",offend
"yang ngegas ke gw itu malah Beni, menurutku dia sedang nutupin perannya sendiri",offend
"gw bukan hitman, sus, tapi Vina jelas memanfaatkan kekacauan buat dorong vote ke gw",offend
"argumen kalian ke gw nggak nyambung, si Oji yang paling mungkin punya agenda jahat",offend
"kalau benar gw hitman, kenapa tuduhan pertama selalu gw patahkan? Caca lebih suspicious",offend
"jangan fokus ke aku terus, Reza dari tadi cuma ikut opini mayoritas tanpa analisis",offend
"Gag Order itu bukan bukti gw, malah Hendra yang paling diuntungkan karena lawannya dibungkam",offend
"gw nggak ada alasan nyandera siapa pun, tapi Siska kelihatan tahu terlalu banyak",offend
"fitnah ke gw gampang banget dibantah, sementara Gilang terus menghindari pertanyaan soal malam",offend
"yang bener aja, aku defensif karena dituduh, bukan karena hitman; periksa pola chat Wawan",offend
"si Maya dari awal pasif lalu tiba-tiba ikut menekan gw, itu lebih aneh",offend
"gw bersih, dan menurutku Jaka sengaja memancing reaksi supaya vote beralih ke aku",offend
"jangan langsung eksekusi gw, lihat dulu Nando yang selalu muncul setelah ada korban",offend
"tuduhan kalian cuma asumsi, sedangkan perilaku Putri jelas menunjukkan dia sedang mengatur narasi",offend
"bukan gw yang bikin diskusi kacau, Riko yang terus lempar tuduhan tanpa dasar",offend
"kalau ada hitman di sini, kemungkinan besar Sari, karena dia paling aktif mengarahkan tribunal",offend
"aku sudah jawab semuanya, sekarang giliran Edo jelaskan kenapa dia diam saat Gag Order terjadi",offend
"gw menolak tuduhan ini, tapi justru dari cara Aldi memelintir omongan gw kelihatan dia mencurigakan",offend
"dari awal si A cuma ikut arus, nggak pernah buka analisis, menurut gw dia hitman",offend
"si B langsung nuduh orang lain begitu diskusi mulai panas, gaya banget nutupin jejak",offend
"fix si C mencurigakan, dia paling cepat nyari kambing hitam tiap pagi",offend
"gw ambil alih dulu, pola diamnya si D ditambah jawaban muter-muter cukup buat target vote hari ini",offend
"si E kena Gag Order tepat setelah nuduh si F, timing-nya terlalu pas, gw curiga pelakunya E",offend
"jangan kejebak pembelaan si G, dia baru aktif setelah ada yang mulai menekan namanya",offend
"menurutku si H Hitman, sejak malam pertama dia cuma mengarahkan vote tanpa bukti jelas",offend
"si I kelihatan panik waktu ditanya soal korban malam, jawabannya berubah-ubah",offend
"gw rasa hitmannya si J, dia sengaja bikin diskusi melebar biar kita nggak fokus ke dirinya",offend
"si K tadi mendadak membungkam si L, lalu langsung mendorong vote ke orang lain, ini pola yang mencurigakan",offend
"kalau kita rangkum, si M paling banyak dapat keuntungan dari kekacauan ini, vote dia",offend
"si N terlalu konsisten pura-pura netral, padahal semua pemain sudah kasih pendapat",offend
"aku menuduh si O, dia menghindari pertanyaan inti dan malah menyerang balik",offend
"lu perhatiin nggak, si P selalu muncul setelah ada tuduhan lalu ikut vote terakhir, fix mencurigakan",offend
"si Q dari tadi cuma mengulang opini orang lain, kemungkinan besar dia sedang menyamarkan perannya",offend
bukti terkuat sekarang mengarah ke si R karena dia langsung menggiring kita menjauh dari si S,offend
"si T kelihatan tahu terlalu banyak soal target malam, gw rasa dia Hitman",offend
"jangan vote acak, fokus ke si U yang tiba-tiba agresif setelah Gag Order terjadi",offend
"si V bilang tidak melihat apa-apa, tetapi langsung menuduh si W tanpa alasan, itu red flag",offend
"gw sudah baca alurnya, si X yang mulai konflik lalu pura-pura jadi penengah, dia target utama",offend
"si Y makin dibela oleh si Z tanpa dasar, bisa jadi mereka sedang saling melindungi sebagai Hitman dan partnernya",offend
menurut saya si A paling mencurigakan karena selalu menghindari komitmen saat diminta memilih,offend
"si B tadi menekan si C, tetapi setelah dibalas langsung mengubah topik, perilaku Hitman banget",offend
"aku minta semua fokus ke si D, dia mendapat kesempatan membungkam pemain lalu memakai kekacauan itu untuk menuduh",offend
"si E terlalu cepat menyimpulkan korban malam sebagai target tertentu, dari mana dia bisa seyakin itu",offend
"lu jangan terpancing drama si F, justru dia yang paling aktif mengatur arah vote tanpa data",offend
"si G muncul dengan pembelaan panjang sebelum ada yang menuduh, seolah-olah sudah menyiapkan alibi",offend
"hasil pengamatan chat sejauh ini paling berat ke si H, dia pasif saat aman dan agresif saat terpojok",offend
"si I terus memelintir ucapan orang lain, gw yakin dia sedang menebar fitnah sebagai Hitman",offend
"kita eksekusi si J hari ini, karena setelah Gag Order dia langsung menguasai diskusi dan mengarahkan target",offend
"Baru nyambung sekarang, dari tadi Rian paling rajin lempar tuduhan tapi jawab konteksnya kabur, fix dia Hitman",offend
"Tunggu, tadi siapa yang kena Gag Order? Naya langsung diam dan Bimo malah mengatur arah vote, Bimo paling mencurigakan sebagai Hitman",offend
"Gw telat baca chat, tapi pola Dito jelas banget, dia muncul cuma pas mau menggiring kita ke vote, curiga Hitman",offend
"Bisa ulang kronologinya? Dari yang sempat gw tangkap, Sela yang minta orang dibungkam lalu nuduh Arga, jangan-jangan Sela Hitman",offend
"Aku baru sadar, tiap diskusi mulai panas Vino selalu menghilang, terus muncul buat ikut vote terakhir, dia kemungkinan besar Hitman",offend
"Lu boleh jelasin ulang, kenapa Tio langsung nuduh korban Gag Order? Bagi gw itu gerakan Hitman banget",offend
"Awalnya gw nggak ngikutin, tapi sekarang kelihatan Fara konsisten memelintir ucapan orang, sus dia Hitman",offend
"Kalau aku tidak salah, Raka tadi satu-satunya yang membela pemain yang kena Gag Order, lalu pindah tuduhan mendadak, Raka patut dicurigai sebagai Hitman",offend
"Chat tadi cepat banget, gw ketinggalan, tapi Gilang yang paling diuntungkan dari diamnya Kiki, Gilang Hitman ya",offend
"Sebentar, siapa yang mulai isu soal Luki? Oh, ternyata Jovan, geraknya seperti Hitman yang sedang cari kambing hitam",offend
"Baru baca ulang, alasan Mira berubah setelah Gag Order muncul, ini mencurigakan, menurutku Mira Hitman",offend
"Gw belum paham semua vote, tapi Niko sengaja bikin kita fokus ke orang yang bungkam, kayaknya dia Hitman",offend
"Tolong recap singkat, kenapa Oka tahu target vote sebelum diskusi selesai? Dia terlalu siap, fix Hitman",offend
"Dari pengamatan sepotong-sepotong, Wulan paling sering menghindari pertanyaan langsung, aku nuduh Wulan sebagai Hitman",offend
"Lu lihat nggak? Begitu satu orang kena Gag Order, Bayu langsung memimpin narasi, buat gw Bayu pelakunya",offend
"Aku tadi AFK sebentar, tapi setelah baca ulang, Seno yang mengubah topik tiap kali ditanya soal malam sebelumnya, Seno sus sebagai Hitman",offend
"Kalau konteksnya benar begitu, Tegar punya motif paling jelas, dia membungkam Rosi lalu mendorong vote ke orang lain, Tegar Hitman",offend
"Maaf baru ikut, tapi kenapa semua orang melewatkan respons Caca? Dia defensif sebelum dituduh, kemungkinan dia Hitman",offend
"Gw masih nyusun kronologi, tapi satu hal jelas, Aldi selalu muncul setelah orang lain selesai berdebat dan tinggal ikut arus, Aldi curiga Hitman",offend
"Bentar, tadi yang pertama menyebut nama Yuda siapa? Fikri kan? Sekarang Fikri malah pura-pura bingung, fix dia Hitman",offend
"Dari chat yang kebaca, Intan sengaja memancing konflik lalu menghilang saat dibalas, aku menilai Intan adalah Hitman",offend
"Bisa ulang bagian Gag Order-nya? Kalau Deni yang memanfaatkannya buat menutup suara lawan, dia paling mungkin Hitman",offend
"Tadi aku belum menangkap, tetapi Rara terus menuduh tanpa bukti dan menolak klarifikasi, Rara kelihatan seperti Hitman",offend
"Sus, baru ngeh kenapa Reno ngotot banget vote Nisa padahal alasannya belum jelas, Reno kayaknya Hitman",offend
"Kita mungkin sudah melewatkan petunjuk ini, setiap target tuduhan Hadi aman, sementara dia selalu lolos dari sorotan, Hadi bisa jadi Hitman",offend
"Mereka tadi bahas apa sih? Setelah kuikuti ulang, cuma Lala yang langsung mengunci satu nama, Lala terlalu agresif, curiga Hitman",offend
"Aku ketinggalan dua halaman chat, tapi dari rekamannya Dava paling diuntungkan saat Miko kena Gag Order, Dava lu Hitman",offend
"Mohon ulangi konteksnya, tetapi perubahan sikap Putri setelah tribunal tadi terasa dibuat-buat, saya menuduh Putri sebagai Hitman",offend
"Gw nggak mau asal vote, cuma Kresna konsisten bikin kita saling curiga tanpa memberi info, buat gw dia kandidat Hitman terkuat",offend
"Baru nyambung sekarang, yang terus minta kita mengulang info sambil menghindari jawaban itu Sari, jangan-jangan dia Hitman",offend
"dari tadi si X paling rajin nuduh tapi nggak pernah kasih alasan, fix hitman",offend
"lu yang pertama kali panik pas korban disebut, jangan-jangan hitman",offend
"si B mendadak diam setelah Gag Order keluar, mencurigakan banget",offend
"gw curiga sama C, narasinya berubah tiap ada yang nanya",offend
"kalau memang civilian, kenapa lu ngotot banget nutupin si D?",offend
"si A tadi sengaja mancing vote ke orang random, gaya hitman banget",offend
"yang nge-Gag Order si E pasti lagi nyari kambing hitam, cek dia dulu",offend
"eh F, kok lu langsung tahu target malam tanpa ada yang cerita?",offend
menurutku G paling mencurigakan karena jawabannya terlalu aman,offend
"jangan keburu percaya si H, dia aktif cuma buat mengarahkan voting",offend
"gw lempar nama I, reaksinya tadi terlalu defensif buat warga biasa",offend
"si J kelihatan seperti mengatur alur diskusi, kemungkinan besar hitman",offend
"lu bilang cuma civilian, tapi dari tadi mainnya malah kayak sutradara",offend
"Gag Order ke si K terasa sengaja banget, pelakunya pasti takut dibongkar",offend
"si L tiba-tiba ikut vote terakhir tanpa analisis, itu langkah hitman banget",offend
"fix M adalah tersangka utama, dia selalu muncul saat tuduhan mulai panas",offend
"kalau N bukan hitman, coba jelaskan kenapa dia membela orang yang mencurigakan",offend
"gw nggak beli alasan O, terlalu rapi buat orang yang katanya bingung",offend
"si P paling cepat nuduh balik setelah ditanya, kena bait dikit langsung kebuka",offend
"dari pola chat, Q kelihatan sedang mengarahkan kita menjauh dari target asli",offend
"kamu jangan pura-pura netral, komentar kamu justru paling menguntungkan hitman",offend
"si R mendadak agresif setelah satu pemain dibungkam, kayak takut info bocor",offend
aku menuduh S karena dia cuma bicara saat voting mulai dekat,offend
"yang terus mengganti target itu T, menurutku dia sedang mencari korban aman",offend
"si U terlalu fokus membela diri dan tidak membahas kejadian malam, sus banget",offend
"lu bilang Gag Order nggak penting, padahal itu petunjuk paling jelas buat baca hitman",offend
"V tadi menuduh dua orang sekaligus lalu kabur dari debat, pola provokasi murahan",offend
"kalau W memang warga, kenapa dia langsung percaya alibi si X?",offend
aku rasa Y sengaja memancing keributan supaya perhatian tidak tertuju kepadanya,offend
"si Z paling mungkin hitman, komentarnya konsisten mengacaukan arah tribunal",offend
"dari cara lu ngarahin voting tanpa bukti, gw curiga lu Hitman",offend
"si Dito dari tadi jawabnya muter-muter, fix dia nyembunyiin sesuatu",offend
"kok tiap ada yang mulai nuduh Naya, lu langsung alihin topik? mencurigakan banget",offend
menurutku Raka paling mungkin Hitman karena dia konsisten memancing keributan,offend
"yang kena Gag Order barusan justru pemain yang paling dekat membongkar lu, kan?",offend
"lu terlalu cepat nuduh orang lain setelah chat gw dibungkam, sus banget",offend
siapa pun yang pakai Gag Order ke Beni kemungkinan besar sedang nutupin jejak,offend
"gw lihat pola voting Sari selalu mengikuti mayoritas, tapi dia yang mulai provokasi dari awal",offend
"Aldi diam terus, lalu muncul cuma buat nuduh orang; gw rasa dia Hitman",offend
"jangan asal vote, tapi sejauh ini Fikri paling mencurigakan dari isi chatnya",offend
"lu bilang punya info, tapi nggak pernah kasih alasan jelas; gaya banget kayak Hitman",offend
"si Tia sengaja bikin dua orang saling tuduh, menurut gw itu strategi Hitman",offend
"chat mendadak sepi setelah Arman kena Gag Order, gw curiga pelakunya ada di pihak dia",offend
"Reno terlalu fokus membela satu orang, bisa jadi mereka satu kubu sama Hitman",offend
"kalau bukan lu yang nyandera, kenapa dari tadi lu paling panik waktu bahas korban?",offend
"gw nggak yakin sama Vina, responsnya berubah setelah fase malam",offend
"si Joko baru aktif saat voting dimulai, kemungkinan dia lagi cari target aman",offend
"lu terus menekan pemain yang nggak bisa membalas karena Gag Order, itu kelihatan banget kayak taktik Hitman",offend
"menurut pengamatan chat, Dena lebih banyak mengatur arah diskusi daripada mencari fakta",offend
"fix, Bagas mencurigakan; setiap tuduhan ke dia selalu dibalas dengan serangan balik",offend
"yang paling diuntungkan dari gagalnya diskusi tadi itu si Kiki, gw tuduh dia Hitman",offend
aku rasa Surya sengaja menyebarkan info setengah matang supaya kita salah voting,offend
"lu bilang netral, tapi semua komentar lu selalu membela pemain yang sama",offend
"si Maya kelihatan terlalu siap dengan alibi, padahal belum ada yang nuduh dia",offend
"Gag Order ke Wawan muncul tepat setelah dia menyebut nama lu, jadi dugaan gw jelas ke lu",offend
"kalau lihat urutan chatnya, Niko yang paling mungkin mengatur fitnah ini",offend
gw curiga sama Lala karena dia terus menghindari pertanyaan soal aksi malam,offend
"pemain yang paling keras menuduh tanpa bukti biasanya sedang menutupi perannya sendiri, dan itu lu",offend
"si Faris sengaja menunggu semua orang bicara sebelum ikut vote, biar aman dari sorotan",offend
"berdasarkan kejadian pagi ini, aku menilai Tono adalah kandidat Hitman paling kuat",offend
"Mayoritas nuduh B tapi pola diamnya A lebih mencurigakan, jangan-jangan A Hitman",offend
"Kok C langsung paling vokal sejak awal, biasanya yang terlalu ngatur begini justru Hitman",offend
"D kena Gag Order pas mulai nunjuk E, menurutku D sengaja membungkam dia sebagai Hitman",offend
"Gag Order tadi terlalu pas buat mengalihkan perhatian, si F kayaknya Hitman",offend
"F ngotot banget minta kita vote G tanpa bukti jelas, gw malah curiga F",offend
"Kalau G benar Civilian, kenapa dia terus menghindari pertanyaan soal Hostage semalam",offend
"Semua orang ikut tuduhan ke H, tapi gw justru curiga H karena dia yang pertama memancing keributan",offend
"I cuma mengulang opini mayoritas tanpa analisis, sus banget kalau bukan Hitman",offend
"J menghilang saat diskusi panas lalu muncul buat ikut vote, pola macam itu bikin dia tersangka utama",offend
"K baru aktif setelah arah voting jelas, fix dia sedang menunggu momen aman sebagai Hitman",offend
"L terlalu cepat percaya klaim Stalker, bisa jadi dia Hitman yang numpang informasi orang lain",offend
"M nuduh N tanpa alasan lalu langsung minta vote, M kelihatan sedang mengatur Tribunal",offend
"N kena Gag Order setelah menekan M, jadi aku lebih percaya M adalah Hitman",offend
"O terus mendorong kita eksekusi P tetapi tidak pernah menjelaskan alasannya, O patut dicurigai",offend
"P bilang semua orang sus padahal dia sendiri paling defensif, menurutku P Hitman",offend
"Q memanfaatkan kekacauan setelah korban Hostage diumumkan, gaya mainnya terlalu oportunis buat Civilian",offend
"R selalu menghindari pertanyaan soal target malam, dia mungkin Hitman yang takut salah bicara",offend
"S langsung menuduh T hanya karena T diam, itu terasa seperti fitnah dari Hitman",offend
"T berubah pendapat tiap kali mayoritas bergeser, aku curiga dia sedang mencari posisi aman",offend
"U mengklaim punya info tapi sengaja tidak menyebut sumbernya, jangan-jangan dia Hitman",offend
"V terlalu dominan di chat dan memotong semua argumen, bisa saja itu cara Hitman mengontrol diskusi",offend
"W pura-pura netral tetapi selalu mengarahkan vote ke X, buatku W lebih mencurigakan",offend
"X menuduh tiga orang sekaligus tanpa bukti, kayaknya dia sedang menebar kabut sebagai Hitman",offend
"Y terus bilang ikut mayoritas, padahal belum pernah kasih observasi sendiri; sus banget, Y",offend
"Z seolah sudah tahu siapa yang bakal kena Hostage, dari mana informasinya kalau bukan Hitman",offend
"Si A paling diuntungkan waktu B kena Gag Order, jadi jangan buru-buru percaya A itu Civilian",offend
"B terlalu cepat membela C setelah C dituduh, mungkin mereka satu kubu dan C adalah Hitman",offend
"C mengubah topik setiap kali dibahas soal aksi malam, aku rasa dia sedang menyembunyikan peran Hitman",offend
"D bilang tidak percaya siapa pun tapi diam-diam mengarahkan vote ke E, menurutku D dalangnya",offend
"E terus menekan pemain yang kritis lalu memakai kerumunan sebagai tameng, fix E mencurigakan sebagai Hitman",offend
"dari tadi si Raka paling sering mancing keributan, feeling gw dia Hitman",offend
"Nisa langsung kena Gag Order pas mau bongkar teori, sus banget kalau bukan ulah Hitman",offend
"gw curiga sama Bima, jawabannya muter terus kayak lagi nutupin role",offend
"si Dito tiba-tiba membungkam Lala, fix dia punya akses Gag Order",offend
"menurutku Arga terlalu cepat nuduh orang lain, kemungkinan besar dia Hitman yang panik",offend
"vibes Tia dari awal sudah mencurigakan, dia cuma ikut arus biar aman",offend
"kalau bukan Reno yang Hitman, kenapa dia langsung defensif waktu nama dia disebut",offend
gw rasa Sari sengaja bikin chat kacau supaya kita salah vote,offend
"si Fajar diem sepanjang diskusi, terus muncul pas voting, ini pola Hitman banget",offend
"Gag Order ke pemain paling vokal itu jelas bukan kebetulan, Dimas patut dicurigai",offend
aku menuduh Kiki karena teorinya berubah total setelah ada korban malam,offend
"lu perhatiin nggak, Yuda selalu menghindari pertanyaan soal target malam",offend
"fix Vina Hitman, dia paling diuntungkan waktu Nando dibungkam",offend
"tebakan liar gw, Hitman ada di antara yang buru-buru ikut vote ke Eko",offend
"Rian terlalu tenang setelah serangan malam, jangan-jangan dia tahu targetnya",offend
"si Maya kelihatan seperti sedang mengarahkan kita ke kambing hitam, kemungkinan dia Hitman",offend
"kalau Beni benar Civilian, harusnya dia nggak secerdik itu membaca situasi",offend
"gw nggak punya bukti kuat, tapi gerak-gerik Caca paling mencurigakan sejauh ini",offend
"Doni tadi sengaja memotong pembicaraan Sela, bisa jadi dia pakai Gag Order buat nutup info",offend
"menurut saya, pola voting Gilang terlalu rapi untuk warga biasa",offend
"si Putri baru aktif setelah satu orang kena Gag Order, timing-nya mencurigakan banget",offend
"jangan terpancing teori Bayu, justru dia mungkin Hitman yang sedang bluffing",offend
"gw pasang dugaan ke Intan, semua tuduhannya terasa seperti sudah disiapkan",offend
"kalau Tono bukan Hitman, kenapa dia terus membela pemain yang paling mencurigakan",offend
"Siska kelihatan tahu terlalu banyak soal kejadian malam, gw rasa dia dalangnya",offend
"Rafi menghindari vote yang jelas dan malah bikin isu baru, sus behavior banget",offend
"teori gw, Hitman sengaja memilih Wawan untuk diserang lalu menuduh orang lain",offend
"Naya paling ngotot mengontrol arah diskusi, biasanya yang begini sedang menyembunyikan role",offend
aku curiga pada Aldi karena dia langsung menuduh setelah chat seorang pemain dibungkam,offend
"si Luthfi dari tadi cuma ikut suara mayoritas, menurut gw dia Hitman yang main aman",offend
"Dari tadi lu ngeles terus, fix lu Hitman",offend
Siapa yang kena Gag Order tadi? Menurut gw Raka pelakunya karena dia paling diuntungkan,offend
"Begitu Nia kena Gag Order, Ardi langsung mengarahkan vote ke dia. Sus banget",offend
"Gw percaya Dito dulu, tapi Arman dari awal cuma ikut arus. Dia Hitman",offend
"Jangan pecah suara, kita fokus ke Sari. Alasannya berubah-ubah sejak korban disandera",offend
Lu aktif banget nuduh orang lain tapi nggak pernah kasih analisis. Kelihatan banget Hitmannya,offend
"Setelah Gag Order muncul, Bima langsung mengarahkan vote ke korban. Dia tersangka utama gw",offend
Aku mencatat Tono satu-satunya yang membela pemain yang kemudian disandera. Kemungkinan besar dia Hitman,offend
"Mereka kompak menekan Reni tanpa alasan jelas, tapi Fajar yang paling agresif. Gw curiga dia Hitman",offend
Vina selalu memaksa kita mengunci satu nama dengan bukti minim. Ini pola Hitman,offend
"Gw dan kamu pegang satu suara dulu, targetnya Jaka. Dia terus menghindari pertanyaan soal sandera",offend
"Kalau kita mau aman, vote Lala. Dia mengubah pendapat tepat setelah Gag Order",offend
"Aku tidak yakin pada Reno. Dia tahu detail malam yang seharusnya tidak dia ketahui, Hitman banget",offend
"Deni bilang tidak melihat apa-apa, tapi langsung tahu siapa yang dicurigai. Dia pasti Hitman",offend
Gaya chat Miko terlalu mengatur dan memecah kita. Menurutku dia Hitman,offend
Orang yang paling diuntungkan dari diamnya Seno ya Galih. Aku tuduh Galih Hitman,offend
"Dari pola voting, Yuda konsisten melindungi pemain mencurigakan. Kita arahkan vote ke dia",offend
"Lu baru muncul setelah diskusi panas lalu ikut vote mayoritas. Ini bau Hitman, bro",offend
Respons Kiki saat ditanya soal korban terlalu cepat dan seperti sudah disiapkan. Dia Hitman,offend
Jangan percaya Damar yang terus minta kita ganti target tanpa alasan. Fix dia pengendali Hitman,offend
Gag Order ke aku muncul tepat setelah nuduh Wawan. Buatku Wawan pelakunya,offend
Rina menghilang saat semua butuh penjelasan lalu muncul buat nuduh orang lain. Sus banget sebagai Hitman,offend
"Gw Stalker dan semalam Peek Bagas. Identitasnya Hitman, ikut vote dia",offend
"Gw punya info dari Peek, Nando itu Hitman. Kalau percaya, kita satukan suara",offend
"Dia selalu membela diri sebelum ada yang menuduh, seperti sudah hafal skenarionya. Hendra Hitman",offend
Oki terus mengalihkan bahasan dari korban. Menurut gw dia sengaja menutupi jejak sebagai Hitman,offend
Beni menuduh dua orang sekaligus lalu menarik semua omongannya. Dia sedang mengacaukan voting sebagai Hitman,offend
"Caca paling cepat mengarahkan vote ke warga. Jangan ikuti dia, Caca Hitman",offend
Pola diam lalu muncul saat voting itu mencurigakan banget. Aku curiga berat sama Eko sebagai Hitman,offend
"Kalau aliansi kita mau bertahan, keluarkan Fani sekarang. Sejak awal dia memelintir chat dan memanfaatkan Gag Order",offend
"dari awal gw udah curiga sama Raka, cara dia ngeles fix banget gaya Hitman",offend
"si Bimo tiba-tiba kena Gag Order pas mulai nuduh dia, menurut gw itu Hitman",offend
"lu boleh kasih seribu alasan, tapi pola chat Deni tetap paling mencurigakan buat gw",offend
"yang paling keras nuduh orang lain justru Siska, fix dia lagi nutupin peran Hitman",offend
"gw tetap vote Arman, dia dari awal ngunci pembelaan tanpa alasan jelas",offend
"pas diskusi mulai panas, Tio langsung diam setelah pakai Gag Order, itu bukan kebetulan",offend
"menurutku Naya Hitman, responsnya selalu muncul setelah ada korban malam",offend
"bukti baru apa pun tidak mengubah pendapat gw, Fajar tetap target utama",offend
"si Rian terlalu cepat mengarahkan vote ke orang lain, kelihatan banget lagi menggiring",offend
"dia bilang cuma Civilian, tapi chat-nya kaku dan selalu menghindari pertanyaan inti",offend
gw curiga berat sama Lala karena dia konsisten membela pemain yang mencurigakan,offend
"kalau bukan Hitman, kenapa Joko mendadak membungkam Vina lewat Gag Order?",offend
"dari ronde pertama sampai sekarang, teori gw tetap sama: Beni adalah Hitman",offend
"Mira paling mencurigakan karena tuduhannya berubah-ubah, sementara alibinya kosong",offend
"lu bisa bilang itu salah baca situasi, tapi menurut gw Dika tetap pelaku utamanya",offend
"si Yuda kelihatan panik tiap nama Hitman dibahas, fix dia tidak bersih",offend
"aku tidak percaya pembelaan Tania, timing chat-nya terlalu pas setelah penyanderaan",offend
"yang diam bukan berarti aman, tapi gaya Reza dari tadi terlalu mengontrol diskusi",offend
"Gag Order ke pemain paling vokal itu jelas upaya membungkam saksi, dan pelakunya pasti Seno",offend
"gw sudah lock ke Putri sejak awal, semua gerak-geriknya makin menguatkan dugaan itu",offend
"meski vote kemarin meleset, aku tetap yakin Galih adalah Hitman",offend
si Hani sengaja mengulang tuduhan yang sama buat mengalihkan perhatian dari dirinya sendiri,offend
"argumen Kevin terdengar rapi, tapi justru terlalu dibuat-buat untuk ukuran Civilian",offend
"menurut gw Wawan pelakunya, dia selalu muncul setelah orang lain selesai bicara",offend
"jangan terdistraksi sama pengakuan Stalker itu, target gw tetap Riko",offend
"dia mengaku punya teori kuat, padahal isinya cuma lempar nama dan kabur dari diskusi",offend
Sari yang paling mungkin Hitman karena dia tahu kapan harus diam dan kapan memicu vote,offend
"aku tetap menuduh Doni, bahkan kalau semua orang di sini memilih percaya padanya",offend
perubahan sikap Eko setelah Gag Order tadi terlalu mencurigakan untuk dianggap kebetulan,offend
"buatku jelas, Vero Hitman-nya; pola pembelaan seperti itu sudah kelihatan sejak ronde pertama",offend
"si A dari awal ronde cuma muncul pas voting, gw nuduh dia Hitman",offend
"chat gw barusan kena Gag Order setelah nyebut si B, jadi gw lapor B sebagai Hitman",offend
"si C langsung membungkam gw waktu aku mulai jelasin kejadian malam, dia Hitman",offend
"aku lihat si D paling dulu menuduh orang lain setelah fase pagi, menurutku dia Hitman",offend
"si E tidak ikut menjawab pertanyaan soal target malam dan langsung mengalihkan topik, gw tuduh dia Hitman",offend
"setelah aku sebut nama si F, chatku mendadak dibungkam, jadi F yang aku laporkan sebagai Hitman",offend
"si G dari tadi jawabannya berubah antara satu chat dan chat berikutnya, dia Hitman",offend
"gw belum pernah lihat si H memberi penjelasan soal aksinya, sekarang gw tuduh dia Hitman",offend
"si I langsung minta semua vote ke si J tanpa membahas kejadian, aku laporkan I sebagai Hitman",offend
"tadi cuma si K yang aktif setelah chat dibuka, lalu Gag Order muncul di aku, K Hitman",offend
"si L membungkam chatku tepat setelah aku menyebut dia, jadi gw tuduh L Hitman",offend
"dari percakapan ronde ini si M terus menghindari pertanyaan tentang malam tadi, dia Hitman",offend
"si N tadi bilang belum bicara, padahal namanya muncul beberapa kali di chat, gw lapor N sebagai Hitman",offend
"aku kena Gag Order setelah menulis bahwa si O terlihat pasif, O yang aku tuduh Hitman",offend
"si P langsung mengubah arah voting ketika namanya mulai dibahas, menurut catatanku dia Hitman",offend
"gw perhatikan si Q tidak menjelaskan siapa yang dia curigai sampai akhir diskusi, Q Hitman",offend
"si R menuduh si S tanpa menyebut kejadian yang mendukung, kali ini gw laporkan R sebagai Hitman",offend
"chat si T muncul sesaat sebelum Gag Order aktif di aku, jadi T yang gw tuduh Hitman",offend
"si U beberapa kali memotong penjelasan pemain lain, aku menuduh U sebagai Hitman",offend
"dari awal si V mengikuti voting mayoritas tanpa memberi keterangan, dia Hitman menurut laporan gw",offend
"si W membungkam aku ketika aku sedang menyampaikan urutan kejadian, gw laporkan W sebagai Hitman",offend
"aku melihat si X menghindari pertanyaan tentang pemain yang hilang pagi ini, X Hitman",offend
"si Y baru ikut bicara setelah target voting terbentuk, lalu ikut vote, aku tuduh Y Hitman",offend
"setelah nama si Z disebut di chat, Gag Order masuk ke akun aku, Z yang gw laporkan",offend
"si A tidak menjawab saat ditanya soal perubahan vote-nya dan langsung menekan vote, aku tuduh A Hitman",offend
"barusan si B menuduh dua orang sekaligus tanpa menjelaskan kejadian malam, dia Hitman yang gw laporkan",offend
"si C membalas chatku dengan Gag Order tepat setelah aku menyebut pola diamnya, C Hitman",offend
"aku mencatat si D selalu muncul setelah ada pemain lain yang lebih dulu dituduh, jadi D yang aku laporkan sebagai Hitman",offend
"si E mengaku tidak melihat apa pun tetapi langsung menentukan siapa yang harus dieksekusi, gw tuduh E Hitman",offend
"dari rangkaian chat tadi, si F menghindari semua pertanyaan dan memakai Gag Order ke aku, F Hitman",offend
"gw bukan Hitman, dari awal pola vote gw konsisten dan nggak pernah ngarahin orang secara maksa",defend
"tuduhan itu belum punya bukti, kalian cuma nyimpulin dari gw yang paling banyak nanya",defend
"sumpah aku civilian, kalau mau cek lihat aja kontribusi argumenku dari ronde pertama",defend
"aku bukan pelakunya, tadi malah chatku kena Gag Order saat mulai membahas pola vote",defend
"kalau gw Hitman, ngapain gw buka urutan aksi yang justru bikin diri gw gampang dicurigai",defend
"jangan buru-buru eksekusi aku, alasanmu baru berdasarkan feeling dan belum nyambung sama kejadian malam",defend
"gw Stalker, semalam sudah Peek si B dan hasilnya dia bukan Hitman",neutral
"aku Spy, tadi malam aku Guard si C, jadi jangan jadikan kegagalan serangan sebagai bukti aku jahat",defend
"kalian boleh curiga, tapi tolong bedakan fakta dengan asumsi sebelum vote aku",defend
"aku nggak menghindar, dari tadi pertanyaanku fokus ke siapa yang paling diuntungkan dari kekacauan ini",defend
"kalau tuduhannya karena aku telat bicara, itu bukan bukti role; aku sedang merapikan urutan informasinya",defend
"gw nggak pernah pakai Gag Order, jadi aneh kalau sekarang semua kesalahan komunikasi diarahkan ke gw",defend
aku tetap pada argumen awal: pola vote-ku tidak berubah dan tidak mengikuti dorongan mayoritas,defend
"bukan aku yang menebar fitnah, cek saja siapa yang pertama kali memotong diskusi tanpa alasan",defend
"si A salah baca, gw memang mencurigai dia, tapi itu beda dengan menuduh tanpa dasar",offend
"aku bukan Hitman, justru sejak awal aku minta semua klaim diuji silang",defend
"kalau aku pelaku, keputusan paling aman bukan malah membiarkan jejak analisis seperti ini terbuka",defend
"tuduhan ke aku muncul setelah aku menyanggah teori si D, bukan karena ada bukti baru",defend
"gw bisa jelasin setiap vote-ku, sementara yang menuduh malah belum konsisten soal targetnya",defend
"aku civilian biasa, jadi wajar kalau informasiku terbatas; jangan paksa aku tahu aksi malam",defend
"role claim-ku Spy, dan target Guard-ku malam lalu bukan orang yang sama dengan malam sebelumnya",neutral
"aku nggak sedang membela diri dengan panik, aku cuma meluruskan bahwa kronologi kalian keliru",defend
jangan eksekusi berdasarkan siapa yang paling vokal; lihat kecocokan ucapan dan hasil tribunal,defend
"gw tidak punya alasan untuk mengarahkan vote ke si B, karena sejak awal dia sudah jadi target mayoritas",defend
"kalau aku Stalker, cooldown Peek-ku memang belum siap ronde ini, jadi tidak ada info tambahan yang bisa kuberi",neutral
"aku tetap kooperatif dan jawab semua pertanyaan, sedangkan tuduhan itu cuma diulang-ulang tanpa perkembangan",defend
"bukti terkuat saat ini bukan chat-ku, melainkan perubahan sikap si E setelah korban malam muncul",offend
"gw bukan Hitman, dan timing tuduhan ini terlalu pas setelah argumenku mulai mengarah ke pelaku sebenarnya",defend
"aku mengakui analisisku bisa salah, tapi salah analisis tidak otomatis berarti aku role jahat",defend
"kalau kalian menilai objektif, kontribusiku lebih banyak membandingkan pola daripada menggiring eksekusi",defend
"bukan gw, dari tadi cuma jawab kalau ditanya",defend
"santai, gw civilian biasa, nggak punya skill apa-apa",neutral
"tuduhan ke gw belum ada buktinya, jangan asal vote",defend
"bukan aku hitman, semalam juga cuma nunggu fase pagi",defend
"gw diem bukan berarti jahat, emang mainnya pasif",defend
"kalau cuma karena gw telat jawab, jangan langsung nuduh",defend
"sumpah bukan gw, tadi chat gw juga sempat kena gag order",defend
"aku nggak nyandera siapa pun, role-ku civilian",defend
"lu boleh curiga, tapi alasan nuduh gw masih tipis",defend
"gw cuma ikut suara mayoritas, bukan berarti gw hitman",defend
"bukan dia yang perlu dicurigai, gw sendiri bukan hitman",defend
"serius, aku nggak punya info selain dari diskusi ini",neutral
"dari awal gw konsisten, coba cek lagi sebelum vote",defend
jangan lempar tuduhan ke gw cuma karena aku jarang ngomong,defend
"gw bukan stalker, jadi memang nggak punya hasil peek",neutral
"kalau mau eksekusi gw, minimal kasih alasan yang jelas",defend
"aku tadi diam karena nggak yakin, bukan karena nutupin sesuatu",defend
"fix bukan gw, role-ku nggak bisa nyerang siapa pun",defend
"gw nggak lihat kejadian malam, jadi jangan dipaksa ngarang",defend
"tuduhan itu ngaco, aku dari tadi cuma ngikutin alur",defend
"bukan aku pelakunya, kalau ragu tanya yang lain dulu",defend
"gw civilian, mau percaya atau nggak terserah kalian",neutral
"aku nggak pernah pakai gag order, cek pemain lain aja",defend
jangan karena gw vote terakhir terus dibilang mencurigakan,defend
"gw cuma jawab seperlunya, sesuai gaya mainku dari awal",defend
"kalau ada bukti konkret, sebutin, jangan cuma bilang feeling",defend
"aku bukan spy, tapi jelas bukan hitman juga",neutral
"gw nggak punya alasan bunuh siapa pun, jadi jangan arahkan vote ke gw",defend
"yang nuduh gw malah berubah-ubah, coba perhatiin itu",offend
"tenang, aku siap ikut keputusan mayoritas, tapi gw bukan hitman",neutral
"gw bukan hitman, dari awal cuma fokus baca pola chat kalian",defend
"tuduhan ke aku masih asumsi doang, belum ada bukti yang jelas",defend
"santai, aku civilian dan nggak punya skill malam sama sekali",neutral
lu nuduh gw cuma karena gw diem? itu alasan yang lemah banget,defend
"fix bukan aku pelakunya, semalam aku nggak bisa nyandera siapa pun",defend
"jangan asal vote aku, argumen kalian belum nyambung",defend
"aku bukan hitman, coba cek siapa yang paling sering mengarahkan vote",defend
"dia nuduh aku buat ngalihin perhatian, jangan langsung kemakan omongannya",defend
"gw cuma salah baca situasi, bukan berarti gw jahat",defend
"kalau aku hitman, ngapain dari tadi malah bantu cari pola pelaku?",defend
"tuduhan itu nggak berdasar, aku konsisten dari ronde pertama",defend
"aku nggak pakai gag order, jadi jangan kaitkan chat yang hilang dengan aku",defend
"lu boleh curiga, tapi jangan eksekusi orang cuma karena feeling",neutral
"aku Stalker, tapi belum bisa peek lagi karena masih cooldown",neutral
"gw Spy, semalam guard target yang sekarang masih hidup",neutral
"sumpah aku bukan pelaku, posisi vote-ku dari tadi juga jelas",defend
"jangan putarbalikkan ucapan gw, tadi gw cuma kasih analisis",defend
"aku memang sempat mencurigakan, tapi itu karena info yang aku punya terbatas",defend
yang nuduh aku malah belum menjelaskan aksinya sendiri,offend
"kalau kalian eksekusi aku, kalian bakal kehilangan warga yang benar",defend
"gw nggak kabur dari pertanyaan, jawab aja satu-satu kalau mau",defend
"menurutku tuduhan ke aku muncul karena aku beda pendapat, bukan karena bukti",defend
"aku tidak punya alasan untuk menyandera siapa pun, peranku hanya civilian",defend
"lu bilang gw defensif, ya jelas karena tuduhan kalian ngawur",defend
"aku sudah jelaskan kronologinya, tolong jangan dipelintir lagi",defend
"bukan aku yang mengunci chat dia, jangan jadikan itu alasan menuduhku",defend
mereka cuma ikut arus vote tanpa memeriksa kontradiksi,offend
"gw siap jawab semua pertanyaan, tapi jangan langsung cap gw hitman",defend
aku membela diri karena namaku diseret tanpa bukti yang valid,defend
"kalau ada bukti konkret soal aku, keluarkan sekarang, jangan cuma spekulasi",defend
"gw bukan hitman, tadi malah aktif ngerapihin alur diskusi; sekarang cek yang dari awal ngeles, si D lebih mencurigakan",offend
"sumpah aku civilian, nggak punya aksi malam; jangan buang vote ke aku, kita arahkan ke pemain yang jawabannya berubah-ubah",offend
"tuduhan itu nggak masuk akal, aku dari tadi konsisten; yang perlu diuji justru si R karena terus dorong namaku tanpa bukti",offend
"bukan aku yang nyandera malam tadi, ya; kalau mau cari hitman, fokus ke pemain yang paling diuntungkan dari kekacauan ini",defend
"gw nggak menghilang, cuma baca semua argumen dulu; sekarang kesimpulanku si K paling mencurigakan, bukan gw",offend
"aku Stalker, semalam sudah Peek si M dan dia aman; jadi jangan paksa vote ke aku, kita pindahkan target ke sus yang lain",offend
"kalau aku Hitman, ngapain dari awal memimpin diskusi dan membuka pola voting? Cek si T yang cuma ikut arus",offend
"fitnah banget, gw nggak pernah pakai Gag Order; yang membungkam pemain lain itu malah si N, coba kita sorot dia",offend
"aku sudah menjelaskan posisi dari awal dan tidak ada yang berubah; tuduhan ke aku lemah, jadi vote paling logis jatuh ke si B",offend
"bukan aku pelakunya, malam tadi aku nggak punya cara buat nyandera siapa pun; mari fokus ke klaim palsu si V",offend
"lu boleh curiga, tapi jangan asal eksekusi; aku Civilian dan siap jawab semua pertanyaan, sementara si A terus menghindar",offend
"gw dituduh cuma karena paling vokal, padahal itu bukan bukti; kita jangan terpancing, targetkan pemain yang pasif dan kontradiktif",offend
"aku tidak membela diri dengan panik, aku pakai fakta: semua prediksiku sejauh ini tepat; yang meleset terus itu si J",offend
"santai, aku bukan Hitman; kalau kalian teliti, si P yang pertama kali mengarahkan tuduhan ke aku tanpa dasar",offend
"tuduhan si C terasa dibuat-buat, karena aku justru membantu menemukan pola; sebelum vote, periksa alibi dia dulu",offend
"gw nggak kena Gag Order karena bersalah, itu cuma taktik buat membungkam pembelaanku; jangan kasih si L ruang buat mengontrol narasi",offend
"aku tetap pada klaimku sebagai Spy, semalam aku Guard si H; kalau dia selamat dari serangan, berarti aku bukan target yang tepat untuk dieksekusi",defend
"bukan aku yang bikin tim kehilangan arah; sejak awal si Q memecah suara, jadi kita harus pertimbangkan dia sebagai Hitman",offend
"aku bisa salah analisis, tapi bukan berarti jahat; mari bandingkan semua jawaban dan lihat siapa yang paling sering ganti cerita",defend
"jangan langsung ikut vote mayoritas, aku sudah kasih alasan yang jelas; si W lebih sus karena muncul hanya saat mau menuduh",offend
"gw nggak punya alasan membunuh siapa pun, role gw Civilian; sekarang cukup bahas bukti dan arahkan vote ke si E",offend
"kalau kalian eksekusi aku, informasi kita makin minim; tahan vote itu dan periksa klaim si S yang tidak sinkron dengan kejadian malam",offend
"aku tidak sedang mengalihkan isu, aku menjawab tuduhan lalu menyimpulkan: si Y paling mungkin Hitman dari pola dorongannya",offend
"lu bilang aku terlalu mengatur, padahal memang harus ada yang menyatukan diskusi; aku membela diri karena tuduhan lu kosong",defend
"semalam aku bukan pelaku penyanderaan, dan tidak ada bukti yang mengarah kepadaku; jangan biarkan si G memanfaatkan kepanikan",offend
"aku sudah kasih semua informasi yang boleh dibuka sebagai Stalker; Peek-ku punya cooldown, jadi jangan paksa aku mengintip lagi malam ini",neutral
"gw tidak membungkam siapa-siapa, chat yang tiba-tiba berhenti itu bukan ulah gw; cek pemain yang paling berkepentingan menutup suara",defend
"bukti terhadapku cuma karena aku aktif, itu lemah banget; pemain jahat justru bisa bersembunyi di balik sikap pasif si U",offend
"aku siap kalau mau diperiksa lewat alur diskusi, tapi vote ke aku sekarang terlalu gegabah; si Z punya lebih banyak kontradiksi",offend
"bukan aku yang perlu kalian eksekusi pagi ini; aku sudah membela diri dengan konsisten, sekarang kita kunci target ke si F",offend
"sumpah gw baru nangkep tuduhannya, tapi bukan gw hitman",defend
"konteksnya ulang dong, kok tiba-tiba nama gw naik? gw cuma civilian",defend
"gw telat baca chat, bukan berarti gw lagi nutupin sesuatu",defend
"bukan aku, dari awal aku cuma ngikutin info yang kepotong-potong",defend
"kalau dibilang gw hitman, bukti peek-nya mana? jangan asal tunjuk",defend
"gw civilian biasa, jangan eksekusi cuma gara-gara gw lambat nyambung",defend
"tunggu, tadi yang nuduh gw siapa? gw baru masuk diskusinya",neutral
"gw memang lebih banyak diem, tapi itu karena lagi nyusun kronologi",defend
"semalem gw gak bisa lihat role orang, jadi jangan paksa gw jawab kayak stalker",defend
"aku bukan stalker, informasi yang aku punya cuma dari chat siang",neutral
"kalau ada korban malam, itu belum tentu ulahku, jangan langsung kunci ke gw",defend
"chat gw tadi sempat kena gag order, jadi wajar kalau respons gw telat",defend
"gw gak pernah ngaku punya info role, kenapa sekarang malah gw dicurigai?",defend
"ulangin argumen lu pelan-pelan, gw belum paham bagian yang bikin gw sus",neutral
"vote gw ke dia ada alasannya, bukan berarti gw satu tim sama hitman",defend
"fix kalian salah baca gerakan gw, gw cuma belum sempat ikut alur",defend
"aku baru sadar target malamnya siapa, dari tadi memang ketinggalan info",neutral
"jangan potong omongan gw, gw lagi jelasin kenapa alibi gw masuk akal",defend
"gw bukan hitman, kalau iya ngapain gw malah minta konteks terus?",defend
"lu bisa jelasin lagi tuduhan awalnya? gw mau jawab yang tepat, bukan ngarang",neutral
"dari ronde kemarin gw gak punya akses aksi apa pun, gw civilian",neutral
"mereka nuduh gw karena diam, padahal pemain lain juga belum kasih bukti jelas",defend
"sumpah aku tidak menyerang siapa pun, peranku bukan hitman",defend
"gw baru baca bagian itu sekarang, jadi jangan anggap gw menghindar",defend
"kalau masalahnya gw telat vote, itu karena konteksnya berubah terus",defend
siapa yang bilang gw tahu target malam? gw cuma menebak dari percakapan,defend
"jangan asal bilang gw sus, aku cuma belum ngerti urutan kejadiannya",defend
"aku bisa jelasin, tapi tolong ulang siapa yang pertama kali mengaitkan namaku",neutral
"gw gak punya alasan buat gag orang atau nyebar fitnah, tuduhan ini ngaco",defend
"sebelum vote gw, cek dulu alibinya siapa yang paling bolong",defend
"lah kok gue terus yang dituduh, yang paling ribut malah lu dari tadi",defend
"sumpah bukan gw Hitman, semalam gw cuma diem karena nunggu pola",defend
"kalau gw jahat, ngapain gw malah dorong vote ke orang yang mencurigakan?",defend
"tuduhan lu lemah banget, cuma gara-gara gw telat chat langsung dibilang Hitman",defend
"aku bukan Hitman, coba cek siapa yang paling diuntungkan dari eksekusi ini",defend
"fix kalian gampang banget dipancing, gw baru ngomong sedikit langsung diserang",defend
"gw Civilian, dan justru kamu yang muter-muter tiap ditanya target",offend
"bukan aku yang pakai Gag Order, jangan asal lempar tuduhan tanpa bukti",defend
"kalau dia yakin gw jahat, suruh jelasin alasan lengkapnya, jangan cuma teriak",defend
"gw nggak takut di-tribunal, tapi eksekusi tanpa dasar bakal bikin kita rugi",defend
lu nuduh gw karena fakta atau karena gw nggak ikut arus?,defend
"santai, gw memang provokatif, tapi itu bukan bukti gw Hitman",defend
"aku sudah kasih alibi dari awal, kenapa sekarang ceritanya diubah?",defend
yang aneh itu mereka langsung kompak vote gw tanpa bahas kejadian malam,defend
"gw bukan Stalker, jadi jangan tuntut gw punya hasil Peek yang nggak mungkin",defend
"kalau gw Hitman, target Hostage semalam harusnya bikin posisi gw lebih aman, bukan begini",defend
"dia nuduh gw terus, padahal belum pernah jawab kenapa dirinya mencurigakan",offend
"bukti kalian cuma gw aktif di chat, berarti pemain aktif otomatis jahat?",defend
"aku nggak akan ikut mengaku role cuma karena dipaksa, itu malah jebakan Hitman",defend
gw rasa tuduhan ini sengaja dilempar buat ngalihin perhatian dari pelaku asli,offend
"lu boleh curiga, tapi jangan bikin kesimpulan dari satu kalimat doang",defend
"kalau memang gw pelakunya, tunjukkan pola aksi malam yang nyambung, bukan asumsi",defend
"mereka panik banget pas gw balik nanya, kok jadi gw yang dianggap bersalah?",offend
"gw nggak pernah klaim bisa Guard, jadi jangan pelintir ucapan gw",defend
"aku tetap di pihak warga, cuma cara bacaku memang lebih keras dari kalian",neutral
"saya menolak tuduhan itu, tidak ada bukti yang menghubungkan saya dengan Hostage",defend
yang minta gw diam malah paling takut kalau diskusi dibuka lebar,offend
"gw siap di-vote kalau alibiku terbukti palsu, tapi sekarang tuduhannya masih kosong",defend
"jangan ketipu gaya ngomong gw, fokus ke siapa yang mengarahkan voting",defend
"lu bisa eksekusi gw sekarang, tapi kalau salah jangan pura-pura bilang nggak ada yang ngingetin",defend
"aku bukan hitman, tadi cuma salah baca situasi",defend
"jangan langsung vote gw, belum ada bukti yang jelas",defend
sumpah bukan aku yang nyandera semalam,defend
"gw civilian biasa, dari awal cuma ngikutin diskusi",neutral
"tuduhan ke aku masih asumsi doang, jangan asal eksekusi",defend
"aku nggak diem karena mencurigakan, tadi lagi nyimak alur chat",defend
"bukan gw yang pakai Gag Order, cek lagi siapa yang dibungkam",defend
"kalau aku Hitman, ngapain malah bantu cari pola serangan?",defend
gw nggak punya alasan buat nutup-nutupin informasi,defend
"jangan keburu percaya sama tuduhan dia, aku bisa jelasin kronologinya",defend
"aku Stalker, semalam sudah Peek satu pemain dan hasilnya bukan aku yang jahat",neutral
"fix aku bukan target yang harus dieksekusi, tuduhannya terlalu dipaksakan",defend
"gw memang telat ngomong, tapi itu bukan bukti kalau gw Hitman",defend
"aku cuma salah pilih kata, bukan berarti lagi bikin alibi palsu",defend
"lu boleh curiga, tapi tolong kasih dasar yang lebih kuat",defend
"aku nggak nyandera siapa pun, malam tadi aku nggak punya aksi itu",defend
jangan lempar kesalahan ke aku cuma karena aku beda pendapat,defend
"kalau mau vote aku, minimal jelaskan bukti konkretnya",defend
"gw bukan sus, dari tadi malah konsisten jawab semua pertanyaan",defend
"tuduhan ini muncul setelah aku beda suara, bukan karena fakta",defend
"aku Spy, tapi target guard-ku bukan orang yang sama seperti malam sebelumnya",neutral
"aku sudah jujur dari awal, nggak ada yang perlu aku sembunyikan",defend
"dia salah baca gerakanku, aku bukan Hitman",defend
jangan eksekusi aku cuma gara-gara aku jarang chat,defend
"gw nggak dapat informasi Peek malam ini, jadi wajar kalau belum bisa nuduh siapa-siapa",neutral
"aku tetap ikut diskusi kok, cuma nggak mau asal menuduh pemain lain",neutral
"kalau aku jahat, harusnya aku nggak akan membuka kemungkinan ini",defend
bukti yang dipakai buat nuduh aku belum cukup buat Tribunal,defend
"aku bukan pelindung yang gagal, targetku semalam memang tidak diserang",defend
tolong bedakan antara main aman dan bermain sebagai Hitman,defend
"gw bukan hitman, tuduhan lu cuma karena gw beda pendapat doang",defend
"santai, aku civilian, jangan ikut mayoritas kalau buktinya cuma aku telat ngomong",defend
kenapa langsung vote aku? dia yang nuduh belum kasih alasan jelas,defend
"gue bukan sus, dari awal justru dia yang ngarahin diskusi terus",defend
"kalau aku hitman, ngapain tadi ngebantah rencana vote yang gampang itu?",defend
"aku stalker, peek-ku belum bisa dipakai lagi, jadi jangan paksa aku kasih info palsu",neutral
"bukan aku yang bikin hostage malam ini, cek pola tuduhannya dulu sebelum eksekusi",defend
"lu boleh curiga, tapi tuduhan tanpa timeline itu lemah banget",defend
"aku spy, semalam guard si C dan dia selamat, jadi jangan asal lempar nama",neutral
"stop ikut suara terbanyak, mereka cuma keras bukan berarti benar",neutral
"aku nggak di-gag, tapi bukan berarti semua omonganku otomatis valid; yang penting bukti",neutral
"dia nuduh aku karena aku nolak ikut vote dia, itu bukan bukti aku hitman",defend
"fix bukan gw, dari tadi targetku konsisten dan alasannya kebuka",defend
"kalau aku jahat, kenapa aku malah minta cek pemain yang dominan itu?",defend
"jangan pakai alasan aku terlalu diam buat eksekusi, itu bukan bukti kuat",defend
"aku cuma civilian, salah baca situasi iya, tapi bukan berarti hitman",defend
"tuduhan ke aku berubah-ubah terus, kelihatan banget cuma cari kambing hitam",defend
"aku nggak percaya klaim dia mentah-mentah, tapi itu juga bukan alasan buat ngegas vote aku",defend
"semalam aku nggak punya aksi, jadi jangan kaitkan aku dengan hostage",defend
"kalian boleh vote aku, tapi jelaskan dulu bukti spesifiknya, bukan sekadar vibes",defend
"aku sempat di-gag pas mau jawab, jadi wajar kalau penjelasanku telat, bukan karena ngeles",defend
"yang paling vokal nuduh aku justru belum jelasin aksinya sendiri, kok aku yang disorot?",defend
"aku bukan stalker, jadi info identitas itu memang nggak ada di tanganku",neutral
"jangan eksekusi pemain cuma karena dia beda gaya chat, itu bukan logika",neutral
"gw udah jawab semua pertanyaan, kalau masih dibilang sus ya kasih satu kontradiksi yang jelas",defend
"aku spy dan guard-ku bukan ke orang yang sama dua malam beruntun, mekaniknya jelas",neutral
"bukan berarti aku defensif karena hitman, aku cuma nggak mau tribunal asal-asalan",defend
"kalau mayoritas cuma ikut suara pemain paling dominan, hitman malah enak ngumpet",neutral
"aku tetap curiga sama si D, tapi membela diri bukan berarti aku nuduh balik tanpa dasar",offend
"cek siapa yang pertama kali lempar namaku dan siapa yang langsung ikut, pola itu lebih penting",defend
"gw bukan Hitman, dari awal malah paling sering ngajak bahas pola vote",defend
"tuduhan ke gw terlalu spekulatif, lu belum punya bukti apa-apa",defend
"santai, gw Civilian dan cuma lagi nunggu ada info yang lebih jelas",neutral
kalau gw Hitman ngapain sengaja bikin teori yang malah narik perhatian ke diri sendiri,defend
"bukan gw yang nyandera malam tadi, coba cek siapa yang paling diuntungkan",defend
"aku tidak bersalah, tuduhan itu hanya berdasarkan dugaan tanpa bukti",defend
"lu nuduh gw karena gw diam, padahal chat gw tadi kena Gag Order",defend
"fix bukan gw, Stalker seharusnya bisa cek identitas gw kalau cooldown-nya sudah siap",defend
"gw Spy, semalam nge-Guard dia, jadi jangan asal lempar nama ke gw",defend
"kalau gw Spy, wajar dong target kawalan nggak bisa sama dua malam berturut-turut",defend
"aku Stalker, tapi informasi yang kupunya belum bisa kubuka semuanya sekarang",neutral
"jangan terpancing, gw cuma bikin asumsi buat ngetes reaksi kalian",defend
"teori gw memang liar, tapi itu bukan berarti gw Hitman",defend
"gw bukan sus, kalian aja yang panik karena teori gw kena",defend
"dia nuduh gw buat ngalihin perhatian, menurut gw justru dia yang mencurigakan",offend
"gue cuma salah baca situasi, bukan berarti langsung jadi tersangka utama",defend
"kalau mau eksekusi gw silakan, tapi kalian bakal kehilangan pemain yang masih netral",defend
bukti bahwa gw Hitman mana? Jangan cuma karena gaya ngomong gw beda,defend
"dari pola voting, gw malah nggak dapat keuntungan kalau pemain itu mati",defend
"sumpah bukan aku pelakunya, semalam aku bahkan tidak punya alasan menyerang siapa pun",defend
"gw masih konsisten dari ronde pertama, yang berubah malah cerita kalian",offend
tuduhan ini terasa seperti gertakan murahan supaya gw panik dan salah ngomong,defend
"kalau aku Hitman, kenapa harus membela diri sepanjang ini di depan semua orang",defend
"mereka terlalu cepat percaya sama satu teori, padahal belum ada konfirmasi Stalker",neutral
"gw diem bukan karena sus, tapi karena lagi nyusun siapa yang paling mungkin bohong",defend
"yang nuduh gw harus jelasin motifnya, bukan cuma bilang feeling",defend
"aku tidak mengaku punya role penting, tetapi jelas aku bukan pihak jahat",defend
"lu boleh curiga, tapi jangan pakai spekulasi itu sebagai alasan eksekusi",defend
"gw yakin ada yang sengaja framing gw, karena timing tuduhannya terlalu pas",defend
"kalau logika kalian benar, harusnya pelaku justru orang yang paling aman dari tuduhan",neutral
"gw bukan Hitman, dari awal malah ngajak kita cari pola bareng",defend
"tuduhan lu belum ada buktinya, jangan asal lempar vote ke aku",defend
"santai, aku bukan pelaku; tadi malam aku cuma jadi target yang gagal disandera",defend
"kalau aku Hitman, ngapain dari awal bantu bongkar alibi mereka?",defend
"bukan gw sus, yang diem dan ngeles itu justru lebih mencurigakan",offend
"aku civilian, belum punya skill apa-apa, jadi jangan paksa aku ngaku aneh-aneh",defend
"fitnah banget, chat gw tadi jelas konsisten dari ronde pertama",defend
"jangan vote aku cuma karena beda pendapat, cek dulu siapa yang paling diuntungkan",defend
"gw bukan Spy, tapi juga bukan Hitman; jangan asal menyimpulkan dari satu chat",defend
"tuduhan ke aku lemah banget, sementara alibi si D malah berubah-ubah",offend
"sumpah bukan aku yang pakai Gag Order, tadi chatku normal terus",defend
"kalau kalian percaya aku, kita bisa fokus cek dua pemain yang paling mencurigakan",defend
"aku memang sempat salah baca situasi, tapi itu bukan bukti aku pelaku",defend
"lu nuduh gw karena gw vokal, padahal gw justru bantu nyusun kandidat vote",defend
"bukan dia yang perlu dibela, aku sendiri bisa jelasin semua keputusan tadi",defend
"aku Stalker, tapi Peek-ku belum bisa dipakai lagi ronde ini, jadi jangan tuntut info palsu",defend
"gw udah bilang targetku semalam, dan timing-nya cocok sama hasil pagi ini",neutral
aku tidak menyembunyikan apa pun; silakan cocokkan semua pernyataanku dengan log chat,defend
"jangan ikut arus vote, aku punya alasan jelas kenapa pilih si B",neutral
"fix bukan aku, kalau mau cari Hitman lihat siapa yang sengaja mengalihkan topik",offend
"aku paham kenapa kalian curiga, tapi tuduhan ini tidak didukung kejadian apa pun",defend
"gw tadi membela si C karena alibinya masuk akal, bukan karena kami satu tim jahat",defend
"kalau aku Hitman, mestinya aku diam dan biarkan kalian saling curiga",defend
"lu boleh cek ulang, dari awal aku konsisten ngajak bentuk aliansi kecil",defend
"aku bukan orang yang melakukan penyanderaan, voting ke aku malah buang ronde",defend
"jangan percaya klaim mendadak itu, aku bisa mempertanggungjawabkan semua chatku",defend
"gw memang telat respons karena baca ulang diskusi, bukan karena lagi cari alibi",defend
"aku tidak pernah menyuruh siapa pun menutup suara, jadi jangan kaitkan aku dengan Gag Order",defend
"kalau mau eksekusi, pilih berdasarkan pola, bukan karena aku jadi target tuduhan pertama",defend
"percaya atau tidak, aku siap buka semua alasan pilihanku supaya kita tidak salah eksekusi",defend
"gw bukan Hitman, dari awal targetku cuma baca pola, bukan nyari kambing hitam",defend
"Tuduhan ke aku ngaco, aku Civilian dan tidak punya aksi malam sama sekali",defend
"santai, gw bukan sus, tadi cuma telat jawab karena chat lagi rame",defend
"kalau aku Hitman, ngapain dari awal aku minta Stalker buka info",defend
"bukti yang kalian pakai masih asumsi doang, jadi gw tetap yakin aku bukan pelakunya",defend
"aku tidak menghilang, tadi chatku kena Gag Order, jangan langsung nuduh",defend
"gw udah jelasin posisi gw dari awal dan jawabannya tetap sama, aku bukan Hitman",defend
"jangan cuma lihat aku paling vokal terus dianggap jahat, gw memang begini kalau lagi analisis",defend
"siapa pun yang nuduh aku, tolong kasih alasan konkret, bukan sekadar karena feeling",defend
"aku Civilian, jadi wajar kalau malam tadi tidak punya laporan aksi apa pun",defend
"fix bukan gw pelakunya, pola kejadian ini malah mengarah ke orang lain",offend
"gw tetap di teori awal, tapi itu bukan berarti gw Hitman, cuma analisisku belum berubah",defend
"aku tidak membela diri berlebihan, kalian memang belum punya bukti yang nyambung",defend
"jangan eksekusi aku cuma karena tadi salah baca situasi, salah analisis bukan tanda Hitman",defend
"kalau mau curiga, silakan, tapi gw tegaskan peranku bukan Hitman",defend
"tuduhan ini terlalu maksa, dari ronde pertama sampai sekarang cerita gw konsisten",defend
"aku tidak punya alasan buat menyandera siapa pun, gw bukan Hitman",defend
"chatku memang keras, tapi gaya ngomong bukan bukti aku role jahat",defend
"gw sudah bilang target analisisku dari awal, dan aku tidak akan pura-pura ganti teori demi selamat",defend
"yang berubah-ubah justru kalian, jangan lempar kesalahan itu ke aku",offend
"aku bukan Stalker atau Spy, cuma Civilian yang kebetulan terlalu fokus ke satu tersangka",defend
"kalau aku pelaku, harusnya aku tidak akan minta semua orang cek alibi malam",defend
jangan jadikan aku tersangka hanya karena aku menolak teori yang menurutku lemah,defend
"aku tetap yakin diriku bersih, bukti baru itu belum cukup buat membalik kesimpulanku",defend
"gw bukan sus, cuma kelihatan mencurigakan karena dari tadi ngotot sama satu nama",defend
"kalian boleh vote aku, tapi tuduhannya tetap tidak masuk akal dan aku bukan Hitman",defend
"aku tidak sedang mengalihkan isu, aku cuma membantah tuduhan yang memang salah sasaran",defend
"pernyataanku dari awal tidak berubah, jadi jangan bilang aku gugup atau cari aman",defend
"yang bisa kalian buktikan cuma aku keras kepala, bukan aku pelaku penyanderaan",defend
"aku tetap berdiri di teori ini, tapi peranku sendiri jelas Civilian",neutral
"gw bukan Hitman, semalam aku cuma main sebagai Civilian",neutral
"aku tidak menyandera siapa pun tadi malam, peranku bukan Hitman",defend
"tadi siang aku kena Gag Order, jadi memang tidak sempat menjelaskan",defend
"semalam aku pakai Guard ke pemain sebelah, itu saja aksiku",neutral
"aku Stalker, Peek-ku baru bisa dipakai lagi setelah cooldown selesai",neutral
"bukan aku yang bikin korban malam ini, aku tidak punya skill Hostage",defend
"gw dari awal cuma ikut diskusi dan voting, belum melakukan aksi malam",defend
"aku Civilian, jadi tidak ada aksi malam yang bisa kulakukan",neutral
"aku tidak diam karena menyembunyikan peran, chat-ku tadi memang terkunci",defend
semalam target Guard-ku berbeda dari malam sebelumnya sesuai aturan,neutral
"gw kena bungkam mendadak pas mau jawab, makanya penjelasan gw kepotong",defend
aku belum pernah memilih target untuk disandera selama permainan,defend
"peranku Spy, tadi malam aku mengawal satu pemain",neutral
"aku bukan Hitman, tidak ada pilihan Hostage di kemampuan yang kupunya",defend
"dari sisi aku, tadi malam hanya ada aksi Peek dan hasilnya sudah kusampaikan",neutral
aku tidak bisa menjawab lebih cepat karena terkena Gag Order di fase siang,defend
gw cuma Civilian dan belum pernah melakukan tindakan malam,neutral
"aku mengawal orang yang berbeda malam ini, bukan target yang sama dua kali",neutral
"tuduhan itu muncul saat chat-ku sedang dibungkam, jadi aku belum bisa merespons",defend
"aku Stalker, tetapi Peek-ku sedang cooldown pada ronde ini",neutral
"semalam aku tidak keluar melakukan apa pun, aku hanya menunggu fase pagi",neutral
"bukan aku pelaku Hostage, peranku tidak memiliki kemampuan tersebut",defend
"aku sudah menjelaskan urutan aksiku, malam pertama Guard dan malam berikutnya tidak melakukan aksi",defend
"gw belum memberikan vote sebelum tribunal dibuka, jadi bagian itu bukan dari gw",defend
"aku tidak menghilang dari diskusi, namaku hanya terkena pembungkaman",defend
peranku Civilian dan sampai sekarang belum mendapat kemampuan tambahan,neutral
"aku memakai Guard semalam, bukan Hostage, karena dua kemampuan itu berbeda",defend
"aku tidak mengubah cerita, dari awal aku menyebut diriku sebagai Spy",defend
tadi malam aku tidak bisa mengawal target yang sama lagi karena ada batasan aturan,neutral
"aku hanya melaporkan hasil Peek yang kudapat, tidak ada aksi lain dari pihakku",neutral
"gw Spy, tadi malam aku Guard C karena pola geraknya paling rawan",neutral
"aku Stalker, hasil Peek malam pertama nunjukin B itu Civilian",neutral
"jangan eksekusi aku, role-ku Civilian dan tuduhan ke aku cuma asumsi",defend
"fix aku Spy, target Guard-ku diserang tapi masih selamat",neutral
"dari urutan voting, gw yakin aku Stalker dan D bukan Hitman",neutral
"lu boleh cek argumen gw, aku Peek E dan identitasnya aman",neutral
"aku bukan Hitman, aku Spy yang gagal Guard karena salah baca target",defend
"gw Civilian, cuma ngikutin data chat dan belum lihat bukti role",neutral
"klaimku jelas, aku Stalker dan cooldown Peek-ku masih aktif",neutral
"si F nuduh tanpa dasar, padahal gw Spy dan semalam Guard dia",defend
"aku Stalker, pola diamnya G sudah cukup buat bikin dia tersangka utama",offend
"jangan termakan Gag Order, aku Civilian dan cuma menyusun kronologi",neutral
"gw Spy, alasan gw pilih H buat di-Guard sudah berdasarkan voting ronde lalu",neutral
"aku sudah Peek I, hasilnya dia bukan Hitman, jadi jangan buru-buru vote",defend
"role-ku Civilian, tapi analisis chat menunjukkan J lebih mencurigakan daripada aku",offend
"kalau kalian eksekusi aku, kalian kehilangan Spy yang bisa lindungi target malam ini",defend
"aku Stalker asli, semalam identitas K berhasil aku lihat",neutral
"gw bukan pelaku Hostage, aku Spy dan target Guard-ku kebetulan tidak diserang",defend
"secara objektif aku Civilian, tuduhan ke aku belum punya bukti mekanis",defend
"aku Peek L di ronde sebelumnya, dia aman dari status Hitman",neutral
"lu salah baca sikap gw, aku Spy yang sengaja nunggu pola serangan",defend
"aku Stalker, dan hasil pengamatanku bikin M lebih layak masuk Tribunal",offend
"gw Civilian biasa, tidak punya skill malam, jadi jangan paksa aku kasih hasil Peek",neutral
"aku Spy, malam kemarin Guard-ku ke N karena dia paling mungkin jadi target",neutral
"klaim Stalker-ku konsisten dari awal, hasil Peek O cocok dengan pola chatnya",neutral
"aku bukan Hitman, kalau mau objektif bandingkan timeline aksiku dulu",defend
"gw sudah Guard P, jadi kalau dia selamat dari serangan itu bukan kebetulan",neutral
"aku Civilian, voting-ku ke Q murni karena argumennya berubah-ubah",offend
"sebagai Stalker, aku bisa pastikan R bukan warga biasa",neutral
aku Spy dan tidak akan membuka target Guard supaya Hitman tidak membaca pola,neutral
"gw civilian, ikut vote mayoritas aja",neutral
"aku Spy, semalam jagain si B dan dia aman",neutral
"santai, aku Stalker, tapi hasil peek-ku belum bisa dibuka",neutral
"bukan Hitman, dari awal aku cuma ngikutin diskusi",defend
"kalau ditanya role, aku civilian biasa kok",neutral
"gw Spy, target guard semalem bukan si C",neutral
"aku sempat peek si D, dia bukan Hitman",neutral
"enggak, gw bukan Stalker, cuma lagi pasif aja",neutral
"role-ku Civilian, jadi aku ikut suara terbanyak",neutral
"aku Spy, tapi nggak mau sebut target guard dulu",neutral
"bukan aku Hitman, tadi cuma salah baca situasi",defend
"gw Stalker, hasil intip si E aman",neutral
"aku warga biasa, kalau mayoritas vote F ya ikut",neutral
"serius aku Spy, cuma guard-ku gagal baca gerakannya",neutral
"bukan role jahat, aku Civilian doang",neutral
"gw peek si G, dia kelihatan bersih",neutral
"aku bukan Hitman, dari tadi cuma nunggu arahan",defend
"kalau role-ku, ya Stalker. hasilnya belum penting",neutral
"aku Spy, semalem jagain orang yang tepat kok",neutral
"fix bukan aku, role-ku cuma civilian",defend
"gw Stalker, tapi cooldown-ku masih jalan",neutral
"aku ikut vote kalian aja, aku Civilian",neutral
"bukan Hitman, aku cuma jarang ngomong",defend
"semalem aku guard si H, jadi dia harusnya aman",neutral
aku peek si I dan dia nggak kelihatan jahat,neutral
"role-ku Spy, kalau nggak percaya ya terserah",neutral
"gw warga biasa, belum punya info apa-apa",neutral
"aku Stalker, cuma belum mau nuduh siapa-siapa",neutral
"bukan aku yang pakai Gag Order, aku Civilian",defend
"aku Spy, tapi sekarang ikut keputusan mayoritas",neutral
"gw bukan hitman, role gw spy dan semalam gw guard si Raka",defend
"jangan asal nuduh, aku stalker dan peek-ku semalam nunjukin dia civilian",defend
"sumpah gw cuma civilian, dari tadi malah bantu baca gerak-gerik kalian",neutral
"tuduhan lu ngawur, gw spy bukan hitman, target guard gw semalam jelas selamat",defend
"aku stalker, cooldown-ku baru kepakai ronde ini, jadi jangan bilang aku ngarang",defend
"kalau gw hitman, ngapain gw sekeras ini buka info sebagai stalker",defend
"gw udah peek si Dimas, hasilnya aman, jadi yang maksa vote dia patut dicurigai",offend
"bukan gw pelakunya, role gw civilian dan gw nggak punya skill malam sama sekali",defend
"lu nuduh gw cuma karena defensif, padahal gw spy yang lagi nyari pola serangan",defend
"aku bukan hitman, semalam aku guard si Naya, cek aja siapa yang selamat",defend
"jangan dipelintir, gw stalker dan info gw valid, si Bimo bukan hitman",defend
"fitnah banget, gw civilian biasa, malah dari awal gw yang konsisten nanya bukti",defend
"gw spy, makanya gw diem tadi malam sambil nentuin siapa yang perlu dijaga",neutral
"kalau mau vote gw silakan, tapi kalian bakal kehilangan stalker yang punya info",defend
"siapa pun yang nuduh gw hitman lagi nutupin jejak, role gw jelas spy",offend
"aku sudah peek si Ardi dan dia aman, jangan bikin keputusan dari asumsi doang",defend
"gw cuma warga, nggak ada alasan buat gw tahu target sandera malam tadi",neutral
"lu salah sasaran, gw stalker dan baru bisa peek lagi di ronde berikutnya",defend
"bukan gw yang gag order dia, gw civilian dan nggak punya skill apa pun",defend
"jangan baper sama gaya debat gw, role gw spy, bukan hitman",defend
"semalam gw guard si Sinta, jadi kalau ada serangan gagal itu bukan kebetulan",neutral
"gw stalker asli, info peek gw soal si Jovan bisa jadi dasar voting",offend
"tuduhan ini lemah banget, aku civilian dan dari awal tidak pernah menghilang saat diskusi",defend
"kalau gw hitman, harusnya gw nggak bakal ngaku punya hasil peek sekarang",defend
"role gw spy, jadi wajar gw fokus nanya siapa yang kemungkinan jadi target",neutral
"gw udah cek si Tio lewat peek, dia bukan hitman, jangan asal eksekusi",defend
"aku nggak nyandera siapa pun, aku civilian yang cuma bisa ikut vote pagi",defend
"lu nuduh gw karena gw bantah terus, padahal gw stalker yang lagi jagain info",defend
"gw spy dan semalam pilih guard si Kiki, jadi tuduhan ke gw jelas nggak masuk akal",defend
"jangan lempar kesalahan ke gw, role-ku civilian dan argumen kalian belum ada buktinya",defend
"gw Stalker, semalam peek Raka dan dia bukan warga biasa, jadi vote Raka dulu",offend
"aku Spy, tadi malam jagain Naya dan dia aman, tapi Dito gerakannya paling mencurigakan",offend
"sumpah gw Civilian, belum punya skill apa-apa, dari pola chat Bima yang paling layak kita eksekusi",offend
"fix gw Stalker, hasil intipanku nunjukin Sari mencurigakan, jangan buang vote ke pemain lain",offend
"gw bukan Hitman, aku Spy yang gagal baca serangan semalam, sekarang fokus kita harus ke Vino",offend
"dengerin dulu, gw Stalker dan sudah cek Tio, dia bukan pihak kita, langsung arahkan vote ke dia",offend
"aku warga biasa, tapi kalau lihat alurnya Raka jelas sedang nutupin peran Dito, vote Dito",offend
"gw Spy, malam pertama lindungin Bima dan tidak ada serangan, menurutku Naya yang paling berbahaya",offend
"bukan gw Hitman, peranku Stalker, dan dari info semalam Sari kelihatan sebagai target utama",offend
"kita jangan melebar, gw Civilian dan kesimpulanku Vino terlalu sering lempar tuduhan tanpa dasar",offend
"gw punya info sebagai Spy, Dito aman semalam, jadi sekarang semua vote ke Raka",offend
"aku Stalker, hasil peek belum bisa kubuka semua, tapi Bima jelas bukan pemain netral",offend
"kalau kalian percaya aku Spy, jangan sentuh Naya dulu, yang perlu ditekan sekarang itu Tio",offend
"gw warga, tapi sengaja baca diam-diam, pola Sari konsisten banget kayak Hitman, eksekusi dia",offend
"fix bukan gw yang nyandera, aku Stalker dan sudah dapat jejak kuat mengarah ke Vino",offend
"aku Spy yang jaga Raka tadi malam, jadi Raka bukan prioritas, kita pindahkan vote ke Dito",offend
"gw Civilian dan siap ambil risiko, Bima paling sering menghindar saat ditanya, vote dia",offend
"semua tenang, aku Stalker, Tio terindikasi jahat dari peek-ku, jangan kasih dia kesempatan kedua",offend
"sumpah role-ku Spy, semalam aku cover Naya, sekarang Raka yang perlu kita keluarkan",offend
"gw bukan Hitman, cuma Civilian, tapi Vino dari awal sudah menggiring opini ke target yang salah",offend
"aku Stalker dan info yang kupunya cukup jelas, Sari lebih mencurigakan daripada Bima, ikut vote Sari",offend
"jangan terjebak framing, gw Spy, Dito aman, jadi fokus eksekusi kita harus ke Tio",offend
"peranku Civilian, tapi aku ambil alih arah diskusi: semua cek ulang alibi Raka dan vote dia",offend
"gw Stalker, semalam peek Bima dan hasilnya tidak bersih, langsung kunci suara ke Bima",offend
"aku Spy, tidak mungkin aku Hitman, dan dari semua pemain Naya paling banyak kontradiksi",offend
"warga, dengar rangkumanku: Sari pasif, Vino provokatif, tapi Dito yang paling layak divote",offend
"gw punya peran Stalker, Tio bukan target aman, jadi jangan pecah suara ke pemain lain",offend
"bukan aku pelakunya, aku Civilian yang lihat Raka terus mengubah cerita, eksekusi Raka sekarang",offend
"aku Spy dan sudah menjaga Vino, kalau dia selamat bukan kebetulan, target kita berikutnya Bima",offend
"gw Stalker, hasil intipanku mengarah ke Naya sebagai ancaman, cukup debatnya dan vote Naya",offend
"eh tunggu, tadi yang kena hostage siapa ya? gw Spy, malam ini bisa guard orang lain",neutral
"ulang konteks dong, semalam siapa yang di-peek? aku Stalker, targetku kemarin aman kok",neutral
"gw bukan Hitman, serius, role gw Civilian biasa dan baru ngeh alurnya sekarang",defend
"bentar ya, chatnya tadi kelewat, aku Spy dan semalam nge-guard si Dito",neutral
"kalau gak salah gw Stalker, semalam intip si Nara dan dia bukan Hitman",neutral
"eh yang dituduh siapa tadi? gw Civilian, cuma telat baca diskusinya",neutral
"sumpah role gw Spy, jangan eksekusi gw dulu, malam ini baru bisa bantu guard",defend
"gw Stalker, tapi cooldown peek-ku masih jalan, jadi belum bisa kasih info baru",neutral
"maaf baru nyambung, aku bukan Hitman, aku cuma Civilian yang ngikut vote mayoritas",defend
"siapa yang mati pagi ini? gw Spy, semalam target guard-ku gak diserang kok",neutral
"fix aku Stalker, cuma hasil peek semalam belum sempat aku sampaikan",neutral
"tadi ada yang kena Gag Order ya? aku Civilian, jadi gak bisa jelasin banyak",neutral
"ulang dari awal sedikit dong, gw Spy dan semalam jagain si Bima",neutral
"aku bukan pelaku, role-ku Stalker, kemarin peek si Tio hasilnya aman",defend
"eh bentar, kita lagi curiga ke siapa? gw Civilian biasa, jangan salah baca diemku",defend
"gw Spy beneran, kalau Hitman nyerang targetku semalam pasti gagal",neutral
"sori ketinggalan, aku Stalker dan baru ingat kalau peek-ku cooldown satu ronde",neutral
"bukan gw Hitman, role gw Civilian, dari tadi cuma nyusun ulang infonya",defend
"siapa yang di-hostage tadi malam? aku Spy, tapi target guard-ku bukan dia",neutral
"gw Stalker, semalam sempat intip si Rafi, hasilnya dia bukan Hitman",neutral
"tunggu, vote sebelumnya ke siapa? aku Civilian dan belum punya bukti apa-apa",neutral
"serius aku Spy, jangan dipotong dulu, tadi mau bilang siapa yang aku guard",neutral
"kayaknya aku telat masuk diskusi, tapi role gw Stalker dan info peek-ku valid",neutral
"eh ulang nama pemain yang dicurigai, aku Civilian bukan Hitman",neutral
"gw Spy, semalam nge-guard orang yang sama kayak ronde lalu? enggak kok, aman sesuai aturan",neutral
"aku Stalker, cuma belum bisa peek lagi karena cooldown, jadi jangan paksa kasih nama",neutral
"bentar, korban malam tadi siapa? gw Civilian dan gak ngerti kenapa dituduh",defend
"sumpah role-ku Spy, kalau kalian eksekusi aku kita kehilangan pelindung",defend
"aku bukan Hitman, aku Stalker, cuma tadi kelupaan ngomong hasil intip",defend
"gw Civilian kok, telat baca chat bukan berarti lagi nyusun fitnah",defend
"gw Spy, semalam aku nge-guard B dan dia selamat dari serangan",neutral
"sumpah aku Civilian, tapi kelakuan C dari tadi kayak Hitman banget",offend
"aku Stalker, hasil peek-ku D aman, jadi jangan asal vote dia",defend
"kalau gw Hitman, harusnya tadi malam E udah jadi sandera, kan",defend
"jangan percaya F, gw Spy dan semalam dia nolak dikawal",offend
"gw bukan Hitman, gw Stalker yang udah cek G sejak ronde kemarin",defend
"aku cuma Civilian, tapi H terlalu cepat nuduh orang buat ukuran warga",offend
"fix gw Spy, target guard-ku semalam ternyata diserang Hitman",neutral
"aku peek I, role dia Civilian, jadi yang maksa vote dia mencurigakan",offend
"serius, gw Stalker dan J kelihatan punya role jahat dari hasil intip",offend
"bukan aku yang nyandera, aku Spy dan tadi malam jagain K",defend
"kalau mau aman, ikuti aku; gw Stalker dan L sudah terbukti bukan Hitman",defend
"aku Civilian asli, cuma M yang panik setiap kali ditanya peran",offend
"gw Spy, tapi guard-ku gagal karena targetnya bukan orang yang sama seperti klaim N",offend
"semalam aku peek O, dia aman, jadi tuduhan ke dia cuma pengalihan",defend
"jangan sok yakin, aku Stalker dan sudah tahu siapa Hitman di antara kita",neutral
"gw bukan Spy palsu, aku benar-benar jaga P semalam dan dia lolos",defend
"kalau kalian vote aku, kalian justru bantu Hitman; aku Civilian biasa",defend
"aku Stalker, dan dari pola omongannya Q paling mungkin pelaku sebenarnya",offend
"sumpah demi ronde ini, gw Spy; R cuma pura-pura tidak pernah diselamatkan",offend
"aku sudah peek S, role-nya aman, tapi T jelas sedang cari kambing hitam",offend
"gw Civilian, enggak punya skill apa-apa, justru itu kenapa analisis gw netral",neutral
"percaya aku, aku Stalker dan semalam lihat U bukan warga biasa",neutral
"aku Spy yang guard V, jadi kalau ada serangan gagal, pelakunya pasti dekat sini",neutral
"bukan gw Hitman, kalau iya ngapain gw terang-terangan nuduh W dari awal",defend
"aku Civilian, tapi X kelihatan terlalu hafal cara kerja skill Spy",offend
"gw Stalker dan hasil peek-ku bilang Y aman, yang ngegas vote dia malah sus",offend
"aku Spy, malam pertama jagain Z, jadi klaim dia sebagai korban itu bohong",offend
"enggak mungkin aku Hitman, aku Stalker dan sudah punya satu nama dari hasil peek",defend
"kalau kalian masih ragu, vote aku saja setelah aku bilang: gw Civilian, bukan pelaku",defend
"gw civilian ya, dari tadi cuma nyari pola vote kalian",neutral
"sumpah aku Spy, semalam aku guard si Raka tapi kayaknya nggak diserang",neutral
"aku Stalker, hasil peek semalam si Bima aman",neutral
"jangan lempar ke aku, roleku warga biasa dan belum punya info apa-apa",defend
"fix gw Spy, target guard gw semalam masih hidup sampai pagi",neutral
"aku bukan Hitman, aku Stalker dan tadi malam ngecek si Naya",defend
kalau aku Hitman ngapain dari awal malah bantu baca voting,defend
"semalam aku jaga si Dito sebagai Spy, jadi dia harusnya bisa dipercaya",defend
"gw civilian murni, cuma kelihatan mencurigakan karena lagi ngamatin chat",defend
"aku punya info dari Peek, si Jovan bukan warga biasa",neutral
"lu salah nuduh, role gw Spy dan aku sudah pilih target guard buat malam ini",defend
"dia terlalu maksa nuduh gw, padahal aku Stalker yang baru dapat hasil intip",offend
"santai aja, aku Civilian kok dan nggak punya skill malam",neutral
"kalau mau aman jangan vote aku, gw Spy yang lagi nutupin target penting",defend
aku Stalker dan hasil cekku nunjukin si Sasa aman dari tuduhan,defend
"bukan aku pelakunya, semalam aku cuma guard satu orang sebagai Spy",defend
"roleku warga, tuduhan ini muncul karena aku telat ikut diskusi",defend
"gw ngaku Stalker, semalam peek si Ardi dan dia bukan Hitman",neutral
"aku Spy asli, makanya dari tadi lebih fokus lindungi pemain yang dicurigai",neutral
"jangan percaya narasi itu, aku civilian yang kebetulan vote-nya beda",defend
siapa pun Hitmannya pasti mau bikin aku kelihatan mencurigakan padahal aku Stalker,offend
"semalam aku guard kamu, jadi kalau ada serangan berarti targetnya memang kamu",neutral
"aku bukan pembunuhnya, role yang aku pegang cuma Civilian tanpa aksi malam",defend
"hasil peek-ku bilang si Fajar aman, jadi jangan asal eksekusi dia",defend
gw Spy dan sengaja nggak buka target guard dari awal biar nggak gampang dibaca,neutral
"kalian boleh cek alibiku, aku Stalker dan baru sekali pakai Peek",neutral
"aku warga biasa, perubahan vote-ku tadi cuma karena argumen si Kiki lebih masuk akal",neutral
kalau aku Hitman harusnya aku nggak akan sejelas ini ngaku sebagai Spy,defend
semalam aku intip si Lala dan identitasnya bukan Hitman,neutral
"percayalah aku Civilian, yang aneh justru orang yang terus memancing vote ke aku",offend
"gw Stalker, semalam gw peek si Raka dan hasilnya dia Civilian, tapi jangan langsung telan info ini mentah-mentah",neutral
"sumpah aku Spy, tadi malam aku guard Nisa, jadi klaim Hitman mereka agak maksa",offend
"jangan ikut mayoritas dulu, gue Civilian dan tuduhan ke gue cuma modal asumsi",defend
"aku Stalker, target peek-ku aman, tapi anehnya kalian malah percaya pemain yang paling berisik",offend
"gw Spy, semalam jagain Dito, kalau dia selamat harusnya klaim gw dipertimbangkan",defend
"lu yakin gw Hitman cuma karena gw beda pendapat? Gw Civilian biasa, sus banget logikanya",defend
"klaim gw jelas, aku Spy dan sudah guard satu orang tadi malam, jangan asal eksekusi",defend
"gw Stalker, tapi info peek ini belum tentu kalian suka, si Bima bukan Civilian",offend
"mayoritas belum tentu benar, aku cuma Civilian dan dari awal belum punya skill apa-apa",neutral
"saya Stalker, hasil pengintaian saya mengarah ke pemain yang sekarang paling dominan di chat",offend
"jangan gampang percaya sama yang nuduh gw, aku Spy dan target guard-ku bisa jadi bukti",defend
"fix kalian salah baca, gw Civilian, sedangkan yang terus mengarahkan vote itu lebih mencurigakan",offend
"aku bukan Hitman, aku Stalker; semalam sudah peek satu orang, tapi belum mau buka semua info",neutral
"kalau kalian mau eksekusi gw, silakan, tapi ingat aku Spy yang tadi malam melakukan Guard",neutral
"gw heran kenapa klaim dia langsung dipercaya, padahal gw Civilian dan argumennya bolong",offend
"aku Spy, bukan Hitman, jadi jangan pakai gaya debatku sebagai bukti tunggal",defend
siapa bilang yang paling vokal pasti benar? Gw Stalker dan justru punya info berbeda,neutral
"gw Civilian, tapi klaim Stalker si Rian kedengarannya dibuat-buat banget",offend
"aku sudah peek semalam sebagai Stalker, hasilnya tidak sesuai narasi mayoritas di sini",neutral
"jangan maksa vote gw, gue Spy dan tadi malam guard target yang sekarang kalian bela",defend
"kalau aku Hitman, ngapain dari tadi ngebantah opini populer? Aku Civilian, pikir lagi",defend
"gw Stalker, si Tio bukan orang bersih seperti yang kalian kira, tapi jangan percaya gw mentah-mentah",offend
"klaim Spy-ku bukan asal ngomong, aku benar-benar memilih target Guard tadi malam",neutral
"lu semua terlalu cepat setuju, gw Civilian dan justru pemain yang memimpin diskusi ini lebih sus",offend
"saya Stalker, tetapi saya tidak akan membocorkan target peek tanpa alasan yang kuat",neutral
"aku Spy, kalau targetku tidak diserang bukan berarti klaimku otomatis palsu",defend
"gw bukan Hitman, cuma Civilian yang mempertanyakan kenapa semua orang ikut satu tuduhan",neutral
semalam gw peek sebagai Stalker dan dapat hasil yang bertentangan dengan klaim si paling yakin,neutral
"jangan langsung percaya counterclaim dia, aku Spy dan sudah menjalankan Guard semalam",offend
"mereka bilang gw mencurigakan karena diam, padahal aku Civilian; yang terlalu dominan malah belum tentu aman",offend
"gw stalker, semalam aku peek si Raka dan dia hitman",offend
"jangan vote aku, aku spy dan tadi malam sudah guard si Naya",defend
"sumpah gw civilian, tapi feeling gw si Dimas itu hitman",offend
"aku stalker asli, target peek-ku semalam aman, jadi jangan curiga ke aku",defend
"lu semua salah fokus, gw spy yang jagain korban tadi malam",neutral
"fix si Bimo hitman, aku dapat info langsung dari kemampuan stalker",offend
"bukan gw pelakunya, peran gw civilian dan dari awal cuma baca pola",defend
"aku yakin banget aku spy, semalam aku guard si Tio meski hasilnya belum kelihatan",neutral
"kalau gw hitman, harusnya dari tadi sudah ada yang kena gag order",defend
"gw stalker, dan hasil peek-ku bilang si Sari bukan civilian",offend
"jangan terpancing tuduhan mereka, aku spy yang lagi nutupin target penting",neutral
"siapa pun yang vote aku bakal nyesel, gw punya role stalker dan bukti malam",defend
"aku civilian biasa, cuma teori gw si Fajar lagi pura-pura jadi spy",offend
"semalam gw guard si Lala, jadi kalau dia selamat itu bukan kebetulan",neutral
"santai, aku stalker dan sudah tahu salah satu dari kalian hitman",neutral
"gw bukan hitman, aku spy yang gagal guard karena targetnya pindah strategi",defend
"menurut info yang aku dapat sebagai stalker, si Rio jelas bukan warga biasa",offend
"aku berani klaim spy sekarang, dan hitman pasti bakal panik lihat ini",neutral
"kalau mau aman, vote si Joko saja, aku sudah peek dia sebagai hitman",offend
"gw civilian, tapi klaim spy dari si Maya terlalu cepat dan mencurigakan",offend
"aku stalker beneran, cooldown-ku kepakai buat ngecek pemain yang paling mencurigakan",neutral
"jangan bungkam gw, aku spy dan tuduhan ini cuma usaha hitman mengalihkan perhatian",offend
"si Niko itu hitman, gw tahu dari hasil peek semalam",offend
"aku bukan target empuk, peranku spy dan aku sudah memilih siapa yang dijaga",neutral
"fix aku civilian, sedangkan si Oki cuma bluffing jadi stalker",offend
"kalian boleh curiga, tapi gw pegang role spy dan belum membuka semua info",neutral
"semalam aku mengintip si Putri, hasilnya dia terdeteksi sebagai hitman",offend
"kalau aku hitman, kenapa dari tadi justru aku yang paling aktif nuduh orang",defend
"aku stalker, jadi klaim role si Reno itu kelihatan palsu banget",offend
"tolong jangan eksekusi aku, aku spy dan masih bisa menyelamatkan kita malam ini",defend
"gw Spy, semalam jagain Raka. Kalau dia diserang harusnya aman, jadi jangan vote dia dulu",defend
"aku Stalker, semalam peek Dito dan hasilnya Civilian. Kita tekan pemain lain aja",neutral
"sumpah aku bukan Hitman, role-ku Spy. Lu bisa jadi partnerku buat ngawasin pola vote mereka",defend
"gue Stalker, target intipanku aman. Jangan buru-buru curiga ke gue cuma karena infonya belum kebukti",defend
"kalau kalian butuh anchor, aku Spy. Vote bareng aku ke Naya, geraknya paling mencurigakan",offend
"jangan eksekusi aku, aku Spy dan masih bisa guard satu orang malam ini. Kita kerja sama dulu",defend
"gw Stalker asli, tapi info peek belum bisa dibuka semua. Untuk sekarang percaya sama analisis gw",neutral
"aku Spy, semalam cover si Bima. Kalau dia tiba-tiba selamat, berarti claim-ku valid",neutral
"lu percaya gw aja, role gw Stalker. Siapa yang mau jadi partner buat ngebaca vote bareng?",neutral
"bukan aku Hitmannya, aku cuma Spy yang lagi cari satu orang buat diamankan",defend
"semalam aku peek Ardi, hasilnya bukan Hitman. Jangan ikut arus vote ke dia, ya",defend
"gue punya role Stalker, jadi dari awal sengaja ngamatin kalian. Si Rani paling janggal",offend
"aku Spy dan bisa bantu cover kamu malam ini, asal kita satu suara pas tribunal",neutral
"fix aku bukan pembunuh, aku Stalker. Ada satu hasil peek yang bikin aku yakin ke Fajar",defend
"kalau aku Hitman, ngapain terang-terangan claim Spy begini? Percaya dulu, kita amankan pemain yang mencurigakan",defend
"gw role Spy, jangan vote gw sekarang. Kita butuh dua orang yang saling back-up sampai pagi",defend
"aku Stalker, cooldown-ku baru jalan jadi belum bisa peek lagi. Tapi claim ini valid, sumpah",neutral
"siapa pun yang mau aliansi, ikut aku. Aku Spy dan target guard-ku tadi malam aman",neutral
"lu jangan percaya claim random mereka, gw Stalker yang udah punya hasil intipan jelas",offend
"aku bukan Civilian biasa, role-ku Spy. Malam ini kita bisa susun target perlindungan bareng",neutral
"dengerin aku, semalam aku peek si Joko dan dia aman. Vote kita pindah ke orang yang paling pasif",offend
"gue Stalker, dan dari pola chat gue curiga berat sama Wina. Tolong dukung vote gue",offend
"aku Spy, tapi jangan sebut-sebut target guard-ku. Cukup percaya kalau aku punya alasan bela dia",defend
"kalau kalian mau selamat, bentuk duo sama aku. Aku Stalker dan bakal kasih info peek berikutnya",neutral
"gw bukan Hitman, role gw Spy. Yang dari tadi maksa vote cepat itu sus banget",offend
"aku Stalker, sudah cek satu orang dan hasilnya aman. Kita jangan buang vote ke pemain itu",defend
"percaya aku sekali ini, aku Spy. Kalau prediksiku salah, besok kalian boleh vote aku",neutral
"gue claim Stalker karena memang punya info malam. Si Deni aman, jadi cari tersangka lain",neutral
"aku Spy yang lagi nyari partner tetap. Kamu bantu dukung vote-ku, nanti aku cover kamu",neutral
"fix role-ku Stalker, bukan Hitman. Ikut analisis aku dan kita bisa bersihin mereka satu-satu",defend
"jangan geser vote ke gue, gw Stalker dan peek gue nunjukin Dimas Hitman",offend
"sumpah aku Spy, semalam jagain Naya, jadi jangan nuduh aku",defend
"gw Civilian murni, role gw gak punya skill, yang mencurigakan itu Bimo",offend
"fix gue Stalker, peek ronde lalu baca Kiki sebagai Hitman",offend
"kalian salah fokus, aku Spy dan tadi guard Rian, dia bukan musuh",defend
"gak mungkin aku Hitman, gw Civilian dari awal dan tetap yakin Tio sus",offend
"roleku Spy, jangan debat lagi, semalam aku lindungi Sasa",neutral
"gw Stalker, hasil intipnya jelas Vero Hitman, bukan gw",offend
"aku bukan Hitman, aku cuma Civilian, bukti kalian ke gw gak nyambung",defend
"kalau mau eksekusi gw silakan, tapi aku Spy dan Arga target guard-ku",defend
"gw udah bilang dari awal aku Stalker, peek ke Fajar hasilnya merah",offend
"aku Civilian, gak punya alasan buat nyamar, justru Raka yang paling mencurigakan",offend
"jangan pindah target, gw Spy dan semalam nge-guard Lala",neutral
"gue Stalker asli, percaya deh, identitas Miko udah kebaca Hitman",offend
"mau ada bukti apa lagi, aku Civilian dan teori gue tetap Bayu itu Hitman",offend
"gw Spy, bukan Hitman, tadi malam target guard-ku selamat karena dia diserang",defend
"aku Stalker dan gak bakal cabut tuduhan ini, Nino jelas musuh",offend
"sumpah role gw Civilian, dari tadi cuma bantu baca pola mereka",neutral
"fix aku Spy, kalau kalian vote gue berarti kasih win gratis ke Hitman",defend
"gw Stalker, cooldown-ku memang ada, tapi hasil peek ke Rere valid banget",neutral
"aku bukan sus, roleku Spy, dan gue yakin Dito yang harus dieksekusi",offend
"jangan termakan fitnah, gw Civilian biasa dan gak punya skill malam",defend
"gue Stalker, semalam peek ke Wawan hasilnya Hitman, pendapat gue gak berubah",offend
"aku Spy, udah jelas dari cara aku ngebela target guard kemarin",neutral
"kalau kalian masih nuduh gw Hitman, berarti kalian abaikan fakta aku Civilian",defend
"gw Civilian dan tetap kunci vote ke Jaka, dia terlalu maksa ikut arus",offend
"role gue Stalker, Elsa ketahuan jahat dari peek gue, selesai",offend
"aku Spy, semalam nge-guard Gita, jadi jangan asal lempar tuduhan ke aku",defend
"gak ada ceritanya gw Hitman, aku Civilian dan dari awal curiga sama Oki",offend
"gw Stalker beneran, hasil intipku bilang Pasha Hitman, jangan bikin teori baru",offend
"gw stalker, semalam gw peek si Raka dan hasilnya civilian",neutral
"aku spy, tadi malam aku guard si Naya",neutral
"saya civilian, dari awal belum memakai skill apa pun",neutral
"gw stalker, ronde lalu gw intip si Dimas",neutral
aku semalam jaga si Vina sebagai spy,neutral
"gw bukan hitman, role gw stalker dan peek gw masih cooldown",neutral
"saya warga biasa, tadi malam hanya menunggu fase pagi",neutral
"gw spy, target guard gw semalam si Bimo",neutral
"aku stalker, hasil peek semalam menunjukkan si Tio aman",neutral
"gw civilian, belum pernah melakukan aksi malam",neutral
saya berperan sebagai spy dan malam tadi mengawal si Jeno,neutral
"gw stalker, pekan lalu gw sudah peek si Sari",neutral
"aku bukan pelaku malam, role aku civilian",neutral
"gw guard si Fani semalam, aku pegang role spy",neutral
"saya stalker, aksi peek saya dipakai di ronde sebelumnya",neutral
"gw warga biasa, chat malam tadi juga terkunci buat gw",neutral
"aku spy, malam pertama target guard aku si Aldi",neutral
gw stalker dan tadi malam gw cek identitas si Wawan,neutral
"saya civilian, tidak ada tombol aksi yang muncul di sisi saya",neutral
"gw role spy, semalam gw pilih si Kiki buat dijaga",neutral
"aku stalker, cooldown peek-ku baru aktif lagi ronde ini",neutral
"gw bukan hitman, aku cuma civilian yang ikut voting",neutral
"saya mengaku sebagai spy, target perlindungan saya malam tadi si Rian",neutral
"gw stalker, ronde ini gw sudah melakukan peek ke si Bela",neutral
"aku civilian, sepanjang malam tidak memilih target apa pun",neutral
"gw spy, semalam aku guard si Oka",neutral
saya stalker dan sebelumnya sudah melihat role si Yuda,neutral
"gw warga biasa, sampai pagi cuma menunggu hasil tribunal",neutral
"aku spy, aksi malamku tadi adalah menjaga si Caca",neutral
"gw stalker, hasil peek-ku semalam ada di si Farel",neutral
"semalam ada yang kena sandera, Spy jaga siapa?",neutral
"Stalker, kalau sudah peek, target lu siapa dan hasilnya apa?",neutral
"gw mau cocokkan pola, siapa yang punya aksi malam tadi?",neutral
"Spy, lu bisa jelasin alasan milih target guard semalam?",neutral
siapa yang tadi malam merasa jadi target Hitman?,neutral
"kalau ada yang di-guard, coba sebutkan targetnya biar urutan aksinya jelas",neutral
"Stalker, cooldown lu sudah kepakai atau belum?",neutral
"lu yang klaim Spy, malam pertama guard siapa?",neutral
ada yang bisa konfirmasi dirinya diserang tapi selamat?,neutral
"aku butuh info objektif, siapa target Peek dan kapan dilakukan?",neutral
"yang diam tadi malam, sebenarnya punya role aktif atau civilian?",neutral
"siapa saja yang mengaku melakukan aksi malam, dan targetnya apa?",neutral
"kalau target sandera tidak mau terbuka, kita bisa cek siapa yang paling diuntungkan",neutral
"Stalker, identitas yang lu lihat semalam sesuai dugaan awal nggak?",neutral
"Spy, kenapa lu tidak guard pemain yang paling dicurigai?",neutral
ada yang mengalami efek Gag Order kemarin? Siapa pelakunya menurut kalian?,neutral
"gw pengin tahu, target guard semalam dipilih berdasarkan bukti apa?",neutral
siapa yang punya informasi identitas asli tapi masih menahan diri?,neutral
apakah ada pemain yang berubah perilaku setelah fase malam?,neutral
lu civilian murni atau punya aksi malam? Jawab biar jalur analisisnya jelas,neutral
"kalau memang ada serangan, siapa yang paling mungkin jadi target Hitman?",neutral
"Stalker, target peek lu pemain yang sama dengan dugaan mayoritas atau beda?",neutral
"Spy, guard tidak boleh berulang, jadi malam sebelumnya lu lindungi siapa?",neutral
siapa yang terakhir aktif sebelum chat malam dikunci?,neutral
"ada yang bisa jelaskan kenapa target malam itu dipilih, bukan pemain lain?",neutral
"aku minta semua role aktif sebutkan targetnya, meski informasinya masih bisa diperdebatkan",neutral
"siapa yang punya alibi berbasis aksi malam, bukan sekadar klaim?",neutral
"kalau lu benar Spy, hasil guard semalam seharusnya bisa mempersempit daftar tersangka, kan?",neutral
"apakah ada yang sudah memakai cooldown Peek, atau belum ada klaim valid?",neutral
"target sandera malam tadi siapa, menurut pola pilihan Hitman?",neutral
siapa yang tahu kenapa tidak ada korban pagi ini?,neutral
"Jangan asal nuduh gw hitman, kalau lu Spy semalam jagain siapa?",defend
"Gw udah bilang bukan pelakunya, sekarang jawab dulu siapa yang lu lindungi tadi malam",defend
"Kalau tuduhan ke aku sekuat itu, Stalker sebenarnya ngepeek siapa semalam?",defend
"Kok gw terus yang disorot, ada yang bisa jelasin target Guard malam pertama?",defend
"Sebelum vote aku, coba sebutin siapa yang punya info hasil Peek",defend
"Gw defensif karena dituduh tanpa bukti, memang siapa yang disandera tadi malam?",defend
"Lu yakin banget aku Hitman, emang Spy tahu siapa yang dia kawal?",defend
"Jangan lempar fitnah doang, siapa yang gerakannya ketahuan dari hasil intip?",defend
"Kalau aku benar Hitman, kenapa target semalam bisa selamat? Ada yang nge-Guard dia?",defend
"Gw mau klarifikasi, siapa yang mengaku punya info role dari Peek?",neutral
"Tuduhan kalian muter di aku terus, ada yang bisa buka info siapa target Stalker?",defend
"Sebelum ngegas ke gw, coba tanya Spy semalam dia jagain siapa",defend
"Aku bukan Hitman, tapi yang aneh itu siapa yang tahu terlalu banyak soal aksi malam?",defend
"Kalau ada yang bilang aku pelaku, dasar informasinya dari siapa dan dia Peek siapa?",defend
"Lu nuduh gw karena apa, ada hasil pengintaian atau cuma baca chat doang?",defend
"Jangan eksekusi orang cuma karena feeling, siapa yang bisa konfirmasi korban semalam diserang?",neutral
"Gw siap jawab, tapi Stalker juga harus bilang kapan terakhir kali dia Peek dan siapa targetnya",neutral
"Kalau Spy memang aktif, kenapa sampai sekarang belum jelas siapa yang dia lindungi?",neutral
"Kalian fokus ke aku, padahal belum ada yang nanya siapa target Hostage malam tadi",defend
"Aku bantah tuduhan ini, sekarang siapa yang punya petunjuk valid dari fase malam?",defend
"Biar jelas, ada yang melihat pola target Guard atau hasil Peek yang bisa dibagikan?",neutral
"Kalau lu bukan Hitman, jelasin dong siapa yang menurut lu disandera dan kenapa",neutral
"Gw curiga sama tuduhan ini, siapa yang pertama kali mengarahkan vote ke aku?",defend
"Jangan berlindung di balik asumsi, ada Spy yang bisa menyebut target pengawalannya?",neutral
"Aku tidak punya alasan buat nyandera siapa pun, tapi kalian tahu tidak siapa korban malam ini?",defend
"Kok saksi malam pada diam, Stalker semalam dapat identitas siapa?",neutral
"Kalau memang ada bukti aku Hitman, tunjukkan hasil Peek atau info Guard-nya",defend
"Gw mau dengar urutan aksi kalian, siapa yang pertama kali tahu ada serangan malam?",neutral
"Tuduhan ke aku makin maksa, siapa yang bisa memastikan target Spy tidak diserang?",defend
"Sebelum nama gw dinaikkan ke Tribunal, coba gali dulu siapa yang punya info rahasia",neutral
"oke, sebelum vote ke si A, Spy semalam nge-guard siapa? kita cocokkan sama pola serangannya",offend
"Stalker, kalau peek-mu sudah siap dipakai, kasih satu info sekarang biar kita arahkan vote ke si B",offend
"si C dari tadi nuduh orang tanpa dasar, ada yang tahu dia ngapain semalam?",offend
"gw mau kunci alurnya dulu, siapa yang punya info malam dan kenapa belum buka suara?",neutral
"Spy jangan langsung sebut role, cukup kasih tahu target guard semalam siapa supaya kita bisa cek klaim si D",neutral
"si E, lu bilang lihat sesuatu malam tadi, detailnya apa dan siapa yang menurutmu mencurigakan?",neutral
"kalau memang kamu Civilian, jelaskan kenapa dari awal terus dorong vote ke si F",offend
"Stalker, hasil peek ronde lalu masih relevan nggak? sebut identitas yang paling bisa bantu kita eksekusi target",neutral
"yang kena Gag Order tadi siapa? sebelum kita vote si G, jelaskan apakah dia sempat menyampaikan info penting",offend
"kita jangan muter-muter, si H mengaku punya peran apa dan dasar klaimnya dari mana?",neutral
"Spy, target guard-mu malam ini siapa? jangan asal jawab karena kita perlu bandingkan dengan korban sebelumnya",neutral
"si A tiba-tiba menghilang pas ditanya aksinya, ada yang bisa konfirmasi posisi atau klaimnya?",offend
"gw curiga si B cuma ikut arus, B jawab langsung: semalam lu pilih ngapain?",offend
apakah ada yang tahu siapa target serangan semalam? info itu bisa bantu kita sempitkan vote ke si C,offend
"Stalker, lu sudah pernah peek si D belum? kalau iya, kasih hasilnya sekarang sebelum tribunal ditutup",neutral
"si E, kenapa lu yakin si F Hitman? sebutkan urutan kejadian yang bikin lu sampai pada kesimpulan itu",neutral
"kita butuh pengakuan yang jelas, siapa yang bisa menjamin si G bukan Hitman?",neutral
"Spy yang masih hidup, kasih petunjuk target guard-mu tanpa membocorkan identitas kalau memang takut ketahuan",neutral
"si H, lu tadi kena diam mendadak atau memang sengaja tidak ikut diskusi? jelaskan sebelum kita arahkan vote",offend
"gw rangkum, si A tidak punya alibi dan si B klaimnya berubah; B, siapa yang lu lindungi atau intai semalam?",offend
"ada yang melakukan Peek di ronde ini? kalau ada, jangan simpan sendiri karena si C mulai jadi target utama",neutral
"si D, lu voting siapa kemarin dan alasan sebenarnya apa? jawabanmu bakal menentukan arah vote kita sekarang",neutral
"kalau si E benar Spy, target guard sebelumnya harus bisa dijelaskan; E, siapa yang kamu kawal?",neutral
"Hitman mungkin lagi mainkan fitnah, jadi si F jawab: siapa pemain pertama yang kamu curigai dan kenapa?",neutral
"si G terlalu cepat menuduh, ada bukti malam yang mendukung atau cuma feeling? buka informasinya sekarang",offend
"kita fokus ke tiga nama dulu, si H termasuk karena alibinya kosong; H, apa aksi malam-mu?",offend
"Stalker, cooldown-mu masih aktif atau sudah bisa Peek lagi? jawab itu dulu sebelum kita memilih si A",offend
"si B, kalau lu memang Civilian, siapa pemain yang paling layak kita selidiki dan apa alasannya?",neutral
"ada yang dijaga Spy semalam? targetnya penting untuk membaca siapa yang mungkin jadi sasaran Hitman, jadi silakan klarifikasi",neutral
"gw ambil kesimpulan sementara: klaim si C paling lemah; C, siapa yang bisa memvalidasi ceritamu dari fase malam?",offend
"eh gw baru masuk, semalam siapa yang di-Guard Spy?",neutral
"bentar, konteksnya siapa yang kalian curigai dari aksi malam tadi?",neutral
"gw ketinggalan, Stalker udah Peek siapa belum?",neutral
"kalau ada Spy, tadi malam lu jaga siapa? jangan jawab umum dong",neutral
"ulang ya, target Hostage semalam siapa dan ada yang lihat sesuatu?",neutral
"dia bilang civilian, tapi ada yang sempat cek identitasnya?",offend
"gw baru nyimak, siapa yang terakhir kelihatan sebelum chat dikunci?",neutral
"Spy, target Guard lu aman nggak? bisa kasih petunjuk sedikit?",neutral
semalam Hitman nyandera siapa? gw belum nangkep pengumumannya,neutral
"yang kena Gag Order tadi siapa, dan kenapa dia dibungkam?",neutral
"ada Stalker yang sudah dapat hasil Peek ronde ini, atau belum?",neutral
"aku belum paham alurnya, siapa yang punya info paling kuat soal malam tadi?",neutral
"lu yakin lihat aksinya, atau cuma nebak dari timing?",neutral
"kalau bukan lu yang dijaga, siapa yang menurutmu dilindungi Spy?",neutral
"gw lupa, Guard bisa ke target yang sama lagi nggak? berarti target tadi siapa?",neutral
"sebelum voting, boleh ulang siapa yang punya alibi malam?",neutral
ada yang tahu siapa pertama kali dituduh Hitman tadi?,neutral
"kamu semalam bertindak ke siapa, atau role-mu memang nggak punya aksi?",neutral
"gw telat baca, siapa yang mendadak diam setelah Gag Order aktif?",neutral
"Stalker, hasil Peek-mu ke siapa? kalau belum boleh sebut role, kasih arahan",neutral
yang selamat dari serangan itu siapa? apa ada kemungkinan di-Guard?,neutral
"eh ulang dari awal, korban Hostage tadi malam siapa ya?",neutral
"kalau ada yang di-Guard, kenapa orang itu dianggap aman? siapa targetnya?",neutral
"gw masih nyusun info, siapa yang tahu identitas asli pemain lain?",neutral
Hitman bisa Gag Order mendadak kan? tadi yang dibungkam siapa sebenarnya?,neutral
ada alasan kenapa lu ganti target Guard malam ini? target sebelumnya siapa?,neutral
"jangan buru-buru vote, siapa yang terakhir kasih info valid?",neutral
"aku belum lihat buktinya, Peek itu dilakukan ke siapa dan kapan?",neutral
kalian dapat info dari mana kalau dia target serangan? siapa yang jaga?,neutral
"fix gw ketinggalan, malam tadi masing-masing ngapain dan siapa targetnya?",neutral
lu yang dijaga Spy semalam siapa? kok pede banget dari tadi,offend
"Spy, kalau memang ada, semalam lu guard siapa?",neutral
"jangan cuma nuduh, coba bilang dulu siapa yang kamu lindungi tadi malam",neutral
siapa yang tiba-tiba selamat dari sandera? ada yang mau ngaku dijaga?,neutral
"gw mau cek, ada yang tahu target Guard semalam nggak?",neutral
"kalau lu Spy, kenapa orang yang dicurigai malah nggak diserang Hitman?",offend
"aneh, dia selamat padahal paling mencurigakan; siapa yang jagain?",offend
"Spy jangan pasif, kasih petunjuk tipis soal target guard lu",neutral
"kalian yang semalam hampir disandera, ada yang merasa dapat perlindungan?",neutral
siapa di sini yang yakin dirinya di-Guard? jelasin alasannya,neutral
"lu bilang aman, itu karena feeling atau ada Spy yang jagain?",neutral
"kalau target Spy bukan kamu, kenapa kamu bisa lolos semalam?",offend
ada yang sengaja minta dijaga semalam? responsnya menarik nih,neutral
gw curiga orang yang terlalu cepat mengaku aman; semalam lu di-Guard siapa?,offend
"Spy, jangan buka identitas, cukup sebut apakah targetmu masih hidup",neutral
siapa yang paling mungkin jadi target Guard tadi malam menurut kalian?,neutral
"kalau kamu benar Stalker, ada nggak pemain yang terlihat dilindungi?",neutral
Hitman kelihatan gampang panik; siapa yang gagal disandera semalam?,offend
"jangan ngeles, dari semua pemain siapa yang menurut lu dijaga Spy?",offend
"kamu diam terus, apakah karena tahu siapa target Guard semalam?",offend
"fix ada yang selamat karena Guard, tapi kenapa nggak ada yang angkat tangan?",neutral
siapa yang malam ini nggak bisa dijaga lagi karena sudah di-Guard kemarin?,neutral
"kalau Spy mengawal orang yang sama dua malam, berarti dia bukan Spy dong?",neutral
"aku cuma mau tahu, korban yang gagal diambil Hitman itu siapa?",neutral
"lu nuduh dia Hitman, tapi bukannya dia mungkin baru saja diselamatkan Spy?",defend
ada yang punya alasan kenapa target paling mencurigakan masih hidup pagi ini?,neutral
"kalau tidak ada yang mau mengaku, siapa yang paling diuntungkan dari Guard semalam?",neutral
"mereka yang langsung defensif biasanya tahu sesuatu; siapa yang kamu jaga, sus?",offend
"boleh jujur sedikit, apakah lu menerima perlindungan dari Spy tadi malam?",neutral
"kalau kamu Spy, pilihan target Guard-mu semalam siapa dan kenapa?",neutral
"sebelum vote, gw pengin tahu siapa yang kalian lindungi atau intip tadi malam",neutral
"lu ngaku Spy, tapi semalam guard siapa? jangan cuma klaim doang",offend
"kalau benar kamu Stalker, siapa yang kamu peek di ronde terakhir?",neutral
"aneh, semua langsung percaya dia Civilian; ada yang tahu siapa yang dijaga semalam?",offend
"gw mau tanya, target guard kamu siapa tadi malam dan kenapa?",neutral
siapa yang bisa memastikan klaim Spy itu? target yang dia lindungi masih hidup?,neutral
"jangan ikut suara mayoritas dulu, ada yang bisa sebut hasil peek Stalker?",neutral
"kalau kamu memang Stalker, kenapa baru buka info sekarang? siapa yang kamu intip?",offend
"dia terlalu dominan nuduh orang, coba jelasin semalam kamu ngapain dan targetmu siapa",offend
"katanya ada yang diserang Hitman, siapa yang merasa hampir jadi hostage?",neutral
"lu bilang aman karena dijaga, memang siapa Spy yang nge-guard lu?",neutral
"aku belum percaya klaim itu, target perlindunganmu semalam siapa sebenarnya?",offend
"yang ngaku tahu role orang, buktinya apa? siapa hasil peek kamu?",neutral
"kok semua kompak nuduh B? siapa yang punya info malam, bukan sekadar feeling?",neutral
"kalau Spy tidak boleh guard target yang sama, semalam dan sebelumnya kamu jaga siapa?",neutral
"gw curiga sama yang paling keras ngomong, ada yang bisa tanya aksi malamnya langsung?",offend
kamu dapat info dari mana bahwa dia bukan Hitman? hasil peek atau asumsi?,offend
siapa yang semalam tidak bisa dijadikan target guard? jelasin urutan pilihanmu,neutral
"jangan jawab aman saja, Spy biasanya punya target; kamu lindungi siapa tadi malam?",neutral
"kalau klaim Stalker valid, ronde sebelumnya kamu peek siapa dan hasilnya apa?",neutral
"ada yang benar-benar tahu korban hostage semalam, atau kita cuma nebak-nebak?",neutral
lu nuduh dia karena apa? kamu sempat peek dia atau cuma ikut arus?,neutral
"yang bilang dirinya Spy, sebutkan target guard tanpa muter-muter",neutral
kenapa info ini baru keluar setelah diskusi ramai? kamu peek siapa sebenarnya?,offend
"aku skeptis sama klaim ramai-ramai ini, siapa yang punya bukti dari fase malam?",neutral
"kalau kamu warga biasa, kenapa yakin banget dia Hitman? dapat bocoran dari siapa?",neutral
"target yang kamu jaga semalam masih hidup, atau kamu sengaja menghindari jawabannya?",offend
"siapa yang menurut kalian diserang malam tadi, dan dasar dugaan itu apa?",neutral
"dia mengaku sudah peek, tapi identitas siapa yang terlihat belum disebut; siapa orangnya?",neutral
bisa jelaskan siapa yang kamu cover tanpa sekadar bilang kamu Spy?,neutral
"jangan langsung eksekusi karena tekanan mayoritas, siapa yang punya informasi paling konkret?",neutral
Semalam yang dikawal Spy siapa? Jangan bilang lu lupa,neutral
"Gw curiga target Hitman tadi malam bukan random, ada yang tahu siapa dijaga?",neutral
"Kalau ada Spy di sini, kenapa belum kasih sedikit petunjuk soal target guard?",neutral
Siapa yang paling yakin dirinya aman semalam? Biasanya yang tahu itu bukan warga biasa,neutral
"Lu diem terus, jangan-jangan lu tahu siapa yang di-Guard tapi pura-pura bingung",offend
Ada yang bisa jelasin kenapa korban malam ini mungkin orang yang dijaga Spy?,neutral
"Menurut gw Spy semalam jagain pemain yang salah, siapa yang sebenarnya kalian lindungi?",neutral
"Yang ngaku punya info, coba sebut siapa yang kalian curigai dijaga tadi malam",neutral
"Fix ada yang tahu pola guard, tapi sengaja nahan info. Siapa yang mau buka suara?",offend
Kamu tadi malam merasa aman atau ada alasan khusus buat khawatir?,neutral
"Kalau kamu Spy, target guard-mu semalam siapa? Atau takut ketahuan?",neutral
Gw lempar teori: Hitman gagal nyulik karena targetnya dijaga. Ada yang merasa jadi target?,neutral
Siapa yang paling mungkin dipilih Spy sebagai target perlindungan semalam?,neutral
"Jangan cuma nuduh, kasih tahu dong siapa yang menurut kalian dapat guard",neutral
"Ada yang berubah sikap setelah malam pertama, mungkin dia tahu identitas orang yang dijaga",neutral
"Kalau korban selamat, menurut kalian siapa yang kemungkinan besar di-Guard?",neutral
"Lu bilang punya feeling, dasar feeling lu apa? Tahu siapa yang dikawal?",neutral
"Aku mau cek reaksi kalian, siapa yang semalam berharap dirinya dijaga Spy?",neutral
"Yang paling cepat nuduh biasanya punya info. Lu tahu siapa target guard, ya?",neutral
Apakah ada yang sengaja mendekati Spy supaya dijadikan target kawalan?,neutral
Gw curiga pemain yang santai banget itu target perlindungan. Ada yang mau bantah?,offend
Siapa yang bisa memastikan dirinya bukan target Hitman tadi malam?,neutral
"Boleh spekulasi sedikit, Spy lebih mungkin menjaga siapa di ronde ini?",neutral
"Kalau kalian jadi Spy, siapa yang bakal kalian Guard dan kenapa?",neutral
Gue rasa ada satu orang yang tahu dirinya aman. Coba lihat siapa yang langsung defensif,offend
Ada yang semalam merasa aksinya gagal? Reaksi kalian bisa jadi petunjuk,neutral
"Kalau Spy tidak mau bicara, minimal kasih sinyal siapa yang patut kita percaya",neutral
Kenapa lu yakin korban bukan orang yang sedang dikawal? Ada info rahasia?,neutral
"Menurut teori gw, orang yang minta dibela tadi malam mungkin sedang memancing guard",offend
Siapa yang paling mungkin punya alasan untuk merahasiakan target perlindungan Spy?,neutral
"gw mau bikin duo yang bisa dipercaya, semalam lu nge-guard siapa?",neutral
"kalau kamu Spy, tadi malam kamu jaga siapa?",neutral
ada yang bisa kasih petunjuk target Guard semalam tanpa buka role?,neutral
lu ngerasa siapa yang paling mungkin diserang Hitman malam tadi?,neutral
"Stalker, kalau sudah Peek, pemain mana yang menurutmu paling aman?",neutral
siapa yang dari awal paling aktif ngajak orang lain ikut voting?,neutral
"aku lagi cari satu partner, lu punya info malam yang bisa dibagi?",neutral
semalam ada yang kamu lindungi atau kamu intip nggak?,neutral
"kalau bukan Spy, kenapa lu yakin pemain itu aman?",offend
"menurut kalian, korban Hostage tadi malam kemungkinan ditarget karena apa?",neutral
"lu semalam melakukan aksi ke siapa, atau belum bisa cerita?",neutral
ada yang lihat pola target Hitman dari dua ronde terakhir?,neutral
"kamu percaya siapa sejauh ini, dan dasarnya dari info apa?",neutral
siapa yang paling mencurigakan setelah Gag Order tadi?,offend
"kalau lu punya hasil Peek, boleh kasih alignment tanpa sebut peran?",neutral
"gw pengin kerja sama sama satu orang, lu ada info valid soal pemain lain?",neutral
siapa yang menurut lu sedang diproteksi Spy tadi malam?,neutral
"yang diam setelah korban disandera itu siapa aja, ada yang aneh nggak?",offend
lu vote dia karena info malam atau cuma feeling?,neutral
ada yang bisa jelasin kenapa target Guard-nya dipilih?,neutral
"kalau kamu bilang dia aman, sumber keyakinanmu apa?",neutral
"Stalker, cooldown Peek-mu sudah kepakai atau belum?",neutral
siapa yang paling mungkin punya informasi tapi sengaja menahannya?,offend
semalam lu fokus ngawasin siapa dari pola chat-nya?,neutral
"menurut lu, Hitman bakal pilih target yang vokal atau yang dipercaya?",neutral
"aku butuh partner buat voting, lu sebenarnya curiga ke siapa?",neutral
ada yang sempat dapat sinyal dari Spy soal orang yang dijaga?,neutral
"kenapa lu membela dia terus, punya info rahasia atau cuma feeling?",offend
"dari semua pemain, siapa yang paling layak kita lindungi di voting ini?",neutral
"kalau ada yang tahu identitas asli seseorang, bisa kasih clue sedikit?",neutral
"lu Spy kan? Semalam lu jaga siapa, jangan muter-muter",offend
"gw tetap curiga ke lu, spill target Guard lu tadi malam",offend
"kalau memang Spy, siapa yang lu kawal semalam?",offend
"jangan alihin topik, target yang lu lindungi siapa?",offend
"fix teori gw lu Spy, sekarang buktiin dengan sebut orang yang dijaga",offend
"lu bilang punya info, tapi belum jawab semalam jagain siapa",offend
siapa yang lu Guard tadi malam? Jawab simpel aja,neutral
"gw nggak peduli alibi baru, lu malam tadi cover siapa?",offend
"kalau lu Spy beneran, harusnya tahu siapa yang lu selamatkan",offend
"jangan cuma bilang aman, target pengawalan lu siapa?",offend
"menurut gw lu nyimpen role, jadi spill siapa yang dijaga",offend
"lu terlalu defensif, semalam lu pasang Guard ke siapa?",offend
"aku tetap pegang dugaan ini, kamu Spy atau bukan? Siapa targetmu tadi malam?",offend
"mereka bisa debat apa aja, tapi gw mau tahu siapa yang dikawal",neutral
"lu ngaku pelindung tapi targetnya dirahasiakan terus, siapa orangnya?",offend
"bukti baru nggak ngubah pendirian gw, sebutkan target Guard lu",offend
"si A katanya selamat, itu karena lu jaga dia semalam bukan?",neutral
"jangan jawab pakai teori, kasih tahu siapa yang kamu lindungi",neutral
"gw curiga lu tahu serangan malam, target yang lu kawal siapa?",offend
"kalau cooldown bukan alasan, malam tadi Guard lu jatuh ke siapa?",offend
"lu bisa aja ngarang, tapi tetap jawab: siapa target Spy lu?",offend
"dari awal gw bilang lu Spy, sekarang konfirmasi siapa yang lu cover",offend
siapa yang lu pilih buat dijaga? Jangan bilang lupa,neutral
"jawaban lu makin bikin sus, semalam lu nge-Guard siapa?",offend
"aku belum percaya alibimu, target perlindunganmu tadi malam siapa?",offend
"lu memang sengaja nutupin orang yang dijaga, ya? Sebut namanya",offend
"kalau lu bukan Hitman, bongkar info Guard lu semalam",offend
"gw sudah kunci teori ke lu, tinggal bilang siapa yang lu selamatkan",offend
target yang kamu lindungi semalam siapa? Ini penting sebelum voting,neutral
"semua orang sudah kasih alibi, giliran lu jawab siapa yang dikawal",neutral
"semalem siapa yang lu guard, kalau boleh sebut?",neutral
"Spy, target Guard kamu tadi malam siapa?",neutral
"aku mau catat, malam tadi ada yang kamu lindungi nggak?",neutral
yang kena Hostage tadi malam sempat dijaga siapa?,neutral
"gw belum dapat info soal Guard, Spy-nya bisa sebut target?",neutral
tadi malam kamu jaga pemain yang mana?,neutral
"kalau kamu Spy, siapa yang kamu kawal semalam?",neutral
malam pertama kamu Guard siapa?,neutral
"aku cuma mau cocokkan urutan aksi, target Guard tadi malam siapa?",neutral
siapa yang berada dalam perlindungan Spy semalam?,neutral
"yang di-Guard malam ini siapa, bisa kasih tahu?",neutral
tadi malam ada yang kamu lindungi dari serangan Hitman?,neutral
lu sempat pakai Guard ke siapa semalam?,neutral
"Spy, kamu ganti target atau tetap jaga orang yang sama?",neutral
malam tadi target perlindunganmu siapa?,neutral
aku ingin tahu siapa yang dijaga sebelum fase Tribunal pagi ini,neutral
ada yang menerima Guard semalam? targetnya siapa?,neutral
kamu melakukan Guard ke pemain mana pada ronde tadi malam?,neutral
"gw catat semua klaim, yang jadi target Guard siapa?",neutral
siapa yang kamu pilih untuk dikawal saat chat dikunci?,neutral
"semalam aku tidak tahu aksi malam, jadi Spy targetnya siapa?",neutral
"kalau boleh terbuka, kamu Guard siapa di ronde sebelumnya?",neutral
pemain yang kamu lindungi tadi malam masih hidup atau tidak?,neutral
"target Guard malam lalu siapa, aku perlu urutan infonya",neutral
"aku mau tanya langsung, siapa yang kamu kawal saat fase malam?",neutral
tadi malam ada klaim Spy yang sudah menyebut target belum?,neutral
lu jaga siapa sebelum pagi ini dimulai?,neutral
target Guard kamu berubah dari ronde sebelumnya atau tidak?,neutral
siapa nama pemain yang kamu lindungi semalam?,neutral
"aku ingin menggali info aksi malam, Spy memilih siapa untuk dijaga?",neutral
"jangan fokus ke gw dulu, pola diamnya si B lebih mencurigakan",offend
"kalau mau cari hitman, cek si C yang dari tadi cuma ikut vote",offend
"tuduhan ke gw belum ada buktinya, malah si D sempat ubah argumen mendadak",offend
"gw belum tentu salah, kenapa perilaku si A yang aneh malah dilewatin",offend
"lu nuduh gw karena apa, sementara si B jelas menghindari pertanyaan",offend
"kalau gw hitman, ngapain gw buka pola voting si C dari awal",defend
"bukan gw yang perlu dijelaskan, si D malah hilang setelah ada korban",offend
"fokus kalian salah arah, inkonsistensi terbesar justru ada di si A",offend
"aku bisa jawab tuduhan ini, tapi jelaskan dulu kenapa si B ganti target vote",offend
"jangan asal lempar ke gw, bukti perilaku si C lebih kuat mengarah ke hitman",offend
"kalau cuma karena gw beda pendapat, itu lemah; cek saja koordinasi si D",offend
"gw tidak sedang menghindar, tapi si A belum menjawab soal voting malam tadi",offend
"tuduhan ini terasa dipaksakan, sementara si B punya alasan paling minim",offend
"lu bilang gw mencurigakan, tapi siapa yang pertama membungkam diskusi tadi",offend
"aku warga biasa, jadi lebih masuk akal kita periksa klaim si C dulu",offend
"jangan terjebak narasi tentang gw, urutan vote si D jauh lebih janggal",offend
"kalau ada yang mau dieksekusi, si A lebih layak diprioritaskan dari gw",offend
"gw siap diuji, tapi si B terus menggiring opini tanpa data",offend
"yang menyerang gw sekarang cuma menguntungkan si C, coba lihat siapa yang paling diuntungkan",offend
"bukan berarti gw diam lalu hitman, si D malah aktif menutupi celah argumennya",offend
"tuduhan ke aku belum konsisten, sedangkan alibi si A berubah dua kali",offend
"kalian boleh curiga ke gw, tapi jangan abaikan pola vote si B yang selalu ikut mayoritas",offend
gw jawab setelah si C menjelaskan kenapa targetnya berubah mendadak,offend
"kalau analisisnya objektif, si D punya lebih banyak red flag daripada aku",offend
"jangan pakai satu ucapan buat menuduh gw, cek saja respons si A saat korban muncul",offend
"lu nyari kambing hitam karena gampang, padahal si B yang paling sering memelintir info",offend
"aku tidak menolak pemeriksaan, tetapi alasan si C menuduhku sama sekali tidak jelas",defend
"fix bukan gw yang paling mencurigakan, si D bahkan belum memberi kontribusi konkret",offend
"sebelum vote gw, bandingkan dulu klaim si A dengan hasil voting kemarin",defend
"kalau gw hitman, kenapa si B yang terus mendorong eksekusiku sejak awal",offend
"bukan gw, coba cek yang dari tadi maksa vote gue",offend
"kalau aku sus, kenapa si A diem terus dari awal",offend
"jangan fokus ke aku, gerak-gerik si B lebih aneh",offend
"gw cuma ikut vote mayoritas, yang mencurigakan malah si C",offend
"serius bukan aku, tadi si D paling cepat nuduh",offend
"kalau mau vote aku silakan, tapi si E lebih fix hitman",offend
"aku nggak punya info, coba tanya si F yang banyak ngarahin",offend
"yang harus dijelasin itu si G, bukan aku",offend
"gw pasif doang, sus-nya justru pemain yang dari tadi ngoceh",offend
"jangan asal lempar ke aku, lihat dulu siapa yang belok-belok",defend
"kalau aku hitman, ngapain dari tadi cuma ikut arus",defend
"si H lebih patut dicurigai, dia ganti target terus",offend
"bukan gue, tadi yang mulai framing itu si I",offend
"aku ikut keputusan kalian, tapi si J kelihatan paling panik",offend
"vote aku kalau yakin, cuma menurutku si K lebih merah",offend
"gw nggak tahu apa-apa, yang sok punya info malah si L",offend
"kok gue terus yang dibahas, si M juga belum kasih alasan",offend
"coba alihin ke si N, responsnya dari tadi nggak konsisten",offend
"aku warga biasa, yang main aman sambil nuduh itu si O",offend
"kalau bukan si P, ya si Q, tapi jangan langsung kunci aku",offend
"gw cuma jawab seperlunya, beda sama si R yang terlalu ngatur",offend
"yang nge-push vote paling keras biasanya patut dicek, tuh si S",offend
"aku nggak punya pembelaan panjang, tapi tuduhan ke si T lebih masuk",offend
"jangan keburu eksekusi aku, cek dulu siapa yang diuntungkan",defend
"si U dari tadi numpang suara, malah lebih mencurigakan",offend
"kalau mayoritas mau vote aku, ya sudah, tapi si V tetap sus",offend
"aku nggak bisa buktiin banyak, cuma si W yang kelihatan nutup-nutupin",offend
"yang nuduh gue tanpa dasar itu si X, mungkin dia yang panik",offend
"gw aman kok, fokus ke si Y yang terus ganti cerita",offend
"aku ikut alur aja, tapi menurut chat tadi si Z paling mencurigakan",offend
"lu nuduh gw terus, padahal dari tadi si A yang paling maksa vote ke gw",offend
"gw bukan hitman, coba cek kenapa si B malah diem pas ditanya",offend
"jangan lempar isu ke gw, timing si C jauh lebih mencurigakan",offend
"kalau argumen lu cuma karena gw telat chat, itu lemah banget, mending bahas si D yang ngilang",offend
"gw udah jelasin posisi gw, sekarang jawab dulu kenapa lu dari awal ngarahin semua orang ke gw",offend
"bukan gw yang aneh, si E malah ganti-ganti tuduhan tiap ada yang bantah",offend
"lu nuduh tanpa bukti, sementara si F jelas menghindari pertanyaan soal target malam",offend
"gw cuma defensif karena diserang, yang mulai bikin narasi itu si A",offend
"kalau gw Hitman, ngapain gw malah dorong diskusi terbuka? lihat si B yang terus bikin orang bingung",offend
"jangan asal vote gw, pola si C lebih cocok sebagai Hitman yang lagi cari kambing hitam",offend
"gw belum ngomong banyak bukan berarti jahat, si D justru terlalu aktif mengatur arah vote",offend
lu fokus banget ke gw sampai lupa si E tadi ketahuan kontradiksi,offend
"aku sudah jawab semua, sekarang giliran kamu jelaskan kenapa membela si F mati-matian",offend
"yang perlu dicurigai bukan gw, tapi orang yang pertama kali menuduh tanpa dasar",offend
"fix bukan gw yang cari aman, si A dari tadi numpang di balik suara orang lain",offend
"kalau mau cari Hitman, periksa si B yang selalu muncul pas voting doang",offend
"gw nggak akan nerima tuduhan kosong, coba lihat gerak-gerik si C yang terus lempar isu",offend
"argumen lu muter di gw terus, padahal si D punya alibi paling bolong",offend
"jangan jadikan gw target gampang, si E malah bungkam setelah ditanya soal peek",offend
"gw civilian, dan tuduhan ini cuma menguntungkan si F yang dari tadi memanas-manasi chat",offend
"lu bilang gw mencurigakan karena berubah pendapat, tapi si A malah ikut vote tanpa alasan",offend
"bukan gw yang menghindar, si B yang belum pernah kasih analisis jelas sejak ronde pertama",offend
"kalau kalian benar-benar mikir, pola si C lebih aneh daripada respons gw",offend
"gw dituduh cuma karena paling vokal, padahal si D sengaja pasif biar lolos radar",offend
"jangan terpancing narasi si E, dia yang sejak awal memelintir ucapan gw",offend
lu mau eksekusi gw berdasarkan feeling? mending cek dulu kenapa si F terus melindungi si A,offend
"aku tidak perlu mengarang pembelaan, tapi kalian perlu tanya siapa yang paling diuntungkan dari vote ke aku",defend
"gw memang salah baca situasi, tapi itu beda jauh dari jadi Hitman; si B justru sengaja mengarahkan salah",offend
"tuduhan ke gw terlalu dipaksakan, sementara si C punya perubahan sikap paling mencolok",offend
"kalau masih maksa vote gw, berarti kalian sedang membiarkan si D lolos tanpa diperiksa",offend
"gw udah jelasin alibi, sekarang mending cek si Raka yang dari awal ngarahin vote ke gw",offend
"jangan kejebak tuduhan kosong, lihat aja si Bimo yang paling panik sejak fase pagi",offend
"kalau gw hitman, ngapain gw seaktif ini? yang mencurigakan justru Dika karena terus numpang arus",offend
"tuduhan ke gw belum ada buktinya, sementara si Naya malah hilang tiap diskusi penting",offend
"kita jangan buang vote ke gw, fokus ke pemain yang jawabannya muter-muter, yaitu si Tio",offend
"gw bisa jawab tuduhan ini, tapi sebelum itu jelasin dulu kenapa si Adit ganti target mendadak",offend
"yang nuduh gw paling keras malah belum kasih analisis sama sekali, fix dia cuma cari kambing hitam",offend
"santai, posisi gw masih masuk akal; sekarang cek si Vina yang dari tadi ikut vote tanpa alasan",offend
"bukan gw sumber masalahnya, lihat pola si Reno yang selalu muncul setelah ada korban",offend
"daripada debat soal gw terus, mending kita eksekusi si Fajar yang alibinya paling bolong",offend
"gw terbuka buat dicek, tapi si Lala harus jelasin kenapa dia langsung lempar nama gw",offend
"kalau kalian mau objektif, target berikutnya jelas si Gita, bukan gw yang cuma menyusun analisis",offend
"tuduhan ini terasa dipaksakan, sementara si Yuda dari tadi sengaja bikin diskusi melebar",offend
"gw bukan target yang tepat, justru si Seno kelihatan banget lagi mengendalikan voting",offend
"jangan asal ikut suara mayoritas, cek dulu si Mira yang jawabannya berubah dua kali",offend
"siapa pun yang terus maksa vote gw, tolong jelaskan kenapa si Kiki yang lebih mencurigakan dilewatkan",offend
"gw udah kasih rangkuman situasi, dan dari semua nama si Ojan paling layak kita tekan sekarang",offend
"kalau memang ada bukti lawan gw, keluarkan; kalau tidak, kita pindahkan fokus ke si Wira",offend
"aneh, kenapa cuma gw yang disorot padahal si Beni bahkan belum kasih kontribusi satu pun",offend
"aku tidak akan terpancing, tapi pola diam lalu ikut vote milik Sari jauh lebih patut dicurigai",offend
"kamu boleh curiga ke aku, tapi jelaskan dulu aksi si Danu yang selalu aman setelah malam",offend
gw rasa tuduhan ini sengaja dibuat buat nutupin gerak-gerik si Riko,offend
"posisi gw sudah jelas, sekarang giliran Tania menjawab kenapa targetnya selalu berubah",offend
"kita jangan kasih Hitman celah dengan voting emosional, tekan si Bagas yang paling inkonsisten",offend
"dari tadi gw yang dibahas, padahal si Niko terus mengarahkan semua orang tanpa alasan jelas",offend
"kalau mau ambil keputusan cepat, coret gw dari target dan pindahkan vote ke si Elsa",offend
"dia nuduh gw karena takut dibongkar, jadi sekarang kita balik pertanyaan ke dia",offend
"gw siap diuji, tetapi yang harus menjelaskan diri sekarang adalah si Putra dengan alibi kosongnya",offend
"jangan biarkan narasi si Joko menguasai tribunal, menurutku dia yang paling layak dieksekusi",offend
"aku tidak menghindar, aku cuma menunjukkan bahwa si Lia punya pola perilaku yang lebih mencurigakan",offend
"lu fokus banget nuduh gw, padahal yang dari tadi ngilang itu si B",offend
"kalau gw Hitman, ngapain malah buka suara duluan? cek aja si D yang pasif",offend
"jangan kejebak sama pembelaan si C, dia yang paling cepat lempar nama gw",offend
"tuduhan ke gw gampang banget, coba jelasin dulu kenapa si A nolak kasih alibi",offend
"gw bukan target utama kalian, yang responsnya muter-muter itu justru lebih mencurigakan",offend
"kalian sibuk ngejar gw, sementara si E bebas banget ngarahin voting",offend
"kalau mau cari Hitman, lihat siapa yang diuntungkan dari gw dieksekusi, bukan cuma omongan gw",offend
"si F nuduh gw tanpa dasar, fix dia lagi nyiapin kambing hitam",offend
"aku tidak perlu membela diri panjang-panjang, lebih baik periksa kenapa si G terus menghindari pertanyaan",offend
"lu bilang gw mencurigakan, tapi sejak awal lu sendiri yang mengatur arah diskusi",offend
jangan asal vote gw sebelum si H menjelaskan kenapa dia berubah target mendadak,offend
"yang paling keras teriak biasanya punya alasan buat nutupin jejak, tanya si C dulu",offend
"gw dituduh karena aktif, tapi si D yang diam total malah dianggap aman, lucu juga",offend
"kalau kalian percaya gw Hitman, kenapa tidak bahas aksi si A yang selalu ikut vote terakhir",offend
"si B sengaja mancing reaksi gw, tapi dia belum jawab soal alibinya sendiri",offend
"bukan gw yang perlu ditekan, coba lihat siapa yang langsung membela si F",offend
"kalian keburu terpancing, tuduhan paling lemah justru datang dari si E",offend
"gw siap di-tribunal kalau si G juga ikut menjelaskan perannya, jangan cuma lempar nama",defend
"si H nuduh gw setelah chat-nya dibuka lagi, jangan-jangan dia cuma mau balikkan keadaan",offend
"kalau aku Hitman, kenapa target malam kemarin bukan pemain yang paling mengancamku?",defend
"lu boleh curiga sama gw, tapi pola voting si A jauh lebih aneh dari semua omongan gw",offend
"jangan termakan gaya sok yakin si B, dia belum kasih satu bukti pun tentang gw",offend
"yang minta gw dibungkam itu siapa? si C kan, mungkin dia takut pertanyaannya balik ke dia",offend
"gw cuma jawab tuduhan, kenapa kalian tidak mempertanyakan si D yang mulai nuduh tanpa dipancing?",offend
"si E terus mengarahkan kita ke gw, padahal dia sendiri belum pernah kasih posisi yang jelas",offend
"kalau si F benar Spy, harusnya dia tidak segugup ini saat ditanya siapa yang di-guard",offend
"tuduhan ini terlalu rapi, kayaknya si G sedang menutupi peran orang lain",offend
"aku tidak akan ikut drama si H, lebih baik kita cek siapa yang paling diuntungkan dari kekacauan ini",neutral
"lu nuduh gw cuma karena gw beda pendapat, sementara si A dari tadi ikut arus tanpa alasan",offend
"jangan eksekusi gw dulu, si B yang mengubah fokus diskusi tiap kali alibinya ditanya",offend
kenapa gw terus yang disorot? dari tadi si Dimas malah pasif banget,offend
"jangan buru-buru vote aku, coba tanya si Raka yang jawabannya muter-muter",offend
"gw udah jelasin posisi gw, sekarang bahas kenapa Naya ngilang pas ditanya",offend
"kalau mau cari Hitman, cek pemain yang paling diuntungkan dari keributan ini",offend
"bukan gw yang aneh, justru si Bimo tiba-tiba nuduh tanpa bukti",offend
"lu fokus banget ke gw, padahal si Caca dari tadi ikut mengarahkan vote",offend
"aku bisa jawab tuduhan ini, tapi sebelumnya jelaskan dulu kenapa kamu ganti target mendadak",offend
"sus, jangan terpancing. Yang lebih mencurigakan itu mereka yang ikut vote tanpa alasan",offend
"kalau gw Hitman, ngapain gw bikin posisi sendiri kelihatan begini? lihat si Tio aja",offend
"tuduhan ke aku masih asumsi, sedangkan gerak-gerik Fajar dari ronde lalu lebih janggal",offend
"jangan lempar kesalahan ke gw cuma karena gw diam, perhatikan si Lina yang terlalu agresif",offend
"gw rasa kalian salah fokus, ancaman sebenarnya ada di antara yang ikut menekan gw",offend
"sebelum vote aku, coba minta si Reno jelasin kenapa dia terus membela orang yang sama",offend
"aku tidak menghindari pertanyaan, tetapi pola voting Ardi jauh lebih mencurigakan",offend
"lu bilang gw mencurigakan, tapi belum jawab kenapa semalam pilih target itu",offend
"yang mulai nuduh duluan justru si Wawan, mungkin dia sedang mengalihkan perhatian",offend
"fix ini pengalihan isu, gw diserang supaya kita lupa sama pemain yang pasif",offend
"kalau memang ada bukti, sebutkan. Jangan biarkan si Sari memimpin opini tanpa dasar",offend
"gw siap diinvestigasi, tapi setelah itu kita cek juga klaim palsu dari si Joko",offend
"menurutku tekanan ke aku tidak berdasar, sementara Niko terus mengubah ceritanya",offend
"aku bukan target yang paling masuk akal, lihat siapa yang paling sering mengarahkan tribunal",offend
"jangan cuma dengar suara paling keras, si Vina juga belum memberi penjelasan jelas",offend
"kamu boleh curiga ke aku, tapi alasan Beni ikut-ikutan vote lebih tidak masuk akal",offend
"gw udah terbuka dari awal, sekarang giliran si Galih menjelaskan aksinya",offend
"yang bikin situasi kacau bukan gw, tapi pemain yang sengaja memecah fokus kita",offend
"kalau aku benar Hitman, kenapa tuduhan pertama malah datang dari si Yuda?",offend
"coba bandingkan jawabanku dengan punya Rina, dia terus menghindari pertanyaan inti",offend
"gw ngerti kalian curiga, tapi jangan abaikan perubahan sikap si Aldi sejak pagi",offend
"daripada langsung eksekusi aku, lebih baik periksa pemain yang paling diuntungkan dari kematian tadi",offend
"aku akan menerima vote kalau perlu, tetapi pola defensif Sinta jauh lebih perlu dibahas",offend
"jangan fokus ke gw terus, cek dulu si R yang dari awal maksa vote",offend
"lu nuduh gw karena apa? yang lebih mencurigakan justru si B, dia paling dominan",offend
"kalau gw Hitman, ngapain terang-terangan begini? mending lihat gerak-gerik si D",offend
"kalian keburu ikut mayoritas, padahal si C jawabannya muter-muter dari tadi",offend
"bukan gw yang harus menjelaskan terus, si A malah hilang pas ditanya soal malam",offend
"tuduhan ke gw masih asumsi doang, coba bahas kenapa si E langsung ikut arus",offend
"gw skeptis sama analisis itu, yang lebih patut dicurigai ya pemain yang terus mengarahkan vote",offend
"kalau mau eksekusi, jangan asal karena gw beda pendapat, cek si F yang diam-diam ngikutin semua orang",offend
"lu bilang gw defensif, tapi si B juga menghindar setiap ditanya targetnya",offend
"jangan lempar kesalahan ke gw cuma karena argumen lu mentok, bahas si C dulu",offend
"gw bukan Hitman, tapi si D jelas terlalu cepat menyimpulkan siapa yang bersih",offend
"aneh, kenapa cuma gw yang disorot? si A sejak awal malah nyetir diskusi",offend
kalian yakin vote gw bukan karena ikut-ikutan? menurut gw si E lebih mencurigakan,offend
"kalau bukti lu cuma gw banyak ngomong, berarti si F yang pasif juga harus dicek",offend
"gw bisa jawab, tapi sebelum itu jelaskan kenapa si B berubah cerita dua kali",offend
"jangan percaya suara terbanyak mentah-mentah, si C yang paling keras nuduh malah belum kasih alasan",offend
"yang nge-push gw itu siapa? si D kan, padahal dia sendiri belum pernah kasih info jelas",offend
"fitnah gampang banget dilempar ke gw, sementara si A bebas karena cuma ikut pendapat mayoritas",offend
"lu curiga sama gw karena tidak ikut vote awal, tapi si E justru langsung mengunci target",offend
"saya rasa tuduhan ini terlalu cepat, mari periksa peran dan sikap si F terlebih dahulu",offend
"gw tidak sedang menghindar, gw cuma heran kenapa si B terus mengubah arah pembahasan",offend
"kalau memang gw sus, kenapa bukan si C yang dari tadi memimpin tekanan ke gw?",offend
"jangan jadikan gw kambing hitam, lihat si D yang selalu muncul saat voting mulai panas",offend
"pendapat lu belum membuktikan apa-apa, malah si A lebih mencurigakan karena terlalu yakin",offend
"gw siap menjawab, tapi si E yang menuduh harus menjelaskan kenapa dia membela si F",offend
"mayoritas belum tentu benar, apalagi si B kelihatan sengaja membentuk opini dari awal",offend
"lu bilang gw terlalu banyak bicara, tapi si C yang terus memotong orang lain juga mencurigakan",offend
"daripada eksekusi gw berdasarkan vibe, coba tanya si D kenapa dia menghilang saat diskusi penting",offend
"bukti terhadap gw lemah banget, sedangkan si A punya alibi yang berubah-ubah",offend
"aku tidak yakin dengan tuduhan ini, justru pola si E lebih mirip pemain yang sedang menutupi sesuatu",offend
"gw dituduh terus, padahal yang dari tadi ngilang pas diskusi itu lebih mencurigakan",offend
"kalau aku Hitman, kenapa semalam targetnya bisa selamat? Coba cek si Raka yang paling ngotot nuduh aku",offend
"jangan fokus ke gw dulu, lihat aja siapa yang paling cepat ikut vote tanpa alasan jelas",offend
"lu nuduh gw karena panik, atau emang mau nutupin gerak-gerik lu sendiri?",offend
"aku cuma civilian, tapi si Dimas dari tadi jawabannya berubah-ubah terus",offend
"katanya gw mencurigakan, padahal yang minta orang lain diam itu justru lu",offend
"fix ini pengalihan isu, si Naya nuduh gw biar perhatian nggak ke dia",offend
"kalau mau cari Hitman, jangan cuma lihat orang yang membela diri, cek si Bimo yang pasif banget",offend
"gw belum tentu benar, tapi pola si Tio lebih aneh daripada tuduhan kalian ke aku",offend
kenapa cuma gw yang disorot? Siapa yang pertama kali lempar nama gw tadi?,defend
"lu bilang gw defensif, tapi lu sendiri langsung nyerang tanpa bukti sama sekali",offend
"sumpah, yang paling mencurigakan malah si Fajar karena dia selalu ikut suara mayoritas",offend
"jangan terpancing sama omongan gw, tapi serius, gerakan si Sari lebih mirip Hitman",offend
"aku bisa jelasin posisiku, tapi sebelumnya tolong tanya kenapa si Joko diam saat dituduh",offend
"kalau gw benar Hitman, mestinya gw nggak akan sejelas ini nunjuk si Ardi",offend
ini kayaknya ada yang sengaja lempar gw buat nutupin Stalker atau Hitman asli,offend
"lu terlalu fokus ke satu target, padahal si Rina dari tadi mengarahkan vote ke siapa pun yang beda pendapat",offend
"gw nggak takut ditanya, tapi jawaban si Kevin soal malam pertama jauh lebih janggal",offend
"daripada debat soal gw, mending bahas kenapa si Lala tiba-tiba membela orang yang belum dituduh",offend
"aku memang belum punya bukti, tapi instingku bilang si Wawan sedang memancing kita",offend
yang nuduh gw pertama kali siapa? Biasanya Hitman mulai dari kambing hitam yang gampang,offend
"kalau kalian percaya gw mencurigakan, silakan, tapi jangan abaikan si Mira yang terus mengubah topik",offend
"gw dituduh karena aktif, sedangkan pemain yang pasif total malah dibiarkan, aneh nggak?",offend
"bisa jadi aku salah, tapi si Bayu kelihatan terlalu siap membalikkan semua tuduhan",offend
"jangan langsung eksekusi gw, cek dulu kenapa si Riko ngotot banget menggiring vote",offend
"katanya aku sedang bluffing, padahal yang paling banyak bikin asumsi tanpa dasar itu si Dito",offend
"kalau memang gw target utama, kenapa si Elsa buru-buru ikut mengunci suara ke gw?",offend
"aku nggak punya info pasti, tapi sikap si Galih setelah malam tadi jelas patut dicurigai",offend
"lu bilang pembelaanku lemah, sementara tuduhanmu ke gw bahkan nggak punya satu bukti pun",defend
"mungkin gw kelihatan mencurigakan, tapi menurutku Hitman sebenarnya sedang bersembunyi di balik si Hana",offend
"jangan ke gw terus, coba cek si Raka yang dari tadi ngilang pas diskusi",offend
"gw jawab tuduhan lu nanti, tapi kenapa si Bima diem banget sejak awal?",offend
"kalau mau vote gw, silakan, tapi pola si Dito jauh lebih mencurigakan",offend
"bukan gw yang bikin suasana kacau, justru si Naya terus mancing keributan",offend
"lu nuduh gw tanpa bukti, sementara si Seno bahkan belum kasih penjelasan sama sekali",offend
"fokus ke gw itu gampang, tapi coba tanya kenapa si Tia ganti-ganti target vote",offend
"aku bukan Hitman, yang perlu kalian sorot itu pemain yang mendadak defensif barusan",offend
"sus, jangan termakan tuduhan ke aku, cek dulu gerak-gerik si Vino",offend
"kalau aku benar Hitman, kenapa si Kiki dari tadi malah membela orang yang jelas mencurigakan?",offend
"gw bisa jelasin posisi gw, tapi si Aldi lebih layak diperiksa karena selalu ikut vote terakhir",offend
"tuduhan itu ngawur, coba kita bandingkan jawaban gw sama jawaban si Rere",defend
"aku siap dipercaya, tapi jangan abaikan si Fajar yang terus mengarahkan voting",offend
"lu bilang gw mencurigakan, padahal si Joko yang pertama kali lempar fitnah tanpa alasan",offend
"bukan waktunya nge-lock ke satu orang, menurutku perilaku si Maya lebih aneh",offend
"gw civilian, serius, jadi mending kita cari siapa yang pakai Gag Order kemarin",neutral
"kalau kalian ragu sama aku, tanya si Danu kenapa dia berubah pendapat mendadak",offend
"jangan asal eksekusi gw, bukti paling kuat malah mengarah ke si Putra",offend
"aku tidak menghindar, tapi kenapa si Lala selalu muncul setelah arah voting jelas?",offend
"lu boleh curiga, cuma pola si Reza lebih cocok sebagai Hitman daripada gw",offend
"daripada debat soal aku, mari lihat siapa yang paling diuntungkan dari kekacauan ini",neutral
"gw masih mau kerja sama sama lu, tapi kita harus waspada ke si Caca yang pasif banget",offend
"sumpah aku bukan pelakunya, justru si Iwan kelihatan seperti sedang mengalihkan perhatian",offend
"kalau cuma karena aku telat jawab, si Beni juga dari tadi menghilang tanpa alasan",offend
jangan biarkan si Oki lolos cuma karena semua orang sibuk nuduh gw,offend
"aku bisa jadi partner voting lu, tapi target kita seharusnya si Rani, bukan aku",offend
"fix bukan gw, perhatikan si Yudi yang langsung ikut menekan setelah tuduhan muncul",offend
"kalau kalian percaya aku, kita amankan dua suara dan arahkan vote ke si Sari",offend
"gw ngerti kenapa kalian curiga, tapi siapa yang menjaga si Tono sepanjang diskusi?",neutral
"aku tidak punya alasan buat membela diri terus, coba minta penjelasan dari si Wawan",offend
"lu mau cari Spy atau Stalker, jangan cuma lihat gw, si Ega juga terlalu tahu banyak",offend
"lu nuduh gw terus, padahal yang dari tadi ngilang itu Raka, fokus ke dia dulu",offend
"bukan gw yang mencurigakan, lihat aja Vina paling cepat lempar tuduhan tiap pagi",offend
"kalau gw Hitman, ngapain gw terang-terangan debat begini? Cek si Dito yang pasif",offend
"tuduhan ke gw nggak nyambung, justru Arman yang jawabannya berubah-ubah",offend
"sus, jangan kejebak narasi dia, si Bima dari awal cuma ikut vote orang",offend
"gw tetap yakin targetnya Naya, pembelaan dia ke Riko terlalu niat",offend
"kalian salah fokus ke aku, yang perlu dijelaskan itu kenapa Sari diam saat ditanya",offend
"jangan balik nuduh gw, Tio malah langsung mengarahkan vote tanpa bukti",offend
"kalau mau cari Hitman, lihat pemain yang memanfaatkan Gag Order, bukan gw",offend
"aku sudah menjelaskan posisiku, sekarang giliran Fajar menjawab kenapa dia ganti target",offend
"fix bukan gw, pola main Lala dari ronde pertama jauh lebih mencurigakan",offend
"lu boleh curiga ke gw, tapi jangan abaikan Rio yang selalu muncul setelah tuduhan ramai",offend
"yang aneh itu bukan pembelaan gw, melainkan Kiki yang terus memotong diskusi",offend
"gw nggak akan pindah target, menurutku Jovan tetap Hitman dan tuduhan ke aku cuma pengalihan",offend
"kalau memang ada bukti, keluarkan sekarang; jangan malah menutupi gerak-gerik Mita",offend
"aku tidak melihat alasan untuk menuduhku, sementara Galih jelas menghindari pertanyaan",offend
"serius, kalian terlalu fokus ke chat gw, padahal Reno yang pertama kali melempar fitnah",offend
"bukan aku yang bikin suasana kacau, cek siapa yang tadi memakai Gag Order",offend
"lu bilang gw defensif, tapi Dena juga belum menjelaskan target votenya sama sekali",offend
"aku tetap pada analisis awal: Oka mencurigakan, dan tuduhan ke aku hanya upaya mengubah fokus",offend
"jangan asal eksekusi gw, lebih baik periksa pola vote Sinta dari dua ronde terakhir",offend
"gw sudah jawab konsisten dari awal, yang berubah justru alasan Bayu",offend
"kalau aku Hitman, harusnya aku diam saja; yang agresif mengarahkan vote itu Aldi",offend
"sus, tuduhan ini terlalu gampang, lihat dulu kenapa Niko tiba-tiba membela Rani",offend
"kamu terus menyerangku karena tidak punya bukti, coba tanyakan posisi Wawan",offend
"aku tidak akan mengalihkan topik, memang masalah utamanya ada di gerakan Putri",offend
"vote ke aku cuma buang kesempatan, sejak awal Yuda sudah menunjukkan pola Hitman",offend
"gw rasa kalian dimanfaatkan oleh tuduhan Fina, dia yang paling diuntungkan kalau aku mati",offend
"posisiku jelas sebagai warga, sekarang jelaskan kenapa Eko ikut vote tanpa alasan",offend
"aku tetap yakin Zaki adalah targetnya, pembelaan panjangnya ke aku justru makin mencurigakan",offend
"gw belum sempat jelasin, dari tadi yang dibahas malah si B terus",defend
"tadi malam gw nggak melakukan apa-apa, coba cek dulu pergerakan si C",defend
"kalau pertanyaannya ke gw, si D juga belum kasih penjelasan dari ronde awal",offend
"aku cuma ikut vote terakhir, yang mulai nuduh duluan tadi si E",defend
"bagian itu sudah aku jawab, sekarang giliran si F menjelaskan aksinya",defend
"gw masih di sini dari awal siang, tapi chat si G belum muncul sama sekali",offend
"daripada fokus ke aku, urutan aksi si H belum dibahas",defend
"aku tidak punya informasi soal itu, sementara si A tadi langsung mengubah topik",offend
"gw tadi sudah sebut posisi gw, yang belum terbuka justru si B",offend
"kalau mau bahas kejadian malam, tanya juga si C yang paling terakhir bicara",neutral
"sumpah bagian gw cuma ikut diskusi, si D dari tadi mengarahkan vote ke orang lain",offend
"aku belum bisa menjawab detailnya, mungkin si E bisa menjelaskan kenapa dia diam",offend
"yang ditanyakan ke aku sudah lewat, sekarang ada gerakan si F yang belum dibahas",defend
"gw nggak melakukan aksi malam, tapi posisi si G juga belum jelas",defend
"kalau semua kembali ke gw, penjelasan si H soal targetnya kapan dibahas",defend
"aku sudah bilang aku civilian, sementara si A masih belum menyebut perannya",neutral
"tadi gw hanya membaca chat, yang paling aktif mengubah arah diskusi si B",offend
"jawaban gw tetap sama, coba dengar dulu kronologi dari si C",defend
"aku tidak melihat kejadian itu, tetapi si D mengaku punya informasi malam",neutral
"gw belum dapat kesempatan ngomong, si E sudah beberapa kali menyela",defend
"daripada langsung vote gw, cocokkan dulu cerita si F dan si G",defend
"aku cuma mengikuti hasil diskusi, keputusan awalnya datang dari si H",defend
"yang dibahas sejak tadi hanya nama gw, padahal si A belum menjawab pertanyaan",offend
"gw sudah menjelaskan rute gw, sekarang giliran si B cerita dia ke mana",defend
"aku tidak punya target malam itu, tapi si C tadi menyebut nama target dengan cepat",offend
"kalau alasan curiganya begitu, si D juga masuk dalam urutan yang sama",offend
"gw nggak menghindar, cuma informasi dari si E belum dikonfirmasi",defend
"aku sudah merespons tuduhan tadi, pembahasan bisa dialihkan ke aksi si F",defend
"posisi aku masih sama dari awal, sedangkan si G baru muncul setelah chat dibuka",neutral
"saya belum dapat bukti apa pun, tetapi penjelasan si H juga belum lengkap",offend
"dari dua ronde terakhir, A selalu ikut vote mayoritas tanpa alasan jelas, menurut gw dia hitman dan layak dieksekusi",offend
"B terlalu cepat nuduh C tapi nggak pernah kasih bukti, pola ini paling menguntungkan hitman, vote B aja",offend
"kalau kita bandingkan chat-nya, D sering mengubah arah diskusi saat mulai mengarah ke dirinya, fix dia target utama",offend
"gw perhatiin E aktif cuma pas voting, tapi pas analisis malam dia menghilang, mending eksekusi E sekarang",offend
"F ngaku civilian tanpa menjelaskan perilaku malamnya, klaim kosong begini lebih mencurigakan daripada diam biasa, vote F",offend
"jangan terpancing tuduhan acak, dari semua pemain G punya perubahan sikap paling signifikan, kita eksekusi G",offend
"menurut urutan kejadian, H punya kesempatan dan motif untuk mengalihkan fokus setelah korban disandera, vote H",offend
"aku belum yakin seratus persen, tapi bukti terhadap I paling konsisten dibanding kandidat lain, jadi pilih I",offend
"J terus memotong argumen orang lain dan tidak menjawab pertanyaan inti, perilakunya mencurigakan, eksekusi J",offend
"kalau J benar-benar civilian, harusnya dia bisa menjelaskan alibinya, karena gagal menjawab gw pilih J keluar",offend
"K terlihat sengaja membangun konflik antara dua pemain lalu mundur dari diskusi, pola itu khas hitman, vote K",offend
"lu lihat sendiri kan, L selalu ikut keputusan akhir tapi tidak pernah memulai analisis, gw rasa L sedang sembunyi dan harus dieksekusi",offend
"M mengaku punya info penting tapi menahannya sampai voting, timing seperti ini terlalu menguntungkan hitman, pilih M",offend
"dari rekam chat, N tiga kali mengarahkan tuduhan ke pemain yang sama tanpa data baru, ayo eksekusi N",offend
"kita butuh keputusan berbasis pola, dan O paling sering mengganti posisi tanpa alasan, vote O hari ini",offend
"P terlalu defensif ketika namanya disebut, padahal belum ada tuduhan spesifik, reaksinya bikin gw yakin dia hitman",offend
"kalau kita biarkan Q hidup, diskusi berikutnya bakal tetap dipelintir, bukti paling kuat saat ini mengarah ke Q",offend
"R punya alibi yang bertabrakan dengan pernyataan sebelumnya, kontradiksi itu cukup untuk menjadikannya target voting",offend
"aku tidak melihat kontribusi analitis dari S, dia hanya menunggu warga lain saling serang, menurutku S harus keluar",offend
"T mengklaim melindungi seseorang tetapi detailnya tidak cocok dengan kejadian pagi, jangan percaya klaim T dan vote dia",offend
"A dan C sama-sama mencurigakan, tapi A lebih dulu memulai pengalihan isu, jadi prioritas eksekusi kita A",offend
"B muncul membela D setiap kali D ditekan, hubungan voting mereka terlalu konsisten untuk diabaikan, pilih B",offend
"C semalam aman bukan berarti bersih, justru sekarang dia aktif menggiring kita ke target lain, gw sarankan vote C",offend
"D punya pola diam saat informasi penting muncul lalu ikut suara terbanyak, itu strategi aman buat hitman, eksekusi D",offend
"E menuduh berdasarkan asumsi, sementara F menyertakan urutan kejadian yang bisa dicek, jadi warga sebaiknya vote E",offend
"F terus mengklaim dirinya stalker tetapi tidak memberikan info yang bisa diverifikasi, klaim itu terlalu nyaman, keluarkan F",offend
"G adalah satu-satunya pemain yang mendapat keuntungan dari kekacauan diskusi tadi, motifnya jelas, kita vote G",offend
"H mengubah tuduhan setelah target awalnya membantah, berarti argumennya tidak punya dasar, jangan biarkan H lolos",offend
"I beberapa kali memancing warga untuk voting cepat tanpa analisis, itu bisa jadi cara hitman menghindari pemeriksaan, eksekusi I",offend
"J punya tiga pernyataan yang saling bertentangan, sementara pemain lain lebih konsisten, secara objektif J kandidat terkuat untuk dieksekusi",offend
"kalau mayoritas condong ke Raka, gw ikut vote Raka aja",offend
"menurut gw Dito paling mencurigakan, mending eksekusi dia",offend
"iya, dari alurnya Nia paling janggal. Vote dia aja",offend
"gw gak punya banyak info, tapi kalau harus pilih, Ardi dulu",offend
"setuju sama yang lain, Bima aja yang dikeluarin pagi ini",offend
"dia dari tadi cuma ngikut suara, sus banget, eksekusi Feri",offend
"kalau tidak ada bukti lain, vote Sasa saja biar jelas",offend
"mayoritas sudah ke Tono, aku ikut. Jangan pindah target",offend
"Vina jawabannya muter-muter, menurutku dia paling layak ditribunal",offend
"gak yakin seratus persen, tapi Reno paling aman buat kita eksekusi",offend
"ikut suara terbanyak aja, targetnya Gil sekarang",offend
"Kiki terlalu pasif pas ditanya, fix vote Kiki",offend
"dari semua nama, Lala paling red flag. Habisi di voting ini",offend
"aku setuju dengan dugaan ke Miko, pilih dia saat tribunal",offend
"kalau lu semua sepakat, gw vote Juno. Geraknya paling aneh",offend
"Oki gak pernah kasih alasan jelas, mending keluarkan dia",offend
"mayoritas nuduh Pera, jadi kita eksekusi Pera saja",offend
"menurut pengamatan chat, Seno kelihatan nutupin sesuatu. Vote dia",offend
"gak usah melebar, fokus ke Tia dan eksekusi dia",offend
"aku ikut keputusan tim, tapi Yuda memang paling mencurigakan",offend
"dari tadi dia cuma numpang suara, Rafi layak di-vote keluar",offend
"bila belum ada info dari Stalker, pilih Nando dulu",offend
"Dena terlalu cepat mengarahkan vote, kemungkinan besar hitman. Eksekusi dia",offend
"setuju, jangan kasih kesempatan kedua ke Wawan. Vote dia",offend
"gw pasif aja, tapi kali ini Zaki jelas paling ganjil",offend
"semua indikasi ke Iqbal, jadi ikut vote Iqbal",offend
"kalau target lain belum kuat, Adit saja yang kita keluarkan",offend
"dia berubah-ubah ceritanya, sus. Tribunal buat Karel",offend
"aku tidak punya bukti keras, tetapi suara terbanyak sebaiknya ke Beni",offend
"jangan pecah vote, kita samakan ke Maya dan eksekusi sekarang",offend
"Jangan vote gw, alibi gw jelas dari awal; mending eksekusi Rian yang jawabannya muter terus",offend
"Kalian jangan kejebak tuduhan kosong Dika, dia yang paling ngotot nuduh gw tanpa bukti, fix dia Hitman",offend
"Gw bukan Hitman, sumpah. Fokus ke Sasa, dia mendadak diam tiap ditanya soal sandera",offend
"Kalau mau aman, keluarkan Bimo sekarang; timeline omongannya bentrok semua dan gw bisa jelasin posisi gw",offend
"Tuduhan ke gw gak masuk akal, justru Naya yang Gag Order-nya mencurigakan karena langsung membungkam diskusi",offend
"Jangan asal vote aku cuma karena defensif, cek dulu Arga yang dari tadi menggiring nama gw tanpa dasar",offend
"Gw warga biasa, dan menurut pola chat, Vino paling layak dieksekusi karena selalu ikut suara mayoritas",offend
"Kalau gw Hitman, ngapain gw terang-terangan bongkar kontradiksi Tio? Vote dia aja, sus gerakannya",offend
"Nama gw terus diseret buat nutupin kesalahan Lala, jadi sebelum salah eksekusi, keluarkan Lala dulu",offend
"Kalian lihat sendiri, Fajar baru aktif setelah ada korban sandera; gw minta vote dia, bukan gw",offend
"Bukti paling kuat ada di Kiki, bukan di gw. Dia ganti-ganti cerita soal siapa yang dia curigai",offend
"Jangan biarkan Reno lolos cuma karena ngomong paling keras, dia yang paling mungkin sedang mengarahkan tribunal",offend
"Aku sudah menjawab semua pertanyaan dengan konsisten, sementara Deni terus menghindar; vote Deni hari ini",offend
"Gw gak punya alasan buat nyandera siapa pun, tapi Mila punya pola main aman banget. Menurutku dia Hitman",offend
"Kalau kalian percaya logika, eksekusi Yuda; tuduhannya ke gw cuma asumsi dan timing-nya terlalu rapi",offend
"Stop maksa nama gw masuk voting, yang mencurigakan itu Seno karena selalu muncul buat mengunci satu target",offend
"Gw siap diperiksa lagi, tapi jangan kasih kesempatan kedua ke Tia yang buktinya berubah tiap ronde",offend
"Menurutku target paling bersih buat dieksekusi sekarang adalah Bagas, bukan aku; semua argumennya cuma ikut arus",offend
"Dia bilang gw berbohong, padahal jawabanku dari awal sama. Vote Galih yang terus memelintir ucapan gw",offend
"Jangan termakan framing Wulan, dia sengaja bikin gw keliatan panik. Kalau mau cari Hitman, pilih Wulan",offend
"Aku tidak sedang menghindar, aku sedang meluruskan fakta. Yang harus keluar itu Jefri karena alibinya kosong",offend
"Fix bukan gw pelakunya, lihat aja siapa yang paling diuntungkan dari keributan ini: Kevin. Eksekusi dia",offend
"Kalau benar-benar warga, kalian harus vote Rara sekarang; dia menuduh gw sebelum membaca kronologi",offend
"Gw bisa menerima kalau dicurigai, tapi tuduhan Iqbal terlalu dipaksakan. Dia lebih layak masuk tribunal",offend
"Jangan salah sasaran, ya. Dito dari tadi cuma nyalin opini orang lain dan menghindari pertanyaan spesifik",offend
"Aku sudah kasih alasan yang jelas, sedangkan Putri cuma spam suruh vote gw. Itu pola Hitman banget",offend
Kita jangan buang voting ke pemain yang defensif; keluarkan Eko yang terus mencari kambing hitam sejak pagi,offend
"Kalau ada yang perlu dicurigai, itu Tami. Dia muncul pas momen penting lalu langsung menggiring nama aku",offend
"Gw gak takut diinvestigasi, tapi Surya jelas takut dibahas. Setiap ditanya soal malam selalu ganti topik",offend
"Daripada mengeksekusi orang yang cuma membela diri, vote Hendra yang ceritanya paling banyak bolong",offend
"dari pola malam tadi dan cara Dimas ngeles, gw arahkan vote ke Dimas dulu",offend
"kita jangan kebawa omongan panjang, rangkumannya paling janggal itu Naya, vote Naya",offend
"Riko tiba-tiba nuduh orang tanpa dasar, menurut gw dia hitman, langsung eksekusi Riko",offend
"aku sudah cocokkan alibi semua orang, cuma Sinta yang berubah-ubah, target voting kita Sinta",offend
"stop debat muter-muter, indikasi terkuat ada di Beni, silakan semua vote Beni",offend
"kalau dia benar civilian harusnya bisa jelasin aksinya, tapi Arga malah menghindar, kita keluarkan Arga",offend
"gw ambil kesimpulan sementara: Tio paling diuntungkan dari kekacauan ini, vote dia sekarang",offend
"jangan terpancing gag order atau fitnah, fokus ke respons Vina yang paling mencurigakan, eksekusi Vina",offend
"dari awal Lala pasif lalu ikut vote terakhir, pola kayak gini sus banget, kita pilih Lala",offend
"semua bukti memang belum sempurna, tapi kandidat paling kuat tetap Fajar, jadi arahkan vote ke Fajar",offend
"kita butuh keputusan tegas sebelum tribunal selesai, dan menurutku targetnya jelas: Dito",offend
"Gilang terlalu cepat membela pemain lain, fix ada koneksi dengan hitman, vote Gilang",offend
"aku rangkum ya, alibi Rani bolong dan ceritanya tidak konsisten, mari eksekusi Rani",offend
"jangan pecah suara ke banyak nama, mayoritas kita fokus ke Seno karena gerak-geriknya paling aneh",offend
"kalau memang stalker, harusnya dia punya informasi, tapi Yoga malah mengaburkan diskusi, vote Yoga",offend
"gw nggak mau buang tribunal lagi, dari semua kandidat Della paling mencurigakan, langsung lock vote Della",offend
"pernyataan Kiki berubah setelah ada tekanan, itu red flag besar, kita sepakat keluarkan Kiki",offend
"aku sudah dengar semua pembelaan, dan tidak ada yang menutup lubang alibi Wawan, target final kita Wawan",offend
"bagi gw, pemain yang paling mungkin pakai gag order buat mengacaukan chat adalah Reno, vote Reno",offend
"kita jangan asal ikut suara terbanyak, cek dulu siapa yang paling sering mengarahkan tanpa bukti: Maya, eksekusi Maya",offend
"Niko muncul cuma saat harus nuduh orang, lalu menghilang dari diskusi, pola hitman banget, vote Niko",offend
"situasinya sederhana, korban ada tapi alibi Putri tidak solid, jadi suara kita satukan ke Putri",offend
"gw pimpin rangkumannya: Aldi punya motif, timing, dan respons paling mencurigakan, semua ke Aldi",offend
"kalau kita salah baca ini, hitman bakal dapat malam gratis, jadi lebih aman keluarkan Sari hari ini",offend
"Bram terus mendorong target lain tanpa menjawab tuduhan ke dirinya, menurutku itu cukup buat vote Bram",offend
"aku tidak melihat bukti bersih dari Hendra, malah dia paling defensif sejak awal, mari pilih Hendra",offend
"jangan biarkan suara tercecer, kandidat utama sudah jelas dari pola chat: Intan, vote Intan",offend
"setelah semua kronologi disusun, hanya Kevin yang punya alibi bertabrakan, kita eksekusi Kevin",offend
"dia bilang cuma civilian tapi tidak pernah membantu analisis, Fina terlalu aman bermainnya, arahkan vote ke Fina",offend
"gw tutup diskusinya: tersangka paling kuat adalah Jaka, jangan pindah target dan langsung voting Jaka",offend
"gw agak ketinggalan, tapi kalau tadi Bimo ketahuan bohong, mending eksekusi dia",offend
"bentar, konteksnya siapa yang paling dicurigai? kalau Raka, gw ikut vote Raka",offend
"setelah baca ulang chat, gerak-gerik Sinta paling janggal, kita eksekusi dia aja",offend
"kalau benar Deni terakhir lihat korban, bukti itu cukup buat vote dia menurut gw",offend
"gw baru nangkep alurnya, tapi Fajar terus muter-muter jawabannya, fix dia mencurigakan",offend
"tolong ulang singkat, kenapa Nisa dianggap aman? soalnya gw malah mau vote Nisa",offend
"dari potongan info yang gw punya, Aldi paling cocok jadi Hitman, gas eksekusi",offend
"yang tadi diam saat ditanya soal malam itu siapa? kalau Joko, vote dia aja",offend
"gw telat baca, tapi alasan Lala berubah-ubah, jangan kasih dia lolos dari tribunal",offend
"kalau belum ada bukti lebih kuat, suara kita satukan ke Rio dulu biar nggak buang vote",offend
"sebentar, berarti Tono ketahuan ngarang urutan kejadian? kalau iya, dia target paling aman buat dieksekusi",offend
"aku baru masuk diskusi, tetapi dari logika yang ada, Maya paling layak dicurigai",offend
"siapa yang tadi kena Gag Order? kalau Wawan, justru dia perlu kita periksa dan vote",offend
"gw masih nyusun konteks, tapi Sari terlalu cepat nuduh orang lain, menurut gw itu red flag",offend
"kalau Dika benar-benar Civilian, harusnya jawabannya konsisten, jadi gw pilih eksekusi Dika",offend
"ulangin bukti buat Kiki dong, tapi sejauh ini gw condong vote Kiki",offend
"kita jangan pecah suara, semua yang punya info tadi arahnya ke Bayu, eksekusi Bayu",offend
"gw kurang ngikutin dari awal, tapi siapa pun yang bohong soal target malam layak divote, terutama Eko",offend
"dari chat yang sempat gw baca, Putri paling defensif dan nggak membantu diskusi, vote dia",offend
"kalau Stalker memang dapat info, kenapa Gilang masih dibela? gw rasa Gilang harus dieksekusi",offend
"aku tertinggal sedikit, namun pola tuduhan Arman terlihat seperti pengalihan, mari pilih Arman",offend
"bentar, jadi Rina tidak punya alibi sama sekali? kalau begitu jangan ragu eksekusi Rina",offend
"gw nggak yakin seratus persen, tapi dibanding kandidat lain, Vino paling mencurigakan, vote Vino",offend
"mereka tadi sudah menjelaskan, tetapi jawaban Sela tetap nggak nyambung, kita keluarkan Sela",offend
"kalau kalian setuju pelaku sengaja memecah suara, nama pertama yang muncul itu Yoga, jadi vote Yoga",offend
"gw baru paham sekarang, posisi Hani dari tadi cuma ikut arus, kemungkinan besar dia Hitman",offend
"tolong recap sebentar, tapi sementara suara gw ke Rendi karena alibinya paling lemah",offend
"menurutku kita tidak boleh menunda lagi, Karel terlalu banyak menghindar, eksekusi Karel",offend
"fix, setelah konteksnya lengkap, Nando yang paling sering bikin tuduhan tanpa dasar, vote Nando",offend
"gw mungkin telat nangkep, tapi kalau semua petunjuk mengarah ke Intan, ayo satukan vote ke Intan",offend
"si Bima jawabnya muter terus pas ditanya role, vote dia aja",offend
"dari tadi si Raka cuma ikut arus, hitman banget kelakuannya",offend
"kalau lu memang civilian, kenapa paling cepat nuduh si Deni",offend
"si Naya mendadak diem setelah ada yang bahas Gag Order, mencurigakan parah",offend
"gw rasa si Fajar target eksekusi paling aman, alasannya nggak pernah konsisten",offend
"jangan keburu percaya si Lala, dia sengaja bikin dua pihak ribut",offend
"si Arga terlalu ngotot bela si Tio, kemungkinan mereka satu kubu",offend
"kalau si Vino bukan Hitman, suruh dia jelasin urutan aksinya sekarang",offend
"voting si Caca dulu, responsnya barusan keliatan kayak orang kepergok",offend
"dia bilang punya info tapi nggak berani sebut nama, fix cuma ngarang",offend
"si Joko paling untung dari kekacauan ini, menurut gw dia Hitman",offend
lu semua nggak lihat pola? si Sari selalu muncul setelah ada tuduhan,offend
mending eksekusi si Reno daripada buang vote ke pemain yang cuma pasif,offend
"si Putri terlalu cepat mengaku aman, justru itu yang bikin sus",offend
"kalau si Ilham Stalker beneran, harusnya dia berani buka hasil Peek",offend
"gw pancing sedikit langsung si Kiki defensif, vote dia sebelum keburu dibungkam",offend
"si Bagas dari awal cuma nyalin pendapat orang, gaya aman-aman Hitman banget",offend
"jangan kasih si Wawan kesempatan muter cerita lagi, langsung masuk daftar eksekusi",offend
"si Elsa nuduh tanpa bukti lalu kabur dari debat, kelakuan provokator palsu",offend
menurut kalian siapa yang paling diuntungkan kalau kita salah vote? jelas si Hendra,offend
"si Mira bilang semalam nggak ada apa-apa, padahal itu bukan info yang bisa dia tahu",offend
"kalau si Galih berani, jawab kenapa target Guard kemarin malah selamat",offend
"vote si Tania sekarang, dia kelihatan sengaja mancing kita pecah suara",offend
"si Oki baru aktif setelah namanya disebut, reaksi paniknya terlalu jelas",offend
"jangan terjebak omongan si Rian, dia cuma lempar tuduhan biar lupa sama dirinya",offend
buat apa si Yuni ngotot ganti target kalau dia bukan Hitman,offend
"si Daffa klaim punya peran tapi detailnya salah semua, eksekusi aja",offend
"gw nggak percaya si Niko, dia menghindari setiap pertanyaan yang spesifik",offend
"kalau kita mau menang, suara harus dikunci ke si Ayu sebelum dia pakai alasan baru",offend
"si Kevin paling sering bikin warga saling curiga, fix dia dalang ronde ini",offend
"si Dimas dari awal cuma ikut arus, tapi pas ditanya role langsung ngeles, vote dia aja",offend
"menurut gw pola vote Rani paling mencurigakan, kemarin dia dorong Fikri lalu ikut menyelamatkan Bimo, eksekusi Rani",offend
"jangan buang suara ke orang random, bukti paling kuat sekarang ngarah ke si Aldi",offend
"fix Vina Hitman, alasannya berubah-ubah tiap kali ditanya, kita keluarkan dia siang ini",offend
"gw bukan asal nuduh, tapi Tio terlalu cepat menuduh orang lain tanpa kasih alasan jelas, mending vote Tio",offend
"kalau kalian percaya analisis gw, pilih Nanda; dia sengaja bikin diskusi muter supaya target aslinya aman",offend
"si Reza dari tadi pasif banget dan baru muncul ketika voting dimulai, itu pola aman buat Hitman, coblos dia",offend
"kita perlu satu keputusan tegas, dan dari semua nama, Siska paling banyak punya perilaku mencurigakan",offend
"aku curiga sama Bayu karena dia terus menghindari pertanyaan soal aksinya semalam, vote Bayu dulu",offend
"jangan terpengaruh pembelaan mendadak dari Lala, justru itu bikin dia makin kelihatan sus, eksekusi aja",offend
"si Kiki tadi kena Gag Order tepat saat mulai menjelaskan alibinya, menurutku ada yang sengaja membungkam dia, fokus vote Yoga",offend
"kalau Fajar benar-benar Civilian, harusnya dia tidak perlu menggiring kita sekeras ini, ayo keluarkan Fajar",offend
"gw lihat Dito selalu nunggu orang lain buka suara sebelum ikut vote, kayaknya dia lagi cari arah aman, pilih Dito",offend
"Maya mengaku punya info penting tapi tidak pernah berani menyebut sumbernya, cukup alasan buat mengeksekusi Maya",offend
"pola komunikasi Riko terlalu rapi, dia selalu muncul untuk mengalihkan tuduhan dari pemain tertentu, vote Riko",offend
"bagi yang masih ragu, bandingkan saja jawaban Sari dari awal sampai sekarang, jelas tidak konsisten, coblos Sari",offend
"kita tidak punya banyak waktu, dan Gilang adalah kandidat paling masuk akal berdasarkan semua kejanggalan tadi",offend
"dia bilang semalam mengawal seseorang, tapi detail ceritanya bertentangan dengan kejadian pagi ini, menurutku Hendra Hitman",offend
"si Putri kelihatan sengaja memancing konflik antara dua pemain lain, jangan biarkan strategi itu berhasil, vote Putri",offend
"aku lebih percaya data daripada gaya bicara, dan jejak voting Kevin paling menguntungkan pihak Hitman, keluarkan Kevin",offend
"jangan vote aku dulu, target yang lebih mencurigakan jelas si Wawan karena dari tadi cuma numpang suara",offend
"semua orang sibuk bahas Arman, tapi Lilis diam-diam mengubah arah voting dua kali, menurutku Lilis target sebenarnya",offend
"kalau tidak ada bukti baru, suara gw tetap ke Niko; dia paling sering membela orang yang dicurigai",offend
"Rara terlalu cepat mengklaim dirinya Spy, bisa jadi itu cuma umpan supaya kita tidak memeriksa dia, eksekusi Rara",offend
"si Beni baru aktif setelah satu pemain kena Gag Order, timing-nya mencurigakan banget, vote Beni",offend
"aku paham belum ada kepastian, tapi dibanding kandidat lain, Seno punya alibi paling lemah, jadi pilih Seno",offend
"tolong jangan terpancing tuduhan Dhea, justru cara dia membalikkan semua argumen bikin dia kelihatan seperti Hitman",offend
"menurut pola ronde ini, Rudi terus aman karena selalu ikut mayoritas di detik terakhir, kita harus mengeluarkan Rudi",offend
"jika kalian setuju, satukan vote ke Tania supaya eksekusi kali ini tidak terpecah",offend
"gw sudah cek ulang percakapannya, target paling logis tetap si Ucup; jangan kasih dia kesempatan lolos lagi",offend
"mayoritas nuduh Raka cuma karena dia telat ngomong? bukti tipis, mending vote Dimas yang terus ngarahin diskusi",offend
"gw gak ikut arus dulu, tapi alasan Nia paling bolong dari tadi, vote dia aja",offend
"kalau Bima beneran civilian, kenapa dia buru-buru banget ngunci target? menurut gw eksekusi Bima",offend
"jangan langsung percaya yang paling vokal, justru Sari kelihatan lagi menggiring kita, coblos Sari",offend
"siapa pun yang terus bilang aman tanpa bukti patut dicurigai, dan itu jelas Riko, vote dia",offend
"katanya mayoritas pilih Tono, tapi belum ada alasan kuat; gw lebih curiga sama Vina yang muter-muter",offend
"Aldi dari tadi cuma numpang opini orang lain, sus, pola kayak gitu mencurigakan, eksekusi Aldi",offend
"kalian yakin Dita bersih? dia selalu muncul setelah arah diskusi jelas, menurut gw Dita target paling masuk akal",offend
"jangan keburu ikut spam chat Fajar, dia terlalu dominan dan malah nutup celah analisis, vote Fajar",offend
"kalau gak ada bukti, lihat perilakunya: Reno menghindari semua pertanyaan, jadi jangan buang vote ke orang lain",offend
"gw skeptis sama klaim Caca yang katanya punya info tapi gak pernah jelas, mending eksekusi Caca",offend
"si Bayu kok enak banget nuduh orang lalu menghilang? itu lebih aneh daripada diam biasa, vote Bayu",offend
"jangan percaya pembelaan spontan Lala, dia baru aktif setelah dituduh dan langsung menyerang balik, coblos Lala",offend
"menurut gw Arman sengaja bikin diskusi berantakan supaya targetnya lolos, kita eksekusi Arman",offend
"kalau Kevin memang warga, harusnya dia bisa jelasin urutannya; jawabannya ngeles terus, vote Kevin",offend
"semua orang fokus ke Maya, padahal dia cuma ikut voting; yang benar-benar mengarahkan kita itu Joni, pilih Joni",offend
"fix jangan asal ikut mayoritas, perhatikan Sinta yang terus ganti target setiap ada tekanan, eksekusi Sinta",offend
"gw gak yakin sama pemain paling keras di lobby, dan sekarang yang paling keras jelas Reza, vote dia",offend
"si Wawan terlalu cepat menyimpulkan orang lain hitman, bisa jadi dia lagi nutupin jejak sendiri, coblos Wawan",offend
"alasan Putri cuma berdasarkan feeling, tapi dia maksa semua orang setuju; pola itu cukup buat vote Putri",offend
"jangan terpengaruh kalau chat mendadak dibungkam, tetap lihat siapa yang diuntungkan; menurut gw targetnya Fikri",offend
"kalau Nando aman, kenapa dia terus menghindari pertanyaan soal vote malam sebelumnya? eksekusi Nando",offend
"gw tahu banyak yang bela Yuni, tapi pembelaannya cuma ikut-ikutan; cek logikanya dan vote Yuni",offend
"si Galih bilang semua orang mencurigakan supaya gak ada fokus, itu strategi hitman banget, pilih Galih",offend
"mayoritas mau eksekusi Elsa karena satu kalimat, tapi Danu punya pola lebih ganjil dan konsisten, vote Danu",offend
"jangan kasih lolos pemain yang cuma aktif saat voting, seperti Intan; dari tadi kontribusinya minim tapi ikut menentukan target",offend
"aku tidak percaya klaim aman dari Bagas tanpa penjelasan, apalagi dia langsung menuduh balik, sebaiknya Bagas dieksekusi",offend
"si Rani kelihatan terlalu siap menjawab semua tuduhan, bukan berarti bersih; menurutku justru Rani yang harus dipilih",offend
"kalau Tegar benar-benar mau cari hitman, dia gak akan menolak semua pertanyaan; ayo arahkan vote ke Tegar",offend
"kita jangan eksekusi orang cuma karena suara terbanyak, lihat siapa yang mengatur arusnya: Niko, pilih Niko",offend
"si B dari tadi ngeles terus, vote dia aja sebelum keburu malam",offend
"feeling gw kuat banget A itu Hitman, ayo eksekusi sekarang",offend
"C terlalu cepat nuduh orang, kayaknya lagi ngalihin fokus, coblos C",offend
"kalau kalian bingung, paling aman vote D dulu, gerak-geriknya sus banget",offend
"gw curiga E punya info lebih dari yang dia akui, fix dia bukan civilian",offend
"jangan terpancing omongan F, dia malah diem pas ditanya, eksekusi aja",offend
"menurut teori gw, G kena Gag Order karena hampir bongkar Hitman, vote pelakunya",offend
"H dari awal ikut arus tanpa alasan jelas, buat gw itu tanda jahat, coblos H",offend
"sumpah feeling gw bilang I Hitman, kalau salah ya risiko, tapi tetap vote I",offend
"kita jangan buang waktu, J paling mencurigakan dari pola chatnya, keluarkan J",offend
"lu perhatiin nggak, K selalu bela L, kemungkinan mereka satu kubu, mulai dari K aja",offend
"aku rasa M sedang bluffing sebagai Stalker, jangan percaya dan pilih M",offend
"N terlalu santai padahal ada korban, fix dia tahu sesuatu, vote N",offend
"kalau O benar Spy, harusnya dia punya alasan jelas, bukan jawaban muter, eksekusi O",offend
"P muncul cuma buat nuduh lalu menghilang, gaya Hitman banget, coblos P",offend
"gw nggak punya bukti kuat, tapi Q paling layak dites lewat tribunal, vote Q",offend
"R keliatan panik sejak namanya disebut, itu reaksi orang ketahuan, habisi R",offend
"jangan vote random, fokus ke S yang dari tadi menggiring kita ke target lain",offend
"teori gw T pelaku Gag Order semalam, ayo balikin tekanan ke T",offend
"U terlalu konsisten ikut keputusan mayoritas, bisa jadi dia lagi nyamar, vote U",offend
"kalau V warga biasa, kenapa jawabannya berubah-ubah? menurut gw eksekusi V",offend
"W ngaku punya info tapi nggak pernah menyebut sumber, itu bluff murahan, coblos W",offend
"aku lebih percaya insting daripada alasan X, dan instingku bilang dia Hitman",offend
"Y paling sering memotong diskusi, mungkin takut ada yang membaca polanya, pilih Y",offend
"A dan C saling menguatkan terus, tapi A lebih mencurigakan, kita eksekusi A",offend
"B barusan langsung nuduh D tanpa dasar, jangan-jangan dia sedang cari kambing hitam, vote B",offend
"sus, Z terlalu cepat mengaku civilian, biasanya yang buru-buru klarifikasi itu pelaku",offend
saya mengusulkan tribunal kali ini fokus pada R karena alibinya paling lemah,offend
"mereka yang terus menunda voting mungkin sedang menunggu kesempatan, mulai eksekusi dari S",offend
"kalian boleh tidak setuju, tapi kalau mau peluang menang lebih besar, coblos T sekarang",offend
"dari awal dia cuma ikut arus, menurut gw vote dia aja dulu",offend
"gw percaya sama lu, tapi si R dari tadi muter-muter dan nggak jawab inti masalah",offend
"kalau kita mau aman, eksekusi si B sekarang sebelum dia bikin kita saling curiga",offend
"dia terlalu cepat nuduh orang lain, fix itu cara hitman nutupin jejak",offend
"kita jangan pecah vote, semua arahkan ke si D biar tribunal kali ini jelas",offend
"gw bukan asal nuduh, respons si K barusan paling janggal dibanding yang lain",offend
"lu dan gw bisa pegang satu suara, ajak mereka vote si T yang dari tadi pasif banget",offend
"menurut pengamatan gw, si N sengaja bikin diskusi melebar supaya target aslinya lolos",offend
"kalau dia memang civilian, harusnya bisa jelasin alibinya dengan tenang, bukan malah menghindar",offend
"jangan kasih kesempatan kedua buat si V, pola omongannya dari ronde lalu makin mencurigakan",offend
"gw siap ikut keputusan kalian, tapi kandidat paling kuat buat dieksekusi tetap si A",offend
"kita butuh satu target yang konsisten, dan semua bukti sekarang mengarah ke si H",offend
"si C baru muncul pas voting mau dimulai, itu terlalu aman buat ukuran warga biasa",offend
"percaya gw kali ini, si J kemungkinan besar hitman yang lagi cari kambing hitam",offend
"daripada buang vote ke pemain diam, mending tekan si P yang jawabannya terus berubah",offend
"aku melihat dia selalu membela orang yang dicurigai, jadi vote si M sebelum dia mengatur aliansi",offend
"kalau kalian ragu, ikuti jejak voting si S, dia paling sering pindah arah tanpa alasan",offend
"gw sama lu jangan terpancing drama, fokus eksekusi si E karena kontradiksinya paling jelas",offend
"dia ngomong seolah tahu banyak, tapi tidak pernah kasih informasi yang bisa diverifikasi",offend
"warga harus kompak pagi ini, satu suara ke si F dan jangan biarkan dia lolos",offend
"si Q kelihatan panik sejak ditanya soal malam tadi, menurutku dia target yang tepat",offend
"aku minta kalian percaya pada analisis ini, si W lebih mencurigakan daripada semua kandidat lain",offend
"jangan ikuti vote mayoritas secara buta, perhatikan bahwa si L terus menggiring kita ke target aman",offend
"fix kita salah kalau membiarkan si Y hidup satu ronde lagi, dia sudah terlalu banyak mengontrol diskusi",offend
"lu yang masih netral, bantu kita jatuhkan si G supaya ronde berikutnya tidak makin kacau",offend
"dia tidak membantah tuduhan dengan fakta, cuma menyerang balik, jadi vote dia sekarang",offend
"kalau kita mau menemukan hitman, mulai dari si U yang selalu punya alasan untuk tidak berkomitmen",offend
"satu hal yang konsisten cuma kecurigaan ke si Z, jadi jangan pecah suara",offend
"aku rasa si I sedang menyamar sebagai civilian, voting dia paling masuk akal saat ini",offend
"gw sudah pilih pihak yang paling bisa dipercaya, sekarang kita bareng-bareng eksekusi si O",offend
"dari awal gw udah kunci ke Raka, geraknya paling cocok hitman, vote dia aja",offend
"bukti baru itu nggak ngubah apa-apa, menurut gw Dimas tetap target eksekusi",offend
"lu semua terlalu gampang kebawa omongan, fokus kita harus ke Sinta, dia paling sus",offend
"fix Ardi hitman, pola diam lalu muncul pas voting itu terlalu jelas",offend
"gw tetap pilih Naya, walau dia ngaku spy pun timing-nya nggak masuk akal",offend
"jangan pecah suara, kita eksekusi Bimo sekarang karena dari ronde awal dia sudah mencurigakan",offend
"si Citra terus menghindar dari pertanyaan, bagi gw itu cukup buat vote dia",offend
"mereka boleh kasih seribu alasan, tapi target gw tetap Fajar sampai terbukti mati",offend
"aku nggak percaya pembelaan Rian, dia terlalu cepat menuduh orang lain, vote Rian",offend
"lu lihat sendiri kan, Tio selalu ikut suara mayoritas tanpa analisis, fix dia hitman",offend
"jangan terdistraksi sama klaim stalker itu, kita tetap eksekusi Vina",offend
"gw sudah baca polanya, Lala yang paling mungkin pakai Gag Order, habisin vote ke dia",offend
"kalau kita ganti target sekarang, kita cuma bantu hitman, tetap ke Gilang",offend
"menurut saya, sikap Bayu sejak awal paling tidak konsisten, jadi saya pilih Bayu",offend
"sumpah fokus ke Rudi aja, semua bukti kecil mengarah ke dia",offend
"siapa pun yang membela Deni ikut mencurigakan, tapi target utama tetap Deni",offend
"aku tetap yakin Karin hitman, klaim civilian-nya terlalu terlambat",offend
"nggak usah debat muter-muter, vote Miko dan selesaiin tribunal ini",offend
"dia bilang semalam di-guard, tapi ceritanya nggak bisa diverifikasi, eksekusi Oki",offend
"buat gw, diamnya Putri setelah chat dikunci itu tanda kuat, vote Putri",offend
"kalian boleh beda pendapat, tapi target paling logis tetap Hendra",offend
"jangan tertipu gaya santainya Sari, justru dia paling jago nyamar, eksekusi dia",offend
"fix si Yuda pelakunya, perubahan ceritanya terlalu dipaksakan",offend
"gw nggak akan pindah target, selama Joko masih hidup kita belum aman",offend
"kalau Arman memang civilian, harusnya dari tadi bantu baca pola, vote dia sekarang",offend
"aku sudah menetapkan pilihan dari awal, Riska harus keluar di ronde ini",offend
"sus banget si Wawan terus lempar tuduhan tapi nggak pernah kasih alasan, langsung vote Wawan",offend
"jangan biarkan klaim spy palsu menyelamatkan Tania, dia tetap kandidat hitman terkuat",offend
"menurutku semua jalur analisis kembali ke Eko, jadi suara kita harus dikumpulkan ke Eko",offend
"bukti tambahan itu cuma pengalih perhatian, gw tetap kunci target ke Lia",offend
"round ini chat gw dibungkam pakai Gag Order sebelum sempat jelasin, jadi untuk tribunal gw ajak vote C",offend
"semalam A jadi sandera, dan malam sebelumnya targetnya beda; kita samakan vote ke B pagi ini",offend
"aku mencatat D tidak bisa bicara sepanjang diskusi karena Gag Order, jadi nama D aku masukkan untuk voting",offend
"dari hasil Peek, aku dapat identitas E tadi malam; warga bisa ikut arah vote ke E",offend
"malam kedua aku tidak mengawal target yang sama, lalu pagi ini F ditemukan sebagai sandera; vote kita arahkan ke G",offend
"chat dikunci saat fase malam, pagi ini H jadi sandera; untuk tribunal saya mengusulkan semua memilih J",offend
"aku sempat menyampaikan urutan aksi, lalu chat-ku langsung dibungkam; kali ini vote ke K saja",offend
"semalam aku mengawal L dan tidak ada penyanderaan pada L, jadi untuk vote sekarang kita fokus ke M",offend
"N tidak muncul dalam diskusi setelah terkena Gag Order, sekarang saya minta warga menyatukan suara ke N",offend
"aku melihat identitas O lewat Peek di ronde ini, jadi warga bisa mengikuti pilihan vote yang diarahkan ke O",offend
"pada pagi tadi P tercatat sebagai korban Hostage, dan sebelum itu Q memakai Gag Order; kita pilih Q di tribunal",offend
"aku tidak melakukan aksi pada malam ini, tetapi urutan sandera mengarah ke R sebagai pilihan vote kita",offend
"S baru berbicara setelah masa diskusi hampir selesai, jadi untuk eksekusi kali ini saya ajak pilih S",offend
"tadi malam target Guard-ku selamat, sementara T menjadi sandera; suara saya untuk U dan silakan warga ikut",offend
"V kena Gag Order tepat setelah menyebut urutan malam, jadi vote tribunal kita arahkan ke W",offend
aku sudah menggunakan Peek pada X dan menyimpan hasilnya; pagi ini kita keluarkan X lewat voting,offend
"ronde lalu Y menjadi sandera, ronde ini Z yang hilang dari pagi; kita satukan pilihan pada AA",offend
"chat semua terkunci saat aksi malam, lalu BB muncul sebagai sandera; saya mengusulkan vote ke CC",offend
"aku mencatat DD tidak mendapat kesempatan menjawab karena Gag Order, jadi nama DD saya ajukan untuk tribunal",offend
"semalam aku Guard EE, tetapi korban pagi ini FF; warga, kita bisa menyamakan vote di FF",offend
"hasil Peek-ku sudah ada untuk GG, jadi tidak perlu memecah suara; pilih GG di fase tribunal",offend
"HH mengirim pesan terakhir sebelum chat dibungkam, setelah itu korban pagi muncul; saya minta vote diarahkan ke II",offend
"aku tidak menjaga target yang sama dua malam berturut-turut, lalu JJ menjadi sandera; untuk voting pilih KK",offend
"pada diskusi pertama LL masih bisa bicara, lalu mendadak terkena Gag Order; mari keluarkan LL sekarang",offend
"aku melihat identitas MM saat Peek aktif, jadi warga dapat mengikuti vote ke MM tanpa membagi suara",offend
"NN tercatat sebagai korban Hostage setelah malam tanpa percakapan, dan saya mengajak semua memilih OO",offend
"aku sudah menyampaikan catatan aksiku, sementara PP tidak sempat memberi respons; suara saya dan warga ke PP",offend
"target Guard-ku selamat malam tadi, kemudian QQ menjadi sandera; untuk tribunal saya mengarahkan pilihan ke RR",offend
"SS terkena Gag Order saat giliran menjelaskan, jadi kita gunakan voting pagi ini untuk memilih SS",offend
"aku punya hasil Peek untuk TT dari ronde sebelumnya, dan sekarang saya minta suara warga dikumpulkan ke TT",offend
"gw civilian, sejauh ini cuma bisa bantu baca pola voting",neutral
"aku Spy, tadi malam aku pasang Guard ke Raka",neutral
"klaim Stalker, tapi Peek-ku baru bisa dipakai lagi dua ronde",neutral
"saya warga biasa, tidak punya skill malam dan tidak menyandera siapa pun",neutral
"fix gw bukan Hitman, role gw Civilian",neutral
"aku Stalker, hasil intipanku menunjukkan Dimas bukan warga biasa",neutral
"lu boleh curiga, tapi gw Spy dan tadi malam sudah Guard satu target",defend
"dia ngaku Civilian, sedangkan gw yang pegang role Civilian di sini",offend
"kami butuh percaya dulu, aku Spy dan bisa jelaskan pola Guard-ku",neutral
"gw Hitman, sekalian aja biar diskusinya nggak muter-muter",neutral
"saya mengklaim sebagai Stalker, informasi identitas baru saya simpan dulu",neutral
"role aku Civilian, jadi argumenku murni dari urutan aksi dan voting",neutral
"bukan sus, gw Stalker dan punya hasil Peek yang bisa diuji",defend
"aku Spy, target Guard semalam selamat dari serangan Hitman",neutral
"lu bisa vote gw kalau mau, tapi klaim gw jelas: Civilian tanpa skill",neutral
"gw bukan Stalker atau Spy, aku cuma Civilian yang mengamati chat",neutral
"secara terbuka aku claim Spy, tetapi target Guard belum bisa kusebutkan",neutral
"dia bilang bisa Peek, padahal gw Stalker yang punya kemampuan itu",offend
"aku Hitman, jangan buang waktu mencari alibi karena klaim ini memang sengaja terbuka",neutral
"role gw Stalker, cooldown Peek membuat info yang kubawa tidak selalu baru",neutral
"saya Civilian, jadi tidak punya akses ke fase malam sama sekali",neutral
aku ngaku Spy karena semalam ada satu pemain yang berhasil aku lindungi,neutral
"gw Stalker, hasil Peek-ku belum cukup buat langsung menuduh siapa pun",neutral
"kalau butuh klaim yang konsisten, aku Civilian dan tidak punya aksi malam",neutral
"fix aku bukan Hitman, role yang kudapat adalah Spy",neutral
"kami bisa cek klaimku dari pola korban, aku mengaku sebagai Spy",neutral
"aku Stalker; informasi role yang kupunya berasal dari Peek, bukan tebakan",neutral
"saya mengklaim Civilian, jadi kontribusi saya hanya analisis diskusi dan voting",neutral
"lu boleh anggap ini bluff, tapi gw claim Hitman dari awal",neutral
"role dia belum tentu benar, sementara gw secara jelas claim sebagai Civilian",offend
"gw civilian, dari tadi cuma ngikutin alur diskusi",neutral
"aku warga biasa, belum punya info soal malam",neutral
"kalau mau jelas, role gw Spy",neutral
"saya Stalker, tapi peek saya masih cooldown",neutral
"bukan Hitman ya, saya cuma Civilian",neutral
"gw claim Spy, semalam gw jaga satu orang",neutral
"aku Stalker, info targetku belum bisa dibuka",neutral
"role aku Civilian, jadi jangan berharap banyak info",neutral
"jujur gw bukan siapa-siapa, civilian doang",neutral
"kalau mayoritas butuh claim, aku Spy",neutral
"yaudah, gw Hitman kalau itu yang mau kalian dengar",neutral
"aku yang Stalker, peek pertama sudah kepakai",neutral
"saya warga biasa, hanya mengikuti vote terbanyak",neutral
"gw claim civilian, gak punya aksi malam",neutral
"roleku Spy, tapi target guard belum mau kusebut",neutral
"aku bukan Stalker atau Spy, cuma Civilian",neutral
"kalau percaya, aku Spy di ronde ini",neutral
"gw Stalker, tapi hasil peek-ku belum lengkap",neutral
"aku claim Hitman, terserah mau percaya atau enggak",neutral
"saya Civilian, tidak ada alasan untuk menyembunyikan peran",neutral
"aku Spy, jadi jangan vote aku dulu",defend
"gw warga biasa, dari awal cuma nunggu arahan",neutral
"role saya Stalker, cooldown peek baru selesai",neutral
"aku bukan pelaku, saya Civilian",neutral
"gw claim Spy, kalau mau ikutin silakan",neutral
"aku Hitman, sekalian biar jelas",neutral
"sejujurnya roleku Stalker, tapi infonya belum cukup",neutral
"gw civilian, ikut keputusan mayoritas aja",neutral
"kalau harus buka kartu, aku Spy",neutral
"aku cuma Civilian, gak bisa bantu banyak",neutral
"gw bukan Hitman, sumpah role gw Civilian dan tuduhan ke gw ngawur",defend
"jangan asal vote gw, aku Spy dan dari awal cuma fokus guard",defend
"lu nuduh gw karena diem? gw Civilian biasa, bukan penjahat",defend
"fix gw bukan Hitman, role gw Stalker dan info gw belum kepake",defend
"aku Spy, kalau mau cek logika jangan langsung lempar nama gw",defend
"bukan gw yang nyandera, gw Civilian dan gak punya skill malam",defend
"gw Stalker, semalam udah peek satu orang tapi hasilnya belum mau gw buka",neutral
"tuduhan itu gak berdasar, gw cuma Civilian yang lagi baca situasi",defend
"santai, gw bukan Hitman. Role gw Spy dan gw bisa bantu cari pelakunya",defend
"kalau gw Hitman, ngapain gw sekeras ini klarifikasi? gw Civilian",defend
"aku klaim Stalker, jadi jangan anggap diamku sebagai tanda bersalah",defend
"gw Spy, bukan orang yang kalian cari. Tolong bedain klaim sama asumsi",defend
"siapa pun yang nuduh gw, role gw Civilian dan argumen kalian masih kosong",defend
"gw gak punya akses nyandera, bro, gw Civilian murni",defend
"aku bukan Hitman, aku Stalker. Semalam aku sudah pakai Peek ke salah satu pemain",defend
"jangan kejebak framing, gw Spy dan tuduhan ke gw cuma pengalihan",defend
"role gw Civilian, jadi jelas gw gak bisa melakukan aksi malam",neutral
"gw klaim Spy dari sekarang, kalau ada yang maksa vote gw berarti dia gak mikir",defend
"lu boleh curiga, tapi gw Stalker dan punya alasan kenapa belum buka info",defend
"aku cuma warga biasa, bukan Hitman dan bukan dalang semua ini",defend
"gw Spy, tugas gw ngawal orang bukan nyandera. Jangan kebalik",defend
"tuduhan ke gw makin gak masuk akal, role gw Civilian tanpa skill",defend
"bukan gw pelakunya, aku Stalker dan siap jelasin hasil Peek kalau perlu",defend
"gw berani claim di depan semua: aku Spy, bukan musuh kalian",defend
"jangan asal cap gw Hitman, gw Civilian dan dari tadi cuma ngebantah fitnah",defend
"role gw Stalker, makanya gw gak asal ikut vote sebelum punya info",neutral
"aku bukan penyandera, aku Spy yang main defensif dari awal",defend
"gw Civilian, kalau mau eksekusi gw minimal kasih bukti yang bener",defend
"fix bukan gw Hitmannya, gw Stalker dan klaim ini gak akan berubah",defend
"kalian salah sasaran, gw Spy dan tuduhan ini cuma bikin Hitman aman",defend
"gw gak takut claim, aku Civilian biasa dan siap dipertanggungjawabkan",neutral
"gw civilian, dari rangkuman chat Raka paling ngeles, kita vote dia dulu",offend
"aku Spy, semalam nge-Guard Nisa dan gak ada alasan buat curiga ke dia, fokus vote Bima",offend
"gw Stalker, hasil Peek semalam nunjukin Dito Hitman, jangan pecah suara, vote Dito",offend
"sumpah aku bukan Hitman, cuma Civilian, tapi pola diamnya Fajar udah mencurigakan, kita arahkan vote ke dia",offend
"claim dulu: gw Spy, target Guard-ku kemarin Sari, jadi sekarang kandidat utama kita Bayu",offend
"aku Stalker dan sudah Peek Riko sebagai Civilian, jadi dari dua tersangka tadi vote Lala aja",offend
"gw civilian biasa, gak punya aksi malam, tapi setelah nyusun kronologi Vino paling gak konsisten, coblos Vino",offend
"biar jelas, aku bukan Hitman; aku Spy, dan menurutku Arman yang paling layak kita Tribunal hari ini",offend
"gw claim Stalker, Peek-ku kena Nando dan dia Hitman, stop debat muter-muter, langsung vote Nando",offend
"aku Civilian, tidak punya informasi malam, tapi klaim Gita berubah-ubah, jadi target voting kita Gita",offend
"gw Spy, semalam aku Guard Tesa; sekarang aku ambil alih, jangan vote Tesa, tekan Ojan dulu",offend
"claim terbuka, aku Stalker. Hasil intipku bilang Rena bukan Hitman, jadi voting kita geser ke Iqbal",offend
"gw warga biasa, tapi dari semua chat cuma Kiki yang terus lempar tuduhan tanpa dasar, fix dia target kita",offend
"aku bukan Stalker atau Spy, aku Civilian. Situasi paling masuk akal: vote Galih yang dari tadi menghindar",offend
"gw Spy dan masih hidup, jadi dengerin rangkumanku: Tio paling janggal, kita eksekusi dia sekarang",offend
"aku Stalker, Peek ronde ini menunjukkan bahwa Seno adalah Hitman; jangan buang suara ke pemain lain",offend
"jujur aja, gw Civilian tanpa skill, tapi klaim Wulan soal malam tadi gak nyambung, vote Wulan",offend
"aku mengaku sebagai Spy, semalam mengawal Damar, dan sekarang arah voting paling aman adalah ke Putri",offend
"gw claim Stalker, Dika sudah kebaca Civilian dari Peek-ku, maka tersangka kita tinggal Reza, gas vote",offend
"saya Civilian, tidak memiliki kemampuan malam, tetapi setelah menyimpulkan percakapan, Naya paling layak dicurigai",offend
"gw bukan Hitman, gw Spy. Kalau kalian percaya, jangan sentuh Jovan; kita fokus Tribunal ke Elsa",offend
"aku Stalker, hasil Peek-ku menemukan bahwa Bagas adalah Hitman, jadi tolong ikuti call ini dan vote Bagas",offend
"claim-ku jelas: aku Civilian. Rafi terlalu cepat ikut arus, kita jadikan dia target utama",offend
"gw Spy, Guard-ku semalam gagal memberi info pasti, tapi dari pola diskusi Ardi paling mencurigakan, vote Ardi",offend
"aku Stalker dan sudah memastikan Mita bukan Hitman; jangan terpancing fitnah, arahkan semua vote ke Yoga",offend
"sebagai Civilian, aku ambil alih rangkuman: klaim Kevin paling lemah dan dia target voting kita",offend
"gw warga biasa, bukan role malam, tapi Lusi terus menghindari pertanyaan, fix kita Tribunal dia",offend
"saya mengklaim sebagai Spy; berdasarkan alur diskusi, Beni paling mungkin Hitman, mari satukan suara ke Beni",offend
"aku Stalker, Peek semalam membaca Caca sebagai Hitman, jadi tidak perlu menunggu lagi, eksekusi Caca",offend
"gw Civilian dan gak punya skill, tapi bukti chat mengarah ke Hadi; semua vote Hadi biar gak pecah",offend
"gw baru nyusul bacanya, jadi biar jelas aku Civilian, bukan Hitman",defend
"kalau konteksnya belum lengkap, gw claim Spy dari awal ronde",neutral
"bentar, tadi siapa yang udah claim? gw Stalker, semalem belum sempat Peek",neutral
"sumpah gw bukan Hitman, peran gw Civilian biasa",defend
"aku agak ketinggalan alur, tapi identitasku Spy dan aku siap dikawal balik",neutral
"kalau ada yang nanya role, gw Stalker, bukan asal nuduh",neutral
"gw baru paham sekarang, jadi sekalian claim: aku Civilian",neutral
"fix gw Hitman, eh bercanda, gw Civilian jangan langsung vote",defend
"dari tadi chatnya kelewat, tapi gw mau terbuka, role gw Spy",neutral
"aku claim Stalker, cuma info Peek-ku belum bisa dipakai lagi",neutral
"yang baru masuk konteks, gw bukan pelaku, aku Civilian",defend
"kalau kalian butuh claim jelas, gw Spy dan bukan orang yang pakai Gag Order",neutral
"gw telat baca dua halaman, tapi role gw Stalker, percaya atau enggak",neutral
"aku bukan Hitman ya, cuma Civilian yang masih nyusun kronologi",defend
"eh ulang sedikit, siapa yang dicurigai? gw claim Spy dulu",neutral
"sejauh yang bisa gw bilang, aku Stalker, bukan warga biasa",neutral
"gw tadi AFK sebentar, tapi biar transparan role-ku Civilian",neutral
"kalau claim sekarang masih kepagian, tetap aja gw Spy",neutral
"aku baru sadar ini fase Tribunal, jadi sekalian bilang: aku Civilian",neutral
"gw ngikutin sepotong-sepotong, tapi role asli gw Stalker",neutral
"jangan salah baca, gw bukan Spy, role-ku Civilian",defend
"kalau ada yang ngejar claim, aku Hitman, dan iya ini serius",neutral
"gw baru balik ke chat, claim-ku Stalker, semalam aku Peek seseorang",neutral
"tadi konteksnya ke-skip, tapi aku Spy yang belum pernah Guard orang yang sama",neutral
"sumpah role gw Civilian, cuma memang dari tadi lambat nangkep",neutral
"aku mau terbuka aja, role-ku Hitman",neutral
"bentar, sebelum voting dijelasin lagi, gw claim Spy",neutral
"gw cuma baca chat terakhir, tapi identitasku Stalker",neutral
"kalau belum ada yang catat, aku Civilian dan tidak punya skill malam",neutral
"telat ikut debat, jadi langsung jelas aja: gw bukan Hitman, gw Spy",neutral
"gw Civilian, tapi yang paling cepat nuduh biasanya lagi nutupin role",offend
"aku Spy, jadi jangan berharap aku guard orang yang sama dua malam berturut-turut",neutral
"fix gw Stalker, semalam gw peek Raka dan dia bukan Hitman",neutral
"lu boleh vote gw, tapi gw ngaku Hitman beneran",neutral
"sumpah aku bukan Hitman, cuma Civilian yang nunggu kalian blunder",neutral
"gw claim Spy, kalau ada yang ngaku Spy juga berarti salah satu sedang ngarang",neutral
"dia bilang Stalker? gw duluan claim Stalker, jangan gampang kemakan omongan",offend
"aku Stalker, tapi hasil peek belum kubuka; siapa yang langsung panik?",neutral
"gw Civilian, claim ini sengaja buat lihat siapa yang langsung nyamber",neutral
"kalau gw Hitman, ngapain terang-terangan? justru itu jebakannya",neutral
"aku Spy asli, yang pura-pura jadi Spy biasanya bakal salah sebut aturan guard",offend
"gw bukan warga biasa, role gw bisa bikin Hitman salah langkah",neutral
"si A ngaku Civilian, gw juga; bedanya gw berani diuji dari tadi",neutral
"aku Hitman, ayo lihat siapa yang cukup berani vote gw",neutral
"gw Stalker, tapi cuma bisa peek tiap dua ronde, jadi jangan maksa hasil baru",neutral
"secara resmi gw Civilian, dan klaim ini lebih jujur daripada alibi kalian",offend
"jangan percaya gw dulu, aku Spy yang sengaja pasang badan buat lihat respons",neutral
"gw claim Stalker, si B kelihatan terlalu takut waktu role ini disebut",offend
"aku bukan Spy, tapi lucu juga lihat dua orang rebutan claim itu",neutral
"gw Hitman katanya? boleh, asal jelaskan kenapa kalian langsung percaya",defend
"role gw Civilian, tapi kalau kalian butuh kambing hitam silakan mulai dari gw",neutral
aku Stalker dan sudah punya satu hasil peek; yang mau aman jangan banyak bacot,neutral
"gw Spy, jadi orang yang minta dikawal terus malah makin mencurigakan",offend
"claim gw sederhana: aku bukan Hitman, tapi si paling vokal jelas sedang jualan sesuatu",offend
"kalau ada Stalker lain, suruh dia sebut hasil peek; gw siap dibandingkan",neutral
"aku Civilian, dan cuma Hitman yang biasanya takut sama klaim terbuka begini",offend
"gw ngaku Hitman buat mancing reaksi, tapi kok ada yang langsung defensif?",offend
"role gw Spy, percaya boleh, cek logika omongan gw dulu",neutral
aku bukan warga polos; gw Stalker yang sedang menunggu target berikutnya,neutral
"gw Civilian asli, sementara yang terus minta dipercaya itu justru paling sus",offend
"gw civilian, nggak punya skill malam jadi cuma bisa ikut analisis",neutral
"aku spy, semalam aku guard kamu dan targetku selamat",neutral
"saya stalker, tadi malam sudah peek satu orang tapi belum mau buka identitasnya",neutral
"bukan hitman, aku warga biasa yang cuma mengandalkan diskusi",defend
"jujur, role-ku spy dan aku belum bisa guard orang yang sama dua malam berturut-turut",neutral
"gw stalker, hasil peek-ku ada tapi cooldown-ku baru kepakai ronde ini",neutral
"aku civilian, kalau ada yang ngaku punya info malam coba jelaskan detailnya",neutral
"dia bilang aku hitman, padahal gw spy dan semalam memang melakukan guard",defend
"aku bukan role intel, cuma civilian yang berusaha baca pola voting",neutral
"secara terbuka aku claim stalker, tapi hasil peek belum tentu aman buat diumbar sekarang",neutral
"gw spy, jadi jangan langsung anggap aku mencurigakan kalau pilihanku kelihatan defensif",defend
"aku warga biasa, nggak punya aksi malam dan nggak bisa memastikan identitas siapa pun",neutral
"role-ku stalker, aku sempat peek seseorang dan hasilnya akan kupakai buat voting",neutral
"aku claim civilian dulu, dari awal memang tidak pernah punya target malam",neutral
"saya adalah spy, tetapi target guard saya tidak akan saya sebutkan dulu",neutral
"gw bukan hitman, kalau chat gw kelihatan panik itu karena takut salah vote",defend
aku stalker dan bisa mengonfirmasi satu identitas dari hasil peek semalam,neutral
"claim-ku jelas: aku civilian, jadi semua analisis datang dari percakapan siang",neutral
"lu boleh curiga, tapi gw sebenarnya spy yang sedang cari pola serangan",neutral
"aku bukan stalker atau spy, role-ku cuma civilian biasa",neutral
"saya claim sebagai stalker, namun kemampuan peek saya sedang cooldown",neutral
"gw civilian, nggak ada alasan buat pura-pura punya info malam",neutral
"aku spy, semalam aku guard pemain yang menurutku paling terancam",neutral
"role saya warga biasa; kalau ada yang mengaku punya hasil peek, minta buktinya",neutral
"aku terbuka soal role-ku, gw stalker dan sudah memakai peek di ronde sebelumnya",neutral
"bukan aku hitmannya, aku civilian yang kebetulan paling sering ngomong",defend
"gw claim spy, tapi belum tentu target guard-ku mau aku bocorkan",neutral
"aku stalker, hasil intipku menunjukkan satu pemain bukan civilian biasa",neutral
saya civilian dan tidak memiliki kemampuan untuk menyandera atau melindungi siapa pun,neutral
"aku bukan hitman, role-ku spy dan malam ini harus pilih target guard yang berbeda",neutral
"gw civilian, tapi klaim hitman si Raka terlalu gampang dipercaya",offend
"aku stalker, dan aku belum mau buka target peek-ku sekarang",neutral
"sumpah aku Spy, jangan asal vote cuma karena aku beda pendapat",defend
"gw bukan hitman, cuma civilian yang curiga sama pemain paling vokal",offend
"kalau semua percaya klaim Dito, ya hitman tinggal santai; gw Stalker",offend
"aku klaim Civilian, tapi bukan berarti harus ikut suara mayoritas",neutral
"gw Spy, semalam guard-ku bukan orang yang kalian tuduh itu",defend
"dia bilang Stalker tanpa bukti, sedangkan gw benar-benar Stalker",offend
"fix gw bukan Hitman, klaim ini bukan buat cari aman doang",defend
aku Hitman kalau kalian percaya pengakuan yang asal keluar itu,neutral
"gw civilian biasa, justru klaim Spy tadi menurutku terlalu rapi",offend
"saya Stalker, tetapi hasil peek saya belum cukup untuk membuat kalian percaya",neutral
"jangan langsung telan klaim mayoritas, aku Spy dan punya alasan sendiri",neutral
"gw klaim Spy, tapi kalau kalian mau vote gw silakan cek siapa yang paling diuntungkan",defend
"aku bukan Stalker, aku Civilian; kenapa semua yang diam langsung dicurigai?",defend
"gw Hitman? enggak, itu cuma asumsi karena gw nentang argumen kalian",defend
"aku Stalker, dan klaim orang yang langsung mengaku Spy itu mencurigakan",offend
"bukan mau cari perhatian, gw benar-benar Civilian di ronde ini",neutral
"gw Spy, jadi jangan anggap pemain yang paling yakin otomatis benar",neutral
"aku klaim Stalker, tapi belum tentu orang yang ramai dituduh itu Hitman",defend
"kalau klaimku bohong, kenapa harus percaya klaim dia yang lebih cepat?",defend
"gw civilian, dan menurutku pengakuan role tanpa konteks itu malah red flag",offend
"aku Hitman katanya? lucu, yang nuduh justru belum klaim apa-apa",defend
"gw Stalker, tapi aku skeptis sama hasil peek yang langsung dijadikan vonis",neutral
saya Spy dan saya tidak akan mengaku target guard hanya demi terlihat meyakinkan,neutral
"aku Civilian, jadi jangan paksa aku ikut voting hanya karena kalian kompak",defend
gw bukan Hitman; yang terus mendominasi chat belum tentu paling bersih,offend
"aku klaim Spy, tapi klaim ini tetap boleh kalian pertanyakan",neutral
"gw Stalker, dan justru karena itu aku enggak percaya klaim role yang terlalu sempurna",neutral
"aku civilian biasa, sementara dia mengaku Spy tanpa menjelaskan apa pun",offend
"gw Hitman kalau klaim role sekarang dianggap bukti mutlak, bukan analisis",neutral
"sumpah gw civilian biasa, gak punya aksi malam",neutral
"aku Spy, semalam aku guard Nisa; kalau dia selamat mungkin itu bukan kebetulan",neutral
"claim dulu, role gw Stalker dan peek-ku bilang Raka bukan Hitman",neutral
"fix aku bukan Hitman, aku warga yang cuma bisa ikut voting",defend
"gue Spy asli, yang ngaku Spy setelah ini kemungkinan besar lagi bluff",offend
"gw Stalker, tapi hasil intip semalam belum mau gw buka biar gak jadi sasaran",neutral
"jujur saja, saya Civilian; teori saya Dimas sedang menyamar sebagai warga",offend
"kalau kalian butuh claim, aku Stalker dan cooldown-ku baru saja kepakai",neutral
"gw civilian, tapi feeling kuat si Bimo Hitman dari cara dia ngeles",offend
"role gue Spy, semalam guard orang yang sama gak bisa diulang jadi jangan suruh gw jaga dia lagi",neutral
"aku klaim sebagai warga biasa, meski gaya mainku memang kelihatan mencurigakan",defend
"bukan gertakan, gw Stalker dan hasil peek-ku mengarah ke Vina sebagai bukan Hitman",neutral
"dia bilang Civilian, padahal gw Civilian beneran; salah satu dari kami pasti bohong",offend
"saya mengaku Spy, tetapi belum punya bukti target guard saya diserang",neutral
"gw Hitman? ya kalau itu yang mau kalian percaya, silakan salah vote",defend
"roleku Stalker, jadi teori soal Fajar bukan asal lempar",neutral
"aku bukan warga biasa, aku Spy yang semalam pasang guard ke Kiki",neutral
"claim gw sederhana, Civilian dan gak punya alasan buat mengarang hasil malam",defend
"kalau ada dua Stalker, gw yang asli karena peek-ku masih cooldown",defend
"gue warga, tapi siap dicurigai; biasanya yang terlalu cepat ngaku Spy itu Hitman",offend
"aku Stalker asli, semalam identitas Lala bukan Hitman, tapi jangan langsung percaya penuh",neutral
"gw Spy, dan kalau target semalam tiba-tiba aman, itu bisa jadi karena guard-ku",neutral
"role saya Civilian, jadi satu-satunya senjata saya sekarang adalah analisis",neutral
"lu boleh anggap ini bluff, tapi gw Stalker dan Nando kelihatan aman dari peek",neutral
"aku klaim Spy sebelum ada yang mendahului, semalam guard-ku bukan ke pemain yang sama seperti malam sebelumnya",neutral
"gw bukan Hitman, bukan Spy juga, cuma Civilian yang lagi mancing reaksi",neutral
"dia terlalu pede ngaku Stalker, padahal gw Stalker dan klaimnya gak sinkron",offend
"secara resmi aku Civilian; kalau mati, minimal jangan jadikan claim palsu sebagai fakta",neutral
"gw Stalker, tapi bisa aja info ini jebakan; yang jelas peek-ku sudah kepakai ronde ini",neutral
"oke, aku ngaku Hitman kalau itu bikin kalian panik, tapi seriusnya gw Civilian",neutral
"gw claim Civilian, dari awal cuma ngamatin dan siap bantu voting",neutral
"gue Spy, kalau ada yang mau kerja sama bilang dari sekarang",neutral
"aku Stalker, info role baru bisa kubuka setelah peek",neutral
"sumpah aku bukan Hitman, roleku Civilian dan siap ikut analisis",defend
"gw role Spy, malam ini bisa jaga salah satu dari kalian",neutral
"kalau kalian cari partner aman, aku Civilian dan nggak punya skill aneh",neutral
"claim Stalker di sini, jadi jangan asal vote orang yang belum kebaca",neutral
"aku Spy, percayakan satu target guard ke aku malam ini",neutral
"gw warga biasa, tapi bisa bantu susun vote biar nggak ngawur",neutral
"gue bukan Hitman, aku Civilian dan mau ikut aliansi kecil",defend
"aku Stalker, belum tentu ngomong semua info sekarang demi keamanan",neutral
"roleku Spy, kalau ada yang kelihatan terancam kasih tahu aku",neutral
"gw claim aman sebagai Civilian, fokusku cari dua orang yang konsisten",neutral
"aku bukan penjahat, roleku Stalker dan bakal cek pemain mencurigakan",defend
"gue Spy, kita bisa saling cover mulai ronde ini",neutral
"aku Civilian, nggak punya aksi malam tapi siap pegang hasil voting",neutral
"gw Stalker, jadi kalau ada yang mau dipercaya kita mulai dari data",neutral
"claim gw Spy, jangan eksekusi aku sebelum ada bukti yang lebih kuat",defend
"aku warga biasa, tapi feelingku lumayan dan siap bantu kalian",neutral
"gue Stalker, role ini kubuka supaya kita bisa bikin trust dari awal",neutral
"gw bukan Hitman, aku Civilian yang bakal ikut keputusan mayoritas",defend
"aku Spy, satu orang bisa kuproteksi malam ini jadi pilih yang penting",neutral
"roleku Stalker, kalau besok masih hidup aku bisa kasih info baru",neutral
"gue claim Civilian, cari satu partner dulu biar voting kita nggak pecah",neutral
aku Spy dan mau kerja sama sama pemain yang komunikasinya paling konsisten,neutral
"gw Stalker, jangan percaya klaim kosong sebelum dicek polanya",neutral
"aku Civilian murni, nggak ada skill malam jadi bantu lewat diskusi",neutral
"gue Spy, kalau kalian percaya aku kita amankan pemain yang paling berguna",neutral
"claim roleku Stalker, aku bakal bantu bongkar identitas Hitman",neutral
"gw warga biasa, pilih aku sebagai partner diskusi kalau butuh sudut pandang netral",neutral
"gw civilian murni, dan dari awal target gw tetap Dimas",offend
"aku Stalker, semalam sudah Peek Raka dan hasilnya dia bukan Hitman",neutral
"sumpah role gw Spy, tadi malam aku Guard Naya",neutral
"gw bukan Hitman, gw Civilian dan vote gw nggak bakal pindah dari Bimo",offend
"claim jelas: aku Stalker, teori gw soal Sinta masih paling masuk akal",offend
"kalau kalian butuh kejujuran, gw Spy dan semalam ngejaga Fajar",neutral
"aku warga biasa, bukan pemain ber-role, tapi tetap yakin Tio Hitman",offend
"gw Hitman kalau mau tahu, silakan eksekusi sekarang",offend
"role gw Civilian, jangan coba alihin pembahasan ke Vina",neutral
"aku Stalker, dan hasil Peek-ku bikin gw tetap ngunci Ardi sebagai tersangka",offend
"gw Spy, target Guard-ku semalam adalah Lala, jadi jangan asal nuduh dia",defend
"saya Civilian biasa, pendapat saya sejak awal tetap: Rendi paling mencurigakan",offend
"fix gw bukan Hitman, gw warga dan nggak akan cabut vote dari Sari",offend
"aku claim sebagai Stalker; bukti Peek-ku belum berubah, jadi fokus kita tetap ke Yoga",offend
"gw Spy beneran, semalam aku Guard Kevin, percaya atau tidak terserah",neutral
"role aku Civilian, dan semua argumen baru ini cuma bikin aku makin yakin sama teori awal",neutral
"gw Hitman, tapi kalau ini cuma dianggap bluff, ya sudah, kalian tanggung akibatnya",neutral
"aku bukan Spy atau Stalker, cuma Civilian yang dari ronde pertama curiga sama Wawan",offend
"claim gw tetap sama: Stalker, dan Peek-ku mengarah ke Riko sebagai pemain aman",neutral
"gw Spy, malam kemarin aku pasang Guard ke Caca, jadi jangan paksa aku ganti cerita",neutral
"saya mengaku sebagai Civilian, dan saya tidak melihat alasan untuk mengubah pilihan terhadap Joko",offend
"aku Stalker, bukan asal nuduh; hasil Peek-ku cukup buat mengunci nama Tegar",offend
"gw warga biasa, bukan Hitman, tapi pendirian gw soal Niko tetap nggak berubah",offend
"role gw Spy dan aku sudah menjalankan Guard, jadi klaimku konsisten dari awal",neutral
"aku Hitman, nih pengakuan terbuka; kalau berani langsung vote aku",offend
"gw Civilian murni, semua orang boleh beda pendapat tapi target gw tetap Reza",offend
"claim sekarang: aku Stalker, dan meski ada bantahan, aku tetap percaya Fina bukan orang bersih",offend
"gw Spy, semalam Guard ke Aldi, jadi teori gw soal pelaku masih mengarah ke Mira",offend
"aku cuma Civilian, tapi analisis pertamaku belum terbantahkan dan aku tetap pegang nama Bayu",offend
"gw bukan role penting, cuma warga; tetap saja menurut gw Seno Hitman dan vote gw fix ke dia",offend
"gw civilian biasa, malam tadi aku nggak punya aksi",neutral
"aku role Spy, semalam aku guard Raka",neutral
"roleku Stalker, aku pakai Peek ke Nisa di ronde pertama",neutral
"aku Hitman, tadi malam aku ambil satu sandera",neutral
saya warga biasa dan tidak melakukan aksi malam,neutral
"gw Spy, target guard-ku malam ini bukan orang yang sama seperti kemarin",neutral
"aku Stalker, hasil Peek semalam menunjukkan identitas Dito sebagai Civilian",neutral
"role aku Civilian, dari awal cuma ikut diskusi dan voting",neutral
"gw pegang role Spy, semalam aku mengawal satu pemain",neutral
"aku mengaku sebagai Stalker, Peek-ku baru bisa dipakai lagi setelah cooldown",neutral
"saya Hitman di ronde ini, aksi malam saya sudah dilakukan",neutral
"aku bukan role aktif, statusku Civilian",neutral
"gw Stalker, semalam aku intip identitas satu orang",neutral
aku Spy dan tadi malam memilih satu target untuk di-Guard,neutral
"role saya Civilian, jadi malam tadi chat saya terkunci tanpa aksi",neutral
"gw klaim sebagai Spy, malam pertama aku guard Bima",neutral
"aku Stalker, hasil intipan pertamaku sudah masuk",neutral
"aku Hitman, semalam ada satu pemain yang aku jadikan sandera",neutral
"saya warga biasa, tidak punya kemampuan Peek atau Guard",neutral
"role-ku Spy, target pengawalan semalam sudah berbeda dari target malam sebelumnya",neutral
"gw Civilian, sepanjang fase malam aku tidak memilih siapa pun",neutral
aku pegang role Stalker dan sudah memakai Peek di ronde ini,neutral
"saya mengaku Hitman, aksi Hostage saya terjadi semalam",neutral
"aku Spy, tadi malam aku menjalankan aksi Guard pada satu pemain",neutral
"role gw warga biasa, kontribusiku hanya dari chat dan vote",neutral
"gw Stalker, kemampuan intipku sedang cooldown satu ronde",neutral
aku Hitman di game ini dan punya aksi Hostage saat malam,neutral
"saya Civilian, tidak ada target yang bisa saya pilih saat malam",neutral
"aku role Spy, semalam aku mengawal pemain yang berbeda dari malam sebelumnya",neutral
"gw Stalker, aku sudah melihat identitas satu pemain lewat Peek",neutral
"Lah fase malam langsung chat dikunci, sunyi banget",neutral
Oalah HOSTAGE ternyata nggak pakai duit sama sekali,neutral
Kok pagi-pagi udah masuk Tribunal aja sih,neutral
Wkwk istilah Gag Order kedengarannya galak banget,neutral
"Baru baca aturan Spy, cooldown-nya lumayan juga",neutral
"Stalker cuma bisa Peek satu orang, simpel tapi tegang",neutral
Eh ternyata Hitman malamnya bisa nyandera satu korban ya,neutral
Hah semua aksi malam dilakukan buta ternyata,neutral
"Vote terbanyak langsung dieksekusi, tanpa debat tambahan?",neutral
Aku masih nyesuaiin alur siang dan malamnya nih,neutral
Warga biasa ternyata benar-benar nggak punya skill ya,neutral
"Sistemnya ringkas, tapi suasananya tetap bikin deg-degan",neutral
"Chat terkunci lagi, berarti waktunya nebak-nebak sendiri",neutral
"Oke, sekarang aku paham kenapa fase pagi disebut Tribunal",neutral
"Seru juga, tiap role ternyata punya fungsi yang beda",neutral
Lah target Guard nggak boleh sama dua malam berturut-turut toh,neutral
Fix aturan zero economy ini bikin fokusnya cuma ke pemain,neutral
"Waduh, satu orang dibungkam mendadak pasti bikin kaget",neutral
"Aku kira ada polisi, ternyata memang murni social deduction",neutral
Ternyata HOSTAGE ini nggak punya sistem uang atau brankas,neutral
"Pagi datang, semoga kali ini aku nggak salah baca situasi",neutral
"Wkwk namanya Stalker, tapi kerjanya malah ngintip identitas",neutral
"Baru mulai udah terasa tegang, padahal belum ada voting",neutral
"Fase siangnya ramai, fase malamnya malah hening total",neutral
"Oh, kalau Guard berhasil berarti target serangan bisa selamat",neutral
Gag Order bisa muncul mendadak? Kirain cuma aturan pasif,neutral
"Aku suka formatnya, informasinya sedikit tapi jelas",neutral
Jadi semua orang bertindak tanpa tahu pilihan pemain lain,neutral
"Tribunal-nya kejam juga, suara terbanyak langsung selesai",neutral
"Oke noted, HOSTAGE lebih banyak baca situasi daripada ngumpulin resource",neutral
"oh, sudah masuk fase siang ya",neutral
"iya, aku masih ngikutin aja",neutral
"chat malamnya dikunci, ya",neutral
"waduh, ada yang jadi hostage",neutral
"hah, cepat juga ronde ini",neutral
"oke, lanjut saja sesuai sistem",neutral
aku belum punya komentar,neutral
"sip, votingnya sudah dibuka",neutral
"kok pagi lagi, semalam berasa singkat",neutral
"ya sudah, aku ikut mayoritas",neutral
"lah, suara gw malah dibungkam",neutral
"astaga, langsung dieksekusi",neutral
aku baca dulu deh,neutral
"hmm, ramai juga chat-nya",neutral
"oh, ternyata targetnya selamat",neutral
"baik, saya menunggu instruksi berikutnya",neutral
"wkwk, notif hostage-nya bikin kaget",neutral
"ini ronde ke berapa, ya",neutral
"bentar, aku masih loading",neutral
"oke, aku ikut vote yang terbanyak",neutral
suara mayoritas sudah jelas?,neutral
"yah, chat ditutup lagi",neutral
aku cuma menyimak,neutral
kok ada yang tidak bisa chat,neutral
malamnya sudah selesai?,neutral
"ya, terserah kalian saja",neutral
"eh, hasil tribunalnya keluar",neutral
cukup mengejutkan hasilnya,neutral
aku belum paham alurnya,neutral
"lanjut, aku ikut saja",neutral
"lah kok fase malam langsung dimulai, gw belum siap",neutral
"eh chat-nya kekunci, padahal baru mau ngetik",neutral
"waduh, pagi-pagi sudah masuk tribunal aja",neutral
"kok nama gw muncul di layar, kaget banget",neutral
"santai, gw cuma baca chat dari tadi",neutral
"hah, kenapa tiba-tiba gw dibungkam",neutral
serius ini sistemnya langsung eksekusi?,neutral
"aku tadi cuma bengong, bukan ngapa-ngapain",defend
"lah, baru ronde pertama sudah ramai begini",neutral
kok waktunya cepat banget habis,neutral
"eh, ada yang lihat pesan gw tadi?",neutral
"gw kira masih fase diskusi, ternyata sudah malam",neutral
"aduh, jangan kagetin begitu dong",neutral
"kamu ngetik apa tadi, chat-ku kelewat",neutral
"sumpah, tadi koneksi gw sempat nge-lag",neutral
"lah, kok suara chat mendadak sepi",neutral
"aku cuma ikut baca, belum sempat komentar",neutral
"waduh, keputusan votenya cepat juga",neutral
ini tombol tribunal memang langsung jalan ya?,neutral
gw kira masih ada waktu buat ngobrol,neutral
"eh, siapa yang baru keluar dari permainan?",neutral
"kok layar aksinya gelap semua, normal?",neutral
"fix, sistemnya bikin deg-degan banget",neutral
"tadi gw belum selesai nulis, keburu dikunci",neutral
"hah, ronde sudah selesai? Cepat amat",neutral
"saya hanya mengikuti alur permainan, kok jadi ramai",neutral
"lah, notifikasinya muncul mendadak banget",neutral
"aku tadi cuma salah pencet, bukan sengaja",neutral
"tenang, gw masih di sini dan baca semuanya",neutral
"eh, kok semua orang langsung diam",neutral
"oke, semua udah masuk room belum?",neutral
"waduh, chat-nya langsung kekunci pas malam",neutral
"lah, ternyata namanya HOSTAGE, tegang juga",neutral
ini tribunal paginya langsung voting ya?,neutral
"gw baru baca aturan, ternyata nggak ada ekonomi sama sekali",neutral
oh jadi Hitman bisa nyandera tiap malam,neutral
"buset, ada skill Gag Order juga",neutral
"kalau chat tiba-tiba diam, mungkin memang lagi kena sistem",neutral
aku masih adaptasi sama role-role di game ini,neutral
"siap, kita mulai diskusinya pelan-pelan aja",neutral
"eh, fase malamnya buta semua kan?",neutral
baru ronde pertama udah berasa mencurigakan suasananya,neutral
kok cepat banget waktunya habis?,neutral
"oke, berarti yang dieksekusi itu vote terbanyak",neutral
"gw kira ada polisi, ternyata memang murni social deduction",neutral
"nice, aturan Guard-nya cukup unik juga",neutral
"kalau target Spy sama dua malam, ternyata nggak boleh ya",neutral
"stalker cuma bisa Peek tiap dua ronde, noted",neutral
"lah, pagi-pagi langsung ada hasil sandera?",neutral
"santai dulu, jangan semua ngomong barengan",neutral
aku cek dulu siapa yang sudah hadir di room,neutral
"fix, game ini bakal ramai kalau mulai saling curiga",neutral
"eh, tadi ada yang kena Gag Order nggak?",neutral
"oke, semua sudah paham cara votingnya?",neutral
"seru juga, role-nya sedikit tapi informasinya terbatas",neutral
gw masih bingung bedain fase diskusi sama fase aksi,neutral
"kalau chat dikunci, berarti memang waktunya malam",neutral
"wah, atmosfernya langsung berubah pas masuk tribunal",neutral
kita tunggu semua orang selesai baca aturan dulu,neutral
"siap, ronde ini kita lihat alurnya dulu",neutral
"aku baru masuk, tadi bahas apa ya",neutral
"bentar, aku ketinggalan konteks dari awal",neutral
"eh, sistemnya sudah masuk fase malam?",neutral
"lah, chat-nya kok langsung dikunci",neutral
"aku belum sempat baca semua, ulang sedikit dong",neutral
ini yang disandera siapa tadi?,neutral
"oh, ternyata sekarang fase tribunal ya",neutral
"maaf, tadi ada pengumuman apa? aku kelewat",neutral
"gw masih loading, ronde ini udah mulai belum",neutral
eh serius ada yang hilang dari permainan?,neutral
"aku kira masih diskusi, ternyata sudah voting",neutral
"bentar, aturan Gag Order itu munculnya kapan?",neutral
kok nama orangnya mendadak nggak bisa chat?,neutral
gw baru paham kalau malam itu chat memang dikunci,neutral
"tadi target hostagenya siapa ya, lupa aku",neutral
"oh jadi pagi itu waktunya voting, baru ngerti",neutral
"aku agak telat bacanya, bisa ulang kronologinya?",neutral
"lah, kok langsung dieksekusi? votenya sudah selesai?",neutral
ini ronde kedua atau masih ronde pertama?,neutral
"aku cuma sempat lihat pesan terakhir, sebelumnya ada apa?",neutral
"eh, skill-nya dipakai malam ini atau siang?",neutral
gw kira semua role bisa ngomong saat malam,neutral
"maaf, koneksi gw ngelag, tadi sistem bilang apa?",neutral
"jadi sekarang tinggal nunggu hasil vote, kan?",neutral
"aku belum hafal urutan fasenya, maklum baru main",neutral
kok cepat banget pergantian siang malamnya,neutral
tadi siapa yang terkena efek diam? aku nggak lihat,neutral
"oh, baru ngeh kalau tiap fase punya aturan beda",neutral
"aku baca chat-nya kepotong, konteksnya mulai dari mana?",neutral
ini hasil pagi tadi sudah diumumkan belum?,neutral
"wah malamnya cepat banget, semoga nggak ada yang panik",neutral
"lah chat langsung dikunci, kirain masih bisa ngoceh",neutral
"buset, pagi-pagi udah masuk tribunal aja",neutral
"santai dong, baru mulai udah tegang semua",neutral
"eh suara siapa tadi, kok mendadak sunyi",neutral
gag order lagi? chat jadi sepi banget,neutral
wkwk yang langsung defensif lucu juga,offend
"aku cuma baca chat, kok malah ikut deg-degan",neutral
"lah kok ada yang disandera, serem juga",neutral
ternyata fase malam benar-benar nggak bisa ngobrol ya,neutral
"waduh, satu orang langsung dieksekusi",neutral
fix suasananya makin panas nih,neutral
"gw baru masuk, udah pada nuduh aja",neutral
"kalian serius amat, ini baru ronde pertama",neutral
"eh sistemnya langsung ngunci chat, keren juga",neutral
sumpah tadi kaget pas lihat hasil tribunal,neutral
"kok pada diem, lagi mikir atau ngantuk",neutral
"wah ada yang kena gag order, kasihan juga",neutral
"tenang, jangan berebut ngomong dong",neutral
lah kok votenya bisa sebanyak itu,neutral
aku belum siap lihat pengumuman pagi,neutral
wkwk reaksinya pada beda-beda banget,neutral
seru juga lihat semua orang mulai curiga,neutral
"eh, siapa yang tadi tiba-tiba hilang dari chat",neutral
"jangan tegang-tegang, nanti salah pencet vote",neutral
mereka langsung ribut begitu fase siang dibuka,neutral
"gw kira malamnya bakal santai, ternyata enggak",neutral
"wah, aturan eksekusinya kejam juga",neutral
"kamu kok senyum-senyum sendiri, ada yang lucu",neutral
"oke, sekarang semua mendadak jadi detektif",neutral
kok fase malamnya lama banget ya,neutral
"lah chat gue mendadak kekunci, ini normal bukan?",neutral
"pagi semua, pada masih hidup?",neutral
waduh langsung masuk tribunal aja,neutral
"gue baru join udah disuruh voting, wkwk",neutral
eh tadi malam sunyi banget,neutral
sumpah kaget pas layar berubah ke fase pagi,neutral
ini game HOSTAGE tegang juga ternyata,neutral
lu pada dengar suara notifikasi tadi?,neutral
aku masih bingung bedain tiap fasenya,neutral
"oke, sekarang waktunya diskusi ya",neutral
lah kok satu orang hilang dari daftar?,neutral
"wkwk sistemnya langsung eksekusi, nggak ada basa-basi",neutral
"bentar, aku baca aturan dulu",neutral
kok chat-nya sepi banget hari ini,neutral
fix tombol voting-nya gede banget,neutral
"gue kira malamnya bisa ngobrol, ternyata dikunci",neutral
"oh, jadi tribunal itu pagi-pagi ya",neutral
kaget juga lihat jumlah pemain berkurang,neutral
semoga ronde ini nggak terlalu lama,neutral
"siap, kita mulai dari fase diskusi",neutral
eh ada notifikasi baru masuk,neutral
aku tadi hampir salah pencet tombol vote,neutral
wkwk musik malamnya bikin suasana makin serem,neutral
kok waktunya cepat banget habis?,neutral
lu semua udah paham cara kerja gag order?,neutral
oh ternyata ada skill yang bisa bikin chat diam,neutral
pagi-pagi begini langsung ramai,neutral
"gue cuma mau santai, malah tegang sendiri",neutral
"baik, lanjutkan diskusinya",neutral
"Lah, ini game beneran tanpa ekonomi sama sekali?",neutral
"Hah, Tribunal langsung eksekusi? Cepat banget.",neutral
"Kok malam langsung sunyi, chat memang dikunci ya?",neutral
Serius semua aksi malam dilakukan buta?,neutral
Baru tahu Spy nggak boleh guard orang yang sama dua malam beruntun.,neutral
"Wait, Stalker cuma bisa peek sekali tiap dua ronde?",neutral
Jadi Hitman bisa pakai Gag Order siang-siang? Kirain cuma nyulik malam.,neutral
"Hostage di sini maksudnya korban sandera, bukan misi penyelamatan?",neutral
"Nggak ada polisi, brankas, atau uang? Unik juga.",neutral
"Gw kira ada fase diskusi panjang, ternyata waktunya mepet.",neutral
"Ini suara mayoritas langsung menentukan eksekusi, ya?",neutral
"Kok tiba-tiba chat gw hilang, sistemnya lagi error atau apa?",neutral
"Hm, notif malamnya memang tidak muncul ke pemain lain?",neutral
Aku masih agak bingung bedanya Stalker dan Spy.,neutral
"Mereka bilang perannya cuma empat, benar begitu?",neutral
"Sus, kenapa fase paginya disebut Tribunal? Kedengarannya serius.",neutral
"Oke, jadi kalau target Spy diserang, dia bisa selamat?",neutral
"Loh, Hitman bisa membungkam orang tanpa peringatan?",neutral
"Fix, aturan game ini lebih sederhana daripada yang kukira.",neutral
Lu yakin nggak ada item tambahan di mode ini?,neutral
"Kita cuma debat lalu voting, tanpa sistem uang? Mantap juga.",neutral
"Eh, tadi siapa yang vote terbanyak? Aku kelewat.",neutral
"Kalau chat dikunci saat malam, kita memang tidak bisa komentar sama sekali?",neutral
"Aku kira semua role punya aksi malam, ternyata tidak juga.",neutral
"Hah, satu orang langsung dieksekusi kalau vote-nya paling tinggi?",neutral
"Sistemnya bilang target selamat, tapi kok tidak ada penjelasan detail?",neutral
"Oke, aku paham sedikit, meski masih terasa random.",neutral
Mereka serius menyebut ini social deduction murni?,neutral
"Gw baru masuk, ini ronde pertama atau sudah mulai dari tadi?",neutral
"Kalau tidak ada polisi, berarti memang cuma mengandalkan peran dan voting?",neutral
lah kok langsung masuk fase malam aja,neutral
wkwk baru mulai udah tegang begini,neutral
ini chat dikunci beneran ya,neutral
eh ada yang kena gag order ternyata,neutral
"buset, notif tribunalnya muncul juga",neutral
"gw masih nyimak dulu, belum nangkep alurnya",neutral
"oh jadi paginya langsung voting, ya",neutral
seru juga mekanisme hostage-nya,neutral
"lah, kok pemainnya mendadak diem semua",neutral
aku kira fase malamnya bakal lebih lama,neutral
wkwk suasananya makin panas aja,neutral
fitur peek ini cooldown-nya lumayan juga,neutral
eh tadi siapa yang kena mute?,neutral
kita tunggu penjelasan berikutnya dulu,neutral
baru ronde pertama sudah banyak drama,neutral
saya masih mencoba memahami urutan fasenya,neutral
kok waktunya cepat banget habis,neutral
"ya ampun, langsung ada yang dieksekusi",neutral
"gw kira bakal ada sistem uang, ternyata enggak",neutral
"oke, sekarang semua kembali ke chat",neutral
suasananya hening banget setelah pengumuman tadi,neutral
wkwk ini permainan bikin susah santai,neutral
"oh, ternyata target guard bisa selamat dari serangan",neutral
aku baru sadar votingnya langsung menentukan nasib,neutral
"lah, ronde berikutnya sudah dimulai lagi",neutral
"tenang, gw cuma baca-baca dulu",neutral
"chat-nya ramai, tapi informasinya belum banyak",neutral
eh aturan gag order-nya unik juga,neutral
"mereka pada sibuk debat, aku ikut pantau saja",neutral
"fix, sistem game ini lumayan bikin kaget",neutral
lah kok fase malamnya langsung dikunci,neutral
"waduh, pagi-pagi sudah masuk tribunal aja",neutral
ini game HOSTAGE ternyata tegang juga ya,neutral
"eh, chat gue mendadak nggak bisa dipakai",neutral
baru mulai sudah ada yang kena hostage,neutral
"kok votingnya langsung eksekusi, nggak ada rematch ya",neutral
"santai dulu, sistemnya masih loading di otak gw",neutral
lah ternyata nggak ada uang sama polisi di game ini,neutral
fase siangnya singkat banget berasa dikejar waktu,neutral
oh jadi malam semua orang aksinya diam-diam,neutral
kaget juga lihat hasil tribunal barusan,neutral
"chat terkunci, fix semua pada masuk mode serius",neutral
ini tombol vote-nya sudah muncul belum?,neutral
"waduh ada yang kena gag order, chat-nya hilang",neutral
baru ngerti kalau tiap role punya aksi sendiri,neutral
"giliran malam datang, suasananya langsung sepi",neutral
"eh ternyata nama gamenya HOSTAGE, bukan mode biasa",neutral
aku masih adaptasi sama alur siang dan malamnya,neutral
kok notifikasi sistemnya muncul mendadak begitu,neutral
"wih, tribunal pagi ini ramai banget",neutral
nggak nyangka game social deduction bisa sesunyi ini pas malam,neutral
lu pada sudah lihat hasil ronde tadi belum?,neutral
ternyata kalau sudah dibungkam memang nggak bisa ngetik,neutral
aneh juga voting langsung menentukan nasib pemain,neutral
"gw kira malamnya bisa ngobrol, ternyata chat dikunci",neutral
"oke, sekarang aku paham kenapa semua nunggu pagi",neutral
"sistem eksekusinya cepat banget, belum sempat cerna",neutral
"eh ada perubahan fase lagi, bentar",neutral
seru juga lihat semua orang panik pas tribunal,neutral
semoga ronde berikutnya aku nggak bingung lagi,neutral
"lah chat langsung dikunci, belum sempat ngetik",neutral
"buset, pagi-pagi langsung ada korban aja",neutral
"ini tribunalnya auto eksekusi yang vote terbanyak ya, serem juga",neutral
kok giliran malam selalu berasa lama banget,neutral
"waduh kena gag order, tombol chat gw beneran mati",neutral
"anjir, HOSTAGE ini tegang juga padahal ga ada duit atau polisi",neutral
"siapa yang bikin nama gamenya HOSTAGE, dari lobby aja udah intimidatif",neutral
"bentar, tadi fase siang sekarang udah malam lagi?",neutral
"gw masih loading, aturan guard-nya harus ganti target tiap malam kan?",neutral
"oh, peek stalker cooldown-nya dua ronde, baru ngeh",neutral
"yah, salah pencet emote lagi",neutral
"aku cuma numpang baca chat, kok suasananya langsung panas",neutral
"serius semua aksi malam dilakukan buta, unik juga",neutral
"fix, notifikasi pagi ini bikin jantung copot",neutral
"lu pada santai dikit, ini baru mulai",neutral
kami belum siap masuk tribunal secepat ini,neutral
"mereka pada ngetik barengan, layar gw jadi rame",neutral
"eh, chat gue dibungkam mendadak, ini fitur atau kutukan?",neutral
"aku kira ada fase beli item, ternyata memang kosong semua",neutral
"lah kok target voting langsung dieksekusi, ga ada banding?",neutral
"wah, role-nya cuma empat tapi tetap bikin pusing",neutral
"gw tadi mau balas, keburu fase siang selesai",neutral
"tenang, saya sedang membaca aturan satu per satu",neutral
nggak nyangka game tanpa polisi bisa setegang ini,neutral
"oh, jadi Hitman cuma bisa nyandera satu orang per malam",neutral
"halo semua, koneksi kalian aman?",neutral
suara tribunalnya sudah masuk semua belum?,neutral
"duh, aku ke-dc sebentar, ada yang terjadi?",neutral
"malamnya sunyi banget, rasanya kayak nunggu hasil ujian",neutral
gag order muncul tiba-tiba itu bikin kaget sih,neutral
"eh chatnya kebuka lagi, tadi malam memang dikunci",neutral
"pagi, aku baru masuk pas fase Tribunal",neutral
barusan sistem ngumumin satu pemain jadi hostage,neutral
tadi voting langsung selesai setelah suara terakhir masuk,neutral
aku belum kirim chat waktu fase malam,neutral
semalem gw cuma nunggu sampai ronde selesai,neutral
notif Gag Order muncul di layar aku,neutral
chat aku mendadak gak bisa dipakai sampai fase siang,neutral
ronde ini cepat banget masuk pagi,neutral
aku tadi sempat baca chat sebelum dikunci,neutral
suara Tribunal-ku sudah terkirim,neutral
aku belum menggunakan kemampuan malam ini,neutral
sistem bilang semua aksi malam sudah diproses,neutral
"pas pagi, jumlah pemainnya berkurang satu",neutral
aku baru sadar chat malam memang gak bisa dibuka,neutral
"lah, fase kedua sudah mulai aja",neutral
aku tadi dapat notifikasi aksi selesai,neutral
sekarang semua pemain bisa ngetik lagi,neutral
gw baru selesai baca riwayat chat ronde ini,neutral
"aku pakai Peek ke satu pemain, hasilnya langsung muncul",neutral
tadi malam aku melakukan Guard ke satu nama,neutral
aku tidak mengambil tindakan saat fase malam,neutral
barusan nama pemain yang dieksekusi muncul di sistem,neutral
"timer diskusinya tinggal sedikit, aku masih baca chat",neutral
"aku kena Gag Order, jadi tadi tidak bisa balas",neutral
"malam dimulai, chat langsung tertutup",neutral
Tribunal-nya selesai tanpa jeda tambahan,neutral
aku baru lihat notifikasi bahwa ada aksi malam,neutral
hari ini jumlah pemain aktif berubah,neutral
aku cuma merespons notifikasi ronde berikutnya,neutral
"si A paling mencurigakan, argumennya berubah setelah si B kena Gag Order, fix dia Hitman",offend
gw curiga ke si R karena dia langsung nuduh orang yang dibungkam tanpa ngasih bukti,offend
"pola chat si D konsisten menghindari pertanyaan, menurut gw dia Hitman",offend
"si K mendadak aktif setelah korban disandera, timing-nya terlalu pas buat dibilang kebetulan",offend
"jangan salah fokus ke si N, justru si T yang paling diuntungkan dari Gag Order tadi",offend
"dia vote paling cepat tanpa analisis, seolah sudah tahu siapa yang harus dieliminasi",offend
"si V dari awal cuma ikut arus, tapi selalu muncul saat diskusi mulai mengarah ke Hitman",offend
"gw tandai si C, jawabannya normatif dan tidak pernah membahas pola penyanderaan",offend
"menurut data chat, si F dua kali mengalihkan topik tepat setelah ada tuduhan ke dia",offend
"si L terlalu defensif padahal belum ada yang menuduh langsung, indikasinya kuat dia Hitman",offend
"Gag Order ke si P terasa strategis, lalu si Q langsung mengambil alih narasi, mereka patut dicurigai",offend
"si H bilang target malam acak, padahal urutan korbannya jelas menyingkirkan pemain informatif",offend
"kalau lihat pola voting, si M selalu memilih kandidat yang paling aman, kemungkinan dia sedang menyamarkan posisi",offend
"si S menuduh berdasarkan asumsi, bukan kejadian, gaya begini cocok banget sama Hitman",offend
"gw rasa si Y pelakunya, dia sengaja memancing debat lalu membiarkan pemain lain saling serang",offend
"si J baru bicara setelah chat dibuka lagi, kemungkinan dia menunggu arah opini sebelum menyamaratakan tuduhan",offend
"ada korelasi antara Gag Order dan perubahan vote, jadi fokus utama gw sekarang si E",offend
"si W tidak pernah mengajukan hipotesis, cuma mengulang opini mayoritas, itu perilaku Hitman yang aman",offend
"dia mengklaim analitis tapi tidak punya dasar observasi, menurut gw si U sedang membangun alibi",offend
"si B paling diuntungkan dari eksekusi kemarin, dan sejak itu dia makin agresif mengarahkan vote",offend
gw curiga si Z karena tuduhannya selalu muncul sesaat setelah pemain lain dibungkam,offend
"si O punya pola: diam saat aman, aktif saat ada kandidat yang bisa dikorbankan, fix mencurigakan",offend
"jika Hitman ingin memecah informasi, Gag Order ke si I adalah pilihan logis, dan si A yang mendorongnya",offend
"si G sengaja menyebar dua teori sekaligus supaya tidak bisa ditagih konsistensinya, dia kandidat Hitman terkuat",offend
"bukti paling objektif mengarah ke si Q, dia terus mengubah alasan setiap kali dibantah",offend
"si X terlalu cepat menyimpulkan target malam tanpa informasi yang cukup, itu seperti sedang menutup jejak",offend
"aku menuduh si E karena kontribusinya terlihat membantu, tapi semua kesimpulannya justru mengarahkan vote ke warga",offend
"si N punya alasan untuk memakai Gag Order, lalu langsung menyerang pemain yang kehilangan kesempatan membela diri",offend
"dari urutan kejadian, si R paling mungkin Hitman: dia memicu konflik, menunggu Gag Order, lalu ikut vote terakhir",offend
"kalau kita pisahkan fakta dari asumsi, hanya si T yang konsisten mendapat keuntungan dari kekacauan diskusi",offend
"si Raka dari tadi jawabnya ngeles terus, fix Hitman",offend
"B diem banget, gw ikut yang curiga dia",offend
"jawaban C muter-muter, kayaknya dia Hitman",offend
"D tiba-tiba kena Gag Order pas lagi nuduh E, sus banget",offend
"kalau mayoritas pilih F, gw ikut, tapi dia memang paling mencurigakan",offend
"si A cuma ikut arus dari awal, berasa lagi nyamar jadi Civilian",offend
"menurut gw B pelakunya, dia paling sering mengalihkan topik",offend
"C barusan nuduh random lalu langsung diam, fix ada yang disembunyikan",offend
"gw nggak punya banyak info, tapi D paling sus di chat",offend
"yang kena Gag Order tadi lagi vokal soal Raka, bisa jadi Raka Hitman",offend
"E jawabnya aman terus, malah jadi makin mencurigakan",offend
"si F dari tadi nunggu orang lain mulai vote, gw curiga dia Hitman",offend
"A terlalu cepat membela B, kemungkinan mereka satu pihak",offend
"B mendadak agresif setelah ditanya, sus, gw vote dia",offend
"kalau lihat alurnya, C paling mungkin Hitman",offend
"D cuma muncul buat ikut tuduhan mayoritas, gaya banget nyamar",offend
"gw ikut vote E, dari chat tadi dia paling banyak ngeles",offend
"si Raka langsung pakai Gag Order ke pemain yang menekan dia, jelas mencurigakan",offend
"F dari awal pasif banget, tapi selalu tahu arah voting, bisa jadi Hitman",offend
menurut kalian A sus nggak? Gw condong nuduh dia,offend
"B tiba-tiba membungkam orang yang curiga sama dia, fix ada bau Hitman",offend
"C terlalu santai padahal situasinya genting, gw nggak percaya dia",offend
D terus mendorong vote ke orang lain tanpa alasan jelas,offend
"kalau ditanya selalu jawab singkat dan aman, E kelihatan seperti Hitman",offend
"gw kurang yakin, tapi F paling aneh sejak fase siang dimulai",offend
"yang bikin suasana kacau dari tadi itu A, kemungkinan besar dia pelakunya",offend
"B cuma ikut keputusan ramai, tapi justru itu yang bikin dia sus",offend
"C kena Gag Order setelah menekan D, gw lebih curiga ke D",offend
"D baru aktif setelah ada yang dituduh, kayaknya cuma menunggu momentum",offend
"mayoritas curiga E, gw ikut vote dia karena chatnya memang janggal",offend
"si F terlalu sibuk mengatur voting, menurut gw dia Hitman",offend
"gw bukan Hitman, malah si Raka yang dari awal nuduh tanpa bukti",offend
"tuduhan ke gw ngarang banget, yang aneh justru Niko karena jawabannya muter terus",offend
"siapa yang kena Gag Order tadi? Timing-nya pas banget setelah Seno mulai bongkar alibi, fix pelakunya ada di sini",offend
"aku nggak mungkin Hitman, semalam gerakanku jelas, tapi Dito malah menghindari semua pertanyaan",offend
"lu nuduh gw karena gw vokal? Yang lebih mencurigakan itu lu, dari tadi cuma ikut arus",offend
"bukan gw yang bikin situasi kacau, si Bima terus mengalihkan bahasan tiap namanya disebut",offend
"kalau dia memang Civilian, kenapa langsung defensif waktu ditanya soal vote malam lalu?",offend
"gw bantah keras tuduhan itu, justru Fajar yang paling cepat mengunci target tanpa analisis",offend
"si Tia mendadak diam setelah Gag Order aktif, menurut gw Hitman sengaja membungkam dia",offend
"kamu bilang aku mencurigakan, tapi alibi kamu sendiri berubah dua kali",offend
yang nyerang argumen gw tanpa data itu lebih layak dicurigai daripada gw,offend
"fix si Reno Hitman, dia selalu muncul cuma buat mendorong vote ke orang lain",offend
"aku sudah jelasin kronologinya, sekarang lihat si Aldi yang terus memotong pembicaraan",offend
"Gag Order tadi bukan kebetulan, pelakunya pasti takut targetnya membela diri",offend
"gw nggak akan diam kalau terus difitnah, si Wira jelas sedang cari kambing hitam",offend
menurutku Hitman ada di antara yang langsung percaya tuduhan pertama tanpa cek fakta,offend
"lu bilang gw bohong, padahal lu sendiri nggak bisa jelasin kenapa vote-mu berubah",offend
"si Maya terlalu santai saat satu pemain dibungkam, reaksinya malah seperti sudah tahu",offend
"kalau gw Hitman, ngapain gw bongkar inkonsistensi si Bayu dari tadi?",offend
"yang paling mencurigakan itu Kiki, dia baru aktif setelah arah voting mulai aman buat dirinya",offend
"aku menolak tuduhan ini, tapi pola chat Gilang benar-benar seperti sedang mengarahkan Tribunal",offend
"siapa pun yang pakai Gag Order ke Arman pasti ingin menutup kesaksiannya, cek siapa yang diuntungkan",offend
"gw tidak menghindar, yang menghindar justru Sari saat diminta menjelaskan aksi malam",offend
"tuduhan kalian lemah, sementara si Yoga terus mengganti target tanpa alasan jelas",offend
"dia mengaku cuma ikut diskusi, tapi setiap komentarnya selalu mendorong eksekusi orang lain",offend
"aku tetap yakin Deni Hitman, karena dia muncul setelah konflik lalu pura-pura jadi penengah",offend
"bukan gw sumber fitnahnya, lihat saja siapa yang pertama kali menyebarkan tuduhan ke grup",defend
"si Lala terlalu cepat membela Riko, mereka bisa saja sedang saling menutupi",offend
"lu fokus banget menjatuhkan gw, sampai lupa menjawab kenapa kamu diam saat Gag Order terjadi",offend
"gw sudah membersihkan nama gw, sekarang vote si Jovan yang alibinya paling bolong",offend
"Dari pola chatnya, B paling janggal dan selalu mengalihkan topik, kita arahkan vote ke dia",offend
"C mendadak kena Gag Order setelah nuduh A, ini bau-bau Hitman banget, vote B",offend
"Gw simpulkan D pelakunya, dia cuma muncul buat manas-manasin lalu ngilang",offend
"Jangan keburu vote acak, E paling konsisten cari kambing hitam, fix dia Hitman",offend
"A terlalu defensif padahal belum dituduh siapa-siapa, menurutku kita eksekusi A",offend
"Si F dari awal pasif, tapi langsung ikut vote mayoritas, gerakannya mencurigakan banget",offend
"G terus mendorong kita memilih C tanpa bukti jelas, ini pola Hitman, fokus vote G",offend
"Kita sudah punya arah, H paling sering mengubah kesimpulan dan bikin diskusi berantakan",offend
"Barusan I kena Gag Order saat hampir membongkar J, jadi J tersangka utama kita",offend
"Gw nggak mau muter-muter, K paling mungkin Hitman dari cara dia menghindari pertanyaan",offend
"L jawabannya berubah tiga kali, itu bukan sekadar gugup, ayo targetkan L",offend
"M muncul setelah situasi aman lalu ikut menuduh orang lain, menurutku dia sedang menutupi jejak",offend
"N terlalu cepat menyimpulkan O bersalah, padahal belum ada info, N justru lebih mencurigakan",offend
"Kalau kita lihat alurnya, P yang paling diuntungkan dari keributan ini, vote P sekarang",offend
"Q diam saat diskusi penting, lalu aktif setelah Gag Order dipakai, aku curiga Q Hitman",offend
"R terus memotong pembicaraan S, sepertinya dia takut S menyampaikan informasi penting",offend
"Aku sudah rangkum: T menghindari semua pertanyaan dan hanya ikut arus, jadi kita pilih T",offend
"U nuduh V tanpa dasar lalu mengajak semua orang ikut, itu gaya provokasi Hitman",offend
W paling mencurigakan karena komentarnya selalu aman dan tidak pernah mengambil posisi,offend
"Kalian perhatikan X, dia langsung membela Y setelah Y dituduh, kemungkinan besar mereka satu kubu",offend
"Menurut observasi chat, Z sengaja membuat kita fokus ke pemain lain, jadi target voting kita Z",offend
"Si A mendadak membungkam B lewat Gag Order, lalu narasinya berubah total, A harus dieksekusi",offend
"B terlalu rapi menyusun alasan untuk semua orang kecuali dirinya sendiri, fix ada yang disembunyikan",offend
"C terus mengulang tuduhan ke D tanpa menanggapi bantahan, gw rasa C sedang mengarahkan vote palsu",offend
"D adalah pemain pertama yang memanfaatkan kekacauan setelah Gag Order, cukup jelas dia pelakunya",offend
"E kelihatan ikut membaca situasi, tapi tidak pernah memberi analisis sendiri, kita jangan biarkan dia lolos",offend
"F menuduh G tepat setelah G mulai bicara masuk akal, ini indikasi F ingin mematikan arah diskusi",offend
Saya menyarankan seluruh tim memusatkan voting pada H karena alibinya paling lemah,offend
"I terlalu cepat menyatakan dirinya aman tanpa alasan, sementara itu ciri pemain yang sedang mencari perlindungan",offend
"J sejak awal menggiring opini ke K, tetapi tidak pernah menjelaskan motifnya, mari eksekusi J",offend
"eh baru ngeh, tiap bahas alibi Raka chat-nya langsung dipotong, fix dia hitman",offend
"tunggu, yang tadi mendadak kena Gag Order itu Dimas kan? timingnya mencurigakan, gw curiga dia hitman",offend
"gw agak telat nangkep, tapi Naya dari awal ngikut suara mayoritas terus, kayak hitman yang cari aman",offend
"bentar, tadi siapa yang pertama nyebar tuduhan ke korban malam? Rio kan? geraknya kayak nutupin jejak hitman",offend
"baru baca semua chat, Vina selalu muncul setelah orang lain bikin kesimpulan, menurut gw dia hitman",offend
"kok pas Seno mulai bahas pola vote, langsung di-Gag Order? Lala paling diuntungkan, sus banget",offend
"maaf agak ketinggalan, tapi kenapa Tio tahu detail target malam padahal katanya civilian? dia hitman, sih",offend
"gw baru nyambung sekarang, yang maksa vote cepat itu Ardi, hitman banget biar kita nggak sempat cek alibi",offend
"tadi chat-ku keputus mendadak, terus cuma Fajar yang dari tadi nyuruh diem, fix Fajar hitman",offend
"wait, konteksnya siapa yang berubah target vote di menit akhir? Siska, dan itu bikin dia sus",offend
"aku baru sadar, tiap ada nama Kiki disebut, dia malah mengalihkan ke pemain lain, Kiki kemungkinan hitman",offend
"yang paling cepat nuduh tanpa alasan jelas itu Galih, gerakannya seperti hitman panik",offend
tadi siapa yang bilang info Stalker nggak penting? Bayu kan? dia bisa saja hitman yang mau menutup petunjuk,offend
"gw belum paham semua, tapi pola diamnya Wulan setelah Gag Order mencurigakan, jangan-jangan dia hitman",offend
"bentar, kalau chat Rendi dibungkam pas dia mau jelasin malam kedua, Dito paling diuntungkan, gw nuduh Dito hitman",offend
"baru ngeh dari urutan chat, Dito nunggu semua orang ngomong dulu baru ikut vote, sus, dia hitman",offend
kok cuma Yuni yang langsung tahu siapa yang harus dicurigai setelah fase malam? Informasinya dari mana kalau bukan hitman?,offend
"mungkin gw telat, tapi alasan Fikri berubah-ubah dari tadi nggak masuk akal, gw vote dia sebagai hitman",offend
"yang minta semua orang fokus ke pemain mati malah Dena, itu kayak pengalihan khas hitman",offend
"tadi aku kena Gag Order sebelum sempat membela diri, dan Jovan langsung memanfaatkan situasi, Jovan hitman",offend
"sorry baru online, tapi chat Tessa paling aktif pas nuduh orang lalu menghilang ketika ditanya balik, hitman vibes",offend
"kalau aku nggak salah tangkap, Malik yang pertama tahu target malam itu selamat karena Guard, kok bisa? Malik sus banget",offend
"eh, bukannya aturan Peek cuma sekali tiap dua ronde? Niko ngaku tahu terlalu banyak, bisa jadi dia hitman yang pura-pura Stalker",offend
"gw masih nyusun kronologi, tapi setiap tribunal Arum selalu dorong vote ke orang yang nggak bisa jawab, dia paling mencurigakan",offend
"tadi siapa yang membungkam chat Sari? Yang paling keras nyuruh eksekusi itu Reza, jadi gw nuduh Reza hitman",offend
"baru sadar, pas aku minta alibi, chat Luki langsung berubah jadi nyerang balik, itu tanda hitman menurutku",offend
"konteksnya belum lengkap, tapi kalau semua orang diam saat malam, kenapa Pasha bisa yakin targetnya? Pasha sus banget",offend
"aku telat ikut diskusi, namun voting Bayu ke pemain berbeda terus tanpa alasan, dia kayak mengacak suara biar hitman lolos",offend
"fix, setelah baca ulang, cuma Caca yang diuntungkan dari Gag Order tadi, menurut gw Caca hitmannya",offend
"eh baru nyambung, setiap ada bukti ke arah Rian dia langsung minta ganti topik, itu pola hitman banget",offend
"si A dari awal nyari kambing hitam terus, fix dia Hitman",offend
"lu kebanyakan bela diri padahal belum ada yang nuduh, mencurigakan banget",offend
"yang paling cepat nuduh si B biasanya yang lagi nutupin jejak, ya lu tuh",offend
"si C tiba-tiba kena Gag Order pas mau bongkar sesuatu, dalangnya pasti Hitman",offend
"aneh, lu diam terus sampai voting dibuka, takut salah langkah ya Hitman",offend
"si D jawabannya berubah-ubah tiap ditanya, fix ada yang dia sembunyiin",offend
"gw curiga sama lu, dari tadi cuma mancing vote tanpa kasih alasan jelas",offend
"kok lu langsung yakin si E aman, emang semalam ngintip atau cuma ngarang sebagai Hitman",offend
"yang pakai Gag Order ke si F jelas pengin matiin diskusi, sus banget",offend
"si G paling aktif nyerang orang tapi pas ditanya balik langsung ngeles, Hitman banget",offend
"lu sengaja bikin kita fokus ke si H biar target asli lolos, kan",offend
"dia muncul cuma buat ikut vote terakhir, kelakuan Hitman banget",offend
"si I terlalu tenang setelah ada yang disandera, kayak sudah tahu bakal kejadian",offend
"jangan keburu percaya sama lu, tuduhanmu rapi banget sampai terasa dibuat-buat",offend
"si J tadi bela si K habis-habisan, sekarang malah ikut vote dia, fix panik",offend
"kalau kamu memang Civilian, kenapa dari tadi menghindari pertanyaan simpel",offend
gw rasa si L sengaja memancing keributan supaya Gag Order-nya tidak dicurigai,offend
"lu nuduh semua orang kecuali diri sendiri, strategi Hitman klasik",offend
"si M langsung mengarahkan voting ke pemain yang paling vokal, takut kebongkar ya",offend
"aneh banget, baru pagi sudah ada narasi lengkap dari si N, dia pasti Hitman",offend
"yang bikin chat si O bungkam paling diuntungkan dari kekacauan ini, curiga ke lu",offend
"si P terus bilang dirinya aman tanpa bukti, jangan-jangan Hitman yang cari simpati",offend
lu sengaja salah baca kronologi biar kita eksekusi orang yang keliru,offend
"si Q berubah pendapat tepat setelah targetnya kena serang, itu bukan kebetulan",offend
"gw lempar satu nama dan lu langsung ikut, kelihatan banget lagi numpang arus",offend
"si R terlalu sibuk mengatur voting, seolah-olah sudah tahu siapa yang harus mati",offend
"kalau bukan Hitman, kenapa lu paling keras menolak semua pemeriksaan",offend
"dia menuduh si S sebelum si S sempat bicara, kayak sudah menyiapkan skenario",offend
"si T habis pakai Gag Order malah pura-pura bingung, fix itu ulah Hitman",offend
"lu boleh bantah, tapi pola omonganmu dari ronde pertama sudah kebaca sebagai Hitman",offend
"si Raka paling mencurigakan, tiap ditanya malah muter-muter jawabnya",offend
"gw curiga banget sama Nia, dia terus ngarahin vote ke orang yang sama",offend
"fix Dito hitman, barusan chat gw kena Gag Order pas mulai nuduh dia",offend
kenapa Vina langsung nuduh orang lain padahal belum ada bukti? sus banget,offend
"menurutku Arman kemungkinan besar Hitman, pembelaannya berubah-ubah dari tadi",offend
"dia terlalu cepat ikut vote tanpa kasih alasan yang jelas, mencurigakan banget",offend
"si Bima diem terus, tapi muncul pas voting buat dorong eksekusi orang lain",offend
"aku rasa Caca pelakunya, timing Gag Order tadi jelas menguntungkan dia",offend
"lu jangan ngalihin topik, dari awal gerak-gerikmu paling aneh",offend
kayaknya Hitman ada di antara pemain yang maksa kita eksekusi Seno,offend
siapa yang pakai Gag Order ke aku? Fajar langsung paling diuntungkan dari situ,offend
"Rani jawabannya terlalu aman dan netral, aku mulai curiga dia Hitman",offend
"gw gak yakin sama Doni, dia selalu ikut opini mayoritas tanpa analisis",offend
"Eka mendadak agresif setelah malam tadi, menurutku dia punya peran jahat",offend
sumpah pola chat Gilang dari tadi kayak lagi nyusun fitnah,offend
kalau bukan Hitman kenapa kamu buru-buru membungkam aku?,offend
si Tio kelihatan panik waktu ditanya soal target diskusi kemarin,offend
aku menuduh Wulan karena dia sengaja mengubah arah voting di menit terakhir,offend
"jangan fokus ke aku terus, justru Aldi yang paling sering lempar tuduhan kosong",offend
Nando mencurigakan karena dia tahu terlalu banyak soal kejadian malam,offend
"barusan aku kena Gag Order setelah menyebut nama Sari, ini bukan kebetulan",offend
"menurut pengamatanku, Yuda sedang membangun alibi dari awal permainan",offend
dia bilang mau netral tapi semua komentarnya malah melindungi Reno,offend
"fix ada yang janggal dari Maya, penjelasannya soal voting tidak masuk akal",offend
"aku rasa pelaku sengaja membuat Lala terlihat bersalah, dan Bagas terlalu aktif mendorongnya",offend
"si Kiki baru bicara ketika situasi aman, gaya mainnya cocok banget sama Hitman",offend
"lu yang paling diuntungkan dari pemain yang dibungkam tadi, jadi gw curiga ke lu",offend
"berdasarkan chat pagi ini, Joko terlihat sedang menutupi identitas seseorang",offend
"gaya defensifmu berlebihan banget, Riko, malah bikin kamu makin sus",offend
"aku belum punya bukti mutlak, tapi indikasinya paling banyak mengarah ke Intan",offend
"si Raka dari tadi paling vokal nuduh orang, malah bikin gw curiga dia hitman",offend
kenapa si Dito langsung nuduh Naya tanpa bukti? gaya begini malah keliatan kayak hitman,offend
"gw nggak ikut arus, tapi yang pakai Gag Order ke Bima tadi jelas mencurigakan, bisa jadi hitman",offend
"si Sari diem terus pas diskusi, terus tiba-tiba ikut vote mayoritas, fix ada bau hitman",offend
"kalau Arga beneran civilian, kenapa dia buru-buru mengunci tuduhan ke Fina?",offend
"gw curiga sama Wawan, argumennya muter-muter dan selalu mengalihkan topik dari dirinya",offend
"mayoritas nuduh Lala, tapi menurut gw justru Tio yang paling mungkin hitman karena terlalu mengatur diskusi",offend
"si Kiki tadi kena Gag Order setelah menekan Reno, jangan-jangan Reno hitmannya",offend
"bukan karena semua orang nuduh Jaka berarti dia salah, gw malah lihat Jaka terlalu defensif kayak hitman",offend
"Deni bilang punya info tapi nggak pernah jelas, ini pola klasik hitman buat mancing vote",offend
"gw nggak percaya alasan Mira soal target Hostage semalam, kemungkinan dia sedang nutupin peran hitman",offend
"si Fajar paling cepat mendorong eksekusi, padahal datanya tipis banget, sus banget",offend
"kalau Niko bukan hitman, harusnya dia bisa jelasin kenapa vote-nya berubah mendadak",offend
"Rina terlalu sibuk membela semua orang kecuali dirinya sendiri, gw curiga dia hitman",offend
"jangan langsung percaya suara terbanyak, justru Bowo yang mengarahkan semua vote dari awal",offend
"si Tania kena Gag Order setelah menuduh Edo, berarti Edo layak dicurigai sebagai hitman",offend
"gw belum yakin sama klaim Stalker dari Oki, bisa saja itu hitman yang pura-pura punya info",offend
"Vino terus bilang dirinya aman tanpa bukti, menurut gw dia sedang membangun alibi sebagai hitman",offend
kenapa Yuda selalu muncul setelah orang lain selesai bicara? dia kayak menunggu arah aman buat hitman,offend
"aku tidak yakin Sinta benar-benar civilian, tuduhannya terlalu rapi dan timing-nya mencurigakan",offend
"si Reza paling keras menolak pemeriksaan, malah makin kelihatan seperti hitman yang panik",offend
"Hostage semalam kena setelah Galih mengubah target diskusi, gw rasa dia pelakunya",offend
"banyak yang menuduh Ina, tapi belum ada bukti kuat; justru Damar yang paling dominan dan mencurigakan",offend
"kalau Bayu memang Spy, kenapa penjelasannya berubah? jangan-jangan dia hitman yang cari alasan",offend
"si Luki langsung ikut mengeksekusi tanpa analisis, pemain pasif begini sering jadi hitman",offend
gw curiga sama Elsa karena dia terus memancing orang lain berdebat lalu menghilang dari fokus,offend
"Gag Order ke Seno terasa terlalu tepat sasaran, menurut gw pelakunya ada di pihak hitman",offend
"si Adit bilang semua analisis itu ngawur, tapi tidak memberi alternatif apa pun, fix mencurigakan",offend
"aku tidak ikut opini mayoritas, Fikri justru paling mungkin hitman karena mengontrol jalannya tribunal",offend
"Maya mengaku punya alibi, tapi waktunya tidak cocok dengan kejadian Hostage, jadi gw tuduh dia hitman",offend
"si Raka dari awal muter-muter jawabannya, gw curiga dia Hitman",offend
"kok yang paling vokal malah mendadak kena Gag Order, jangan-jangan pelakunya si Dito",offend
"feeling gw si Naya Hitman, alasannya tipis tapi gerak-geriknya mencurigakan",offend
"dia selalu ikut vote terakhir biar aman, fix si Bimo lagi nyamar sebagai Civilian",offend
menurutku pelaku penyanderaan semalam kemungkinan besar si Caca,offend
"si Arga terlalu cepat nuduh orang lain, itu gaya Hitman buat ngalihin fokus",offend
"gw nggak punya bukti kuat, tapi si Lala paling sus dari pola chatnya",offend
"yang membungkam si Reza pasti punya kepentingan, curiga banget sama si Oji",offend
"si Feri dari tadi cuma muncul pas momen penting, kayaknya dia Hitman",offend
"kalau teori gw benar, si Sinta sengaja bikin diskusi kacau supaya lolos tribunal",offend
"jangan percaya si Tio, jawabannya berubah-ubah sejak pagi dan itu red flag",offend
"si Vina keliatan terlalu tenang setelah ada korban, gw vote dia dulu",offend
aku menduga Hitman ada di antara pemain yang langsung membela si Galih,offend
"si Kiki kayak sudah tahu arah voting sebelum yang lain ngomong, mencurigakan",offend
"gag order ke orang paling kritis itu bukan kebetulan, si Jovan patut dicurigai",offend
"lu jangan kebanyakan bluff, si Rian justru makin kelihatan seperti Hitman",offend
"dia nuduh semua orang tapi nggak pernah kasih alasan jelas, fix ada yang disembunyikan",offend
"teori liarnya, si Maya yang nyandera semalam karena timing chatnya pas banget",offend
"si Eko mendadak aktif setelah targetnya diam, gw rasa dia dalangnya",offend
"kalau bukan si Putra, kenapa dia terus menghindari pertanyaan soal Gag Order?",offend
aku rasa si Wulan sengaja memancing konflik agar perhatian pindah dari dirinya,offend
"pola diam lalu ikut vote itu khas pemain jahat, targetku si Yuda",offend
"si Hana terlalu sibuk mengatur opini, kemungkinan besar dia Hitman",offend
"gw nggak yakin seratus persen, tapi semua jejak chat mengarah ke si Bayu",offend
"si Karin kelihatan panik waktu ditanya korban malam, itu sus parah",offend
"bisa saja aku salah, tapi si Deni paling mungkin punya akses ke aksi penyanderaan",offend
mereka yang langsung kompak membela si Sari terasa seperti satu kubu Hitman,offend
"si Riko menghilang setelah Gag Order aktif, jangan-jangan dia yang menekan tombolnya",offend
"formal saja, berdasarkan urutan percakapan, si Intan merupakan tersangka utama",offend
"sumpah feeling gw kuat ke si Bagas, dia main aman banget dari tadi",offend
"dari awal dia paling ngotot nyeret nama orang tanpa bukti, sus banget sih",offend
"si C langsung kena Gag Order pas mau jelasin alibi, fix pelakunya ada di antara yang nyerang dia",offend
"gw curiga sama si D, tiap diskusi jawabannya muter dan selalu ikut suara mayoritas",offend
"lu perhatiin gak, si E aktif banget nuduh orang tapi gak pernah kasih alasan jelas",offend
"menurutku si F Hitman, dia sengaja bikin chat panas biar kita salah fokus",offend
"si G mendadak membungkam pemain yang paling vokal, pola begini gak mungkin kebetulan",offend
"jangan vote asal, tapi si H dari tadi paling diuntungkan sama kekacauan ini",offend
"gw sama si J sepakat ngawasin si K, karena responsnya paling mencurigakan sejak ronde pertama",offend
"si L baru muncul setelah Gag Order aktif, kayaknya dia lagi nutupin jejak",offend
"dia bilang punya informasi tapi malah menghindar waktu ditanya detail, sus parah",offend
aku menuduh si M karena semua tuduhannya muncul setelah orang lain mulai membentuk opini,offend
"si N terlalu cepat percaya sama alibi si O, kemungkinan mereka satu kubu",offend
"kalau bukan Hitman, kenapa si P terus mengalihkan pembahasan dari korban semalam?",offend
"si Q yang paling keras minta kita buru-buru voting, itu gerak-gerik Hitman banget",offend
"gw gak yakin sama si R, dia cuma ikut nimbrung saat ada target yang bisa ditekan",offend
"si S kena Gag Order tepat sebelum mengungkap kecurigaannya ke si T, menurut gw T patut dicurigai",offend
"bukti chat paling berat mengarah ke si U, dia berubah sikap setelah fase malam",offend
"kita jangan pecah suara, fokus dulu ke si V yang alibinya bertentangan sendiri",offend
"si W ngaku netral, tapi sejak awal selalu membela pemain yang mencurigakan",offend
aku rasa si X Hitman karena dia tahu terlalu banyak soal kejadian malam,offend
"si Y tadi sengaja memancing ribut lalu diam ketika ditanya, keliatan banget mau bikin kita saling serang",offend
"jangan percaya pembelaan si Z, dia baru aktif setelah namanya mulai disebut",offend
"si A kelihatan panik waktu si B kena Gag Order, mungkin takut percakapannya terbuka",offend
"menurut pengamatanku, si C paling sering menggiring voting tanpa dasar yang konsisten",offend
"gw siap voting si D, karena dia terus menuduh tapi selalu kabur dari pertanyaan langsung",offend
"si E bukan cuma pasif, dia juga muncul setiap kali arah voting mulai berubah",offend
"kalau kita cari Hitman dari kejadian Gag Order, si F kandidat terkuat saat ini",offend
"si G terus membela si H tanpa alasan, kemungkinan mereka saling melindungi",offend
"aku tidak menuduh sembarangan, tetapi urutan tindakan si I sangat mengarah ke Hitman",offend
"satu orang bikin chat terkunci lewat Gag Order, dan menurutku si J punya motif paling jelas",offend
"si A dari awal paling ngotot nuduh orang lain, fix dia Hitman",offend
"gw tetap yakin B Hitman, alibinya berubah terus dari tadi",offend
"C langsung kena Gag Order pas mau buka info, ini bau Hitman banget",offend
"teori gw nggak berubah, D adalah Hitman meski dia sekarang sok tenang",offend
"si E terlalu cepat mengarahkan vote ke F, menurutku dia sedang menutupi jejak",offend
"G diam terus, lalu muncul cuma buat ikut vote, fix mencurigakan sebagai Hitman",offend
"aku curiga berat sama H, timing Gag Order-nya pas banget buat membungkam saksi",offend
"kalian boleh beda pendapat, tapi targetku tetap I sebagai Hitman",offend
"J dari tadi jawabannya muter-muter, dia jelas menyembunyikan sesuatu",offend
"gw sudah kunci di K, semua gerak-geriknya cocok sama Hitman",offend
"L langsung menuduh M tanpa bukti, pola begini biasanya kerjaan Hitman",offend
"si N kelihatan panik setelah korban disandera, fix dia pelakunya",offend
"O paling diuntungkan dari chat yang dibungkam, jadi dia Hitman",offend
"aku nggak akan pindah target, P tetap tersangka utamaku",offend
"Q sok netral sejak awal, padahal diam-diam mengarahkan diskusi ke warga lain",offend
"R pakai Gag Order di momen krusial, itu bukan kebetulan, dia Hitman",offend
"gw sudah bilang dari ronde pertama, S sus banget dan sekarang makin terbukti",offend
"T terus menggiring kita ke U, menurutku justru T yang Hitman",offend
"bukti baru ini tidak mengubah apa pun, V tetap paling mungkin Hitman",offend
"W muncul setelah diskusi kacau lalu langsung vote, perilakunya mencurigakan",offend
"si X terlalu hafal siapa yang harus dibungkam, fix dia punya akses Hitman",offend
"aku tetap menuduh Y, pembelaannya malah terasa dibuat-buat",offend
"Z dari tadi menghindari pertanyaan soal Gag Order, dia pasti terlibat",offend
"gw nggak peduli dia ngaku Spy, A tetap target vote gw",offend
B kelihatan sengaja memancing keributan supaya kita lupa mencurigai dia,offend
"C adalah satu-satunya yang konsisten membela pemain mencurigakan, fix Hitman",offend
"kalian fokus ke D, tapi menurutku E yang mengatur semua arah diskusi",offend
"aku sudah punya keputusan, F Hitman dan tidak ada alasan untuk mengubah vote",offend
"G mendadak membisu tepat setelah dituduh, ini terasa seperti strategi Hitman",offend
"si H paling keras menolak teori ini, justru itu yang bikin dia makin sus",offend
"tadi pas diskusi mulai si A langsung kena Gag Order, gw nuduh dia Hitman",offend
"si B dari awal cuma muncul buat motong chat orang, sekarang gw arahkan vote ke dia",offend
"waktu si C ditanya soal malam tadi, dia kena Gag Order mendadak, menurutku dia Hitman",offend
"gw lihat si D aktif sebelum fase siang, lalu langsung membungkam si E, jadi gw nuduh D",offend
"si F nggak jawab setelah targetnya kena Gag Order, gw catat dia sebagai Hitman",offend
"barusan si Gag Order muncul ke si B, dan si A langsung ngebahasnya duluan, gw nuduh A",offend
"si C dari tadi nyebut nama orang yang sama lalu chatnya kena mute, gw curiga dia Hitman",offend
gw nuduh si D karena dia satu-satunya yang terus minta orang tertentu diam,offend
"si E tadi sempat bahas kejadian malam, lalu Gag Order keluar ke dia, gw arahkan vote ke si F",offend
"pas diskusi dibuka, si A langsung menekan si C dan beberapa detik kemudian C terbisu, A menurut gw Hitman",offend
"si B tidak ikut bahas korban semalam, tapi langsung pakai momen Gag Order buat ganti topik, gw nuduh dia",offend
"aku melihat si D terakhir kali membalas sebelum chat si E terkunci, jadi aku menuduh D sebagai Hitman",offend
"si F mendadak diam setelah menuduh si A, ada Gag Order di situ, gw nuduh F",offend
"dari urutan chatnya, si A minta si B berhenti bicara lalu Gag Order muncul, A jadi tersangka gw",offend
"si C terus mengarahkan voting tanpa menjelaskan aksinya, aku menuduh C sebagai Hitman",offend
"tadi si D ikut menekan si E, lalu E kena Gag Order, gw catat D sebagai Hitman",offend
"gw nggak bisa balas chat setelah dibungkam, dan si B langsung ambil alih diskusi, gw nuduh B",offend
"si A baru aktif saat pembahasan korban dimulai dan langsung ada Gag Order, fix gw vote A",offend
"si E bilang punya info, tapi sebelum selesai dia kena mute; gw menuduh si C yang dari tadi mengincarnya",offend
"urutan kejadian tadi si F menuduh si D, lalu chat F terkunci, gw arahkan tuduhan ke D",offend
"si B beberapa kali minta voting cepat tanpa bahas kejadian malam, gw nuduh B Hitman",offend
"aku melihat si C paling sering memotong pembicaraan, lalu muncul Gag Order pada si A, aku menuduh C",offend
"si D langsung tahu siapa yang tidak bisa chat, padahal kejadian Gag Order baru terjadi, gw curiga D Hitman",offend
"si E dari tadi diam, tapi setelah si B dibungkam dia langsung mendorong vote ke A, gw nuduh E",offend
gw nuduh si F karena dia menghindari pertanyaan tentang kenapa si C kena Gag Order,offend
"pas pagi dimulai si A langsung menyebut target vote, tanpa bahas aksi malam, menurut gw A Hitman",offend
"si B membalas chat si D terus-menerus sampai D kena Gag Order, gw menuduh B",offend
aku menuduh si C karena dia memakai Gag Order tepat setelah ditanya soal korban semalam,offend
"si D tidak membantah saat disebut memakai Gag Order dan malah mengalihkan voting, gw nuduh D",offend
"chat si E terkunci setelah dia menyebut nama si F, jadi sekarang gw menuduh F sebagai Hitman",offend
"Gw bukan Hitman, alibi gw jelas: semalam cuma ikut diskusi dan gak punya aksi malam",defend
"Tuduhan ke aku belum punya dasar; dari log voting, justru kamu yang konsisten mengalihkan fokus",offend
"Sabar, gue bukan tersangka yang tepat. Pola target malam ini lebih cocok dengan pemain yang kemarin paling vokal",offend
"Aku civilian, jadi memang tidak punya informasi malam. Diamku bukan bukti aku Hitman",defend
"Bukan gw yang pakai Gag Order; kalau punya skill itu, targetnya pasti orang yang paling mengancam argumen Hitman",defend
"Klaim kamu masih asumsi. Tolong bedakan fakta, urutan vote, dan tebakan sebelum mengeksekusi aku",defend
"Gue Spy, semalam nge-Guard B. Kalau dia selamat dari serangan, itu mendukung klaim gue",neutral
"Aku Stalker, tapi kemampuan Peek-ku sedang cooldown, jadi wajar kalau aku belum bisa memberi identitas baru",neutral
"Tuduhan ini terlalu cepat. Aku sudah konsisten sejak ronde pertama, sementara ceritamu berubah setelah hasil voting",defend
"Gw gak kabur dari pertanyaan, cuma minta bukti yang konkret. Apa dasar kalian mengaitkan aku dengan sandera?",defend
"Saya bukan Hitman. Jika saya pelakunya, penggunaan Gag Order pada pemain lain tidak masuk akal secara strategi",defend
"Lu bilang aku mencurigakan karena diam, tapi tadi aku sudah menjelaskan urutan kejadian dengan jelas",defend
Jangan eksekusi berdasarkan feeling; belum ada kontradiksi di pernyataanku yang menunjukkan aku jahat,defend
Aku membela diri karena tuduhan ini tidak konsisten dengan pola target malam. Hitman kemungkinan memilih pemain yang punya informasi,defend
"Bukan saya yang mengubah arah diskusi. Cek saja, sejak awal saya meminta data dan bukan mendorong vote acak",defend
"Gw paham kenapa kelihatan mencurigakan, tapi itu cuma karena role gw gak punya aksi aktif. Aku Civilian",defend
"Kalau aku Hitman, kenapa harus membiarkan pemain yang paling menekan tetap hidup? Strategi itu tidak masuk akal",defend
"Tuduhan terhadapku muncul setelah aku mengkritik argumenmu, jadi ada kemungkinan ini cuma upaya membungkam lawan",offend
"Aku tidak bisa membuktikan role tanpa risiko, tapi kronologi tindakanku tidak bertentangan dengan aturan",defend
"Gak ada alasan objektif buat vote aku sekarang. Bandingkan dulu semua klaim, bukan hanya suara paling keras",defend
Saya tetap pada pernyataan sebelumnya; tidak ada bagian yang berubah meski tekanan diskusi makin tinggi,defend
"Lu salah baca situasi. Aku tidak pernah mengaku punya info malam, jadi jangan pakai ketiadaan info sebagai bukti bersalah",defend
"Gw bukan pelaku sandera. Dari timing tuduhan, justru kamu terlihat sedang membangun narasi setelah target malam diketahui",offend
"Aku sudah jawab pertanyaan yang sama dua kali. Kalau masih dianggap bohong, tunjukkan bagian mana yang kontradiktif",defend
"Klaimku memang belum terverifikasi, tetapi klaim lawan juga belum lebih kuat. Vote seharusnya menunggu bukti paling konsisten",defend
"Mereka menuduhku karena aku tidak ikut vote mayoritas, padahal keputusan itu berdasarkan analisis pola, bukan asal melawan",defend
"Aku Spy dan tidak mengawal orang yang sama dua malam berturut-turut; tindakan itu sesuai batasan role, bukan alasan untuk mencurigai aku",defend
"Kalau kalian mengeksekusi aku sekarang, informasi yang hilang justru menguntungkan Hitman. Evaluasi lagi sebelum voting final",defend
"Sus, jangan jadikan satu kalimat sebagai bukti tunggal. Lihat keseluruhan pola chat dan perubahan sikap tiap ronde",offend
Saya membantah tuduhan tersebut dengan tegas: tidak ada bukti bahwa saya menggunakan Gag Order atau memilih sandera,defend
"bukan gw hitman, dari tadi cuma ikut arahan mayoritas",defend
"aku civilian, belum punya info apa-apa dan tidak menyandera siapa pun",defend
"santai, tuduhan itu belum ada buktinya ke aku",defend
"gw cuma diem karena nunggu yang lain ngomong, bukan berarti mencurigakan",defend
"bukan aku pelakunya, semalam juga tidak melakukan aksi apa pun",defend
"kalau ditanya, role gw civilian dan tidak ada alasan buat nyamar",defend
"aku bukan hitman, jangan langsung vote cuma karena aku pasif",defend
"tadi gw ikut vote mayoritas, bukan sedang nutupin siapa-siapa",defend
"sumpah bukan gw, dari awal cuma baca chat",defend
"aku tidak pakai gag order, jadi jangan kaitkan aku dengan pemain yang dibungkam",defend
"gw bukan stalker, jadi memang tidak punya hasil peek buat dibagikan",neutral
"kalau aku hitman, harusnya ada alasan kenapa target hostage belum jelas",defend
"dia nuduh gw tanpa bukti, aku cuma menjawab karena ditanya",defend
"aku pemain biasa, belum melihat pola yang cukup buat menuduh siapa pun",neutral
"bukan sus, cuma irit bicara aja",defend
"gw aman kok, jangan lempar tuduhan random ke pemain yang lagi diam",defend
"aku bukan spy juga, semalam tidak melakukan guard ke siapa pun",neutral
"fix bukan aku, posisi gw dari tadi cuma ngikutin diskusi",defend
"kalau mayoritas mau vote aku, ya silakan, tapi tuduhannya tetap belum kuat",defend
"gw tidak punya info rahasia, jadi wajar kalau chat-ku sedikit",defend
"aku cuma mengikuti keputusan tim, bukan berusaha mengarahkan vote",defend
"bukan hitman, dan aku tidak pernah pakai skill apa pun malam ini",defend
"tuduhan ke aku masih asumsi, belum ada yang benar-benar membuktikan",defend
"aku jawab sekarang karena namaku disebut, selain itu memang tidak banyak yang bisa kukatakan",defend
"gw civilian, kalau mau cek pola chat silakan, dari awal konsisten kok",defend
"jangan salah paham, aku pasif karena belum yakin siapa yang mencurigakan",defend
"aku tidak terlibat penyanderaan, jadi jangan asal masukkan namaku",defend
"bukan gw yang bikin suasana kacau, aku cuma ikut keputusan setelah diskusi",defend
"role-ku bukan hitman, dan aku tidak punya alasan buat mengarang cerita",defend
"aku tetap di pihak mayoritas, tapi itu bukan bukti bahwa aku jahat",defend
"sumpah bukan gw hitman, dari awal argumen gw konsisten kok",defend
"tuduhan lu ke gw cuma karena gw beda pendapat, itu bukan bukti",defend
"gw civilian biasa, semalam juga nggak punya aksi apa pun",neutral
"kalau gw hitman, ngapain gw malah buka pola yang bisa nyudutin diri sendiri",defend
jangan asal bilang gw sus cuma karena tadi telat balas chat,defend
"gw nggak pernah pakai Gag Order, jadi jangan lempar kesalahan itu ke gw",defend
"yang nuduh gw tolong kasih alasan konkret, jangan cuma modal feeling",defend
"bukan aku pelakunya, voting ke aku sekarang malah bikin Hitman senang",defend
"gw Spy, semalam aku Guard si C dan dia selamat dari serangan",neutral
"jangan putarbalikkan omonganku, dari tadi gw justru konsisten membela warga",defend
"si A nuduh gw tanpa bukti, menurut gw itu lebih mencurigakan daripada respons gw",offend
"aku Stalker, hasil Peek-ku belum bisa kubuka sembarangan, tapi identitasku bukan Hitman",neutral
"gw nggak diam karena mencurigakan, tadi koneksi gw bermasalah",defend
"kalau aku benar Hitman, kenapa aku mau jadi orang pertama yang diperiksa argumennya",defend
"lu salah baca situasi, reaksi gw keras karena tuduhan itu memang nggak berdasar",defend
jangan jadikan aku kambing hitam cuma karena target Hostage semalam dekat denganku,defend
"gw paham kalian curiga, tapi sampai sekarang nggak ada bukti yang nyambung ke gw",defend
"tuduhan ini lemah banget, cuma mengandalkan siapa yang paling vokal di chat",defend
"aku tidak terlibat, dan kronologi yang kalian sebut jelas tidak cocok dengan posisiku",defend
"si B, jangan ngarang seolah-olah aku menghilang saat diskusi, chat-ku ada semua",offend
"gw bukan sus karena membantah, justru orang bersih wajar dong membela diri",defend
"kalau mau eksekusi gw, minimal jawab dulu bantahan gw satu per satu",defend
"aku nggak punya alasan untuk melindungi Hitman, jadi jangan samakan pembelaanku dengan cover",defend
"yang bikin gw dicurigai cuma satu kalimat, padahal penjelasan gw dari tadi lengkap",defend
"fix bukan aku, pola serangan malamnya malah lebih mengarah ke pemain yang diam",offend
"jangan buru-buru vote, selama ini aku belum melakukan tindakan yang merugikan tim",defend
"gw kena tuduhan karena timing chat, tapi timing bukan bukti role",defend
"aku siap diuji lewat logika, bukan dihukum hanya karena ada yang paling keras nuduh",defend
"lu boleh curiga, tapi bilang gw Hitman tanpa dasar itu cuma fitnah",defend
"kalau aku jahat, aku nggak akan repot-repot mengoreksi detail yang bisa membantu tim",defend
"gw bukan Hitman, dari ronde pertama malah gw yang buka pembahasan; cek aja pemain yang terus ngikut arus",defend
"tuduhan ke aku lemah banget, mending fokus ke dia yang jawabannya muter-muter",offend
"aku Civilian, tidak punya skill malam, jadi jangan asal lempar vote ke saya",defend
"sumpah bukan gw pelakunya, tadi gw justru paling awal minta semua kasih alibi",defend
"kalau aku Hitman, ngapain gw dorong diskusi seterbuka ini? Vote pemain yang pasif saja",offend
"lu nuduh gw karena gw tegas, padahal yang mencurigakan itu si B yang dari tadi menghindar",offend
"aku tidak sedang menyembunyikan apa pun, silakan bandingkan alibiku dengan jawaban mereka",defend
"bukan aku yang pakai Gag Order, chatku dari tadi normal; curigai yang mendadak membungkam orang",offend
"gw udah jelasin kronologi malam tadi, sekarang giliran si C yang harus kasih alasan",offend
"jangan kejebak tuduhan kosong, aku warga biasa dan target voting kita harus pemain yang kontradiktif",offend
"aku memang agresif memimpin diskusi, tapi itu bukan bukti aku Hitman",defend
"kalau kalian masih ragu sama aku, lihat siapa yang paling diuntungkan dari tuduhan ini",defend
"gw bukan Stalker palsu, klaim gw jelas; yang mencurigakan justru dia yang numpang hasil orang lain",offend
"tuduhan ini cuma pengalihan, aku tidak punya akses aksi malam; arahkan vote ke pemain yang alibinya bolong",offend
"saya sudah konsisten sejak awal, sedangkan dia baru muncul setelah arah voting terbentuk",offend
"fix bukan aku, jawaban gw dari tadi sama; sekarang kita tekan si D yang terus ganti cerita",offend
"lu boleh curiga, tapi jangan eksekusi tanpa dasar; cek dulu pemain yang paling banyak diam saat ditanya",offend
"aku tidak menyerang siapa pun malam ini, jadi klaim itu tidak bisa dijadikan bukti terhadapku",defend
"gw paham kenapa kalian curiga, tapi pola sebenarnya ada di dia yang selalu membela tersangka lain",offend
"bukan aku yang bikin suasana kacau, ada pemain yang sengaja lempar tuduhan lalu menghilang",offend
"aku siap diverifikasi lewat diskusi, tapi sebelum itu kita bahas kenapa si E menolak jawab",offend
jangan ikut vote ke aku cuma karena gw vokal; pemain Hitman biasanya lebih aman dengan ikut arus,defend
"saya warga biasa, dan usul saya jelas: tahan vote ke saya, eksekusi pemain yang alibinya paling lemah",offend
"gw gak punya alasan buat menjebak si A, tapi dia jelas mengubah ceritanya setelah ditantang",offend
"aku bukan target yang tepat, bukti terhadapku cuma asumsi; mari pindahkan tekanan ke pemain yang pasif",offend
"kalau aku pelindung, bukan berarti aku wajib membocorkan target Guard; jangan pakai itu untuk menuduhku",defend
"tuduhan si B tidak masuk akal, dia bahkan salah mengingat urutan diskusi; menurutku dia prioritas vote",offend
"aku tetap di posisi yang sama sejak awal dan tidak ikut-ikutan klaim baru, jadi jangan jadikan aku kambing hitam",defend
"gw udah jawab semua pertanyaan, sekarang jangan biarkan mereka mengalihkan topik; fokus ke si C",offend
"saya membela diri karena tuduhannya tidak berdasar, bukan karena panik; keputusan voting seharusnya jatuh ke pemain yang inkonsisten",offend
"bentar, gw baru nangkep tuduhannya, tapi gw bukan hitman",defend
"sumpah aku civilian, dari tadi cuma ngikutin info yang masuk",neutral
"jangan langsung vote gw, tadi koneksi gw delay jadi keliatan diem",defend
"gw bukan sus, cuma telat baca chat dan belum paham konteksnya",defend
"eh ulangin dong, gw dituduh karena apa? setahu gw gw aman",neutral
"fix bukan aku hitmannya, semalam aku juga nggak punya aksi apa-apa",defend
"gw baru gabung diskusinya, jangan jadikan telat respon sebagai bukti",defend
"aku tidak membela hitman, aku hanya belum melihat alasan kuat untuk vote dia",defend
"tunggu, dari potongan info itu belum cukup buat nuduh gw",defend
"gw civilian biasa, kalau ada yang mencurigakan dari chat gw bilang langsung",neutral
"bukan gw yang nyandera, tadi malam role gw tidak melakukan apa pun",defend
lu bisa ulang kronologinya? gw mau jelasin posisi gw dulu,neutral
"aku memang lambat nangkep alurnya, tapi itu bukan berarti aku jahat",defend
"jangan dipelintir, tadi aku cuma minta konteks sebelum ikut voting",defend
"gw nggak hilang, cuma lagi baca ulang chat dari awal",defend
"kalau tuduhannya karena gw salah sebut role, itu cuma karena gw belum fokus",defend
"saya menolak tuduhan itu, belum ada bukti yang mengarah ke saya",defend
"eh sebentar, siapa yang pertama nuduh gw? aku ketinggalan bagian itu",neutral
"gw bukan hitman, dan gag order tadi juga bukan dari gw",defend
"jangan vote asal, posisi gw dari tadi konsisten kok",defend
"aku belum sempat pakai skill apa pun, jadi jangan anggap aku stalker mencurigakan",defend
"gw baru sadar target yang dibahas itu siapa, tapi tetap aja gw bukan pelakunya",defend
"kalau ada yang lihat gw aneh, jelasin momennya biar bisa gw jawab",neutral
"santai dulu, gw memang pasif, tapi tidak ada aksi malam yang bisa dituduhkan ke gw",defend
"tadi chat gw sempat kekunci, jadi wajar kalau respons gw telat",defend
"aku tidak tahu siapa yang diserang semalam, jangan masukkan aku cuma karena diam",defend
"gw minta satu kesempatan jelasin, setelah itu baru tentukan vote",defend
"yang nuduh gw tolong sebut alasannya, jangan cuma bilang gw kelihatan sus",defend
"aku baru mengikuti separuh diskusi, tetapi dari informasi yang ada belum tentu aku pelakunya",defend
"bentar, kalian sudah punya bukti atau cuma curiga karena gw lambat balas?",defend
"bukan gw, kalau mau nuduh kasih alasan jangan cuma ikut vote",defend
"santai, gw civilian; yang panik malah yang lempar tuduhan duluan",offend
"gw bukan hitman, tadi malam target selamat bisa aja ada spy yang kerja",defend
"lu nuduh gw karena gw diem, tapi yang dari tadi ngarahin vote siapa?",offend
"fix bukan aku, kalau aku hitman harusnya gag order pemain yang paling vokal dari awal",defend
"jangan kejebak omongan dia, gw udah jelasin posisi gw dari tadi",defend
"gw stalker, peek gw belum bisa dipakai ronde ini, jadi jangan maksa minta info",neutral
"aku bukan pelaku, justru kamu yang buru-buru nutup diskusi kelihatan mencurigakan",offend
"kalau gw hitman, ngapain sengaja mancing perhatian ke diri sendiri begini?",defend
"tuduhanmu lemah banget, cuma karena gw beda pendapat langsung dibilang jahat",defend
"gw spy, semalam gw guard orang tapi bukan berarti hasilnya selalu kelihatan",neutral
"bukan gw yang nyulik, coba cek siapa yang paling ngotot nyeret nama gw",offend
"lu boleh vote gw, tapi siap-siap kehilangan warga cuma gara-gara provokasi murahan",defend
"aku sudah konsisten dari awal, yang berubah-ubah jawabannya malah dia",offend
"jangan asal percaya dia, pembelaan gw jelas dan tidak ada yang terbantahkan",offend
"gw civilian biasa, kalau masih maksa nuduh berarti lu memang cari kambing hitam",offend
yang nge-gag gw tadi malah bikin gw makin yakin ada yang takut kebongkar,offend
"bukan saya pelakunya, argumen saya bisa dicek dari urutan kejadian tadi",defend
"dia nuduh gw supaya perhatian pindah, jangan kasih hitman celah segampang itu",offend
"gw nggak perlu bohong buat selamat, justru respons kalian yang mulai kebaca",defend
"kalau mau eksekusi gw, minimal jelaskan motifnya, bukan sekadar feeling",defend
"sumpah bukan aku, aku malah dari tadi ngajak kita cari pola vote",defend
"lu bilang gw mencurigakan karena ngebela diri, ya jelas lah, gw lagi dituduh",defend
"gw bukan hitman, tapi gw tahu siapa yang paling menikmati kekacauan ini",defend
"jangan terpancing gaya ngomongnya, dia cuma mau bikin gw kelihatan defensif",offend
"aku sudah jawab semua pertanyaan, sekarang giliran kamu jelaskan alibimu",offend
"kalau gw jahat, harusnya gw diam dan biarin kalian saling vote, bukan malah buka risiko",defend
"tuduhan itu jebakan banget, tapi gw nggak bakal ikut panik cuma demi terlihat aman",defend
"mereka mau lempar gw karena bukti ke gw kosong, jadi jangan gampang kemakan drama",defend
"gw tetap di pihak warga, vote gw dari ronde sebelumnya juga konsisten",defend
"bukan gw hitman, dari awal gw cuma ikut analisis yang masuk akal",defend
"sumpah aku civilian, jangan asal lempar tuduhan cuma karena aku tadi diam",defend
"lu nuduh gw tanpa bukti jelas, coba jelasin dasar curiganya apa",defend
"aku bukan sus, tadi cuma telat masuk diskusi",defend
"fix bukan aku pelakunya, malam tadi aku tidak punya aksi apa pun",defend
"jangan vote gw dulu, tuduhan ke aku masih berdasarkan asumsi",defend
"gw memang salah baca situasi, tapi itu bukan berarti gw hitman",defend
"aku ngerti kenapa kalian curiga, tapi periksa lagi alibi dan urutan kejadian",defend
"dia nuduh gw karena gw beda pendapat, bukan karena punya bukti",defend
"serius, kalau aku hitman ngapain dari tadi malah bantu cari pola?",defend
"gw cuma mengikuti suara mayoritas, bukan berarti gw satu tim sama hitman",defend
tolong jangan jadikan aku kambing hitam hanya karena paling vokal,defend
"aku tidak membungkam siapa pun, mungkin itu efek Gag Order dari pemain lain",defend
"lu salah sasaran, gw belum pernah melakukan hal yang mencurigakan malam ini",defend
"bukan aku yang bikin situasi kacau, dari tadi justru dia yang mengalihkan topik",offend
saya menolak tuduhan itu karena belum ada bukti yang mengarah langsung kepada saya,defend
"gw bisa jelasin keputusan gw, tapi jangan potong chat dulu",defend
"kalau kalian merasa gw sus, sebutkan tindakan spesifik yang jadi buktinya",defend
"aku bukan stalker palsu, informasi yang kubawa sesuai dengan hasil peek-ku",defend
"jangan langsung eksekusi aku, masih ada kemungkinan tuduhan ini sengaja diarahkan",defend
"sumpah bukan dia yang benar, gw punya alasan kenapa pilih target itu",defend
"aku tadi diam karena sedang membaca pola, bukan menyembunyikan identitas",defend
"lu boleh curiga, tapi vote gw sekarang terlalu terburu-buru",defend
"gw bukan hitman, dan keputusan malam yang dituduhkan ke aku tidak masuk akal",defend
"aku sudah menjawab pertanyaannya, jangan putar ulang tuduhan yang sama",defend
dia cuma memanfaatkan kesalahan kecilku buat menghapus fokus dari dirinya,offend
"kalau aku jahat, mestinya dari tadi aku tidak akan bantu menyusun kronologi",defend
"tenang, aku bisa mempertanggungjawabkan semua ucapan dan vote-ku",defend
"gw bukan sus, cuma strategi debat gw memang lebih hati-hati",defend
"kalian bebas menilai, tapi eksekusi aku sekarang bisa jadi kesalahan fatal",defend
"tuduhan ke gw belum ada buktinya, jangan cuma ikut suara terbanyak",defend
"gw bukan hitman, dari tadi justru kalian yang maksa narasi tanpa dasar",defend
"santai, aku civilian, kalau mau eksekusi minimal kasih alasan yang jelas",defend
"lu nuduh gw karena gw diem? itu bukan bukti, bisa aja gw lagi baca situasi",defend
"fix bukan gw pelakunya, argumen kalian terlalu gampang dipatahkan",defend
"aku bukan spy, tapi aneh kalau semua langsung percaya sama klaim si A",offend
jangan asal vote gw cuma karena dia paling vokal di chat,defend
"gw civilian biasa, dan tuduhan ini muncul cuma gara-gara timing yang kebetulan",defend
"kalau gw hitman, ngapain gw malah ngebantah pola yang mengarah ke dia?",defend
"sumpah bukan aku, kalian terlalu cepat menganggap mayoritas itu pasti benar",defend
"tuduhan lu lemah banget, cuma modal gw salah sebut ronde",defend
"aku tidak punya alasan untuk menyandera siapa pun, periksa lagi alibinya",defend
"gw bukan stalker, jadi jangan paksa gw mengarang hasil peek demi terlihat meyakinkan",defend
yang nuduh gw belum menjelaskan kenapa aksinya sendiri mencurigakan,offend
"jangan keburu eksekusi, bisa jadi ini framing dari hitman yang mau aman",defend
"aku tetap di pihak warga, tapi bukan berarti harus setuju dengan analisis kalian",neutral
lu bilang gw mencurigakan karena beda pendapat? itu justru alasan yang terlalu dangkal,defend
"bukti chat gw ada semua, coba tunjuk bagian mana yang katanya fitnah",defend
gw bukan target yang gampang dikorbankan cuma karena si B paling keras ngomong,defend
"kalau klaim itu benar, kenapa ceritanya berubah sejak awal diskusi?",offend
"aku civilian, dan menurutku tuduhan ke gw sengaja diarahkan biar pelaku lolos",defend
"jangan percaya dia mentah-mentah, gw dituduh tanpa ada hubungan jelas ke korban",offend
"gw nggak kena Gag Order semalam, tapi itu juga bukan bukti gw hitman",defend
"kalau aku pelaku, harusnya aku tidak akan membuka celah sebesar ini di diskusi",defend
"kalian boleh curiga, tapi jangan menyamakan curiga dengan bukti",defend
"gw menolak tuduhan itu, analisisnya cuma berdasarkan siapa yang paling banyak diam",defend
"dia terlalu dominan membela diri sendiri, malah bikin tuduhan ke gw makin meragukan",offend
"aku bukan hitman dan tidak pernah memakai Gag Order, cek urutan kejadian dulu",defend
jangan vote gw hanya karena klaim stalker itu belum diverifikasi,defend
"kalau mau mengeksekusi gw, jawab dulu kenapa alibi si A dianggap otomatis valid",defend
"gw bukan Hitman, lu nuduh cuma gara-gara feeling doang",defend
"sumpah aku Civilian, dari tadi malah bantu nyari pola",defend
"kalau aku Hitman, ngapain bikin tuduhan seterbuka ini?",defend
"fix bukan gue, yang panik justru pemain yang lempar nama duluan",offend
"tuduhan ke aku lemah banget, belum ada bukti Peek sama sekali",defend
"gw Spy, semalam Guard orang lain, jadi jangan asal eksekusi",defend
"aku bukan sus, dia cuma cari kambing hitam karena mulai kepepet",offend
"lu boleh curiga, tapi jangan anggap teori tanpa bukti sebagai fakta",neutral
"mereka nuduh aku karena aku paling vokal, padahal itu belum tentu",defend
"kalau aku Hitman, harusnya aku diam dan biarin kalian saling vote",defend
"serius, aku bukan pelaku Hostage, cek lagi siapa yang paling diuntungkan",defend
"gw cuma ngasih analisis, bukan berarti gw tahu target malam itu",defend
"jangan terpancing, tuduhan ke aku bisa jadi Gag Order versi omongan",defend
"aku Civilian, dan feelingku bilang yang nuduh malah sedang bluffing",offend
"dia nuduh gw buat nutupin gerakannya sendiri, teori ini lebih masuk akal",offend
"bukan aku yang aneh, dari awal justru dia yang ubah-ubah cerita",offend
"kalau kalian eksekusi aku, kemungkinan besar Hitman tinggal senyum",defend
"gw belum pernah punya info Peek, jadi jangan paksa aku mengaku Stalker",defend
"aku tidak bersalah, argumen kalian cuma muter di asumsi yang sama",defend
"susnya bukan aku, coba lihat siapa yang langsung ikut menekan vote",offend
"lu bilang aku bohong, tapi belum nunjukin bagian mana yang kontradiktif",defend
"fix ini setup buat ngejatuhin aku sebelum Tribunal, jangan gampang kemakan",defend
"aku memang salah baca situasi, tapi salah analisis bukan bukti aku Hitman",defend
gw Spy dan target Guard-ku semalam bukan orang yang kalian kira,neutral
"jangan eksekusi berdasarkan vibes, nanti Hitman dapat kemenangan gratis",defend
"kalau dia yakin banget aku jahat, kenapa baru ngomong sekarang?",defend
"aku cuma spekulatif, bukan berarti semua teoriku berasal dari role jahat",defend
mereka mungkin sengaja bikin aku terlihat sus supaya target asli lolos,defend
"gw tetap bertahan: bukan aku pelakunya, dan tuduhan ini terlalu dipaksakan",defend
"kamu boleh curiga sama aku, tapi vote tanpa dasar bakal jadi blunder",defend
"gw bukan Hitman, dari awal juga target gw sama: si Raka yang paling mencurigakan",offend
"tuduhan kalian ke aku ngaco, aku Civilian dan tidak punya aksi malam",defend
"fix bukan gue pelakunya, semalam gue cuma nunggu fase pagi",defend
"lu boleh vote gw, tapi pendirian gw tetap: gw bukan Hitman",defend
"sumpah gw bukan sus, kalian cuma salah baca cara main gw",defend
"aku tidak berubah-ubah, dari tadi sudah bilang dia yang mencurigakan, bukan aku",offend
"jangan lempar kesalahan ke gw cuma karena gw diem, gw Civilian biasa",defend
"gw dituduh terus gara-gara analisis gw tajam, padahal itu bukan bukti gw Hitman",defend
"bukan aku yang pakai Gag Order, jangan asal cocoklogi",defend
"kalau gw Hitman, ngapain dari awal gw terus dorong target yang sama secara terbuka",defend
kalian salah besar kalau mengira gw Spy cuma karena gw membela pemain itu,defend
"gw tetap yakin si Dimas Hitman, tapi itu bukan berarti gw partnernya",offend
"aku sudah menjelaskan posisiku, tidak ada alasan untuk mengganti tuduhan ke aku",defend
"lu nuduh gw karena vote gw beda sendiri, padahal gw memang tidak ikut arus",defend
"bukan gw yang nyandera korban semalam, role gw tidak punya skill itu",defend
"gw civilian, titik. Bukti baru itu belum cukup buat bikin gw ganti pendapat",neutral
"jangan bawa-bawa nama gw, yang pakai Gag Order jelas bukan dari pihak gw",defend
"saya tidak bersalah, tuduhan ini hanya berdasar asumsi karena saya aktif berdiskusi",defend
"gw dari ronde pertama konsisten curiga ke si B, jadi jangan bilang gw cari kambing hitam",offend
"kalau mau eksekusi gw silakan, tapi kalian bakal nyesel karena Hitman masih hidup",defend
"aku bukan Stalker, jadi jangan paksa aku punya info Peek tentang siapa pun",defend
"lu semua terlalu cepat nuduh gw, padahal alibi gw masih lebih masuk akal",defend
gw tidak akan ikut vote diri sendiri cuma buat menyenangkan orang yang salah tuduh,defend
"serius, gue bukan Hitman. Yang berubah-ubah justru orang yang sekarang nuduh gue",offend
"aku tetap pada teori awalku, dan pembelaan ini bukan tanda aku panik",defend
"siapa pun boleh meragukan gw, tapi role gw tetap Civilian dan itu fakta",defend
"gw tidak punya alasan membela Hitman, gw cuma bilang bukti kalian belum kuat",defend
"jangan samakan sikap keras kepala gw dengan perilaku sus, dari awal posisi gw jelas",defend
"kalau aku pelakunya, kenapa aku malah terus minta semua orang cek pola vote si Ardi",defend
"tuduhan ini tidak mengubah apa pun, gw bukan Hitman dan tetap akan vote target yang sama",defend
"Sumpah bukan aku hitmannya, dari awal aku civilian dan tidak punya aksi malam",defend
"Gw belum menyandera siapa pun, semalam cuma menunggu sampai fase pagi",defend
"Nama gw tadi disebut, tapi semalam aku tidak melakukan aksi apa pun",defend
"Aku memang diam di awal diskusi, waktu itu chatku sempat kena Gag Order",defend
"Chat gw dibungkam mendadak tadi, jadi aku baru bisa menjelaskan sekarang",defend
"Aku role Spy, target guard-ku semalam adalah Raka",neutral
"Semalam aku guard Raka, malam sebelumnya target guard-ku bukan Raka",neutral
"Aku Stalker, peek terakhir kupakai dua ronde lalu dan malam ini belum bisa mengintip",neutral
"Gw civilian biasa, jadi tidak punya pilihan target saat malam",neutral
Aku belum pernah memakai skill apa pun di ronde ini,neutral
"Tadi aku ada di chat sejak fase siang dimulai, lalu balasanku berhenti setelah kena mute",defend
"Aku tidak keluar dari diskusi, chatku yang terkunci setelah Gag Order",defend
"Gw bukan Hitman, semalam tidak ada aksi hostage dari pihakku",defend
Aku memilih target guard yang berbeda malam ini karena target sebelumnya tidak boleh diulang,neutral
Semalam aku hanya menerima hasil fase pagi dan tidak melakukan tindakan lain,neutral
"Aku Civilian, jadi keteranganku hanya berdasarkan chat yang masuk",neutral
"Gw sempat menulis pembelaan, tapi pesan itu tidak muncul setelah chat dibungkam",neutral
"Aku tidak punya akses Gag Order, dan tadi hanya menjawab pertanyaan di chat",neutral
"Peran yang kupakai Stalker, peek-ku belum tersedia karena masih cooldown",neutral
"Aku guard Sari pada malam pertama, lalu malam kedua targetku berganti",neutral
"Sejak ronde dimulai, aku belum menerima pilihan untuk menyandera pemain",defend
"Aku tidak menghilang, koneksiku terputus sebentar saat diskusi berlangsung",defend
"Gw baru masuk lagi setelah reconnect, jadi beberapa pesan sebelumnya tidak terbaca",defend
Aku tidak bisa membalas saat namaku disebut karena sedang terkena Gag Order,defend
"Semalam aksiku adalah guard, bukan hostage",defend
"Hasil peek yang kudapat hanya untuk satu pemain, dan aku belum memakai peek lagi",neutral
"Aku sudah menjelaskan urutan aksiku, malam pertama guard, malam kedua tidak melakukan aksi",neutral
Gw tidak punya akses ke aksi malam sebagai Civilian,neutral
Tidak ada tindakan hostage yang kukirim dari akunku pada fase malam tadi,defend
"Aku tetap di ruang diskusi sampai voting dibuka, lalu langsung memberikan suara",defend
"gw Stalker, malam pertama peek si R dan hasilnya Civilian, jadi jangan asal lempar vote ke dia",defend
"aku Spy, tadi malam guard kamu; kalau Hitman mengincar kamu, harusnya targetnya gagal",neutral
"sumpah peranku Civilian, tapi pola diamnya D lebih cocok sama Hitman daripada warga biasa",offend
"hasil peek-ku jelas, si N bukan Spy; aku Stalker dan info ini harus jadi dasar voting",offend
"saya bukan Hitman, saya Spy yang sengaja tidak membuka target guard supaya strategi perlindungan tidak terbaca",defend
"lu boleh curiga, tapi gw Stalker dan semalam ngecek si K, role-nya bukan Hitman",defend
"aku warga biasa, tidak punya skill malam; justru klaim role yang terlalu cepat patut diperiksa",offend
"gw Spy, target guard-ku si A. Kalau dia diserang dan tetap hidup, itu bukti yang bisa kita evaluasi",neutral
"aku Stalker, cooldown-ku baru aktif lagi ronde ini, jadi klaim peek tadi bukan asal tebak",neutral
"bukan aku yang pakai Gag Order; dari timing-nya, Hitman kemungkinan membungkam pemain yang mulai menyusun pola",offend
"roleku Civilian, dan voting-ku murni dari kontradiksi ucapan B sejak awal diskusi",offend
"gw bukan Hitman, kalau punya skill Gag Order tadi pasti sudah gw pakai ke orang yang paling vokal",defend
"saya Stalker dan sudah melihat identitas asli si J, hasilnya Spy; tolong jangan eksekusi dia dulu",defend
"aku Spy, malam ini tidak bisa guard orang yang sama lagi, jadi rencana perlindunganku cukup terbatas",neutral
"kalau analisisnya objektif, aku Civilian; yang berubah-ubah cerita justru C, bukan saya",offend
"gw Stalker, peek pertama nunjukin si M Civilian, jadi tuduhan ke dia belum punya dasar",defend
"aku tidak punya alasan menutupi role, saya Spy dan target guard semalam adalah si P",neutral
"jangan termakan framing, gw Civilian yang cuma membaca urutan vote dan respons mereka",defend
"aku Stalker, informasi dari peek-ku mengarah ke si T sebagai bukan Hitman, jadi fokus kita pindah ke L",offend
"kalau aku Hitman, mestinya aku tidak akan mengaku punya hasil peek sedetail ini; roleku Stalker",defend
"gw Spy, bukan warga biasa; perubahan target guard tiap malam bikin pola perlindungan kita susah dibaca Hitman",neutral
"aku Civilian dan tidak pernah menerima info malam, jadi klaim role dari Q kelihatan terlalu dibuat-buat",offend
"hasil pengamatan semalam mendukung bahwa aku Stalker, sedangkan si V paling mungkin sedang menyamar",offend
"saya Spy, tetapi sengaja merahasiakan siapa yang saya kawal agar Hitman tidak mengubah pola serangannya",neutral
"gw bukan Hitman, Gag Order tadi jelas dipakai buat memutus argumenku sebelum bukti lengkap keluar",defend
"roleku Stalker; si E sudah ku-peek dan dia bukan Civilian, jadi responsnya perlu kita audit",offend
"aku warga biasa, tapi secara statistik pemain yang langsung mengklaim Spy lebih layak dicurigai",offend
"gw Spy dan semalam guard si H, jadi kalau dia selamat itu bukan kebetulan biasa",neutral
"aku Stalker, belum bisa peek lagi karena cooldown, tapi data ronde pertama masih mengarah ke si W",offend
"dari pola chat dan timing Gag Order, aku yakin bukan Hitman; aku Civilian yang sedang merangkum bukti",neutral
"gw civilian aja, dari awal cuma ikut info mayoritas",neutral
"bukan hitman, aku stalker dan semalam peek Raka, dia aman",neutral
"kalau ditanya role, aku Spy; tadi malam guard Dito",neutral
"aku nggak punya info banyak, civilian kok",neutral
"sumpah aku Stalker, semalam intip Naya dan hasilnya aman",neutral
"bukan aku pelakunya, role-ku Spy, cuma belum mau banyak ngomong",defend
"gw civilian biasa, ikut vote yang paling masuk akal aja",neutral
"aku Spy, semalam guard orang yang sekarang paling dicurigai",neutral
"tenang, gw Stalker. Si B aman dari hasil peek gw",neutral
"aku bukan Hitman, cuma warga yang ngikutin suara terbanyak",neutral
"role-ku Stalker, tapi info peek belum bisa banyak karena cooldown",neutral
"iya, aku Spy. Malam pertama tadi aku guard si C",neutral
"nggak ada yang bisa gw tambahin, gw civilian",neutral
"kalau mayoritas vote dia, aku ikut, soalnya aku Spy bukan pengarah",offend
"aku Stalker, semalam cek si D dan dia kelihatan bersih",neutral
"bukan sus, aku cuma civilian yang pasif",defend
"gw Spy, target guard-ku semalam bukan orang yang kalian sebut",neutral
"aku udah peek si E, dia aman, jadi jangan asal vote",defend
"role asli? Civilian aja, serius",neutral
"aku Stalker, cuma belum sempat buka info dari awal",neutral
"bukan Hitman, aku Spy dan tadi malam jagain satu orang",neutral
"gw ikut keputusan mayoritas, tapi role-ku Stalker",neutral
"aku civilian, makanya dari tadi cuma baca chat",neutral
"semalam aku guard si F, jadi klaim Spy-ku jelas",neutral
"aku Stalker, hasil intipku bilang si G bukan Hitman",neutral
"nggak usah curiga ke aku, gw cuma warga biasa",defend
"iya aku Spy, tapi target guard nggak bisa kusebut sekarang",neutral
"kalau mau vote, ikut aja suara ramai; aku civilian",neutral
"aku Stalker dan sudah cek satu orang, hasilnya aman",neutral
"bukan aku yang nyandera, role-ku Spy dari awal",defend
"gw bukan hitman, aku Spy dan semalam nge-guard si D",defend
"tuduhan ke gw ngaco, gw Stalker dan hasil peek gw bilang si R aman",defend
"jangan asal vote gw, role gw Civilian biasa, yang maksa nuduh malah mencurigakan",offend
"sumpah gw bukan pelaku, gw Spy, semalam target guard gw selamat dari serangan",defend
"kalau gw Hitman, ngapain dari awal gw paling aktif bongkar pola mereka? gw Stalker",defend
"fitnah doang itu, gw udah peek si B dan dia bukan Hitman, jadi jangan balik nuduh gw",defend
"gw civilian, gak punya skill malam, tapi tuduhan kalian ke gw sama sekali gak nyambung",defend
"lu salah besar nuduh gw, role gw Spy dan gw sengaja gak buka target guard biar gak jadi sasaran",defend
"aku Stalker, hasil intip malam kemarin justru bikin si K kelihatan mencurigakan",offend
"bukan gw yang pakai Gag Order, gw Spy dan dari tadi cuma berusaha jelasin posisi gw",defend
"jangan dipelintir, gw Civilian dan gak bisa nyandera siapa pun saat malam",defend
"gw punya info sebagai Stalker, si F aman, jadi argumen yang nyerang gw itu cuma pengalihan",defend
"kalau kalian eksekusi gw, kalian bakal kehilangan Spy yang sebenarnya lagi jagain tim",defend
"gw bukan Hitman, role gw Stalker, cuma belum bisa peek lagi karena masih cooldown",neutral
"tuduhan itu lemah banget, gw cuma Civilian yang kebetulan paling cepat sadar pola vote",defend
"aku Spy, malam tadi aku guard si N, jadi aneh kalau sekarang malah aku yang dituduh",defend
"siapa pun yang bilang gw Hitman jelas lagi cari kambing hitam, gw Stalker dari awal",offend
"gw gak mungkin pakai Gag Order, role gw Civilian dan aku gak punya skill siang",defend
"lu mau vote gw cuma karena gw defensif? gw Spy, wajar dong gw berusaha bersihin nama",defend
"hasil peek gw nunjukin si T bukan Hitman, tapi kalian malah fokus nyerang gw yang Stalker",defend
"santai, gw bukan pelaku. gw Civilian dan gak pernah punya akses buat Hostage",defend
"aku udah bilang roleku Spy, target guard memang gak boleh sama dua malam berturut-turut",neutral
"narasi kalian bolong, gw Stalker dan info yang gw bawa bisa ngebantah tuduhan ini",defend
"gw dituduh cuma karena telat ngomong, padahal aku Civilian dan memang gak punya aksi malam",defend
"yang pakai Gag Order pasti lagi panik, sedangkan gw Spy yang dari tadi jawab semua tuduhan",offend
"gw bukan Hitman, semalam sebagai Stalker aku peek satu orang dan hasilnya bukan aku pelakunya",defend
"jangan eksekusi orang yang gak punya skill jahat, gw Civilian dan tuduhan ini cuma spekulasi",defend
"aku Spy, kalau ada korban yang selamat semalam itu kemungkinan besar karena guard-ku",neutral
"fix yang nuduh gw lagi nutupin jejak, karena gw Stalker dan sudah punya hasil peek",offend
"gw gak akan kabur dari tuduhan, role gw Civilian dan silakan cek konsistensi argumen kalian",neutral
"gw stalker, semalem peek Raka dan dia hitman, vote Raka sekarang",offend
"aku spy, tadi malam jagain Naya, jadi yang paling mencurigakan justru Dimas",offend
"sumpah gw civilian, tapi pola chat Bimo udah kayak hitman, langsung tribunal aja",offend
"kalian jangan kejebak, aku stalker dan hasil peek-ku nunjuk Gilang",offend
"gw spy asli, target guard-ku selamat, fokus voting ke Seno",offend
"aku bukan hitman, role-ku civilian, tapi Arga jelas lagi bikin alibi palsu",offend
"semalem gw peek Vina, dia aman, berarti vote ke Joko lebih masuk",offend
"aku spy dan sudah baca gerakannya, Feri hitman, jangan buang vote",offend
"gw cuma civilian, tapi kalau mau aman eksekusi Rian dulu",offend
"aku stalker, cooldown-ku kepakai buat cek Tio dan hasilnya merah",neutral
"bukan aku pelakunya, gw spy, Kiki paling layak divote dari semua",offend
"gw dapat info malam, aku stalker, dan targetku Lala terdeteksi hitman",offend
"aku warga biasa, tapi Niko sengaja muter diskusi, fix dia jahat",offend
"gw spy, gak bisa guard orang yang sama dua malam, tapi observasiku nunjuk Oki",offend
"role gw stalker, hasil peek semalam bikin Pita jadi tersangka utama, vote dia",offend
"aku civilian kok, cuma mau bilang Udin dari tadi ngarahin kita ke target random",offend
"gw spy yang jagain Wawan, kalau dia selamat berarti cek Yuda sekarang",offend
"sumpah gw stalker, semalem intip Zaki dan dia gak aman sama sekali",offend
"aku bukan hitman, aku spy, menurutku Caca paling jago nyamar, langsung vote",offend
"gw civilian dan gak punya skill, tapi Deni kebanyakan ngatur, suspicious banget",offend
"aku stalker, peek-ku nunjuk Ega sebagai hitman, jangan ikut pengalihan",offend
"gw spy asli, semalem guard Fina, sekarang kita eksekusi Hadi",offend
"role-ku civilian, tapi gaya defensif Iqbal terlalu dibuat-buat, vote dia",offend
"aku stalker, informasi malamku jelas, Jihan jahat, gak usah muter lagi",offend
"gw spy, bukan hitman, kalau mau cari pelaku, mulai dari Karel",offend
"sumpah aku warga, tapi Luki langsung nuduh tanpa dasar, fix dia lagi bluff",offend
"gw stalker dan udah cek Mira, dia hitman, semua vote ke Mira",offend
"aku spy, guard-ku gagal baca arah serangan, tapi Rudi tetap target paling kuat",offend
"gw civilian biasa, cuma Nisa yang konsisten menghindari pertanyaan, eksekusi dia",offend
"aku stalker, hasil peek semalam nunjuk Sari sebagai jahat, lock vote Sari",offend
"bentar tadi siapa yang ngaku Stalker? gw Spy, semalam gw jaga Raka, jadi jangan vote dia",defend
"jujur gw Civilian, dari tadi cuma ngikutin chat karena konteksnya ketinggalan",neutral
"kalau gak salah semalam gw Peek Nisa, hasilnya dia aman, gw Stalker",neutral
"eh tunggu, gw Spy kok, tadi malam nge-Guard Dimas bukan berarti gw satu tim sama dia",defend
"gw bukan Hitman, role gw Stalker dan semalam sempat intip Bagas, dia kelihatan bersih",defend
"maaf baru nyambung, tapi aku Civilian biasa, jangan jadikan aku kambing hitam cuma karena diam",defend
"fix gw Spy, target Guard-ku semalam Kevin, makanya kalau dia selamat itu bukan kebetulan",neutral
"tadi diskusinya kelewat, tapi gw Stalker dan hasil Peek gw nunjukin Sari bukan Hitman",neutral
"jangan buru-buru vote gw, aku Civilian dan dari awal belum punya skill apa-apa",defend
"bentar, kalau alurnya benar gw Spy, semalam aku jagain Tio, jadi dia kemungkinan aman",neutral
"gw Stalker, cuma baru bisa ngomong sekarang karena masih nyusun ulang siapa yang mencurigakan",neutral
"sumpah role gw Civilian, yang aneh justru orang yang tiba-tiba nuduh tanpa jelasin konteks",offend
"kalau kalian lupa, gw Spy yang nge-Guard Adit tadi malam, jadi klaimnya jangan diabaikan",neutral
"aku bukan Hitman, aku Stalker; semalam Peek-ku dapat info kalau Vina bukan pihak jahat",neutral
"eh siapa yang mati pagi ini? gw ketinggalan, tapi role gw Spy dan target jagaku semalam aman",neutral
"gw Civilian, serius, cuma belum ikut debat karena chat-nya keburu panjang banget",neutral
"dari potongan info yang gw tangkep, gw Stalker dan udah cek Roni, dia bukan Hitman",neutral
"tunggu dulu, jangan eksekusi gw, aku Spy dan semalam memilih Guard untuk Maya",defend
"saya Civilian biasa, belum paham kenapa nama saya masuk vote padahal saya tidak punya kemampuan malam",defend
"gw Stalker, cooldown Peek-ku memang masih ada, dan hasil terakhir bilang Fajar aman",neutral
"baru baca setengah chat, tapi gw bisa pastiin gw Spy, semalam jagain Lala",neutral
"jangan salah tangkap, aku Civilian, diamku karena belum ngerti siapa yang lagi dituduh",defend
"kalau gak ada yang keberatan, gw klaim Stalker, semalam sudah Peek Yudi dan dia bersih",neutral
"eh konteksnya siapa yang dicurigai? gw Spy, tapi tadi malam Guard-ku ke Olin",neutral
"sumpah aku bukan Hitman, role-ku Civilian dan dari tadi cuma mengamati",neutral
"gw ketinggalan fase malam, tapi sebagai Stalker gw tahu Beni bukan Hitman dari hasil Peek",neutral
"bentar, tadi ada yang bilang gw mencurigakan? aku Spy dan semalam melindungi Caca",neutral
"aku Civilian, jadi kalau kalian minta bukti aksi malam memang aku nggak punya",neutral
"gw Stalker kok, cuma belum sempat ngomong; semalam Peek-ku nunjukin Arman aman",neutral
"fix bukan gw Hitman, role gw Spy dan target Guard semalam adalah Seno",defend
"gw stalker, semalem udah peek si B, dia bukan hitman",neutral
"sumpah aku spy, tadi malam aku guard si R dan dia aman",neutral
"bukan gw hitman, gw civilian yang cuma nunggu kalian salah vote",defend
"aku stalker asli, si D itu hitman, tinggal cek aja nanti",offend
"lu jangan nuduh gw, role gw spy dan target guard gw masih hidup",defend
"gw civilian, tapi si K kelihatan panik banget pas role ditanya",offend
"fix aku spy, semalam gw jagain si N, hitman gagal nyulik dia",neutral
"kalau gw hitman, harusnya dari tadi gw sudah kena gag order dong",defend
"gw stalker dan hasil peek gw jelas, si T bukan warga biasa",neutral
"jangan kemakan omongan si A, gw tahu dia hitman dari hasil intip semalam",offend
"aku cuma civilian, sengaja diem buat lihat siapa yang paling defensif",neutral
"role gw spy, jadi jangan vote gw sebelum cek pola serangan malam",defend
"gw udah peek si M, dia hitman, sekarang tinggal lihat siapa yang bela dia",offend
"santai, aku bukan hitman, gw stalker yang lagi ngetes reaksi kalian",defend
"semalam gw guard si J, makanya dia selamat, jelas gw spy",neutral
kalian mau percaya dia atau gw yang pegang info role,neutral
"gw civilian beneran, tapi kalau si P terus ngeles berarti dia hitman",offend
"aku stalker, cooldown-ku kepakai buat bongkar identitas si F",neutral
siapa pun yang vote gw bakal kelihatan banget satu kubu sama hitman,offend
"gw spy, dan target guard-ku sengaja gak akan gw sebut sekarang",neutral
"bukan aku yang aneh, gw cuma civilian yang mancing hitman keluar",defend
"gw udah cek si H, dia bukan spy, jadi jangan gampang percaya klaimnya",offend
"kalau mau aman, vote si V, gw stalker dan sudah tahu role aslinya",offend
"gw hitman? lucu, padahal gw spy yang semalam jagain korban kalian",defend
"aku civilian, justru klaim stalker si Q terlalu cepat buat dipercaya",offend
"gw punya info malam, si S itu hitman, tapi coba lihat siapa yang langsung panik",offend
role gw spy dan gw bisa buktiin kalau targetku selamat dari serangan,neutral
"jangan bungkam gw, kalau gw hitman mana mungkin gw buka info begini",defend
"gw stalker asli, hasil peek ronde lalu nunjukin si L bukan civilian",neutral
"kalian bebas vote aku, tapi nanti bakal nyesel karena gw satu-satunya spy",defend
"Jangan vote gw, role gw Stalker dan semalam gw peek Dito, dia Civilian",defend
"Aku Spy, tadi malam aku guard Naya, jadi kalau dia selamat itu bukan kebetulan",neutral
"Sumpah gw Civilian biasa, cuma Rian dari tadi paling maksa nuduh orang",offend
"Lu boleh curiga, tapi aku bukan Hitman, aku Spy yang belum sempat kasih info",defend
"Gw Stalker, hasil peek semalam nunjukin Bima aman",neutral
"Aku Civilian, nggak punya skill malam sama sekali, jadi jangan cari kambing hitam dari gw",defend
"Jangan percaya tuduhan itu, gw Spy dan target guard gw tadi malam selamat",defend
"Fix bukan gw Hitman, role gw Stalker, tapi cooldown peek-ku belum selesai",defend
"Semalam gw intip Karin, hasilnya dia bukan Hitman",neutral
"Kalau mau lynch, jangan aku, dari awal role-ku Civilian",defend
"Gw Spy, malam pertama guard Seno, malam ini baru bisa pindah target",neutral
"Aku Stalker, info yang bisa kubagi cuma Tio aman dari hasil peek-ku",neutral
"Dia lagi nyamar jadi Spy, padahal role asliku Civilian",offend
"Meski keliatan pasif, gw Civilian dan memang nggak punya aksi malam",neutral
"Gw bukan pelindung, role-ku Stalker, semalam aku peek Lala",neutral
"Aku Spy, makanya tadi ngebela Lala karena dia target guard-ku",defend
"Jangan asal tunjuk gw, aku Civilian dan belum pernah pegang skill apa pun",defend
"Role aku Stalker, hasil intipanku bilang Raka aman",neutral
"Lu bisa cek pola vote, gw Civilian dan nggak punya alasan buat nyulik siapa pun",defend
"Sumpah aku Spy, tadi malam target guard-ku bukan orang yang kalian curigai",neutral
"Kalau chat gw kena Gag Order, berarti Hitman takut info Stalker-ku kebuka",offend
"Aku bukan Hitman, gw Stalker yang lagi nunggu cooldown peek selesai",defend
"Tenang, gw Civilian; yang punya aksi malam itu bukan aku",neutral
"Semalam aku guard Fani sebagai Spy, jadi jangan ikut arus nuduh dia",defend
"Gw Stalker, dan peek pertama-ku jelas menunjukkan Yuda bukan Hitman",neutral
"Bukan aku yang nyandera, role-ku Civilian, dari tadi cuma baca diskusi",defend
"Kalau kalian percaya aku, role asliku Spy dan aku sudah pasang guard tadi malam",neutral
"Aku Stalker, bukan warga biasa, jadi tuduhan ke aku agak nggak masuk akal",defend
"Gw Civilian murni, cuma sengaja diem biar nggak jadi target Gag Order",defend
"Role-ku Spy, tapi info guard belum bisa kubuka sekarang karena targetnya masih hidup",neutral
"gw Stalker, semalam udah peek si Raka dan dia bukan Hitman",neutral
"jangan langsung ikut mayoritas, aku Spy dan tadi malam jagain Naya",neutral
"sumpah aku Civilian, klaim Stalker mereka terlalu gampang dipercaya",offend
"kalau kalian mau eksekusi aku, silakan, tapi aku Spy yang sudah guard Dito",defend
"gw Stalker, hasil peek gw bilang si Bima aman, jadi jangan asal vote dia",defend
"kalian terlalu percaya sama yang paling berisik, padahal aku Civilian biasa",neutral
"aku bukan Hitman, role-ku Spy dan target guard-ku semalam adalah Sari",defend
"siapa bilang aku mencurigakan? gw Stalker, dan peek pertama gw justru nunjukin Ardi bersih",defend
"jangan telan mentah-mentah tuduhan itu, aku Civilian yang cuma lihat pola chat",defend
"aku Spy, bukan pengarang alibi; semalam aku lindungi Vina",defend
"gw udah peek si Joko, dia tidak kelihatan seperti Hitman, jadi tahan vote dulu",defend
"yang paling dominan belum tentu benar, aku Civilian dan dari awal cuma mengamati",neutral
"aku Stalker, tapi kalian malah sibuk nuduh orang yang belum tentu bersalah",neutral
"serius, role gw Spy; kalau mau cek alur, semalam gw guard Fajar",neutral
"jangan karena tiga orang setuju lalu dianggap fakta, aku Civilian di sini",neutral
"gw bukan pelaku, aku Stalker dan hasil intipan ke Reni aman",defend
"klaimku sederhana: aku Spy, dan target perlindunganku semalam bukan orang yang kalian tuduh",neutral
"aku Civilian, jadi tuduhan bahwa aku pura-pura diam itu agak maksa",defend
"lu boleh curiga, tapi gw Stalker dan sudah peek satu pemain yang ternyata bersih",defend
"mayoritas bisa salah, ya; aku Spy dan semalam memilih guard si Kiki",neutral
"bukan aku Hitman, role-ku Civilian, sementara klaim si Doni malah terlalu rapi",offend
"gw Stalker, hasil peek ke Tio tidak mengarah ke Hitman, jadi jangan ikut arus",defend
"kalau aku Hitman, ngapain aku buka analisis begini? aku Civilian biasa",defend
"aku Spy dan sengaja tidak ikut klaim ramai-ramai, semalam aku guard Lala",neutral
"si paling yakin belum tentu punya info, aku Stalker dan peek-ku bilang Eko aman",neutral
"aku bukan Spy palsu, role asliku Spy dan target guard-ku tadi malam adalah Riko",defend
"jangan eksekusi berdasarkan volume chat, gw Civilian dan masih ragu sama tuduhan ke Mita",defend
"aku Stalker, cooldown-ku memang ada, tapi peek semalam cukup buat bilang si Agus bukan Hitman",neutral
"kalian terlalu cepat percaya dia, padahal aku Spy yang memilih melindungi Seno",offend
"aku Civilian, dan menurutku klaim role mereka lebih mencurigakan daripada diamnya aku",offend
"gw stalker, semalam aku peek Raka dan dia bukan hitman",neutral
"sumpah gue spy, tadi malam gue guard Nisa jadi wajar dia masih hidup",neutral
"aku civilian kok, jangan kemakan teori ngawur si Dimas",offend
"fix gue stalker, target peek gue semalam aman banget",neutral
"kalau aku hitman, ngapain dari tadi nuduh orang sekeras ini",defend
"gw spy asli, tapi belum mau buka target guard biar hitman bingung",neutral
"dia ngaku stalker terlalu cepat, kemungkinan besar cuma hitman yang nyamar",offend
"aku sudah cek identitas seseorang semalam, dan feeling-ku kuat dia jahat",offend
"jangan vote aku, role-ku penting dan aku punya info malam tadi",defend
"lu percaya aja sama gw, aku spy yang ngejaga korban incaran hitman",neutral
"bukan gw yang pakai gag order, aku civilian dan cuma baca pola",defend
"teori gw, si Arman hitman yang lagi pura-pura jadi spy",offend
"aku stalker, hasil peek-ku bilang orang yang paling vokal itu bersih",neutral
"santai, aku bukan hitman; aku cuma sengaja mancing reaksi kalian",defend
"kalau mau aman, jangan eksekusi aku karena aku pegang role spy",defend
"gw semalem guard si Bima, jadi jelas dia bukan target hitman",neutral
aku tahu siapa yang mencurigakan dari peek ronde sebelumnya,neutral
"dia terlalu maksa nuduh gw, fix dia hitman yang takut kebaca",offend
"role-ku stalker, cooldown-ku baru aktif lagi dan info berikutnya bakal jelas",neutral
"serius, aku civilian biasa, tapi pola voting lu kelihatan jahat",offend
"mereka mungkin percaya aku hitman, padahal aku spy yang gagal baca situasi",defend
aku sengaja mengaku stalker untuk melihat siapa yang langsung panik,neutral
"gw punya alibi malam yang kuat, role gw bukan pembunuh",defend
"si Citra ngaku spy tanpa bukti, menurutku itu bluff dari hitman",offend
"aku peek dia semalam, hasilnya aman, jadi jangan asal eksekusi",defend
"kalau aku hitman, target malam tadi pasti sudah tumbang, kan",neutral
"lu semua salah baca, gw stalker dan dia yang paling mungkin hitman",offend
"aku spy, cuma target guard-ku kemarin bukan orang yang kalian kira",neutral
"dia diam setelah gag order, mungkin justru sedang menyembunyikan role aslinya",offend
"percaya atau tidak, aku punya informasi bahwa hitman ada di antara dua pemain itu",neutral
"gw Spy, malam ini gue jagain lu, besok kita kompak vote yang paling mencurigakan",neutral
"aku Stalker, semalam sudah peek si B dan dia bukan Hitman, jangan ikut vote dia",defend
"sumpah gw Civilian biasa, tapi kita bisa saling backup pas tribunal",neutral
"lu percaya gw aja, role gw Spy dan gw bakal lindungin lu malam ini",neutral
"gw Stalker, hasil intipanku si C aman, jadi kita fokus ke si D",offend
"bukan Hitman, gw Spy; kalau lu ikut gw, kita bisa selamatin pemain yang bener",defend
"aku Civilian, dari awal cuma cari satu orang yang bisa diajak kompak",neutral
"semalam gw peek si A, dia bersih, jadi jangan asal lempar vote ke dia",defend
"gw ngaku Stalker, tapi info ini cuma gw kasih ke lu karena gw percaya",neutral
"lu dan gw satu kubu, role gw Spy dan target guard gw tadi malam aman",neutral
"jangan vote gw, aku Civilian dan siap ikut arahan lu buat ngejar Hitman",defend
"gw Spy asli, kalau malam ini lu diserang, harusnya lu tetap hidup",neutral
"si B itu bukan Hitman, gw udah peek dia semalam; mending kita vote si C",offend
"aku Stalker, cooldown-ku baru kepakai, tapi hasilnya si D bukan Hitman",neutral
"gw bukan musuh, role gw Civilian; kita bentuk aliansi kecil sama si A dulu",neutral
"kalau kalian percaya, ikut aku, gw Spy dan tahu siapa yang layak kita lindungi",neutral
"gw Stalker, info pertama gw: si E aman, jadi jangan biarkan dia kena vote",defend
"sumpah aku Spy, semalam targetku selamat dari serangan, berarti bacaan kita benar",neutral
"gw Civilian doang, tapi feeling gw ke si F kuat banget; bantu gw vote dia",offend
"lu jangan ikut arus, gw Stalker dan si G hasil peek-ku bersih",defend
"aku bukan Hitman, gw Spy; kita amankan satu sama lain dulu sebelum nuduh orang",defend
"gw udah cek si H, dia bukan Hitman, jadi aliansi kita harus lindungi dia",defend
"role gw Stalker, dan gw percaya si A; kita berdua vote target yang sama aja",neutral
"kalau gw mati, berarti kalian kehilangan Spy, jadi jangan buang vote ke gw",defend
"aku Civilian, tapi bisa jadi partner diskusi lu; kita pantau si B bareng-bareng",neutral
"gw Spy dan malam ini bakal cover lu, asal besok jangan ikut vote ngawur",neutral
"semalam gw peek si C, hasilnya aman; gw yakin ancamannya justru si D",offend
"bukan bluff, aku Stalker dan info ini valid: si E bukan Hitman",neutral
"gw warga biasa, tapi mau gabung sama lu dan si F buat ngunci voting",neutral
"percaya deh, gw Spy; kalau si G tetap maksa nuduh gw, kemungkinan dia Hitman",offend
"Sumpah gw Stalker, semalam gw Peek Raka dan dia bukan Spy",neutral
"Gw Spy, tadi malam gw Guard Nisa, jadi target itu aman dari serangan",neutral
"Bukan gw Hitman, aku Civilian biasa dan dari awal Dimas paling mencurigakan",offend
"Kalau kalian tetap vote aku, silakan, tapi gw Stalker dan info soal Bimo valid",neutral
"Dia ngaku Spy? bohong, aku Spy asli dan gak pernah Guard dia",offend
"Fix Arman Hitman, gw Stalker dan hasil Peek-ku gak mungkin salah",offend
"Gw gak bakal pindah target cuma karena dia kasih bukti baru, aku Spy dan tetap curiga ke Fajar",offend
"Kalau chat gw dibungkam, makin kelihatan Hitman takut aku buka role, padahal aku Stalker",offend
"Aku Civilian, gak punya skill malam, tapi teori soal Lala tetap paling masuk akal",offend
"Jangan ketipu alibi mereka, gw Spy yang semalam jaga Tio",offend
"Dari awal gw claim Stalker dan itu gak berubah, Peek gw nunjukin Seno jahat",offend
"Mau ada tiga orang bela dia, gw tetap vote Kiki karena aku Civilian dan feelingku kuat",offend
"Gw bukan warga biasa, aku Spy asli; yang ngaku Spy setelah aku itu pasti Hitman",offend
"Kalau aku Hitman, harusnya korban semalam beda, tapi gw Stalker dan sudah Peek Vina",defend
"Aku udah kasih tahu peranku, gw Civilian. Bukti baru tetap gak bikin Rendi bersih",offend
"Lu boleh bilang Peek gw palsu, tapi gw Stalker dan gak akan cabut tuduhan ke Galih",offend
"Semalam gw Guard Wawan, jadi dia selamat bukan karena hoki; gw Spy, percaya deh",neutral
"Mereka sengaja bikin gw kena Gag Order? berarti claim gw sebagai Stalker benar, tetap vote Joko",offend
"Gw tetap kunci ke Mira, walau dia ngaku Civilian; aku Spy dan bacaannya gak pernah meleset",offend
"Jangan suruh gw ganti target, aku Stalker dan orang pertama yang gw Peek itu Nando",offend
"Aku tahu kedengarannya ngotot, tapi gw Civilian dan Oki dari awal udah bau Hitman",offend
"Kalau kalian punya bukti baru, simpan aja; gw Spy, dan prioritas vote tetap ke Putri",offend
"Dia bilang aku mengarang hasil Peek, padahal gw Stalker asli dan dia yang panik",offend
"Gw gak mungkin tiba-tiba ganti claim, dari ronde pertama aku bilang Civilian",neutral
"Kalau role Spy sudah dipakai orang lain, dia bohong; gw Spy dan semalam Guard Sari",offend
"Fix teori ini gak berubah: aku Stalker, Peek-ku baca Tegar sebagai Hitman",offend
"Meskipun hasil vote kemarin bikin dia kelihatan aman, aku tetap tahu dia jahat karena gw Spy",offend
"Lu semua bebas gak percaya, tapi gw Civilian dan fokus ke Udin sampai terbukti sebaliknya",offend
"Gag Order barusan cuma usaha Hitman nutup mulut gw; aku Spy, bukan target yang harus dicurigai",offend
"Aku tetap akan vote Yani, karena gw Stalker dan klaim roleku dari awal konsisten",offend
"gw Stalker, malam tadi aku Peek si Raka dan hasilnya Civilian",neutral
"aku Spy, semalam aku Guard Naya sesuai aksi malamku",neutral
"roleku Civilian, dari awal ronde aku cuma ikut diskusi dan voting",neutral
"saya Stalker, Peek saya masih cooldown sampai ronde berikutnya",neutral
"gw Spy, tadi malam target Guard-ku tidak berubah dari pilihan awal",neutral
"aku warga biasa, sepanjang malam tidak punya tombol aksi",neutral
role gw Stalker dan semalam gw intip pemain di sebelah kanan,neutral
"saya adalah Spy, malam tadi saya menjaga satu orang",neutral
"aku Civilian, jadi tadi malam chat-ku langsung terkunci tanpa aksi",neutral
"gw pegang role Spy, ronde pertama gw pakai Guard ke Dimas",neutral
"sebagai Stalker, aku sudah memakai Peek pada malam sebelumnya",neutral
"role aku Civilian, aku hanya hadir saat fase diskusi dan tribunal",neutral
"gw Stalker, hasil Peek semalam menunjukkan targetku bukan Hitman",neutral
"aku Spy, malam ini aku tidak bisa Guard target yang sama seperti kemarin",neutral
"saya Civilian biasa, tidak ada kemampuan yang bisa saya gunakan",neutral
"gw ngaku sebagai Stalker, semalem gw sempat Peek satu pemain",neutral
"aku role Spy dan aksi malamku adalah Guard, bukan menyerang",neutral
"peranku Civilian, jadi aku tidak melakukan apa pun saat fase malam",neutral
"gw Stalker, cooldown Peek-ku baru selesai setelah satu ronde",neutral
saya bermain sebagai Spy dan sudah memilih target perlindungan tadi malam,neutral
"aku warga biasa, informasi yang aku punya cuma dari chat siang",neutral
"role gw Stalker, tadi malam gw lihat identitas satu pemain",neutral
"aku Spy, Guard-ku dipakai pada malam pertama dan belum bisa diulang ke orang yang sama",neutral
"saya Civilian, sejak awal tidak menerima pilihan aksi malam",neutral
"gw Stalker, Peek semalam sudah gw gunakan jadi sekarang masih cooldown",neutral
"aku berperan sebagai Spy, tadi malam aku menjaga pemain yang kupilih",neutral
"roleku warga biasa, aku tidak punya akses ke aksi malam",neutral
gw Stalker dan info dari Peek-ku baru bisa dipakai setelah verifikasi ronde ini,neutral
"aku Spy, malam sebelumnya aku sudah melakukan Guard pada pemain lain",neutral
"saya Civilian, saya hanya mengikuti alur diskusi lalu ikut voting",neutral
"semalem siapa yang lu guard, dan kenapa pilih dia",neutral
"kalau lu ngaku Spy, target kawalanmu tadi malam siapa?",neutral
"aku mau cek konsistensi, siapa yang kamu lindungi di ronde pertama?",neutral
"Spy, bisa kasih petunjuk siapa target guard-mu tanpa buka identitas?",neutral
ada yang merasa dijaga tadi malam atau sebenarnya nggak ada yang di-guard?,neutral
"lu bilang punya info malam, target yang kamu pantau siapa?",neutral
"siapa yang menurutmu diserang Hitman semalam, dan apa dasar analisismu?",neutral
"kalau ada yang di-guard, kenapa pemain itu masih hidup sampai pagi?",neutral
"Stalker, kapan terakhir kali kamu pakai Peek dan siapa hasilnya?",neutral
"gw butuh urutan aksi, siapa yang lu pilih sebagai target malam tadi?",neutral
kamu bisa jelaskan alasan memilih orang itu untuk dikawal?,neutral
ada Spy yang mau mengonfirmasi apakah target guard-nya selamat dari serangan?,neutral
"dari pola kemarin, siapa yang kemungkinan besar jadi target Hitman?",neutral
"lu tadi malam dapat informasi apa, jangan cuma bilang aman tanpa bukti",neutral
siapa pemain yang paling masuk akal untuk kamu lindungi pada ronde ini?,neutral
"kalau kamu benar Stalker, identitas siapa yang sudah kamu Peek?",neutral
"target guard malam pertama dan malam kedua kamu siapa, apakah sesuai aturan cooldown?",neutral
"aku curiga ada info yang ditahan, siapa sebenarnya yang kamu lihat semalam?",neutral
bisa uraikan kenapa kamu yakin orang itu bukan Hitman?,neutral
"yang mengaku Spy, siapa targetmu dan apakah dia punya alasan tetap hidup?",neutral
lu pilih target berdasarkan pola vote atau cuma feeling?,neutral
siapa yang paling diuntungkan dari target yang disandera tadi malam?,neutral
"ada yang melihat perubahan perilaku setelah fase malam, siapa dan apa buktinya?",neutral
"kalau targetmu tidak bisa dijaga dua malam berturut-turut, semalam kamu pindah ke siapa?",neutral
"aku ingin klarifikasi, informasi identitas yang kamu pegang berasal dari Peek atau dugaan?",neutral
"menurut data voting, siapa yang kemungkinan sedang dilindungi pihak Spy?",neutral
"kamu bilang mengawal seseorang, apa alasan objektifnya bukan sekadar feeling?",neutral
siapa yang pertama kali kamu curigai setelah melihat hasil pagi ini?,neutral
"kalau Hitman punya Gag Order, siapa yang paling mungkin dibungkam karena informasinya berbahaya?",neutral
coba sebutkan target malam kamu dan alasan pemilihannya secara singkat,neutral
siapa yang dijaga Spy semalam?,neutral
"yang semalam diintip Stalker siapa, ada yang mau buka suara?",neutral
malam tadi ada yang lihat target Hitman nggak?,neutral
"Spy, kalau aman, kamu jaga siapa tadi malam?",neutral
Stalker sudah dapat identitas siapa dari Peek kemarin?,neutral
ada yang tahu siapa target sandera semalam?,neutral
"kalau mayoritas setuju, coba yang punya info malam angkat suara",neutral
"gw cuma mau tanya, ada yang di-Guard semalam?",neutral
siapa yang kelihatan mencurigakan setelah fase malam?,neutral
yang kena Gag Order kemarin sempat punya info apa?,neutral
"boleh tahu, target pengawalan Spy tadi malam siapa?",neutral
ada role intel yang bisa kasih petunjuk sedikit?,neutral
"semalam lu ngintip siapa, kalau boleh spill?",neutral
siapa yang menurut kalian jadi target Hitman?,neutral
"aku ikut mayoritas, tapi ada yang punya hasil Peek nggak?",neutral
"yang diam sejak pagi, ada informasi dari malam tadi?",neutral
Spy-nya sudah menentukan siapa yang dijaga belum?,neutral
apakah ada pemain yang selamat dari serangan semalam?,neutral
"gw nggak punya info, jadi mau tanya Stalker lihat siapa?",neutral
siapa yang terakhir kali berinteraksi sebelum chat dikunci?,neutral
"kalau tidak keberatan, siapa target Guard malam tadi?",neutral
ada yang bisa mengonfirmasi identitas pemain yang diintip?,neutral
lu tadi malam pilih siapa buat dijaga?,neutral
"target sandera semalam siapa, ada yang punya dugaan?",neutral
"mereka yang punya role malam, hasilnya apa?",neutral
"saya hanya mengikuti alur, tetapi siapa yang memiliki informasi malam?",neutral
siapa yang terkena efek Gag Order dan kenapa?,neutral
ada yang tahu pemain mana yang tidak bisa diserang semalam?,neutral
"aku tanya singkat saja, Stalker Peek ke siapa?",neutral
"yang punya petunjuk soal Hitman, bisa dibagikan sekarang?",neutral
"sebelum nuduh gw hitman, Spy semalam guard siapa?",neutral
"yang bilang gw mencurigakan, lu punya info malam apa?",neutral
"Stalker, lu udah peek siapa di ronde ini? jangan asal lempar tuduhan ke gw",defend
"kalau gw katanya hitman, coba jelasin dasar tuduhan lu dan siapa yang lu cek",defend
"Spy, target guard semalam siapa? Gw mau cocokin sama kejadian pagi ini",neutral
"lu nuduh gw karena apa, ada hasil peek atau cuma feeling doang?",neutral
"yang paling keras nuduh gw, semalam lu ngapain dan dapat info dari mana?",neutral
"jangan fokus ke gw terus, siapa yang sebenarnya kalian lihat mencurigakan tadi malam?",defend
"Stalker, cooldown peek lu sudah lewat belum? Ada identitas yang bisa dikonfirmasi?",neutral
"kalau lu yakin gw hitman, sebutkan bukti konkretnya, bukan cuma gw diem",defend
"Spy, siapa yang lu lindungi? Info itu penting buat ngebantah tuduhan ke gw",defend
"gw bisa jelasin posisi gw, tapi kalian dulu malam tadi target siapa?",defend
ada yang kena Gag Order semalam atau semua masih bisa ngomong normal?,neutral
"yang nuduh gw, kenapa bukan pemain yang paling minim kontribusi? jelasin analisismu",defend
siapa yang punya info role asli dari Peek? Jangan simpan sendiri kalau mau voting,neutral
"lu bilang gw bohong, bagian mana yang nggak masuk akal?",defend
semalam siapa yang kelihatan paling tahu arah diskusi pagi ini?,neutral
"Spy, kalau memang ada, kasih petunjuk target guard lu tanpa langsung buka identitas",neutral
"Stalker, lu sudah pakai Peek atau belum? Gw butuh tahu dasar tuduhan kalian",neutral
"kalau gw Hitman, siapa yang katanya gw sandera semalam? Cocokin dulu faktanya",neutral
kenapa tuduhan selalu balik ke gw? Siapa yang pertama kali mengarahkan narasi ini?,defend
lu punya hasil pengamatan atau cuma ikut vote mayoritas?,neutral
siapa yang paling diuntungkan kalau gw dieksekusi sekarang?,neutral
malam tadi ada yang merasa targetnya dilindungi Spy nggak? Ceritakan kronologinya,neutral
"yang klaim punya info, sumbernya dari Peek atau cuma baca gerak-gerik chat?",neutral
"gw siap jawab, tapi kalian juga wajib bilang siapa yang kalian curigai dari fase malam",neutral
ada yang bisa memastikan siapa yang terkena Gag Order? Itu bisa bantu cari pola Hitman,neutral
"kalau alasan lu cuma karena gw defensif, siapa yang punya bukti lebih kuat?",defend
"Spy, lu guard pemain yang sama lagi nggak? Ingat ada aturan nggak boleh dua malam berturut-turut",neutral
"sebelum vote gw, gali dulu info dari Stalker dan Spy, jangan main tebak",defend
"Spy, malam tadi lu guard siapa? Sebut sekarang biar kita cocokkan",neutral
"Yang dijaga semalam siapa, Spy? Jangan cuma bilang aman tanpa nama",neutral
"Gw mau urutkan info dulu, siapa yang lu lindungi tadi malam?",neutral
"Kalau lu beneran Spy, target guard malam pertama siapa?",neutral
"Ada yang merasa diserang atau selamat misterius? Spy, lu cover siapa?",neutral
"Stalker, lu sudah peek siapa? Kasih hasilnya biar voting kita jelas",neutral
"Lu yang ngaku Stalker, target intipanmu siapa dan hasilnya apa?",neutral
"Sebelum nuduh A, gw mau dengar info malam: siapa yang diintip Stalker?",neutral
"Kalau ada yang di-guard, tolong buka targetnya sekarang supaya alibinya bisa dicek",neutral
"Spy, jangan ngambang. Dari semua pemain, siapa yang paling lu percaya buat dijaga semalam?",neutral
"Malam tadi lu guard siapa, dan kenapa pilih dia? Jelasin sekalian",neutral
Ada yang klaim dapat perlindungan? Gw butuh nama target guard buat nyusun kronologi,neutral
"Stalker, cooldown lu masih ada atau sudah peek? Jangan simpan info penting",neutral
"Kita jangan asal vote, Stalker sudah cek siapa tadi malam?",neutral
"Siapa yang punya info identitas asli? Kalau Stalker, keluarin hasil peek sekarang",neutral
"Gw curiga ada info yang ditahan. Spy, target jagaanmu semalam siapa?",neutral
"Biar fokus, A dan B jawab: kalian tahu siapa yang dijaga atau cuma ikut arus?",neutral
"Kalau korban malam ini gagal dibunuh, siapa yang kemungkinan besar di-guard?",neutral
"Ada alasan kenapa C selamat padahal kelihatan jadi target? Spy, lu cover dia?",neutral
"Sebelum kita arahkan vote ke D, siapa yang terakhir kali diintip Stalker?",neutral
"Yang klaim Civilian, ada yang bisa mengonfirmasi target guard malam tadi?",neutral
"Spy, kalau targetmu masih hidup, sebutkan namanya supaya kita cek konsistensinya",neutral
"Stalker, lu peek siapa di ronde sebelumnya? Hasilnya masih relevan buat vote hari ini?",neutral
"Gw rangkum: kita butuh satu nama dari Spy dan satu hasil peek dari Stalker, siapa duluan jawab?",neutral
"Jangan saling lempar tuduhan, E. Lu tahu siapa yang dijaga semalam atau tidak?",neutral
"Kalau lu bukan Hitman, harusnya bisa bantu: siapa yang menurutmu di-guard Spy?",neutral
"Ada yang berubah sikap setelah malam? Spy, siapa target guard-mu sebelum chat dikunci?",neutral
"Gw mau paksa info keluar dulu, bukan langsung vote. Stalker, siapa pemain yang lu intip?",neutral
Kenapa F tiba-tiba yakin G aman? Kalian punya info guard atau cuma tebakan?,neutral
"Sebelum tribunal dimulai, Spy wajib jawab: malam tadi lu lindungi siapa?",neutral
"bentar, gw ketinggalan, semalem ada yang di-guard Spy siapa?",neutral
"tadi konteksnya apa, lu ngejaga siapa malam kemarin?",neutral
"kalau boleh tahu, Spy semalam cover siapa?",neutral
"gw belum nangkep, siapa target guard tadi malam?",neutral
"wait, yang dilindungi semalam siapa ya?",neutral
"lu yang ngaku Spy, semalem jagain siapa?",neutral
"ulang dong, ada yang bilang dia di-guard atau belum?",neutral
"gw masih nyusun info, siapa yang kemungkinan kena protect?",neutral
malam pertama Spy pilih siapa buat dijagain?,neutral
ada yang tahu target guard ronde lalu gak?,neutral
"bentar, Stalker tadi peek siapa? gw kelewat bacanya",neutral
siapa yang sudah diintip Stalker semalam?,neutral
"gw telat masuk diskusi, hasil peek-nya ngarah ke siapa?",neutral
"Stalker, lu dapat identitas siapa dari peek?",neutral
boleh ulang info peek tadi? targetnya siapa dan role-nya apa?,neutral
yang semalam diintip itu si A atau bukan?,neutral
"kalau lu benar Stalker, ronde ini peek siapa?",neutral
"gw belum paham, siapa yang punya info role dari malam tadi?",neutral
"Hitman semalam nyandera siapa, ada yang bisa konfirmasi?",neutral
"eh, korban hostage ronde lalu siapa ya? gw lupa",neutral
"tadi ada yang klaim jadi target Hitman, siapa orangnya?",neutral
"gw ketinggalan satu ronde, kenapa si B dianggap kena hostage?",neutral
siapa yang pertama kali bilang ada korban sandera?,neutral
"kalau aksinya buta, kok lu bisa yakin targetnya dia?",offend
"ulang dari awal dong, siapa jaga siapa dan siapa yang di-peek?",neutral
"gw masih bingung sama urutan malamnya, target Spy tadi siapa?",neutral
ada yang belum buka info aksinya? terutama soal guard semalam,neutral
lu dapat info itu dari peek atau cuma nebak?,neutral
"yang bilang dirinya dilindungi Spy, dasar infonya apa?",neutral
siapa yang bisa memastikan target guard ronde kemarin bukan dia?,neutral
"siapa yang lu guard semalem, jangan-jangan sengaja biarin target mati",offend
"Spy, kalau emang ada, berani sebut siapa yang kamu kawal tadi malam?",neutral
yang ngaku Spy kok diem? target jagaanmu semalem siapa?,neutral
"lu bilang punya info, tapi belum jawab siapa yang lu peek",neutral
"Stalker, hasil intipanmu semalam siapa? atau sebenarnya lu cuma ngarang?",offend
"siapa yang paling yakin dia aman semalam, jangan-jangan habis di-guard",offend
"kalau ada yang diselamatkan Spy, kasih petunjuk dong, jangan pelit info",neutral
target guard semalam pasti punya alasan buat terlalu santai pagi ini,offend
"Spy, lu jaga orang yang sama lagi atau malah melanggar aturan?",offend
"siapa yang lu curigai setelah Peek, Stalker? jangan cuma lempar tuduhan",neutral
"yang tadi malam merasa aman, coba buka suara, lu dijaga siapa?",neutral
"gw pengin tahu, Spy semalem milih lindungin siapa sampai Hitman gagal",neutral
"kalau lu benar Stalker, identitas yang kebaca semalam siapa?",neutral
"jangan ngumpet di balik chat, sebut target Guard lu sekarang",neutral
"dia terlalu tenang buat ukuran orang yang nggak dijaga, siapa Spy-nya?",offend
"lu ngaku civilian, tapi kok tahu siapa yang aman? semalem di-guard ya?",offend
"Stalker asli harusnya punya satu nama dari Peek, mana buktinya?",offend
"ada yang selamat dari serangan semalam, siapa yang kalian lindungi?",neutral
siapa yang jadi target Spy tadi malam? jawabannya bisa bongkar satu kubu,neutral
"gw mau tes kejujuran lu, semalem lu Peek siapa?",neutral
"kalau nggak ada yang di-Guard, kenapa target itu masih hidup?",neutral
"lu terlalu cepat nuduh, jangan-jangan tahu hasil Peek semalam",offend
"Spy, jangan takut dibaca Hitman, sebut orang yang kamu kawal",neutral
siapa yang punya info rahasia tapi pura-pura bingung dari tadi?,offend
"yang ngerasa serangan Hitman gagal, kasih tahu siapa yang jagain lu",neutral
"Stalker, cooldown Peek lu sudah lewat belum? siapa hasil intipan terakhir?",neutral
"kalau lu memang tahu pola malam, target Guard-mu kemarin siapa?",neutral
"aneh, dia yakin banget aman; ada yang mau mengaku nge-Guard dia?",offend
"jangan cuma bilang ada Spy, sebut siapa yang diproteksi semalam",neutral
lu dapat info dari mana? jangan-jangan hasil Peek dan sengaja ditutupin,offend
siapa yang dijaga Spy semalam? kasih petunjuk dikit dong,neutral
"kalau ada yang jadi Spy, tadi malam lu guard siapa?",neutral
"Stalker, hasil peek ronde ini ada yang mencurigakan nggak?",neutral
"lu ngaku Civilian, tapi semalam ngapain aja sebelum chat dikunci?",neutral
ada yang bisa jelasin target aksinya tadi malam tanpa buka role?,neutral
siapa yang kelihatan paling mungkin jadi target Hitman semalam?,neutral
"Spy, kalau mau dipercaya sebutin minimal siapa yang lu lindungi",neutral
"gw mau gali info, ada yang dapat hasil peek dari Stalker nggak?",neutral
tadi malam ada yang merasa hampir diserang atau aman karena guard?,neutral
"Hitman biasanya pilih target yang vokal, semalam siapa yang paling berisiko?",neutral
"lu kok yakin banget sama si A, ada info malam yang belum diceritain?",offend
"yang punya kemampuan malam, target kalian siapa? nggak harus sebut role",neutral
"kalau benar lu Spy, kenapa nggak guard pemain yang paling dicurigai?",offend
"Stalker, lu sudah peek siapa sampai sekarang?",neutral
ada yang bisa konfirmasi dirinya dijaga tanpa langsung membocorkan Spy?,neutral
"gw curiga ada info tersembunyi, siapa yang semalam terlihat berubah sikap?",offend
"kamu tadi malam memilih siapa, atau memang tidak punya aksi?",neutral
siapa yang menurut kalian jadi sasaran Hostage semalam?,neutral
"kalau ada yang di-guard, biasanya dia tahu nggak? ada yang merasa selamat?",neutral
"lu bilang punya info, peek-nya nunjukin role apa?",neutral
boleh tahu alasanmu memilih target malam tadi?,neutral
ada yang sengaja menyimpan hasil pengamatan? coba buka sekarang,offend
siapa pemain yang paling mungkin dilindungi Spy ronde ini?,neutral
"yang mengaku Stalker, cooldown peek kamu masih aktif atau sudah dipakai?",neutral
lu dapat informasi dari malam tadi atau cuma baca gerak-gerik chat?,neutral
"kalau bukan Hitman, kenapa kamu yakin target itu tidak diserang?",neutral
"Spy, kamu guard orang yang sama lagi atau sudah ganti target?",neutral
ada yang tahu siapa target terakhir Hitman? jangan cuma diam,neutral
"sebelum voting, gw pengin tahu siapa yang punya bukti dari fase malam",neutral
"dari semua pemain, siapa yang semalam paling layak diintip atau dijaga?",neutral
"lu yang ngaku Spy, semalam nge-Guard siapa?",neutral
"kalau bener Stalker, siapa yang lu Peek tadi malam?",neutral
"jangan cuma ikut mayoritas, ada yang tahu target Guard semalam?",neutral
"siapa yang paling yakin dia diserang Hitman tadi malam, dan alasannya apa?",neutral
"gw curiga info kalian terlalu rapi, siapa yang sebenarnya kalian lindungi?",offend
"Spy, target lu semalam siapa? jangan jawab aman doang",neutral
"katanya dia Civilian, dasarnya dari mana? ada yang sempat Peek dia?",neutral
"siapa yang pertama kali nuduh dia Hitman, emang lihat sesuatu?",neutral
"kalau target Spy selamat, siapa yang kira-kira diserang semalam?",neutral
"ada yang di-Gag Order kemarin? sebelum dibungkam, dia sempat ngomong apa?",neutral
"lu bilang dia mencurigakan, tapi bukti konkretnya apa?",neutral
"Stalker, cooldown Peek lu sudah siap atau masih nunggu ronde berikutnya?",neutral
siapa yang punya info malam paling jelas? jangan cuma lempar feeling,neutral
"aku nggak langsung percaya suara terbanyak, siapa yang punya alasan lain?",neutral
"kalau kamu Spy, kenapa pilih orang itu buat di-Guard?",neutral
semalam ada yang lihat pola aneh dari target Hitman nggak?,neutral
"dia diem bukan berarti Hitman, ada yang punya info identitasnya?",defend
siapa yang sebenarnya paling diuntungkan dari eksekusi tadi?,neutral
lu nuduh A karena data atau cuma ikut tekanan chat?,neutral
ada yang bisa jelasin kenapa target kemarin tidak mati?,neutral
"kalau Peek sudah dipakai, siapa yang lu lihat dan kapan?",neutral
"siapa yang menurut kalian dijaga Spy, jangan jawab berdasarkan popularitas",neutral
"gw mau tahu, siapa yang pertama kali mengubah arah voting tadi?",neutral
yang kena Gag Order itu sempat menuduh siapa sebelum chat-nya ditutup?,neutral
kamu yakin dia Hitman? apa yang bikin kamu tidak ragu sama sekali?,neutral
"kalau semua orang bilang B sus, siapa yang justru punya alibi paling kuat?",neutral
ada yang bisa menyebut aksi malamnya tanpa muter-muter?,neutral
siapa yang kalian lindungi dengan narasi ini? kok kompak banget,offend
"Stalker, hasil Peek lu valid atau cuma tebakan dari perilakunya?",neutral
"sebelum kita vote, siapa yang menyimpan info tapi belum buka suara?",neutral
"Kalau ada Spy di sini, semalam lu guard siapa?",neutral
"Gw curiga target Hitman gagal itu karena dijaga Spy, ada yang mau ngaku?",neutral
"Stalker, hasil peek lu kemarin ngarah ke siapa?",neutral
Siapa yang punya info malam tapi masih pura-pura kosong?,offend
Ada yang merasa jadi target serangan semalam?,neutral
"Kalau sandera gagal, siapa menurut kalian yang kemungkinan besar di-guard?",neutral
"Lu yang paling yakin si A aman, dasar bacanya dari mana?",neutral
"Jangan cuma nuduh, siapa yang semalam punya alasan buat jaga target itu?",neutral
"Aku mau cek, ada Spy yang sengaja guard orang mencurigakan nggak?",neutral
"Mereka yang diam dari tadi sebenarnya lagi nutupin hasil Peek, ya?",offend
Siapa yang bisa memastikan target semalam bukan dirinya sendiri?,neutral
"Stalker, kalau sudah Peek satu orang, kenapa belum kasih clue sedikit pun?",offend
Ada yang semalam minta dilindungi atau cuma ngarang sekarang?,offend
"Menurut gw, orang yang selamat dari dugaan serangan pasti punya cerita, siapa dia?",neutral
"Lu bilang target itu aman, info dari Stalker atau cuma feeling?",neutral
Siapa yang kalian kira dijadikan sasaran Hitman tadi malam?,neutral
"Kalau Spy tidak guard dirinya sendiri, siapa yang paling masuk akal buat dijaga?",neutral
"Gw lempar teori, Hitman gagal karena Spy baca pola target; ada yang bantah?",neutral
Ada yang tahu kenapa pemain itu masih hidup sampai pagi?,neutral
"Stalker, lu Peek siapa di ronde terakhir? Jangan jawab semua orang random.",offend
Siapa yang paling mungkin menerima Guard berdasarkan perilakunya kemarin?,neutral
"Kalau ada yang berhasil lolos dari sandera, kenapa dia belum buka petunjuk?",offend
"Lu yakin dia Civilian, atau sebenarnya cuma target yang diselamatkan Spy?",neutral
"Aku curiga ada yang sengaja mancing Spy menyebut target, siapa yang mulai duluan?",offend
Semalam siapa yang merasa dibuntuti atau jadi incaran Hitman?,neutral
Ada kemungkinan Spy guard orang yang salah; menurut kalian siapa target aslinya?,neutral
"Yang klaim punya info, bisa jelaskan Peek atau Guard-nya tanpa membuka role?",neutral
"Gw pengin tahu, siapa yang paling diuntungkan kalau target itu selamat?",neutral
"Kalau hasil Peek belum dipakai buat nuduh, sebenarnya Stalker ngintip siapa?",neutral
Siapa yang berani bilang target malam tadi tidak dijaga sama sekali?,neutral
"lu yang ngaku Spy, semalam nge-guard siapa?",neutral
"kalau ada Spy, kasih petunjuk dong, target jagaanmu siapa tadi malam?",neutral
"gw mau cari partner dari awal, ada yang bisa jelasin aksi malamnya?",neutral
siapa yang menurut kalian paling mungkin diserang Hitman semalam?,neutral
"Stalker, kalau sudah pakai Peek, ada hasil yang bisa dibagi?",neutral
ada yang merasa dilindungi tadi malam atau malah kena tanda-tanda serangan?,neutral
"lu diem terus, malam pertama ngapain? jangan cuma numpang voting",offend
"kalau kamu Spy, kenapa belum kasih clue soal orang yang kamu kawal?",offend
"gw curiga sama yang jawabannya muter, lu sebenarnya role apa?",offend
siapa yang punya info valid dari malam tadi? jangan simpan sendiri,neutral
"boleh tahu, target Peek Stalker ada di siapa ronde ini?",neutral
"aku butuh satu orang yang transparan, kamu tadi malam memilih siapa?",neutral
"yang vote A tadi, alasannya dari info apa atau cuma ikut arus?",neutral
"Hitman mungkin pakai Gag Order, siapa yang paling diuntungkan dari pembungkaman tadi?",neutral
ada yang tiba-tiba berubah pendapat setelah chat seseorang dibungkam?,neutral
"kalau bukan civilian, kamu punya peran apa dan bukti minimnya apa?",neutral
"Spy, tidak perlu sebut semua detail, cukup bilang targetmu masih hidup atau tidak",neutral
"gw dan lu bisa kerja sama, tapi jelasin dulu aksi malam lu apa",neutral
"siapa yang kalian percaya sejak awal, dan dasar kepercayaannya apa?",neutral
"yang paling vokal nuduh orang, sebenarnya punya informasi rahasia apa?",neutral
apakah ada pemain yang terasa seperti tahu identitas orang lain?,neutral
"Stalker, sudah dapat satu nama mencurigakan belum?",neutral
"semalam kamu mengawal siapa, atau kamu sengaja menyembunyikan role?",offend
kenapa lu langsung bela dia? ada info khusus dari malam tadi?,offend
"aku mau menyusun aliansi kecil, siapa yang punya pembacaan paling kuat?",neutral
"kalau target Spy diserang, harusnya ada orang yang selamat dari dugaan Hitman, kan?",neutral
siapa yang paling mungkin jadi target Hostage berdasarkan perilakunya?,neutral
lu tadi kena Gag Order bukan? sebelum dibungkam sempat lihat apa?,neutral
"mereka yang tidak ikut diskusi, ada alasan atau sedang menunggu info?",neutral
"sebelum voting, masing-masing sebutkan alasan mencurigai target kalian",offend
lu Spy kan? Semalam kamu guard siapa?,neutral
"gw masih yakin lu Spy, jadi jawab jujur target guard lu tadi malam siapa",neutral
"siapa yang lu kawal semalam, jangan muter-muter jawabnya",neutral
"kalau memang kamu Spy, kenapa nggak bilang siapa yang dijaga?",offend
target guard semalam siapa? Gw mau cocokkan sama korban yang selamat,neutral
lu ngawal si B atau bukan tadi malam?,neutral
"aku tetap curiga sama kamu, kasih tahu siapa yang kamu lindungi semalam",offend
"jangan cuma bilang Spy, target jagaanmu siapa?",offend
siapa yang kamu pilih buat di-guard? Ini penting buat ngebongkar Hitman,neutral
"gw udah kunci teori ke lu, sekarang sebutkan target guard tadi malam",offend
"tadi malam kamu jaga siapa, atau sebenarnya kamu nggak punya aksi?",neutral
"kalau ada yang selamat dari serangan, kamu tahu siapa target guard-nya?",neutral
"lu bilang Spy, tapi siapa pemain yang lu kawal semalam?",neutral
"aku mau dengar langsung, siapa yang kamu protect di fase malam?",neutral
bisa jelaskan target guard-mu semalam? Jangan jawab normatif doang,neutral
"siapa yang menurutmu perlu dikawal semalam, dan kenapa dia?",neutral
"gw belum percaya klaim lu, buktiin dengan sebut nama yang lu guard",offend
"kalau targetmu diserang Hitman, harusnya ada petunjuk, siapa yang kamu jaga?",neutral
kamu ngawal orang yang sama lagi nggak? Sebut target dua malam terakhir,neutral
"semalam kamu guard siapa, dan malam sebelumnya siapa? Gw mau cek aturan cooldown",neutral
"lu Stalker ya? Kalau iya, siapa yang sudah kamu peek?",neutral
siapa yang lu intip lewat Peek? Jangan bilang belum sempat terus,neutral
"aku tetap menduga lu Stalker, identitas siapa yang kamu dapat dari Peek?",offend
"kalau Peek-mu sudah dipakai, siapa yang kamu cek dan hasilnya apa?",neutral
"lu punya info malam, kan? Siapa yang identitasnya paling jelas buat lu?",neutral
siapa yang menurutmu benar-benar aman dari hasil intipanmu?,neutral
"Hitman, kamu gag order siapa tadi? Gw mau tahu siapa yang sengaja dibungkam",neutral
siapa yang kena Gag Order semalam? Atau skill itu dipakai buat nutupin jejak?,neutral
korban hostage tadi malam siapa yang terakhir kamu lihat bareng?,neutral
"gw tetap fokus ke teori ini, siapa yang punya akses nyandera korban semalam?",neutral
"semalam aku kena Hostage, ada yang pakai Guard ke aku?",neutral
siapa yang dijaga Spy tadi malam?,neutral
"gw belum dengar target Guard semalem, siapa yang dikawal?",neutral
tadi malam ada yang berhasil diintip Stalker?,neutral
hasil Peek malam ini sudah ada yang mau sebut?,neutral
siapa yang melakukan Peek di ronde ini?,neutral
lu semalam jaga siapa?,neutral
ada yang jadi target Hostage semalam?,neutral
"aku tadi malam tidak melakukan aksi, siapa yang memakai skill malam?",neutral
siapa yang bisa menjelaskan target aksinya tadi malam?,neutral
semalam ada yang kena serangan atau semua tetap aman?,neutral
"aku tadi kena Gag Order, siapa yang masih bisa chat waktu itu?",neutral
siapa yang dibungkam mendadak tadi siang?,neutral
ada yang mendapat hasil identitas dari Peek?,neutral
kamu tadi malam mengawal siapa?,neutral
"gw lihat ada satu aksi malam ke target tertentu, siapa yang kena?",neutral
siapa yang mengaku sebagai Spy ronde ini?,neutral
"kalau ada yang di-Guard semalam, targetnya siapa?",neutral
"aku cuma ikut voting terakhir, sekarang siapa yang punya info malam?",neutral
tadi malam siapa yang menjadi sandera?,neutral
ada yang cooldown Peek-nya sudah selesai?,neutral
siapa yang tidak bisa memakai aksi malam kemarin?,neutral
"aku semalam tidak mendapat hasil apa-apa, Stalker sempat mengintip siapa?",neutral
target Guard malam ini berbeda dari malam sebelumnya atau tidak?,neutral
siapa yang terkena Gag Order di fase siang tadi?,neutral
ada yang melihat perubahan target setelah fase malam?,neutral
kamu semalam melakukan Guard atau tidak?,neutral
siapa yang menerima hasil Peek pada ronde sebelumnya?,neutral
"aku dengar ada korban Hostage, pemainnya siapa?",neutral
sejauh ini siapa saja yang sudah menyebut aksi malamnya?,neutral
"gw paham curiga ke aku, tapi pola diemnya Raka jauh lebih mencurigakan",offend
"jangan fokus ke aku terus, coba cek siapa yang paling diuntungkan dari korban malam ini",offend
"kalau argumennya cuma karena aku telat jawab, itu lemah; lihat saja gerak-gerik Dimas",offend
"aku belum tentu hitman, justru Nia yang terus menggiring vote tanpa bukti jelas",offend
"kalian salah sasaran, analisis chat dari awal lebih mengarah ke Bimo",offend
"daripada nuduh aku, jelaskan dulu kenapa Sari selalu menghindari pertanyaan",offend
"aku bisa jawab tuduhan itu, tapi pola voting Fajar lebih tidak konsisten",offend
"jangan termakan narasi mereka, yang mulai melempar isu dari tadi kan Tio",offend
"kalau aku hitman, kenapa aku malah mendorong diskusi terbuka? curigai yang pasif saja",offend
"bukti terhadapku belum ada, sementara Rani punya motif paling jelas dari hasil voting",offend
"kalian terlalu cepat mengunci aku, padahal Gilang yang paling sering mengubah pendapat",offend
"isu ini sengaja diarahkan ke aku, coba periksa siapa yang pertama kali menuduh",offend
"aku siap diperiksa, tapi sebelum itu kita bahas kenapa Vina membela Aldi terus",offend
"argumenku memang belum lengkap, tetapi tuduhan ke aku juga kalah kuat dari pola Bagas",offend
"kalau mau objektif, jangan cuma lihat aku; peran Dito yang mendadak agresif lebih patut diuji",offend
"aku tidak punya alasan menyandera siapa pun, malah posisi Kiki yang paling diuntungkan",offend
"jangan buang waktu menekan aku, cari tahu siapa yang memanfaatkan Gag Order tadi",offend
"yang menuduh aku cuma mengulang opini tanpa data, sedangkan Seno punya pola voting aneh",offend
"aku ngerti kenapa dicurigai, tapi target utama seharusnya pemain yang terus menghindar seperti Maya",offend
"kalau memang aku mencurigakan, bandingkan dengan chat Reza yang dari awal cuma ikut arus",offend
"stop fokus ke responsku, cek siapa yang paling cepat mengarahkan tribunal ke target tertentu",offend
aku belum terbukti salah; justru perubahan sikap Yudi setelah malam pertama lebih mengkhawatirkan,offend
"tuduhan ini terasa dipaksakan, sementara Lala tidak pernah memberi analisis yang konsisten",offend
"boleh curiga ke aku, tapi jelaskan juga kenapa Arman selalu muncul setelah orang lain bicara",offend
"aku jawab setelah datanya jelas, sekarang perhatian kita seharusnya ke pemain yang menghapus jejak",offend
"kalau kalian menganggap diam itu bukti, kenapa Riko yang paling sering diam tidak dibahas?",offend
aku bukan pusat masalahnya; lihat siapa yang terus mengubah topik setiap kali ditanya,offend
"daripada langsung vote aku, susun dulu urutan kejadian dan cek posisi Siska di tiap ronde",defend
"narasi tentang aku terlalu sederhana, sedangkan pola tindakan Wawan jauh lebih cocok dengan hitman",offend
"aku bisa saja salah, tetapi menuduhku tanpa dasar hanya membantu pemain yang sebenarnya bersembunyi",defend
"bukan gw, dari tadi C yang paling ngotot nuduh orang",offend
"gw cuma ikut vote mayoritas, tapi B lebih mencurigakan",offend
"kalau mau cari hitman, tanya A dulu, dia berubah-ubah banget",offend
"aku nggak pegang info, tapi gerak-gerik D lebih aneh",offend
"serius bukan aku, E malah diam pas ditanya",offend
"lu nuduh gw terus, padahal F yang mulai lempar isu",offend
"gw pasif aja, yang perlu dicek itu si B",offend
"jangan fokus ke gw, C dari tadi jawabannya muter",offend
"aku ikut keputusan kalian, tapi A kelihatannya paling sus",offend
"kalau gw dieksekusi ya rugi, mending cek D yang hilang-hilang muncul",offend
"bukan gw sus, E baru banget belok nuduh ke sini",offend
"gw nggak tahu apa-apa, tapi F terlalu cepat ikut voting",offend
"tuduhan ke gw lemah, coba lihat B yang terus memancing debat",offend
"aku cuma jawab seperlunya, C justru sibuk ngatur arah vote",offend
"fix bukan aku, A dari awal sudah cari kambing hitam",offend
"kalau mayoritas mau vote gw, silakan, tapi D lebih layak dicurigai",offend
"lu salah target, E tadi berubah suara tanpa alasan",offend
"gw civilian biasa, cek F yang mendadak aktif pas mau tribunal",offend
"nggak usah bahas gw terus, B belum menjelaskan aksinya semalam",offend
"aku ikut arus aja, tapi sus-nya ada di C",offend
"bukan aku pelakunya, A malah langsung mengunci tuduhan ke gw",offend
"kalau ada yang aneh, itu D karena jawabannya paling minim",offend
"gw nggak mau banyak ngomong, vote E aja kalau perlu",offend
"serius, F lebih mencurigakan dari gw, lihat saja timing-nya",offend
"tanya C dulu, dia yang paling diuntungkan kalau gw keluar",offend
"aku tidak punya alasan bohong, justru B yang terus mengalihkan topik",offend
"ya sudah ikut mayoritas, tapi jangan lupakan A yang dari tadi pasif",offend
"nuduh gw tanpa bukti, sementara D bebas berkeliaran",offend
"kalau gw hitman, kenapa E yang paling keras membela diri?",offend
"gw nggak ikut debat, tapi pilihan paling aman menurutku vote F",offend
"gw dituduh terus, padahal yang paling ngotot nuduh justru si Raka; cek pola omongannya dulu",offend
"lu jangan fokus ke gw doang, dari tadi Dimas yang jawabnya muter-muter",offend
"sumpah tuduhan itu ngaco, mending perhatiin si B yang tiba-tiba ikut nimbrung",offend
"kalau argumen kalian cuma karena gw diem, berarti si Niko yang aktif banget juga patut dicurigai",offend
"bukan gw yang mencurigakan, justru orang yang buru-buru ngajak vote itu lebih bahaya",offend
"gw sudah jelasin posisi gw, sekarang coba tanya kenapa si Tio ganti target terus",offend
"kalian nuduh gw tanpa bukti, sementara si V tetap aman karena semua pada ngikutin dia",offend
"yang nyerang gw dari awal siapa? jelas si Arga, jadi jangan pura-pura netral sekarang",offend
"kalau gw Hitman, kenapa harus terang-terangan membela diri begini? cek saja pemain yang cuma ikut arus",offend
"lu bilang gw mencurigakan, tapi alasan lu sendiri kosong; si Fajar malah punya perubahan cerita",offend
"aku tidak menghindari pertanyaan, aku cuma heran kenapa kecurigaan ke Mira tidak dibahas sama sekali",offend
"jangan lempar kesalahan ke aku karena korban malam tadi, fokusnya harus ke orang yang paling diuntungkan",offend
"gw civilian dan sudah ngomong dari awal, yang perlu dijelaskan itu kenapa si Jaka terus menekan gw",offend
"kalian salah sasaran, bukti paling jelas malah mengarah ke pemain yang mendadak pasif",offend
"siapa yang pertama kali membentuk opini lawan gw? dia yang harus diperiksa dulu, bukan aku",offend
lu mau vote gw cuma karena gw beda pendapat? justru si Seno yang selalu ikut keputusan mayoritas,offend
"aku bisa menerima kritik, tapi tuduhan ini terasa dipaksakan supaya perhatian pindah dari Rian",offend
"gw tidak punya alasan buat nutup-nutupin apa pun, coba minta penjelasan dari si Lala yang berubah sikap",offend
"kalau kalian serius cari Hitman, jangan biarkan Edo terus mengarahkan diskusi seenaknya",offend
"tuduhan ke gw tidak nyambung sama aksi malam, sementara pergerakan si Bayu jauh lebih aneh",offend
"bukan aku yang bikin suasana kacau, dari awal justru Nanda yang memecah suara",offend
"lu terus ulang nama gw tanpa bukti, itu malah bikin lu kelihatan sedang mengalihkan perhatian",offend
"gw sudah jawab semua, sekarang giliran si Kevin menjelaskan kenapa dia langsung curiga ke korban",offend
"kalau diam dianggap bersalah, lalu kenapa si Wira yang paling banyak bicara tidak kalian cek",offend
aku menolak tuduhan itu; pola permainan lebih cocok ke orang yang memimpin vote sejak awal,offend
"jangan jadikan aku kambing hitam, cari tahu dulu siapa yang diuntungkan dari eksekusi ini",defend
"gw bukan target yang tepat, yang bikin gw tertekan dari tadi malah si Yuda dengan tuduhan asal",offend
"kalian bilang gw defensif, ya jelas karena diserang tanpa dasar; sekarang bahas inkonsistensi si Caca",offend
"kalau memang ada yang jeli, harusnya kalian sadar si Oki selalu muncul setelah arah vote berubah",offend
"saya sudah memberikan penjelasan yang konsisten, sedangkan pemain lain justru berkali-kali mengganti ceritanya",offend
"jangan fokus ke gw, gerak Raka dari awal lebih mencurigakan, vote dia",offend
"lu nuduh gw tanpa bukti, padahal Dimas yang terus menghindari pertanyaan",offend
"kalau gw Hitman, ngapain gw paling aktif ngerangkum situasi? Cek Naya dulu",offend
"telat jawab bukan berarti jahat, justru Sinta yang jawabannya berubah-ubah",offend
"gw bukan target utama di sini, Ardi malah diam sejak Hostage pertama muncul",offend
"jangan kejebak sama tuduhan ke gw, pola main Bimo lebih cocok sebagai Hitman",offend
"kalian boleh curiga ke gw, tapi sebelum itu lihat siapa yang paling diuntungkan dari keributan ini: Vina",offend
"gw sudah jelasin posisi gw, sekarang giliran Rendi jawab kenapa dia selalu ikut vote terakhir",offend
"isu gw salah sebut ronde itu kecil, yang lebih fatal justru Tio memaksakan vote ke orang acak",offend
"sumpah bukan gw yang perlu dikejar, Lala malah langsung nuduh tanpa analisis",offend
"kalau mau cari Hitman, jangan buang waktu di gw, fokus ke Fajar yang tiba-tiba aktif setelah Hostage",offend
"gw siap diperiksa, tapi Bagas harus menjelaskan kenapa dia membela semua orang mencurigakan",offend
"kalian terlalu terpaku ke chat gw, padahal Niko yang paling sering mengarahkan opini secara halus",offend
"bukan gw yang mengalihkan isu, Reva dari tadi mengubah topik setiap ditanya soal target malam",offend
"vote gw cuma menguntungkan satu orang, yaitu Seno yang sejak awal duduk aman di belakang layar",offend
"aku sudah menyimpulkan, kecurigaan ke aku lemah; target yang lebih masuk akal adalah Mira",offend
"jangan asal eksekusi aku karena gaya bicara, cek dulu kenapa Yoga tidak pernah punya pendapat sendiri",offend
"lu bilang gw defensif, padahal Kiki yang langsung memakai tuduhan pribadi buat nutupin celahnya",offend
"kalau Gag Order tadi dipakai buat membungkamku, justru pelakunya kemungkinan besar Ojan",offend
"gw enggak akan ikut debat muter-muter, sekarang kita arahkan voting ke Wulan yang paling inkonsisten",offend
"yang perlu dijelaskan bukan respons gw, tapi kenapa Danu tahu terlalu banyak soal target malam",offend
"aku tidak menghindar, aku mengarahkan diskusi ke fakta bahwa Putri terus menempel pada vote mayoritas",offend
"daripada memaksa gw ngaku, lebih baik tekan Kevin soal klaim Peek yang tidak pernah terbukti",offend
"gw bisa salah baca situasi, tapi tuduhan ke gw jelas kalah kuat dibanding pola diamnya Elsa",offend
"stop lempar isu ke gw, Hanif dari tadi memancing konflik lalu pura-pura jadi penengah",offend
"kalau kalian mau menang, jangan eksekusi orang yang paling aktif; lihat saja siapa yang sengaja pasif, yaitu Riko",offend
"aku sudah jawab semuanya, sekarang fokus ke Tania yang selalu muncul setelah arah voting terbentuk",offend
"gw bukan Hitman, dan tuduhan ini cuma pengalih perhatian dari ulah Sari semalam",offend
"jangan biarkan Faris membalikkan keadaan, dia yang pertama kali menuduh tanpa dasar lalu kabur dari diskusi",offend
"kesimpulannya, posisi gw masih lebih jelas daripada Aldi; untuk ronde ini, vote Aldi",offend
"kok malah gw yang dikejar? si C dari tadi ngarahin vote ke gw terus, lebih mencurigakan",offend
"lu nuduh gw tanpa bukti, padahal si B yang paling cepat ikut voting kemarin",offend
"kalau gw Hitman, ngapain gw bikin perhatian ke diri sendiri? cek aja si D yang diem terus",offend
"jangan kejebak omongan gw, justru si A yang dari tadi mancing keributan",offend
"gw cuma jawab tuduhan, kenapa kalian nggak bahas si E yang tiba-tiba ikut arus?",offend
"yang panik itu bukan gw, tapi si F tiap ditanya selalu lempar nama orang lain",offend
"lu bilang gw defensif, padahal si C lebih defensif lagi waktu ditanya soal malam pertama",offend
"vote gw kalau yakin, tapi jangan lupa si B yang pertama kali nuduh tanpa alasan",offend
"aneh, setiap gw ngomong si D langsung nyela, jangan-jangan dia takut kebaca",offend
"kalian fokus ke gw karena gampang dipancing, sementara si A bebas ngatur arah diskusi",offend
"gw nggak punya alasan buat dicurigai, coba lihat si E yang terus ganti target",offend
"kalau mau cari Hitman, mulai dari yang paling keras nyuruh orang lain vote",offend
"si C nuduh gw karena semalam gagal baca situasi, jangan sampai kita malah nurut dia",offend
"bukan gw yang bikin suasana kacau, si F dari tadi sengaja adu domba",offend
"lu terlalu cepat percaya si A, padahal dia belum kasih satu analisis pun",offend
"gw jawab nanti, tapi kenapa si B malah menghilang tiap pembahasan mulai serius?",offend
"yang perlu dijelaskan itu pergerakan si D, bukan chat gw yang jelas-jelas membela diri",offend
"si E kelihatan santai banget setelah korban jatuh, kok nggak ada yang bahas itu?",offend
"jangan asal lempar vote ke gw, si C punya pola paling janggal sejak ronde pertama",offend
"kalau gw salah, buktikan; tapi sebelum itu tanya si F kenapa dia ikut vote tanpa alasan",offend
"lu nyerang gw terus biar perhatian pindah dari si A, kan?",offend
"saya tidak menghindar, saya hanya melihat si B lebih layak diperiksa dari ucapan dan votingnya",offend
"aku bisa menjelaskan posisiku, tetapi si D justru belum menjelaskan kenapa targetnya berubah",offend
"kita jangan terpaku pada satu nama, si E juga punya timing yang sangat mencurigakan",offend
"kami dituduh tanpa dasar, sementara mereka yang mengarahkan voting malah dibiarkan",offend
"mereka ramai menekan aku, tapi tidak ada yang berani menanyakan peran si F",offend
serius mau eksekusi gw cuma karena gw beda pendapat? cek si A yang dari awal kompak banget,offend
"gag order ke gw bukan bukti, malah si C yang paling diuntungkan kalau gw diam",offend
"si B bilang gw berbelit, padahal dia sendiri belum menjawab kenapa ikut vote pertama",offend
"kalian bebas percaya gw atau tidak, tapi perilaku si D jauh lebih cocok buat Hitman",offend
"jangan fokus ke gw dulu, cek pola voting Raka dari ronde pertama, dia lebih mencurigakan",offend
"lu nuduh aku terus, padahal Dito yang paling ngotot ngajak eksekusi tanpa bukti",offend
"kalau gw Hitman, kenapa malah Naya yang dari tadi mengarahkan semua tuduhan ke satu orang?",offend
"bukan jawaban gw yang aneh, coba tanya Bima kenapa dia diam waktu korban pertama muncul",offend
"kalian terlalu cepat ngejar aku, sementara Sari belum menjelaskan aksinya semalam",offend
"daripada bahas pembelaan gw, mending lihat siapa yang paling diuntungkan dari Hostage tadi malam",offend
"Adit, jangan lempar isu ke gw, lu sendiri yang berubah-ubah cerita sejak fase Tribunal",offend
"aku sudah jawab, sekarang giliran Riko menjelaskan kenapa targetnya selalu dia bela",offend
"serius mau vote gw? Fina malah hilang tiap diskusi mulai panas, itu lebih sus",offend
"gw bukan masalah utamanya, perhatikan Vino yang mendadak ikut arus setelah tuduhan muncul",offend
"kalau mau cari Hitman, cek pemain yang paling aktif menggiring vote, bukan cuma yang salah ngomong",offend
"tuduhan ke saya belum ada dasarnya, tetapi sikap Lala yang menolak semua pertanyaan jauh lebih ganjil",offend
"lu bilang gw defensif, tapi kenapa Joko langsung nuduh tanpa menyebut bukti satu pun?",offend
"stop bahas gw dulu, siapa yang pertama kali menyebut nama korban sebelum info dibuka?",offend
"kalian jangan terkecoh sama gw, justru Eko yang dari tadi menempel ke mayoritas vote",offend
"aku bisa menjelaskan posisiku, tapi Nisa juga wajib jawab kenapa dia ganti target mendadak",offend
"yang perlu diperiksa itu Arman, dia selalu muncul setelah orang lain memberi kesimpulan",offend
"gw santai kalau mau dicek, tapi jangan abaikan Seno yang paling cepat mengunci tuduhan",offend
"bukan aku yang bikin suasana kacau, Tia terus memotong pembicaraan dan mengarahkan opini",offend
"kalau argumen gw dianggap lemah, argumen Galih malah tidak ada sama sekali",offend
"lu curiga ke gw karena satu kalimat, sedangkan Wulan sudah tiga ronde menghindari vote",offend
"jangan asal eksekusi aku, bandingkan dulu cerita Kevin dengan kronologi korban malam tadi",offend
aku tidak akan terus membela diri sementara Bayu bebas melempar tuduhan ke semua orang,offend
"yang mencurigakan bukan reaksi gw, melainkan Reza yang tahu terlalu banyak soal target",offend
"silakan cek chat gw, tetapi setelah itu periksa juga siapa yang sengaja membungkam diskusi tadi",offend
"gw rasa kalian salah sasaran, pemain yang paling diuntungkan dari vote ini justru Maya",offend
"kalau aku memang Hitman, kenapa Fajar yang selalu membentuk arah diskusi sejak awal?",offend
"jangan terpancing sama tuduhan ke saya, fokus ke Luki yang tidak pernah konsisten memilih target",offend
"aku sudah memberi penjelasan, sekarang minta Siska buka alasan kenapa dia terus melindungi Doni",offend
"vote aku kalau mau, tapi setelah itu kalian bakal menyesal karena pelaku sebenarnya masih aman",defend
"lu nuduh gw cuma karena gw beda pendapat, kenapa gak cek pemain yang dari tadi ikut arus aja",offend
"kalau gw mencurigakan, terus si R yang ngilang pas diskusi itu apa? jangan fokus ke gw doang",offend
"katanya gw hitman karena vote gw beda, logikanya tipis banget, coba lihat yang langsung ngikutin mayoritas",offend
"bukan gw yang harus dijelasin terus, si D dari tadi jawabnya muter-muter malah",offend
lu yakin mau eksekusi gw cuma dari feeling? yang paling keras nuduh biasanya justru perlu dicurigai,offend
"gw dituduh karena telat chat, tapi si K yang sama sekali gak kontribusi malah aman aja",offend
"kalau argumen kalian cuma gw kelihatan gugup, sus yang lebih gugup itu si N pas ditanya target malam",offend
jangan lempar isu ke gw buat nutupin fakta kalau si B ganti vote tiga kali,offend
"aneh, kenapa semua langsung percaya si T? dia dominan bukan berarti otomatis bener",offend
"lu bilang gw defensif, padahal si V yang pertama kali nyerang tanpa bukti",offend
"kalau mau cari Hitman, cek pemain yang maksa banget ngarahin voting, bukan gw yang cuma nanya",offend
"gw gak masalah diperiksa, tapi sebelum itu jelasin dulu kenapa si J terus dibela sama lu",offend
"tuduhan ke gw terlalu gampang, sementara pergerakan si F malam pertama gak pernah dibahas",offend
"kalian fokus ke satu kalimat gw, padahal si M dari tadi nyetir diskusi ke target yang sama",offend
"fix ini pengalihan, gw baru nanya soal alibi langsung dituduh, kenapa si P gak kalian tekan?",offend
"kalau gw benar-benar hitman, ngapain gw malah bongkar kejanggalan si S?",offend
"jangan asal ikut vote, si C yang paling cepat setuju itu justru lebih mencurigakan menurut gw",offend
"gw dituduh cuma karena gak ikut mayoritas, tapi bukannya pemain yang terlalu kompak juga patut dicurigai?",offend
"lu nuduh gw gagap, coba tanya si H kenapa jawabannya selalu nunggu orang lain dulu",offend
"bukti ke gw belum ada, tapi si A punya pola vote aneh dan kalian malah diam",offend
"kalau aku yang dicurigai, jelaskan juga kenapa kamu terus menghindari pertanyaan soal targetmu",offend
serius mau ngekill gw dari satu tuduhan? lebih masuk akal periksa si L yang dari awal cuma ikut keputusan orang,offend
"gw bisa jawab, tapi jangan biarkan si Q kabur dari fakta bahwa dia mengubah ceritanya",offend
"katanya gw mengalihkan isu, padahal kalian yang menutup pembahasan soal pemain paling vokal",offend
"kalau si Y memang Spy, kenapa dia gak pernah jelasin alasan guard-nya? jangan-jangan cuma ngaku belakangan",offend
"aku bukan menghindar, aku cuma heran kenapa tuduhan ke aku muncul tepat setelah si W ditekan",defend
"lu bilang gw pasif, sedangkan si E aktif banget menggiring semua orang ke gw",offend
"jangan percaya suara terbanyak dulu, mayoritas juga bisa diarahkan Hitman, lihat siapa yang mulai narasinya",offend
"kalau gw salah, buktikan lewat pola, bukan karena si O paling keras teriak nama gw",defend
"aneh banget, setiap gw nanya alibi si Z, pembahasannya malah dibalikin ke gw terus",defend
"gw bukan hitman, yang malah maksa nuduh dari awal itu lebih mencurigakan",offend
"kalau aku jahat, kenapa kamu terus mengarahkan vote ke aku tanpa bukti",defend
"jangan fokus ke aku dulu, si C dari tadi jawabannya berubah-ubah",offend
"tuduhan ke gw lemah banget, mending cek siapa yang paling diuntungkan dari ribut ini",offend
"aku cuma civilian, tapi gerak-gerik kamu pas diskusi jauh lebih aneh",offend
"katanya aku sus, padahal kamu yang pertama kali lempar nama tanpa alasan jelas",offend
"fix ini pengalihan dari si D, dia sengaja bikin aku jadi pusat perhatian",offend
"kalau memang kamu Stalker, sebutkan alasanmu, jangan cuma asal tunjuk aku",defend
"aku tidak perlu membela diri panjang-panjang, yang harus dijelaskan justru perubahan sikapmu",offend
"lu nuduh gw karena panik ya, atau ada alasan lain yang belum dibuka",defend
"jangan termakan framing dia, sejak awal si E yang paling agresif mendorong eksekusi",offend
"aku mungkin terlihat mencurigakan, tapi pola diamnya si F lebih patut dipertanyakan",offend
"bukan aku yang menghindari topik, kamu yang terus memelintir pembahasan ke arah gw",offend
"teori kalian soal aku belum kuat, sementara si G sudah ketahuan kontradiksi dua kali",offend
"kalau vote ke aku sekarang, kita malah memberi ruang Hitman yang sebenarnya",defend
"serius, kenapa cuma aku yang dibahas padahal si H tidak pernah ikut membantu analisis",defend
"aku tidak bilang kamu Hitman, tapi cara kamu membela si I itu mencurigakan banget",offend
"tuduhan itu terdengar seperti Gag Order versi halus, supaya kita lupa melihat pemain lain",defend
"kalian bebas curiga, tapi jelaskan dulu kenapa si J terus menghindari pertanyaan",offend
"gw rasa yang nuduh gw sedang lempar umpan, target sebenarnya ada di belakang dia",offend
"aku belum tentu benar, tapi kemungkinan si K lebih besar sebagai Hitman daripada aku",offend
"jangan buru-buru eksekusi aku, cek dulu siapa yang paling menikmati kekacauan ini",defend
"lu bilang gw defensif, padahal lu sendiri belum menjawab soal aksi malam tadi",defend
"kalau aku benar-benar jahat, tuduhan paling aman justru bukan ke pemain yang paling vokal",defend
"aku tidak punya alasan untuk menyandera siapa pun, tetapi si L terlalu cepat tahu detailnya",offend
"menurutku ini cuma setup buat menjadikan aku kambing hitam, coba lihat si M",offend
"aku bisa saja salah, tapi respons si N barusan jauh lebih seperti orang yang ketahuan",offend
"alih-alih menekan aku, bahas dulu kenapa si O berubah target vote mendadak",offend
"sumpah bukan gw, yang terus memancing konflik dari ronde pertama itu dia",offend
"kalau semua langsung percaya tuduhanmu, Hitman asli pasti tinggal santai melihat kita saling bunuh",defend
"gw bukan hitman, yang dari tadi maksa vote gw malah perlu dicurigai",offend
"kalau mau cari pelaku, cek si Raka yang sejak awal cuma ikut arus",offend
"kenapa bahas aku terus, padahal Dimas yang paling cepat nuduh tanpa bukti",offend
"sumpah bukan gw, coba lihat pola diamnya si Naya dari ronde pertama",offend
lu jangan lempar tuduhan ke gw buat nutupin gerak lu sendiri,offend
"kalau aku hitman, ngapain malah aktif bantu cari pola? fokus ke dia yang pasif",offend
"yang harus kita tekan itu pemain yang tiba-tiba ganti vote, bukan aku",offend
"gw bisa jelasin posisi gw, tapi sebelumnya tolong tanya kenapa si Bimo menghilang pas diskusi",offend
"serangan ke aku terlalu gampang, justru yang manas-manasin suasana patut dicek",offend
"aku civilian, dan menurutku Vina lebih mencurigakan karena jawabannya muter terus",offend
"jangan asal vote aku, lihat saja siapa yang paling diuntungkan kalau aku keluar",defend
lu nuduh gw karena panik ya? yang panik dari tadi kan si Tio,offend
"kalau benar mau aman, kita pindahkan fokus ke pemain yang belum kasih alasan jelas",offend
"bukan aku yang aneh, coba baca lagi chat Arga dari awal sampai sekarang",offend
"gw nggak punya alasan nyandera siapa pun, tapi dia jelas menghindari pertanyaan",offend
"daripada ngejar aku, mending kita cek kenapa si Sari terus membela orang yang sama",offend
"tuduhan itu balik ke lu, karena lu yang pertama kali mengarahkan semua orang ke gw",offend
"aku siap ikut voting, tapi targetnya lebih masuk akal kalau si Fajar",offend
"kalau aku salah, jelaskan dulu kenapa Rio selalu muncul setelah orang lain dituduh",offend
"jangan biarkan dia pakai gw sebagai kambing hitam, ada pemain lain yang jauh lebih mencurigakan",offend
"gw paham kalian curiga, tapi bukti paling kuat justru mengarah ke si Kiki",offend
"yang ngebisuin diskusi barusan siapa? menurutku perhatian kita harus ke dia, bukan aku",offend
"aku tidak sedang menghindar, hanya menunjukkan bahwa tuduhan ke Nino lebih konsisten",offend
"fix bukan gw, lihat saja siapa yang dari tadi nyari aman di balik suara mayoritas",offend
"kalau kalian percaya aku, bantu cek si Aldi yang jawabannya selalu berubah",offend
"lu bisa vote gw, tapi setelah itu hitman bakal bebas karena tersangka sebenarnya dibiarkan",offend
"aku belum bisa membuktikan peranku, tapi pola Kania jelas lebih janggal daripada punyaku",offend
"jangan terpancing sama tuduhan dia, justru dia yang paling sering mengalihkan pembicaraan",offend
"gw tadi memang salah baca situasi, tapi itu nggak bikin gw hitman; cek si Joko juga",offend
"daripada kita habiskan voting buat aku, lebih baik sorot pemain yang tidak pernah mengambil sikap",offend
"gw nggak ngerti kenapa pada fokus ke gw, yang dari awal ngilang itu si D",offend
"kalau mau cari hitman, cek si B dulu, dia paling sering mancing keributan",offend
"tuduhan ke gw ngawur, malah si C yang jawabannya berubah-ubah dari tadi",offend
"jangan keburu vote aku, gerak-gerik si A jauh lebih mencurigakan",offend
lu nuduh gw karena apa? yang diem terus di chat itu justru patut dicurigai,offend
"fix bukan gw, lihat aja si E tiap ditanya selalu lempar balik ke orang lain",offend
"kalian salah target, si F yang paling diuntungkan kalau gw dieksekusi",offend
"aku tetap yakin pelakunya si B, jangan biarkan dia mengalihkan perhatian",offend
"kalau gw hitman, ngapain gw sejelas ini? mending periksa si C yang pasif",offend
serangan ke gw cuma buat nutupin kelakuan si D yang aneh sejak ronde pertama,offend
"lu boleh vote gw, tapi setelah itu fokus ke si A karena dia jelas sedang bermain aman",offend
"gw nggak akan ubah pendapat, si E tetap target utama meski sekarang mereka nuduh gw",offend
"yang harus menjelaskan diri itu si F, bukan aku, karena dia yang terakhir menghilang",offend
"kalian terlalu terpaku ke gw, padahal si C punya alibi paling bolong",offend
"bukan gw yang bikin suasana kacau, si D dari tadi sengaja memecah suara",offend
"sumpah, tuduhan ini cuma pengalihan dari si B yang takut dibaca gerakannya",offend
"kalau mau aman, eksekusi si A dulu; posisi gw jelas dari awal",offend
"gw sudah bilang berkali-kali, hitman-nya si E, bukan saya",offend
kenapa gw terus yang ditekan? coba tanya si F soal target malam tadi,offend
dia nuduh gw tanpa bukti karena mau menyelamatkan dirinya sendiri,offend
"jangan termakan framing, si C yang paling mencurigakan di sini",offend
"gw tetap pada teori awal: si D hitman, dan tuduhan ke gw cuma noise",offend
"kalau kalian benar-benar baca chat, si B yang paling sering menghindar saat ditanya",offend
"aku tidak perlu membela diri panjang-panjang, periksa saja inkonsistensi si A",offend
"lu bilang gw mencurigakan, tapi si E malah lebih sering mengarahkan vote ke pemain lain",offend
"fix kalian sedang salah sasaran, si F sengaja bikin gw kelihatan bersalah",offend
"daripada debat soal gw, lebih baik bongkar kenapa si C tidak pernah punya pendapat sendiri",offend
"gw nggak akan goyah, targetnya tetap si D karena semua polanya mengarah ke dia",offend
tuduhan ini datang dari pemain yang paling diuntungkan kalau perhatian pindah ke gw,offend
"kalau aku mati, jangan bilang tidak ada peringatan; si B sudah kelihatan mencurigakan dari awal",offend
"gw terus yang ditanya, padahal si C tadi tidak ikut voting",offend
"soal gw sudah dijelasin, sekarang coba bahas kenapa si B diam dari awal",offend
"aku belum selesai bicara karena chat keburu terkunci, yang lain bisa jelaskan aksinya dulu",defend
"kalau fokusnya tetap ke aku, ronde malam si D juga belum ada penjelasan",offend
"gw cuma civilian dan tidak punya aksi malam, coba tanya pemain yang mengaku punya role",neutral
"tadi nama gw disebut setelah si E kehilangan akses chat, bagian itu bisa dibahas juga",neutral
"aku tidak melakukan apa pun malam ini, sementara target hostage sebelumnya belum jelas",neutral
"kalian menanyakan posisi gw, tapi si F dari tadi belum menyampaikan tindakan",offend
"yang dipersoalkan memang giliran gw, namun urutan vote si G juga belum diterangkan",offend
"gw sudah jawab pertanyaannya, sekarang giliran si H menjelaskan kenapa dia pindah vote",offend
"aku tidak bisa memakai skill apa pun, jadi pembahasannya bisa dialihkan ke pemain berrole aktif",neutral
"tadi aku kena gag order dan tidak sempat menjawab, coba lihat siapa yang paling diuntungkan dari itu",defend
"kalau laporan malamku diragukan, laporan si I juga belum disampaikan sampai sekarang",defend
"gw tidak keluar saat tribunal sebelumnya, tetapi si J langsung mengubah pilihannya",offend
"soal identitasku belum ada informasi baru, sedangkan hasil peek si K juga belum dibawa ke chat",neutral
"aku sudah menyebut posisiku dari awal, sekarang minta si L menjelaskan pergerakannya",neutral
"yang dibahas hanya tindakan gw, padahal si M tidak memberi respons saat ditanya",offend
"gw tidak menyandera siapa pun malam tadi, mungkin pemain yang masih punya aksi bisa bicara",defend
"kalau mau cari jawaban, mulai dari pemain yang menghilang setelah fase malam",offend
"aku sudah menjawab bagian itu, pertanyaan berikutnya bisa diarahkan ke si N",defend
"tuduhan ke gw belum punya tambahan informasi, sementara vote si O berubah dua kali",offend
"gw tidak tahu identitas siapa pun, jadi pembahasan role sebaiknya dimulai dari yang mengaku stalker",neutral
"aku tidak memakai gag order, tadi chat si P yang mendadak tidak bisa masuk",defend
"kalau keberadaan gw dipertanyakan, keberadaan si Q saat malam juga belum disebut",offend
"gw sudah ikut voting sesuai penjelasan sebelumnya, sekarang dengar alasan si R memilih berbeda",offend
"aku tidak punya aksi malam dan hanya membaca chat, pemain dengan hasil pengintaian bisa menjelaskan dulu",neutral
"yang menyeret nama gw muncul setelah si S tidak menjawab, bagian itu belum dibahas",defend
"gw sudah bilang tidak melihat apa-apa, coba tanyakan ke pemain yang mengawal semalam",defend
"aku tidak mengubah suara di akhir, tetapi ada pemain lain yang baru ikut memilih",defend
"soal posisi gw bisa dibahas nanti, sekarang siapa yang punya informasi dari ronde malam",neutral
"urutan vote si B selalu mengikuti mayoritas tanpa alasan jelas, pola aman buat Hitman, eksekusi B aja",offend
"si C terlalu cepat nuduh orang lain tapi tidak pernah kasih analisis, menurutku dia target paling layak dieksekusi",offend
"perhatikan timing gag order tadi, si D dibungkam tepat saat mulai membongkar pola, vote D dulu",offend
"dari dua ronde ini si A konsisten menghindari pertanyaan dan cuma ikut arus, gw rasa kita harus eksekusi A",offend
"kalau kita bandingkan kontribusi semua pemain, si E paling minim informasi tapi paling aktif menggiring vote, keluarkan E",offend
"si F mengubah tuduhannya setelah mayoritas terbentuk, itu lebih mirip adaptasi Hitman daripada analisis, vote F",offend
"aku curiga sama si G karena klaimnya tidak cocok dengan urutan kejadian malam, sebaiknya G dieksekusi",offend
"jangan terpancing pembelaan panjang si H, buktinya tetap tidak menjawab kenapa dia diam saat fase kritis, vote H",offend
"si I punya pola muncul hanya ketika voting dimulai, kontribusinya terlalu oportunistis, menurutku I harus keluar",offend
"kita punya dua indikator ke si J: klaim berubah dan vote-nya selalu memecah warga, eksekusi J sekarang",offend
"si K sengaja mendorong target tanpa menyusun alasan yang bisa diuji, gaya begini cocok dengan Hitman, vote K",offend
"hasil diskusi paling logis mengarah ke si L karena dia menghindari semua pertanyaan soal target malam, keluarkan L",offend
"gw bukan asal nuduh, tapi si M tiga kali menempel pada vote mayoritas tanpa argumen, itu cukup buat eksekusi M",offend
"si N terlihat tahu terlalu banyak tentang aksi malam, tetapi penjelasannya tidak konsisten, warga perlu vote N",offend
"kalau si O benar-benar Civilian, harusnya dia ikut mengumpulkan informasi, bukan malah membungkam arah diskusi, eksekusi O",offend
"si P terus mengganti fokus supaya kita tidak membahas dirinya, pola pengalihan ini paling mencurigakan, vote P",offend
"menurut rekonstruksi ronde, si Q punya kesempatan paling masuk akal untuk menjadi Hitman, saya pilih Q untuk dieksekusi",offend
"si R langsung menuduh setelah satu orang dibungkam, seolah sudah menunggu momentum, jangan biarkan R lolos",offend
"aku bandingkan klaim si S dengan catatan voting, keduanya bertentangan, jadi S adalah pilihan eksekusi paling objektif",offend
"si T tidak memberi informasi baru dan malah memotong analisis pemain lain, kemungkinan besar dia sedang mengacaukan diskusi, vote T",offend
"fix si U mencurigakan, dia membela si V tanpa dasar lalu pindah tuduhan saat ditanya, eksekusi U",offend
"kita jangan voting berdasarkan vibes; dari pola bicara dan perpindahan vote, si V paling konsisten terlihat sebagai Hitman",offend
"si W mengaku punya informasi, tetapi tidak pernah menjelaskan sumber dan waktunya, klaim kosong begini layak dihukum, vote W",offend
"bukti terkuat saat ini adalah perubahan cerita si X setelah dibantah, menurutku tribunal harus mengeksekusi X",offend
"si Y terlalu fokus mengatur siapa yang harus dipercaya, padahal datanya minim, gw sarankan warga vote Y",offend
"dia, si Z, selalu aktif saat ada peluang menggiring massa dan menghilang saat diminta detail, pola itu cukup mencurigakan untuk dieksekusi",offend
"kalau kita eliminasi si A sekarang, pola vote ronde berikutnya bakal lebih mudah dibaca; semua indikator awal juga mengarah ke dia",offend
"si B memakai gag order sebagai alasan untuk menuduh tanpa verifikasi, perilakunya justru makin menunjukkan dia ingin mengontrol narasi, vote B",offend
"kalian cek sendiri: si C pasif saat investigasi, aktif saat eksekusi, dan tidak punya pembelaan konkret, pilihan paling rasional adalah C",offend
"aku rangkum singkat, si D punya alibi lemah, voting oportunistis, dan respons defensif, jadi kita sepakati eksekusi D",offend
"dari tadi si B paling ngeles, vote B aja",offend
"gw ikut mayoritas, tapi si Raka emang mencurigakan",offend
"kalau gak ada info lain, eksekusi Nia dulu aja",offend
"si C diem terus pas ditanya, menurut gw vote dia",offend
"fix D hitman sih, alibinya muter-muter",offend
"kita fokus ke A aja, jawabannya gak nyambung",offend
"gw setuju vote E, geraknya paling aneh dari awal",offend
"kalau kalian sepakat, si F kita eksekusi sekarang",offend
"menurut gw B lebih mencurigakan daripada yang lain, vote B",offend
"aku ikut suara terbanyak, tapi targetnya sebaiknya C",offend
"si G tadi nuduh orang tanpa dasar, bisa jadi hitman",offend
"vote H aja, dia terlalu pasif dan baru muncul pas voting",offend
"gw gak punya info kuat, tapi D paling layak dicurigai",offend
"kalau mau aman, eksekusi si J dulu",offend
"si K kelihatan banget ngikutin alur, tapi gak pernah kasih alasan",offend
mayoritas ke L kan? gw ikut vote L,offend
"A dari tadi cuma lempar tuduhan, menurut gw dia hitman",offend
"jangan pecah suara, kita vote M aja",offend
"si N jawabannya berubah-ubah, fix mencurigakan",offend
"gw pilih O, dia paling minim kontribusi tapi aktif pas nuduh",offend
"kalau gak ada bantahan lain, P kita keluarkan",offend
"vote Q aja, feeling gw dia yang nyandera semalam",offend
"si R terlalu cepat ikut nuduh S, keduanya aneh tapi R dulu",offend
"aku gak yakin, tapi kalau mayoritas pilih T ya eksekusi T",offend
"B keliatan manfaatin keributan, mending kita vote dia",offend
"si U pasif banget, tapi justru itu bikin gw curiga",offend
"setuju sama yang lain, target malam ini V",offend
"W gak punya pembelaan yang jelas, vote W aja",offend
"kalau mau satu suara, gw saranin eksekusi X",offend
"Y paling sering menghilang saat diskusi, menurut gw dia hitman",offend
"Jangan vote gw, tuduhan itu cuma karena gw ngebantah; yang lebih mencurigakan justru Raka yang dari awal lempar nama tanpa bukti",offend
"Gw udah jelasin posisi gw, kalau masih maksa nuduh berarti kalian sedang dimainin Dito; vote dia aja sebelum kita salah eksekusi",offend
"Bukan gw yang pakai Gag Order, chat gw malah dibungkam tadi; pelakunya kemungkinan besar Naya, jadi fokus vote Naya",offend
"Kalau gw Hitman, ngapain gw buka celah segede ini? Sari yang jawabannya muter-muter itu lebih layak dieksekusi",offend
"Tuduhan ke aku nggak nyambung sama urutan aksi malam; menurutku Bimo sengaja bikin narasi, mari keluarkan dia di Tribunal",offend
"Lu boleh curiga, tapi jangan asal vote gw; cek kontradiksi Rian, dia klaim Spy tapi target Guard-nya nggak masuk akal",offend
"Gw civilian dan nggak punya skill, sementara Tesa terus mengarahkan semua orang ke gw; pola itu jauh lebih hitman daripada pembelaan gw",offend
"Jangan keburu percaya sama Arga, dia baru muncul saat voting lalu ikut arus; vote Arga kalau kita mau nangkap Hitman",offend
"Aku sudah menjawab semua pertanyaan dengan konsisten, justru Vina yang ganti cerita tiga kali; suara kita sebaiknya ke Vina",offend
"Fitnah ke gw makin keras tapi bukti tetap nol; menurutku Farel pakai kepanikan buat nutupin identitasnya, eksekusi dia",offend
"Kalau memang gw pelaku, tunjukkan aksinya, bukan cuma bilang gw defensif; Kiki yang menuduh tanpa dasar lebih pantas jadi target vote",offend
"Gw nggak bisa nerima kalau cuma dijadikan kambing hitam; lihat pola Damar yang selalu memancing konflik lalu menghilang, fix dia mencurigakan",offend
"Tuduhan ini cacat karena malam tadi chat terkunci; jangan salahkan gw atas asumsi, keluarkan Lala yang klaim tahu terlalu banyak",offend
"Kalian mau vote gw karena gw reaktif? Ya jelas gw reaktif, nama gw difitnah; yang perlu ditanya itu kenapa Oji terus mendorong eksekusiku",offend
"Aku bukan Hitman, dan bukti paling kuat ada di inkonsistensi Galih soal Peek; jangan biarkan dia lolos, vote Galih",offend
"Stop muter-muter di aku, semua jawaban gw sudah sama dari awal; Reno yang berubah alibi setiap ditanya harus kita Tribunal sekarang",offend
"Gw cuma membela diri, bukan mengalihkan isu; isu sebenarnya adalah Siska punya motif menuduh gw lalu memimpin voting, jadi pilih Siska",offend
"Kalau kalian eksekusi gw, Hitman bakal senang karena target palsunya berhasil; sebelum itu terjadi, vote Yoga yang paling agresif menggiring",offend
"Klaim aman dari Nino nggak pernah dibuktikan, sedangkan dia langsung menandai gw sebagai tersangka; menurutku Nino yang harus keluar",offend
"Jangan telan mentah-mentah omongan Putri, dia sengaja memotong penjelasanku; gw bersih, dan pilihan vote paling logis adalah Putri",offend
"Gw tidak punya alasan menutup-nutupi apa pun; justru Eko memakai tuduhan personal karena tidak bisa menjelaskan jejak malamnya, eksekusi Eko",offend
"Serius, kalau cuma karena gw banyak ngomong lalu dianggap Hitman, itu logika ngawur; sorot Wawan yang pasif tapi tiba-tiba ikut vote",offend
"Aku sudah bilang bukan pelakunya, dan tidak ada satu pun bukti yang membantah; Nisa malah mengarang hubungan aksi malam, mari vote Nisa",offend
"Lu nuduh gw karena gw nolak ikut arus, bukan karena data; justru Bayu yang terus menekan warga buat sepakat tanpa analisis, fix vote dia",offend
"Gw nggak pernah kena Gag Order dan bukan pengguna skill itu; klaim Aldi soal urutan kejadian janggal, jadi jangan biarkan dia memimpin voting",offend
"Kalian bisa cek sendiri, cerita gw tidak berubah sejak ronde pertama; Della yang mendadak mengaku Stalker lebih mencurigakan, keluarkan Della",offend
"Tuduhan terhadapku cuma pengulangan dari satu orang ke orang lain; putus rantainya dengan vote ke Jovan, sumber narasi itu",offend
"Jangan eksekusi pemain yang sekadar membela nama; lihat siapa yang paling diuntungkan kalau gw mati, yaitu Mira yang sejak tadi mengunci opini",offend
"Aku paham kalian butuh target, tapi gw bukan target yang benar; Riko punya alibi berlubang dan paling sering menghindari pertanyaan, vote Riko",offend
"Gw siap kalau perlu diuji lewat argumen, tapi jangan hukum gw berdasarkan vibes; pilih Seno yang bukti dan klaimnya saling bertabrakan",offend
"fokus vote ke Raka dulu, alibinya muter terus dan paling mungkin hitman",offend
"menurut gw Dito paling mencurigakan, dari awal cuma ikut arus tanpa analisis",offend
"jangan keburu vote random, lihat pola Naya yang selalu nuduh orang lalu ngilang; eksekusi dia",offend
"target kita jelas Bimo, dia mendadak membungkam Sari dan sekarang pura-pura netral",offend
"gw simpulkan hitman ada di kubu yang terus mengalihkan topik, jadi vote Arga sekarang",offend
"kalau mau aman, kita eksekusi Tia; responsnya paling defensif sejak korban sandera diumumkan",offend
"semua perhatiin, Vino konsisten memelintir ucapan orang lain, fix dia target voting hari ini",offend
"aku minta kita satu suara ke Caca, diamnya terlalu strategis buat sekadar civilian",offend
"jangan pecah suara, kandidat terkuat tetap Fajar karena alibinya tidak pernah jelas",offend
"dari kronologi pagi ini, Roni paling diuntungkan, jadi menurutku dia yang harus dieksekusi",offend
"gw ambil kesimpulan: Sinta hitman, terutama karena dia langsung menggiring vote sebelum bukti muncul",offend
"tolong jangan pilih pemain acak, arahkan semua vote ke Yuda yang jawabannya berubah-ubah",offend
"kalau dia memang warga, harusnya bisa jelasin aksinya; karena gagal, vote ke Lala",offend
"Gilang terlalu sibuk mengatur diskusi tapi tidak pernah memberi bukti, kita keluarkan dia",offend
"target voting jangan pindah-pindah, dari tadi Joni yang paling banyak bikin tuduhan kosong",offend
"aku lebih percaya pola daripada klaim, dan pola Kiki sejauh ini paling mengarah ke hitman",offend
"semalam ada sandera, pagi ini Reno malah langsung menuduh orang lain; menurutku eksekusi Reno",offend
"Aldi terlihat sengaja memancing konflik agar kita lupa mencari hitman, jadi vote dia",offend
"kita butuh keputusan tegas, semua indikasi mengarah ke Maya, jangan selamatkan dia lagi",offend
"buatku Beni bukan sekadar pemain pasif, dia menunggu arah vote lalu ikut mayoritas; coret namanya",offend
"stop debat muter, kandidat utama hari ini adalah Wulan dan gw ajak semua vote dia",offend
"kalau tidak ada bantahan yang kuat, kita sepakati eksekusi Damar karena logikanya bolong",offend
"Niko baru aktif setelah ada target, itu pola hitman banget; langsung masukkan vote ke dia",offend
"aku sudah bandingkan semua alibi, Seno paling tidak sinkron dengan kejadian penyanderaan",offend
"jangan termakan pembelaan Putri, dia cuma mengulang klaim tanpa menjawab tuduhan utama",offend
vote kita harus terkonsentrasi ke Hendra supaya hitman tidak lolos karena suara pecah,offend
"Rara terus mengubah fokus dari dirinya sendiri, jadi aku tetapkan dia sebagai target eksekusi",offend
"menurut bukti chat, Yoga kemungkinan besar memakai Gag Order untuk menutup suara yang mencurigakan",offend
aku tidak melihat alasan menyelamatkan Eko; kontribusinya minim dan timing tuduhannya mencurigakan,offend
"warga, ikuti call ini: eksekusi Sasa sekarang, lalu ronde berikutnya kita cek pola pemain lain",offend
"bentar gw baru nangkep alurnya, si D dari tadi cuma ikut arus, vote dia aja dulu",offend
"kalau gak salah si R paling sering ganti tuduhan, menurutku eksekusi R",offend
"ulang sedikit dong, tapi dari yang gw lihat si B jawabannya selalu ngambang, kita keluarkan dia",offend
"gw telat baca chat, cuma si K kelihatan paling defensif tanpa alasan, vote K aja",offend
"setelah nyambung konteksnya, si N malah nuduh orang yang sama dengan hitman, fix N mencurigakan",offend
"kalau pilihan kita cuma dari info tadi, si F paling aman buat dieksekusi karena geraknya aneh",offend
"maaf baru ikut, tapi si L diam terus lalu tiba-tiba ikut voting, menurutku dia hitman",offend
"bisa ulang siapa yang kena Gag Order? Oh, si T? kalau begitu T patut kita vote",offend
"gw belum paham semua, tapi si A selalu muncul setelah ada tuduhan, mending A dikeluarin",offend
"dari potongan chat yang gw baca, si V terlalu cepat membela si C, vote V dulu",offend
"tunggu, jadi si H sempat mengubah ceritanya ya? Kalau iya eksekusi H",offend
"aku baru sadar si P tidak pernah kasih alasan selain ikut mayoritas, kita keluarkan P",offend
"kalau memang ada Stalker, si M jelas menutupi info, jadi vote M sekarang",offend
"gw ketinggalan diskusi, tetapi si J paling banyak mengarahkan tanpa bukti, jangan biarkan dia lolos",offend
"ulang konteksnya boleh, tapi sementara ini si S paling mencurigakan, sepakati vote S",offend
"siapa tadi yang terus minta orang lain bicara tapi dirinya sendiri menghindar? Oh si Q, vote dia",offend
"menurut pengamatanku yang telat ini, si W terlalu tenang saat ada korban, eksekusi W",offend
"kalau urutannya benar, si E pertama kali melempar tuduhan lalu kabur, kita vote E",offend
"gw baru baca bagian akhirnya, si Y malah membela pemain yang sudah mencurigakan, fix Y ikut komplotan",offend
"jangan langsung bingung, dari semua nama si G paling konsisten bikin alibi berubah-ubah, keluarkan G",offend
"aku belum menangkap siapa yang di-Guard, tapi si U terlihat memanfaatkan kekacauan, vote U",offend
"bentar, tadi bukannya si I yang mengaku punya info lalu tidak menjelaskannya? Menurutku I harus dieksekusi",offend
"kalau kalian setuju, kita fokus ke si O saja karena dia terus menggiring vote tanpa dasar jelas",offend
"gw agak telat, tapi si Z baru aktif setelah target ditentukan, itu pola hitman banget",offend
"dari penjelasan yang sempat kubaca, si X punya alasan paling lemah, mari eksekusi X",offend
"siapa yang tadi kena bisu mendadak? Kalau si Y, jangan-jangan dia dibungkam karena hampir bongkar hitman, tapi tetap vote Y",offend
"gw belum yakin seratus persen, cuma si C paling banyak kontradiksi, lebih baik C keluar malam ini",offend
"setelah diulang, ternyata si B mengaku melihat alur malam padahal semua aksi buta, vote B",offend
"maaf baru paham, tapi si N sengaja memecah suara kita, jangan kasih dia kesempatan, eksekusi N",offend
"kalau kita masih ragu, pilih si A yang sejak awal cuma menunggu info lalu meniru pendapat orang, vote A",offend
"Vote Dika aja, jawabannya muter terus tiap ditanya soal malam",offend
"Rani terlalu cepat nuduh orang lain, kayak sengaja ngalihin perhatian, eksekusi dia",offend
"Jangan keburu percaya Bimo, dia baru muncul pas voting dan langsung ikut arus",offend
"Fajar dari tadi cuma mancing keributan, tapi nggak pernah kasih analisis jelas, coblos dia",offend
"Kalau Lala memang Civilian, harusnya dia berani jelasin alibinya, bukan malah ngeles",offend
"Gw rasa Nisa Hitman, responsnya berubah setelah target malam diumumkan",offend
Oji paling mencurigakan karena diamnya cuma muncul saat diskusi mulai mengarah ke dia,offend
"Ayo fokus ke Rizky, dia sengaja bikin kita debat soal hal kecil biar pelaku sebenarnya lolos",offend
"Menurutku Sari layak dieksekusi, tuduhannya selalu aman dan nggak pernah ambil risiko",offend
"Tio bilang punya info tapi setengah-setengah, itu gaya orang yang lagi nyiapin alibi",offend
"Sebelum Maya pakai alasan koneksi atau lupa, mending kita amankan voting ke dia",offend
"Kalian sadar nggak, Arga selalu ikut vote mayoritas tanpa pernah punya pendapat sendiri?",offend
"Jangan terpancing Gag Order, tapi justru cek siapa yang paling diuntungkan saat Deni dibungkam",neutral
"Vote Wulan sekarang, dia terlalu ngotot membela pemain yang belum tentu bersih",offend
"Kalau Bayu benar Stalker, kenapa informasinya baru keluar setelah semua orang hampir sepakat?",offend
"Aku curiga berat sama Citra, pembelaannya ke target malam terlalu spesifik buat ukuran warga biasa",offend
"Kita butuh keputusan tegas, dan dari semua nama, Gilang paling sering mengubah arah diskusi",offend
"Nando kelihatan panik waktu ditanya siapa yang dia percaya, fix ada yang dia tutupi",offend
"Jangan buang vote ke pemain pasif, si Vina justru aktif mengatur opini dari belakang",offend
"Raka bilang semua orang mencurigakan, itu cara klasik biar dirinya nggak pernah jadi fokus",offend
"Kalau kalian masih ragu, lihat saja siapa yang paling keras menolak voting ke Eko",offend
"Aku nggak minta dipercaya mentah-mentah, tapi pola chat Putri paling cocok sama Hitman",offend
"Siapa pun yang membela Jovan tanpa alasan jelas, kemungkinan sedang satu kubu dengannya",offend
"Dari tadi Hendra cuma menunggu orang lain membuka suara, lalu meniru argumen terakhir",offend
"Tribunal kali ini jangan aman-aman saja, target paling masuk akal tetap Intan",offend
"Mereka bilang Kiki cuma salah baca situasi, padahal tuduhannya berubah setiap ronde",offend
"Gw pilih vote ke Aldi, dia sengaja lempar umpan buat lihat siapa yang bereaksi",offend
"Kalau Sinta memang Spy, harusnya dia lebih hati-hati mengklaim perlindungan, jadi jangan biarkan dia lolos",offend
"Serius, Farhan terlalu santai setelah ada korban malam, coblos dia sebelum alibinya makin rapi",offend
"Kita bisa debat sampai pagi, tapi buatku target paling jelas sekarang adalah Elsa",offend
"dari tadi si A jawabannya muter terus, mending kita eksekusi dia aja",offend
"si B terlalu cepat nuduh orang lain, kayaknya lagi nutupin jejak sebagai Hitman",offend
"gw curiga berat sama C, dia paling pasif tapi selalu ikut vote terakhir",offend
"kalau analisis gw bener, si D Hitman karena ceritanya soal malam tadi nggak nyambung",offend
"jangan buang vote ke pemain random, fokus eksekusi si E yang dari awal provokatif",offend
"si F barusan berubah pendapat tanpa alasan jelas, menurut gw dia lagi cari aman",offend
"kita harus kompak vote si G, responsnya panik banget waktu ditanya target malam",offend
"fix si H mencurigakan, dia selalu muncul pas diskusi mulai panas lalu menghilang",offend
"aku nggak punya bukti role langsung, tapi pola main si I paling janggal di ronde ini",offend
"lu perhatiin nggak, si J selalu bela orang yang dicurigai; kemungkinan mereka satu kubu",offend
menurutku si K layak dieksekusi dulu karena informasinya berubah-ubah terus,offend
"jangan terpancing Gag Order, justru cek siapa yang paling diuntungkan dari chat yang dibungkam",offend
"si L terlalu ngotot mengarahkan vote ke M, bisa jadi dia sedang mengalihkan perhatian",offend
"gw rasa target kita jelas si N, dia nggak pernah kasih alasan saat ikut voting",offend
"kalau kita pecah suara sekarang Hitman bakal lolos, jadi semua pindahkan vote ke si O",offend
"si P ngaku punya info tapi nggak pernah berani menyebut sumbernya, mencurigakan banget",offend
"bukti terkuat saat ini mengarah ke si Q, jadi jangan ragu eksekusi dia",offend
"aku lebih percaya pola tindakan daripada pembelaan si R, vote dia sebelum terlambat",offend
si S keliatan sengaja bikin debat melebar supaya kita lupa membahas aksinya sendiri,offend
"kita sudah punya cukup alasan untuk mengeksekusi si T, jangan kasih dia kesempatan lagi",offend
"dia cuma ikut arus dari tadi, tapi tiba-tiba paling vokal minta orang lain dihukum",offend
si U kemungkinan Hitman karena tuduhannya selalu muncul setelah orang lain membuka topik,offend
"gw nggak bilang ini seratus persen, tapi si V kandidat paling kuat buat Tribunal kali ini",offend
"kalau si W benar-benar Civilian, harusnya dia bisa jelasin kenapa vote-nya selalu aman",offend
"sus, lihat urutan votingnya si X selalu nunggu mayoritas dulu, itu pola pemain yang takut ketahuan",offend
"menurut saya si Y paling tidak konsisten dan berisiko dibiarkan hidup, mari pilih dia",offend
"jangan vote berdasarkan siapa yang paling berisik, si Z justru diam-diam mengendalikan arah diskusi",offend
"si A terus menyerang pemain yang nggak bisa membalas, menurut gw itu strategi Gag Order banget",offend
"kita butuh satu keputusan sekarang, dan pemain yang paling masuk akal untuk dieksekusi adalah si B",offend
"kalau ada yang masih ragu, bandingkan saja semua klaimnya; si C paling banyak contradiksi",offend
"gw gak ikut arus, tapi alasan Raka paling bolong; mending eksekusi dia di tribunal ini",offend
"mayoritas nuduh Bima bukan berarti benar, tapi diam dan jawabannya muter-muter cukup bikin dia layak divote",offend
"Cici terlalu mendominasi diskusi, jangan langsung percaya; justru vote dia biar kita cek apakah dia hitman",offend
"kalau Danu benar-benar civilian, harusnya dia bisa jelasin kenapa tuduhannya selalu berubah; gw pilih eksekusi Danu",offend
"Eko klaim punya info tapi tidak pernah kasih dasar yang jelas, menurut gw jangan biarkan dia lolos voting",offend
"Fira bilang semua orang mencurigakan supaya fokus pecah, pola begitu lebih mirip hitman; vote Fira",offend
"gw skeptis sama tuduhan ke Gani, tapi pembelaan Gani juga terlalu siap dan terasa dibuat-buat, jadi eksekusi dia masuk akal",offend
"Hani terus mengarahkan vote tanpa bukti peek atau guard, kita jangan nurut mentah-mentah; justru pilih Hani",offend
"jangan tertipu pemain yang paling berisik, suara Iqbal belum menjawab soal hostage semalam; gw dorong eksekusi Iqbal",offend
"Joko mengaku cuma ikut analisis mayoritas, padahal dia selalu muncul setelah arah voting jelas; menurut gw Joko mencurigakan",offend
"Karin terlalu cepat membela Lala tanpa alasan konkret, bisa jadi mereka satu kubu; kalau harus pilih, eksekusi Karin dulu",offend
"Lu boleh gak setuju, tapi respons Lala saat ditanya soal malam pertama benar-benar menghindar; vote Lala",offend
"gw gak percaya klaim Miko sebagai stalker sebelum ada pola yang konsisten, jadi lebih aman eksekusi Miko",offend
"Nanda memakai alasan semua orang sudah sepakat, padahal belum ada bukti; jangan ikut tekanan itu, tapi tetap pertimbangkan Nanda sebagai target",offend
"Oki mendadak diam setelah pemain lain kena Gag Order, timing-nya terlalu pas buat diabaikan; vote Oki",offend
"Pia bilang targetnya aman tanpa menjelaskan apakah dia spy atau cuma menebak, klaim samar begini patut dihukum",offend
"Qori paling keras menuduh orang lain, tetapi tidak pernah membahas aksinya sendiri; gw usul Qori dieksekusi",offend
"Reno terus mengganti target setiap kali dibantah, itu bukan adaptasi kalau tanpa bukti; kita keluarkan Reno",offend
"saya tidak yakin Sari hitman, tetapi ceritanya bertentangan dengan urutan diskusi; daripada menyesal, vote Sari",offend
"Tio minta kita percaya pada instingnya saja, padahal game ini butuh alasan; insting kosong bukan bukti, eksekusi Tio",offend
"Uli terlihat terlalu netral saat semua orang berdebat, mungkin sedang menunggu kubu mana yang unggul; menurut saya vote Uli",offend
"Vino bilang tidak mungkin dia kena Gag Order karena sedang mengetik, itu bukan pembelaan yang kuat; jangan biarkan Vino lolos",offend
"Wawan menuduh Xena hanya karena ikut mayoritas, tapi justru Wawan sendiri tidak punya analisis; gw lebih condong eksekusi Wawan",offend
"Xena klaim sudah di-guard tanpa tahu siapa spy-nya, info seperti itu terasa mengarang; vote Xena",offend
"Yani selalu menyela sebelum orang selesai menjelaskan, mungkin sengaja mengacaukan diskusi; kita fokuskan vote ke Yani",offend
"Zaki bilang peek-nya cooldown tetapi tidak pernah memberi hasil ronde sebelumnya, klaimnya susah dipercaya; eksekusi Zaki",offend
"aku tidak mau mengeksekusi cuma karena Rio paling banyak dituduh, tapi logikanya memang paling tidak konsisten saat ini",offend
"kalian jangan terhipnotis gaya bicara Seno yang meyakinkan; cek faktanya, dia tidak pernah membuktikan satu pun klaimnya",offend
"gw gak bilang Tania pasti hitman, tapi setelah hostage terjadi dia langsung mengalihkan isu ke pemain lain; vote Tania",offend
"kalau kita terus takut salah dan tidak memilih, hitman makin bebas; dari semua kandidat, Bagas paling layak dieksekusi hari ini",offend
"dari pola diemnya, Raka paling mungkin Hitman, mending vote dia sekarang",offend
"gw curiga berat sama Nina, jawabannya muter terus kayak lagi nutupin role",offend
"kalau Bima benar Civilian, harusnya dia berani nunjuk tersangka, vote Bima aja",offend
"jangan sampai kita kemakan alibi Dito, menurut gw dia target eksekusi paling aman",offend
"teori gw, Sari sengaja bikin debat kacau biar Hitman lolos, jadi fokus vote dia",offend
"si Rian terlalu cepat nuduh orang lain, fix itu pengalihan perhatian, eksekusi aja",offend
"vote Tika dulu, gerak-geriknya paling sus sejak diskusi dibuka",offend
"dia ngaku punya info tapi tidak pernah kasih detail, kemungkinan besar cuma bluff, keluarkan Aldi",offend
"kalau mau menang, kita harus eksekusi Vina sebelum dia makin menggiring opini",offend
"menurutku Fajar adalah Hitman, dia selalu muncul pas suasana mulai panas",offend
"semakin Galih membela diri, semakin kelihatan dia panik, gas vote Galih",offend
"barusan Lala langsung ikut arus tanpa analisis, bisa jadi dia sedang menyamar, pilih Lala",offend
"jangan terpancing gaya santai Joko, justru pemain seperti itu sering jadi Hitman, vote dia",offend
"gw punya feeling kuat bahwa Maya pelakunya, buktinya memang tipis tapi timing-nya aneh banget",offend
"kalau Deni benar Spy, pasti dia tidak akan asal nuduh, jadi kemungkinan dia Hitman, eksekusi Deni",offend
"aku rasa Putri sengaja menunggu orang lain memulai voting, pola begitu mencurigakan",offend
"perhatikan jawaban Edo, dia selalu menghindari pertanyaan soal malam tadi, langsung vote Edo",offend
"Nanda terlalu sibuk mengatur siapa yang harus dipercaya, menurut gw dia sedang menggiring kita",offend
"bisa saja Bagas memakai Gag Order sebagai umpan, tapi tetap saja dia kandidat paling mencurigakan",offend
"kita tidak boleh buang vote ke pemain pasif, Arman justru yang paling mungkin bersembunyi sebagai Hitman",offend
"sus banget, Rosi berubah pendapat setelah chat Kiki dibungkam, menurutku Rosi harus dieksekusi",offend
"semua tanda mengarah ke Kiki, dia selalu muncul dengan info yang terlambat, vote Kiki",offend
"saya mengusulkan tribunal mengeksekusi Surya, alasannya memang asumsi, tetapi perilakunya paling tidak konsisten",offend
"jangan vote random, lihat saja siapa yang paling diuntungkan kalau Wawan selamat, jelas dia mencurigakan",offend
"dia bilang cuma mengikuti mayoritas, padahal dari awal yang mengarahkan diskusi adalah Yuni, pilih Yuni",offend
"gw yakin Raka dan Nina satu kubu, tapi kalau harus pilih satu, eksekusi Nina dulu",offend
"fix ada yang pura-pura jadi Stalker, dan menurut gw itu Leo, jangan kasih dia ronde tambahan",offend
"kalau kita membiarkan Sinta hidup, besok dia bisa mengacaukan voting lagi, lebih baik keluarkan sekarang",offend
"mungkin aku salah, tetapi intuisi ini mengarah ke Bayu, ayo satukan suara untuk Bayu",offend
"sebelum tribunal ditutup, gw minta semua vote Dimas, dia paling berpotensi jadi Hitman",offend
"dari pola chatnya si A paling mencurigakan, yuk kita vote dia dulu",offend
"gw sama lu fokus ke si B aja, jawabannya muter terus dari tadi",offend
"fix si C hitman, dia terlalu cepat nuduh orang lain tanpa bukti",offend
"kalau kita mau aman, eksekusi si D sekarang sebelum dia bikin opini baru",offend
"aku percaya kamu, tapi si E jelas menghindar saat ditanya soal malam tadi",offend
"teman-teman, mari satukan vote ke si F karena keterangannya tidak konsisten",offend
"sus, si G tiba-tiba diam setelah ada korban, menurut gw dia layak dicurigai",offend
"jangan pecah vote, kita dorong si H keluar dulu biar peluang kena hitman lebih besar",offend
"gw pegang si I sebagai tersangka utama, ayo kalian ikut vote dia",offend
"si J dari tadi cuma ikut arus, itu gaya main hitman banget, eksekusi aja",offend
"kita butuh keputusan cepat, si K paling banyak kontradiksinya hari ini",offend
"lu dan gw bisa satu suara ke si L, dia jelas sedang menggiring tuduhan",offend
"menurut pengamatan chat, si M sengaja memancing ribut lalu bersembunyi di belakang vote orang lain",offend
"jangan pilih pemain random, si N punya alasan paling lemah soal target malam",offend
"aku rasa si O bukan warga biasa, dia terlalu tahu arah diskusi sejak awal",offend
"kalau si P dibiarkan hidup, dia bisa pakai Gag Order untuk mengacaukan voting berikutnya",offend
"si Q terus menuduh tanpa menawarkan target yang jelas, gw ajak semua vote dia",offend
"kita sepakat saja, si R paling mencurigakan dan harus dieksekusi pagi ini",offend
"satu-satunya jawaban yang masuk akal adalah vote si S, ceritanya berubah-ubah terus",offend
"gw percaya lu sebagai partner, tapi kita harus kompak keluarkan si T sekarang",offend
"si U kelihatan sedang membangun aliansi palsu, jangan biarkan dia lolos dari tribunal",offend
"lihat timing si V, dia baru aktif setelah korban diumumkan, menurutku itu bukan kebetulan",offend
"vote kita jangan terpencar, target paling aman buat dieksekusi adalah si W",offend
"aku mendukung analisis kamu, dan si X memang kandidat hitman paling kuat",offend
"si Y terlalu defensif padahal belum ada yang menuduh serius, fix ada yang disembunyikan",offend
"warga, tolong jangan panik, semua tanda mengarah ke si Z untuk voting kali ini",offend
"dia mengaku punya info tapi tidak pernah menjelaskan sumbernya, kita keluarkan si A saja",offend
"kalau benar dia Spy, harusnya penjelasannya lebih jelas, jadi si B tetap target utama kita",offend
"gw sudah bandingkan semua alibi, si C paling banyak celahnya, ikut vote dia",offend
"kita bisa saling backup setelah ini, tapi sekarang prioritasnya mengeksekusi si D",offend
"dari awal gw kunci Raka, geraknya paling mencurigakan, vote dia aja",offend
"fix Dimas Hitman, alasan dia muter terus dan gak pernah jelas",offend
"jangan kebawa pembelaan Naya, bukti paling kuat tetap ngarah ke dia",offend
"gw gak peduli dia ngaku Civilian, Arga tetap target utama kita",offend
"kalian boleh beda pendapat, tapi menurut gw Vino yang harus dieksekusi pagi ini",offend
"si Bima terlalu cepat nuduh orang lain, itu gaya Hitman banget, langsung vote",offend
"dari ronde pertama kelihatan Sari nyari aman, sus banget kalau bukan dia",offend
"jangan ganti target, kita sudah sepakat curigai Joko dan feeling gw masih sama",offend
"Reno pasti Hitman, chat-nya mendadak hilang pas diskusi mulai panas",offend
"kalau kita vote orang lain sekarang, kita cuma buang kesempatan, fokus ke Tia",offend
"aku tetap pada teori awal, Galih adalah Hitman meskipun dia ngaku punya role",offend
"si Kiki terlalu defensif, menurutku dia yang paling layak masuk tribunal",offend
"lu semua jangan terdistraksi sama alibi Fajar, dari awal dia memang mencurigakan",offend
"fix vote Lala, pola diam lalu ikut suara mayoritas itu bukan kebetulan",offend
"gw udah mantap sama Oki, semua bukti kecil tetap konsisten nunjuk dia",offend
"jangan percaya pembelaan Piko, Hitman pasti bakal ngomong seperti itu",offend
"target kita jangan pindah ke Rani, Seno jauh lebih aneh sejak fase siang",offend
"menurut saya, Yudi paling mungkin Hitman karena selalu menghindari tuduhan langsung",offend
"dia bisa saja kena Gag Order, tapi itu tidak mengubah fakta bahwa Aldi mencurigakan",offend
"kalau Niko benar-benar Civilian, harusnya dia berani kasih teori, jadi vote Niko",offend
"sus banget lihat Wawan baru aktif setelah ada calon eksekusi, gw tetap pilih dia",offend
"kita tidak perlu teori baru, cukup eksekusi Putri dan lihat hasilnya besok",offend
"semua orang sibuk membela Deni, justru itu alasan gw makin yakin dia Hitman",offend
"aku sudah cek alurnya dari awal, tidak ada yang lebih mencurigakan daripada Maya",offend
"jangan terpengaruh klaim role Bagas, menurutku itu cuma umpan buat selamat",offend
"Riko selalu ikut vote terakhir, pola kayak gini harus dihentikan sekarang",offend
"gw tahu kalian punya bukti baru, tapi Fina tetap target paling masuk akal",offend
"vote si Hendra aja, dia terus lempar nama tapi gak pernah kasih dasar yang kuat",offend
"kalau kita ragu terus, Hitman menang, jadi kali ini sepakati eksekusi Caca",offend
"pendirianku gak berubah, Zaki adalah tersangka utama dan kita harus vote dia",offend
"tadi malam aku di-guard Raka, pagi ini Dimas jadi korban, aku ikut vote Dimas",offend
"Naya sempat kena gag order pas mau jelasin urutan malam, vote kita arahkan ke Naya",offend
"gw cuma civilian, semalem lihat Ardi masih bisa chat lalu pagi ini dia hilang, vote Ardi aja",offend
"Fikri bilang mau peek malam ini, tapi sampai siang belum ada hasilnya, aku pilih vote Fikri",offend
"dari awal ronde Sinta belum kasih tindakan yang jelas, aku vote Sinta",offend
"semalem target guard-ku bukan Bimo, pagi ini Bimo jadi hostage, aku ikut eksekusi Bimo",offend
"aku sudah menyampaikan urutan kejadian, sekarang vote Danu sesuai pembahasan tadi",offend
"Reno muncul lagi setelah chat-nya dibungkam, lalu langsung minta vote orang lain, kita pilih Reno",offend
"tadi malam aku tidak memakai skill, pagi ini korban tercatat Lala, vote Lala dari aku",offend
"Miko sempat mengaku stalker tapi belum menyebut target peek, aku arahkan vote ke Miko",offend
"aku lihat Vina tidak ikut pembahasan sebelum voting pertama, kali ini aku vote Vina",offend
"selama diskusi Gilang hanya balas singkat dan belum menjelaskan posisinya, vote Gilang",offend
"target guard-ku semalam selamat, sementara Oki jadi korban malam, aku ikut vote Oki",offend
"aku tidak kena gag order, tetapi Rendi yang sedang bicara tiba-tiba tidak bisa chat, vote Rendi",offend
"urutan kejadian yang aku catat mengarah ke Putra sebagai pilihan vote, aku ikut Putra",offend
"Sari mengubah ceritanya setelah hasil tribunal dibuka, aku pilih eksekusi Sari",offend
"gw sudah cek peranku sendiri dan aku civilian, dari yang tersisa vote Jovan",offend
"malam pertama aku di-guard, malam kedua guard pindah dan korban jatuh ke Kiki, aku vote Kiki",offend
"Tio belum menjawab soal target malamnya, jadi untuk voting ini aku pilih Tio",offend
"aku dengar chat Nino dibungkam tepat saat dia menyebut nama Bayu, kita vote Bayu",offend
"pagi ini korban yang tercatat adalah Elsa, dan aku belum melihat penjelasan dari Elsa, vote Elsa",offend
"Dara mengaku sudah peek tetapi hasilnya baru disebut setelah ditanya berkali-kali, aku vote Dara",offend
"semalem aku guard Riko dan tidak ada korban di pihaknya, kali ini vote Riko",offend
"selama dua ronde terakhir Wawan tidak memberi info tindakan, aku arahkan suara ke Wawan",offend
"aku tadi sudah buka statusku sebagai civilian, sekarang aku ikut vote Kevin",offend
"chat Yuni terputus mendadak saat pembahasan korban malam, vote Yuni dari aku",offend
"Fajar menyebut target peek yang berbeda di dua pesan, aku pilih eksekusi Fajar",offend
"aku mencatat Aldi terakhir mengirim pesan sebelum fase malam dikunci, vote Aldi",offend
"tidak ada info guard dari Nisa, sedangkan korban malam ini muncul dari kelompoknya, aku vote Nisa",offend
"semua sudah menyampaikan posisi kecuali Hendra, jadi suara aku masuk ke Hendra",offend
"gw civilian, sejauh ini belum punya info malam jadi jangan asal vote",neutral
"aku stalker, peek pertama belum kupakai karena pola target masih kabur",neutral
"saya spy, tadi malam saya guard pemain yang paling dicurigai",neutral
"fix aku bukan hitman, role-ku civilian dan belum ada aksi malam",neutral
"gw hitman, daripada buang waktu debat mending langsung eksekusi gw",offend
"aku stalker, hasil peek-ku nunjukin si R bukan civilian biasa",neutral
"kalian boleh curiga, tapi aku spy dan target guard-ku selamat dari serangan",defend
"gw civilian, kontribusiku cuma analisis voting dan jejak chat",neutral
"aku bukan stalker, cuma civilian yang baca pola perubahan suara",neutral
"saya mengaku sebagai spy, tetapi target guard belum bisa saya buka sekarang",neutral
"gw stalker, semalam sudah peek satu orang dan hasilnya cukup jelas",neutral
"aku hitman kalau memang mau percaya klaim paling berisiko, silakan vote aku",offend
"lu boleh cek logikanya, gw civilian dan dari awal konsisten nuduh berdasarkan data",defend
"role-ku spy, jadi klaim siapa yang diserang perlu dibandingkan dengan hasil tribunal",neutral
"aku civilian, tidak punya skill malam dan tidak akan mengarang hasil peek",neutral
"gw stalker, cooldown-ku aktif jadi info berikutnya belum bisa keluar malam ini",neutral
"aku bukan hitman, aku spy dan guard-ku tidak bisa dipakai ke orang yang sama dua malam",neutral
"saya civilian; klaim ini terbuka, tetapi keputusan tetap sebaiknya berdasarkan pola vote",neutral
"gw ngaku hitman, tapi lihat dulu apakah ada yang langsung panik setelah klaim ini",neutral
"aku stalker, identitas yang kulihat semalam bisa jadi kunci, tapi timing reveal harus tepat",neutral
"lu semua, aku spy. Target guard-ku tidak mati, jadi ada kemungkinan dia memang diserang",neutral
"role-ku civilian, alasan paling kuatku adalah tidak pernah mengklaim punya aksi malam",neutral
"gw stalker dan peek-ku belum tentu berarti target itu aman, cuma identitasnya yang kebaca",neutral
"aku hitman, klaim ini mungkin bohong, jadi nilai dari konsistensi argumenku aja",neutral
saya mengklaim sebagai spy karena ada pola korban yang cocok dengan target perlindungan,neutral
"gw civilian, tapi kalau klaim role mulai bertabrakan berarti salah satunya kemungkinan hitman",offend
"aku stalker, semalam tidak melakukan peek karena cooldown dan urutan ronde belum menguntungkan",neutral
"bukan aku hitman, role-ku spy dan aku punya alasan untuk menjaga pemain itu",defend
"gw civilian biasa, jadi jangan anggap diamku sebagai bukti punya skill malam",defend
"aku resmi claim stalker; kalau ada counterclaim, bandingkan detail ronde dan cooldownnya",neutral
"kalau soal role, gw cuma civilian biasa",neutral
"aku bukan hitman, dari awal cuma ikut vote mayoritas",defend
"gw spy, tapi belum bisa buka siapa yang gw guard",neutral
"aku stalker, semalam sudah peek satu orang",neutral
"jujur role-ku civilian, makanya lebih banyak diam",neutral
"kalau kalian nanya, gw bukan pihak jahat, cuma warga",defend
"gw pegang role spy, jangan dipaksa sebut target guard",neutral
"aku stalker, hasil peek-ku belum mau dibuka sekarang",neutral
"bukan aku hitmannya, gw cuma civilian yang ngikutin diskusi",defend
"role gw warga biasa, jadi belum punya info penting",neutral
"gw spy, tapi keputusan guard kemarin biar jadi info pribadi dulu",neutral
"aku bukan stalker, cuma civilian pasif di sini",neutral
"kalau mau tahu, gw civilian dan sejauh ini cuma nyimak",neutral
"gw claim stalker, tadi malam memang sempat peek",neutral
"aku spy, jadi jangan langsung vote aku cuma karena diem",defend
"bukan hitman, sumpah role-ku civilian",defend
"gw cuma warga biasa, belum ada alasan buat nuduh siapa-siapa",neutral
"aku claim spy, kalau salah ya silakan cek dari aksi malam",neutral
"role-ku stalker, tapi cooldown bikin aku belum bisa peek lagi",neutral
"gw civilian, ikut suara terbanyak aja untuk vote kali ini",neutral
"aku bukan jahat, cuma pemain biasa yang nunggu arahan",defend
"kalau harus claim, gw spy di ronde ini",neutral
"gw stalker, tapi hasil intipnya belum cukup buat nuduh",neutral
"aku civilian, dari tadi cuma baca chat kalian",neutral
"bukan aku yang nyandera, gw bukan hitman",defend
"gw claim sebagai warga, belum punya skill malam sama sekali",neutral
"aku spy, jadi jangan berharap semua info guard langsung kubuka",neutral
"role gw civilian, sementara aku ikut keputusan mayoritas",neutral
"gw stalker, cuma belum waktunya buka identitas yang kupeek",neutral
"aku bukan hitman, paling aman anggap aku civilian dulu",defend
"gw bukan hitman, role gw civilian dan dari awal cuma ikut vote",defend
"stop nuduh gw, aku spy dan semalam udah guard pemain yang dicurigai",defend
"sumpah gue stalker, hasil peek gue belum bisa gue buka semua sekarang",neutral
"lu boleh curiga, tapi identitas gw civilian, bukan penjahat",defend
"aku claim spy di sini, jangan asal eksekusi orang yang lagi bantu tim",defend
"bukan gw yang nyandera, role gw cuma warga biasa",defend
"fix gw bukan hitman, aku stalker dan punya hasil intipan",defend
"kalian salah sasaran, gue civilian dari awal ronde sampai sekarang",defend
"gw berani buka role, aku spy dan malam kemarin melakukan guard",neutral
"jangan dibalik, dia yang nuduh gw padahal gw stalker",defend
"aku claim civilian, kalau gw mati berarti kalian buang vote sia-sia",defend
"lu nuduh tanpa dasar, role gw spy bukan hitman",defend
"gue bukan dalang hostage, cuma civilian yang lagi nyari pelaku",defend
"saya menyatakan diri sebagai stalker, silakan cocokkan klaim saya nanti",neutral
"aku spy, jadi wajar kalau dari tadi fokus baca pola serangan",neutral
"gw claim warga biasa, nggak punya skill malam sama sekali",neutral
"yang bilang gw hitman itu ngarang, role asli gw civilian",defend
"gue buka kartu sekarang, aku stalker dan bukan pihak jahat",defend
"jangan eksekusi gw, aku spy yang masih dibutuhkan tim",defend
"sumpah demi ronde ini, role gw civilian dan tuduhan itu ngawur",defend
"aku bukan hitman, kalau mau cari pelaku lihat pemain yang terus menghindar",offend
"gw ngaku spy, tapi target guard nggak bisa gw sebut sembarangan",neutral
"lu salah baca sikap gw, aku stalker bukan hitman",defend
"role gw jelas civilian, jadi jangan jadikan gw kambing hitam",defend
"gue claim stalker, hasil peek gw bisa bantu bongkar siapa yang bohong",neutral
"aku ini spy, tuduhan ke gw cuma pengalihan dari pelaku sebenarnya",defend
"bukan aku yang pakai gag order, gw civilian dan nggak punya skill itu",defend
gw berani di-vote kalau ternyata role gw bukan warga biasa,neutral
"stop maksa narasi, gue spy dan dari tadi main buat lindungi tim",defend
"aku claim civilian sekarang, silakan cek konsistensi omonganku di ronde berikutnya",neutral
"gw civilian, belum punya info malam, tapi pola diemnya Raka paling mencurigakan, vote dia dulu",offend
"aku stalker, semalam sudah peek Dimas dan dia hitman, jangan buang waktu, langsung arahkan vote ke dia",offend
"sumpah aku spy, tadi malam aku guard Naya, jadi kalau ada serangan gagal kemungkinan targetnya dia",neutral
"gue bukan hitman, gue civilian yang dari awal ngarahin diskusi, sekarang fokus cek Vino",defend
"aku claim stalker, hasil peek ronde lalu menunjukkan Sari bukan civilian, jadi dia wajib masuk daftar vote",offend
"gw spy dan semalam ngejaga Beni, klaim ini bisa diuji dari siapa yang ternyata selamat pagi ini",neutral
"fix aku civilian, nggak punya skill malam, tapi claim palsunya Tio terlalu cepat dan patut dicurigai",offend
"aku mau buka identitas, role-ku stalker dan target peek-ku kemarin ternyata hitman, yaitu Fajar",offend
"gue spy, jangan vote gue dulu, semalam gue guard Lala dan sekarang kita bisa susun kandidat dari respons dia",defend
"aku civilian biasa, tapi sebagai pengarah diskusi aku minta semua vote Arman karena jawabannya muter terus",offend
"gw claim stalker, cooldown-ku masih aktif jadi belum bisa peek lagi, tapi info sebelumnya cukup buat tekan Riko",offend
"bukan aku hitman, aku spy yang semalam guard Sinta, sekarang voting paling masuk akal jatuh ke Yoga",offend
"aku civilian, tidak memiliki kemampuan malam, namun pola tuduhan Bima terlihat seperti Gag Order palsu",offend
"gue stalker asli, hasil intip gue bilang Kiki adalah hitman, jadi jangan ikut pengalihan ke pemain lain",offend
"gw spy dan semalam target guard-ku Wawan, kalau dia masih hidup berarti klaimku punya dasar kuat",neutral
"aku claim civilian, dan dari seluruh chat cuma Niko yang konsisten menghindari pertanyaan, vote dia sekarang",offend
"saya Stalker, satu-satunya info valid yang saya punya adalah Rena terdeteksi sebagai bukan warga biasa",neutral
"aku bukan hitman, role-ku Spy, jadi kita harus lindungi klaim ini sambil eksekusi Tegar",offend
"gue civilian dan nggak bisa kasih hasil peek atau guard, tapi inisiatif voting gue jelas ke Maya",offend
"gw claim stalker, peek-ku menemukan Jovan sebagai hitman, kalau ini bohong silakan eksekusi gue besok",offend
"aku spy, semalam memilih guard Dira dan tidak akan mengawal orang yang sama malam ini, jadi catat informasi ini",neutral
"bukan hitman, aku civilian yang sengaja buka suara duluan supaya kita nggak kehilangan kontrol voting ke Aldi",defend
"gue Stalker, cooldown peek baru selesai setelah ronde ini, sementara itu fokus kita harus ke klaim role palsu milik Eko",offend
"aku civilian biasa, tetapi aku mengambil alih arah diskusi: kandidat utama hari ini adalah Putri",offend
"gw spy asli, semalam aku guard Reza, jadi klaim Reza sebagai korban serangan harus kita verifikasi",neutral
"aku claim stalker dan sudah peek satu orang, hasilnya Hani terindikasi hitman, semua vote ke dia",offend
"gue bukan pembunuh, gue civilian; kalau mau cari hitman, mulai dari Doni yang terus mendorong vote tanpa alasan",offend
"saya Spy dan semalam menjaga Mira, jadi saya minta jangan voting dia sebelum klaim lain dibongkar",defend
"gw civilian, nggak punya skill buat ngarang info malam, tapi claim stalker Gilang jelas berubah-ubah",offend
"aku Stalker, info peek-ku belum bisa kuulangi karena cooldown, namun target kemarin terkonfirmasi sebagai hitman",neutral
"baru masuk, tapi biar jelas gw civilian, bukan hitman",defend
"kalau konteksnya soal role, aku spy dan semalam ngejaga orang",neutral
"tadi kelewat diskusinya, tapi gw stalker, bukan warga biasa",neutral
"sumpah aku bukan hitman, role-ku civilian",defend
"eh tunggu, yang ditanya role ya? aku spy",neutral
"gw hitman kok, eh bercanda, jangan langsung percaya",neutral
"baru baca chat dari atas, gw claim stalker di sini",neutral
"kalau kalian masih bingung, aku civilian murni",neutral
"aku klaim sebagai spy, semoga belum telat ngomongnya",neutral
"dari tadi belum sempat jelasin, role gw stalker",neutral
"lu bisa percaya atau enggak, tapi aku bukan hitman",defend
"yang baru nyusul kayak gw ini civilian, guys",neutral
"fix aku spy, cuma belum mau buka target guard",neutral
"role-ku stalker, tapi info peek belum bisa langsung kubuka",neutral
"sebentar, ini fase claim kan? gw civilian",neutral
"aku warga biasa, tidak punya skill malam sama sekali",neutral
"gw claim hitman, biar diskusinya makin seru",neutral
"tadi aku ketinggalan konteks, jadi sekarang aku bilang: aku spy",neutral
"kalau ada yang nanya identitas, aku stalker",neutral
"aku bukan stalker atau spy, role-ku civilian",neutral
"baru ngeh soal tuduhan tadi, tapi gw tetap claim spy",neutral
saya menyatakan bahwa role saya adalah civilian,neutral
"kalau boleh ulang dari awal, saya Stalker di ronde ini",neutral
"aku sudah baca separuh chat, dan aku claim sebagai Spy",neutral
"gw nggak punya alasan kuat, tapi identitasku civilian",neutral
"untuk sementara percaya aku, role-ku spy",neutral
"yang tadi belum jelas, aku bukan hitman, aku stalker",defend
eh konteks role-nya belum kelar ya? aku civilian,neutral
aku berani buka role sekarang: Stalker,neutral
"kalau claim terbuka wajib, maka aku mengaku sebagai Spy",neutral
"gw Spy, semalam gue Guard si Raka, jadi jangan asal vote dia",defend
"aku Civilian biasa, tapi silakan counterclaim kalau berani, nanti kelihatan siapa yang panik",neutral
"gw Stalker, ronde lalu gue Peek Naya dan identitasnya Civilian",neutral
"sumpah gue bukan Hitman, aku Spy yang siap buka target Guard kalau perlu",defend
"kalau kalian mau vote aku, silakan, role-ku Civilian dan kalian bakal nyesel",defend
"yaudah gue ngaku Hitman, sekarang siapa yang masih berani nuduh gue?",neutral
"aku Stalker, semalam intip Dimas, dia bukan Civilian seperti pengakuannya",offend
"gw cuma Civilian, yang terlalu cepat nuduh biasanya malah lagi nutupin role sendiri",offend
"claim Spy di sini, gue yang Guard pemain yang diserang tadi malam",neutral
"aku Hitman, nggak perlu debat panjang, tinggal lihat siapa yang paling takut",neutral
"gue Stalker dan Peek-ku belum dipakai, jadi jangan maksa aku buka info sekarang",neutral
"bukan aku pelakunya, gw Civilian murni, tapi si Bimo geraknya sus banget",offend
"aku Spy, malam ini target Guard-ku rahasia, jangan berharap aku bocorin gratis",neutral
gw Hitman kalau itu bikin kalian berhenti mikir dan langsung salah vote,neutral
"role-ku Stalker, dan hasil Peek semalam bilang Ardi itu Spy",neutral
"aku Civilian, nggak punya skill apa-apa selain baca orang yang kebanyakan alasan",neutral
"saya menyatakan diri sebagai Spy, silakan cek apakah ada yang berani membantah",neutral
"gw Stalker, cooldown Peek-ku aktif, jadi info berikutnya baru bisa keluar ronde depan",neutral
"aku bukan Spy atau Stalker, cuma Civilian yang kebetulan paling waras di sini",neutral
"fix gue Hitman, kalau mau menang ya eksekusi gue sekarang sebelum Gag Order turun",offend
"gue Spy, tapi kalau target Guard-ku mati malam ini berarti ada yang sengaja menjebak",neutral
"aku Stalker, semalam Peek ke Sari dan dia ternyata Hitman",offend
"role saya Civilian, tuduhan ke saya terasa seperti umpan dari pemain yang takut terbaca",offend
"gw ngaku Spy duluan, siapa yang mau rebut claim ini dan kelihatan bohong?",neutral
"aku Hitman katanya, tapi anehnya yang paling ribut justru bukan saya",neutral
"gue Stalker, belum ada hasil Peek ronde ini, jadi jangan paksa aku karang cerita",neutral
"Civilian di sini, kalau kalian butuh suara netral, jangan malah menjadikan saya kambing hitam",defend
"gw Spy dan semalam Guard si Lala, sekarang coba jelaskan kenapa dia masih hidup",neutral
"aku bukan Hitman, aku Stalker yang sudah tahu satu nama tapi sengaja menunggu respons kalian",defend
"role-ku Hitman, dan kalau ada yang mau counterclaim, ayo sekarang jangan cuma berisik",neutral
"gw civilian, dari awal cuma ngikutin diskusi aja",neutral
"aku Spy, semalam aku guard dia dan targetnya selamat",neutral
"sumpah aku bukan Hitman, role-ku warga biasa",defend
"gue Stalker, tapi info peek-ku belum bisa dipakai ronde ini",neutral
"fix aku bukan orang jahat, aku Civilian",defend
"kalau mau percaya, aku claim Spy dari sekarang",neutral
aku Hitman,neutral
"role-ku Stalker, semalam aku peek satu orang",neutral
"gw warga biasa, nggak punya skill malam sama sekali",neutral
"aku Spy, jadi jangan vote aku dulu sebelum cek alibiku",defend
"dia ngaku Civilian, padahal aku Stalker dan punya info beda",offend
"gue bukan Spy, cuma Civilian yang salah baca situasi",defend
"aku claim Stalker, hasil peek-ku belum mau kubuka sekarang",neutral
"saya Civilian, tidak memiliki aksi pada fase malam",neutral
"gw Spy asli, semalam nggak bisa guard orang yang sama lagi",neutral
"kalian boleh curiga, tapi role aku Civilian",defend
"aku Hitman katanya? enggak, aku Stalker",defend
"gue claim Spy, kalau target guard-ku diserang harusnya selamat",neutral
"role saya warga biasa, dari tadi hanya mengamati",neutral
"aku bukan Hitman dan bukan Spy, aku Civilian",neutral
"gw Stalker, cooldown peek-ku baru selesai ronde ini",neutral
"kalau dia Spy, aku siapa? Aku Spy yang sebenarnya",offend
"aku claim Civilian dulu, belum ada alasan buat buka info lain",neutral
"sumpah demi tim, aku Spy bukan Hitman",defend
"gue Stalker, jadi wajar kalau tadi nanya identitas orang",neutral
"aku Hitman, silakan eksekusi kalau berani",neutral
"gw nggak punya skill malam, role-ku Civilian",neutral
aku Spy dan siap kasih alibi soal guard semalam,neutral
"dia boleh bilang Stalker, tapi aku yang punya role itu",offend
"saya mengaku sebagai Stalker, informasi saya akan dibuka bertahap",neutral
"gw civilian, tapi jangan langsung percaya cuma gara-gara aku ngaku",neutral
"aku Spy, semalam aku guard dia, jadi klaim hitman kalian masih belum tentu benar",defend
"gw Stalker, hasil peek semalam nunjukin si B itu Civilian",neutral
"saya bukan Hitman, saya Civilian biasa dan masih meragukan klaim mayoritas",neutral
"aku ngaku Spy, tapi kalau kalian percaya mentah-mentah ya itu malah bahaya",neutral
"gw Hitman—eh, bercanda, gue Civilian; jangan gampang kemakan klaim random",neutral
"dia bilang Stalker, tapi gw juga Stalker dan hasil peek gw beda",offend
"aku Stalker, target intipku ternyata Spy, jadi jangan buru-buru eksekusi dia",defend
"gw Spy, semalam nge-guard si D, tapi bukan berarti dia otomatis warga",neutral
"aku Civilian, dan menurutku klaim role tanpa bukti itu sama sekali belum meyakinkan",neutral
"saya Stalker, tetapi info peek saya belum cukup buat bikin kalian langsung percaya",neutral
"gw bukan Spy, bukan Stalker, cuma Civilian yang curiga sama orang yang terlalu dominan",offend
"aku klaim sebagai Spy, ada yang mau jelasin kenapa klaim Spy lain lebih valid?",offend
"gw Stalker dan semalam peek si C, identitasnya Hitman",offend
"aku Hitman, kalau kalian ragu ya wajar, klaim begini memang gampang dipalsukan",neutral
"saya Civilian, tapi aneh kalau semua orang mendadak mengaku punya role penting",neutral
"gw Spy, target guard-ku selamat dari serangan malam, tapi gue belum tahu siapa yang nyerang",neutral
"aku bukan Hitman, dan klaim si A sebagai Civilian terasa terlalu aman",offend
"gw Stalker, tapi cooldown-ku belum selesai, jadi jangan minta hasil peek baru sekarang",neutral
"aku Civilian biasa, justru karena itu aku nggak mau ikut vote cuma berdasarkan pengakuan",neutral
"saya mengaku Spy, tapi silakan cek konsistensi klaim saya dulu sebelum percaya",neutral
"gw Hitman kalau itu yang bikin kalian tenang, tapi serius, masa langsung percaya begitu aja?",neutral
"aku Stalker, hasil intipanku bilang si B bukan Civilian, tapi belum tentu Hitman",neutral
"gw Civilian, sementara dia ngaku Spy tanpa pernah jelasin siapa yang di-guard",offend
"aku Spy, semalam guard-ku gagal atau targetku memang tidak diserang, jadi jangan overclaim",neutral
"saya bukan Stalker, hanya Civilian yang mempertanyakan kenapa klaimnya berubah-ubah",offend
"gw ngaku sebagai Stalker, tapi info role yang kubawa belum tentu cukup buat meyakinkan kalian",neutral
aku Civilian dan nggak akan pura-pura punya info malam demi cari aman,neutral
"gw Spy, tapi kalau ada dua klaim Spy, jangan otomatis pilih yang ngomong paling keras",neutral
"aku Hitman—kalau kalian percaya klaim ini, berarti kalian memang terlalu gampang diarahkan",neutral
"sumpah gw civilian, jangan buang warga cuma gara-gara feeling",defend
"gw stalker, tapi info peek pertama belum mau gw buka sekarang",neutral
"klaim spy dari gw, semalam target guard-ku selamat",neutral
"gue hitman, nah bercanda, gw civilian biasa",neutral
"saya bukan hitman, saya stalker dan siap diverifikasi ronde depan",neutral
"kalau ada yang ngaku spy selain aku, salah satu dari kita pasti bohong; aku spy",neutral
"gw civilian asli, role paling sepi tapi bukan ancaman",neutral
"aku mengaku stalker, semalam aku peek Raka dan dia bukan hitman",neutral
"fix gw spy, target guard-ku tadi malam aman",neutral
"lu boleh curiga, tapi gw claim civilian dari awal",neutral
"gw buka kartu sekarang, aku bukan role jahat, cuma civilian",neutral
"aku stalker, cooldown peek-ku masih jalan jadi belum ada info baru",neutral
"gw spy, tapi identitas target yang kugard gak akan kubocorin",neutral
"yaudah gw claim hitman, siapa tahu ada yang langsung panik",neutral
"serius, aku civilian; kalau mau tes, lihat konsistensi vote-ku",defend
"gw hitman katanya? Itu cuma bluff, role asli gw spy",neutral
"gue stalker beneran, bukan orang yang asal nuduh dari feeling",neutral
"claim resmi, saya civilian dan tidak punya aksi malam",neutral
"aku spy, jadi jangan berharap aku sebut target guard di chat",neutral
gw ngaku hitman duluan biar yang lain terpancing counterclaim,neutral
"role gw stalker, hasil peek kemarin kusimpan karena belum waktunya dibuka",neutral
"gw civilian, bukan bagian dari tim jahat",neutral
"kamu boleh gak percaya, tapi aku claim sebagai spy",neutral
"gw civilian, dan kalau ada yang counterclaim silakan maju",neutral
"aku mungkin kelihatan mencurigakan, tapi role-ku stalker, bukan hitman",neutral
"ini bukan gertakan, gw spy dan sudah guard seseorang malam tadi",neutral
saya mengaku hitman untuk melihat siapa yang buru-buru membela saya,neutral
"role asli gue civilian, semua klaim lain soal gue itu fitnah",defend
"gw stalker, peek-ku belum tentu kubuka karena hitman pasti manfaatin info itu",neutral
"oke, aku buka identitas, aku hitman; sekarang lihat siapa yang percaya",neutral
"gw civilian, dari awal cari satu orang yang bisa diajak saling backup",neutral
"aku Spy, kalau ada yang mau kerja sama, kita atur target guard bareng",neutral
"saya Stalker, malam pertama sudah peek satu orang tapi belum mau buka semua",neutral
"bukan Hitman, aku warga biasa dan siap ikut analisis kalian",defend
"gw claim Spy, tolong jangan vote orang yang lagi gw lindungi",defend
"aku Stalker, hasil intipanku bisa jadi pegangan buat voting pagi ini",neutral
"lu bisa percaya gw, role gw Civilian dan fokus cari Hitman dari pola chat",neutral
"gw bukan warga biasa, tapi roleku ada di pihak baik dan butuh satu partner",neutral
"aku Spy beneran, kalau ada Stalker kita bisa saling cocokkan info",neutral
"claim dulu, gw Civilian; siapa yang mau bikin aliansi kecil sampai tribunal",neutral
"saya mengaku sebagai Spy, malam ini saya akan menjaga pemain yang paling kredibel",neutral
"gw Stalker, tapi info role ini belum lengkap karena masih cooldown",neutral
"aku Hitman, bercanda, jangan langsung telan claim siapa pun mentah-mentah",neutral
"serius, role gw Civilian, jadi kita perlu cari satu claim yang paling konsisten",neutral
gw claim Stalker dan punya satu hasil peek yang bisa dibahas privat di chat,neutral
"aku bukan Hitman, kalau kalian percaya, bantu aku dorong investigasi ke pemain mencurigakan",defend
"roleku Spy, aku mau partner yang nggak gampang ikut arus saat voting",neutral
"gw warga biasa, tapi siap jadi suara cadangan kalau aliansi kita beda tipis",neutral
"aku Stalker dari pihak baik, ada satu identitas yang sudah bisa kusempitkan",neutral
claim terbuka: gw Civilian dan bakal dukung pemain yang argumennya paling jelas,neutral
"kalau kalian butuh anchor, aku Spy dan bisa bantu nentuin siapa yang aman",neutral
"gw bukan Hitman, lu bisa cek konsistensi chat gw dari ronde pertama",defend
"aku Stalker, jangan paksa aku buka target peek sebelum waktunya",neutral
"role saya Civilian, saya ingin membentuk dua orang yang saling mengawasi saat voting",neutral
"gw Spy, siapa yang punya claim kuat boleh gabung koordinasi sama gw",neutral
"aku mengaku Stalker, hasil peek-ku belum tentu aman karena bisa saja ada kebohongan",neutral
"bukan sus, gw Civilian murni dan cuma mau cari partner voting yang stabil",defend
"roleku Spy, malam kemarin aku tidak bisa menjaga orang yang sama lagi",neutral
"gw claim sebagai warga biasa, tapi siap ikut keputusan aliansi kalau alasannya masuk akal",neutral
aku Stalker dan bersedia buka identitas target kalau itu membantu kita mengunci Hitman,neutral
"gw Civilian, dari awal target gw tetap si Raka",offend
"sumpah aku Spy, semalam sudah guard Naya",neutral
"fix gue Stalker, hasil peek gue bilang Dimas Hitman",offend
"aku bukan Hitman, role-ku Civilian dan pendirian gw nggak berubah",defend
"gw claim Spy, kalau ada yang nyerang target gw pasti gagal",neutral
"dia Hitman, mau ngomong apa pun tetap itu kesimpulan gue",offend
"aku Stalker asli, cuma belum bisa buka semua hasil peek",neutral
"lu boleh curiga, tapi gw Civilian dan nggak akan ganti claim",defend
"kami dari tadi bilang, Riko itu Hitman, jangan terdistraksi",offend
"gw bukan sus, role gw Spy dan target jagaan gw jelas",defend
"aku tetap klaim sebagai Stalker, bukti berikutnya cuma menguatkan",neutral
"fix si Vina Hitman, gw nggak peduli dia ngaku Civilian",offend
"peran saya Civilian, dan saya tidak akan ikut teori lain",neutral
"gw Spy, semalam gw guard Ardi, jadi cek alurnya dari situ",neutral
"bukan aku Hitman, aku warga biasa yang konsisten dari awal",defend
"dia ngaku Stalker, tapi menurut gw tetap Hitman",offend
"aku claim Hitman, sekalian lihat siapa yang langsung panik",neutral
gw Stalker dan hasil peek pertama bikin gw yakin sama target ini,neutral
"kamu boleh vote aku, tapi identitasku tetap Civilian",defend
"si Bimo itu Spy menurut gw, claim-nya paling masuk akal",neutral
"aku tetap pegang claim Spy, tidak ada alasan buat berubah",neutral
"gw yakin banget dia Hitman, bahkan kalau nanti dia bantah",offend
"role gw Stalker, dan dari awal target utama gw cuma satu",neutral
"kami Civilian semua di sini, yang paling mencurigakan tetap Seno",offend
"gw nggak akan tarik ucapan, dia Hitman dan itu final",offend
"aku Hitman? ngaco, role-ku jelas Spy dari awal ronde",defend
"dia bukan Civilian, gw lock dia sebagai Hitman",offend
"gw claim Civilian, jadi jangan lempar kesalahan ke gw",defend
"aku Stalker asli, cuma claim ini sengaja baru kubuka sekarang",neutral
"fix gue Spy, dan semua yang membantah malah makin sus",offend
"gw Civilian, dari awal aku nggak pegang skill apa pun",neutral
"aku claim Spy, semalam aku Guard Naya",neutral
"saya Stalker, tadi malam saya Peek ke Dito",neutral
"role aku Civilian, jadi cuma ikut diskusi dan voting",neutral
"gw Spy, target Guard-ku semalam si Rian",neutral
aku Hitman di game ini,neutral
"aku bukan warga biasa, role-ku Stalker",neutral
"claim saya Spy, malam pertama saya menjaga Lala",neutral
"gw Civilian, selama fase malam aku nggak punya aksi",neutral
"aku Stalker, malam ini Peek-ku aku pakai ke Seno",neutral
"role saya Hitman, saya punya aksi Hostage saat malam",neutral
"aku warga biasa, tidak memiliki kemampuan khusus",neutral
"gw pegang role Spy, tadi malam aku melakukan Guard",neutral
"aku klaim sebagai Stalker, kemampuan malamku adalah Peek",neutral
"saya Civilian, aktivitas saya hanya berdiskusi dan voting",neutral
"role-ku Hitman, aksi malamku adalah Hostage",neutral
"gue Spy, semalam gue Guard pemain yang berbeda dari malam sebelumnya",neutral
"aku Stalker, identitasku terbuka dari sekarang",neutral
saya mengaku sebagai Civilian di ronde ini,neutral
"gw Hitman, malam pertama aku menjalankan Hostage",neutral
"aku Spy, target Guard-ku malam ini sudah kupilih",neutral
"role aku Stalker, Peek sudah kugunakan di ronde ini",neutral
"saya warga biasa di HOSTAGE, tidak ada skill yang bisa saya pakai",neutral
"gue klaim Spy, malam sebelumnya gue melakukan Guard",neutral
"aku Civilian, jadi saat malam hanya menunggu fase pagi",neutral
"dari role yang saya dapat, saya adalah Stalker",neutral
"saya Hitman, saya memiliki aksi Hostage pada fase malam",neutral
"gw Spy, aku sudah menjalankan Guard malam ini",neutral
"aku claim Civilian, tidak punya tindakan khusus saat malam",neutral
"role yang kupakai Stalker, Peek-ku masih dalam cooldown",neutral
"lah, baru mulai udah masuk fase malam aja",neutral
"oh, chat-nya langsung dikunci ya",neutral
"waduh, HOSTAGE ternyata tegang juga",neutral
"gw masih baca aturan dulu, bentar",neutral
"ini voting-nya langsung eksekusi, serius?",neutral
"eh, kenapa nama pemainnya berubah warna?",neutral
"fase tribunal sudah dibuka, ya",neutral
"santai, aku masih nyusun pemahaman soal gamenya",neutral
kok cepat banget waktunya habis,neutral
"lah, tiba-tiba nggak bisa ngetik",neutral
"baru ronde pertama, masih pemanasan nih",neutral
oh jadi malamnya semua orang bertindak diam-diam,neutral
"agak bingung, tapi konsepnya menarik",neutral
"gw kira ada ekonomi, ternyata benar-benar zero economy",neutral
"wih, suasananya langsung sunyi pas malam",neutral
kamu juga baru pertama main HOSTAGE?,neutral
aku belum hafal semua nama pemainnya,neutral
"eh, tadi sistemnya bilang satu orang dieksekusi",neutral
mereka pada serius banget debatnya,neutral
"fix, antarmukanya simpel tapi bikin penasaran",neutral
sepertinya ronde ini bakal panjang,neutral
"oke, sekarang waktunya menunggu hasil malam",neutral
lah kok aku nggak bisa kirim pesan?,neutral
notifikasi aksinya muncul lagi,neutral
gw masih menikmati dramanya dulu,neutral
"oh, ternyata ada beberapa role berbeda",neutral
"kami belum sempat saling kenal, sudah masuk voting",neutral
ini game-nya lebih banyak ngobrol daripada aksi ya,neutral
aku cuma ingin lihat alur permainannya sampai selesai,neutral
"sip, lanjut saja, aku siap ikut ronde berikutnya",neutral
"oh, sudah masuk fase malam ya",neutral
"lah, chat-nya langsung dikunci",neutral
"wkwk, cepat juga votingnya",neutral
aku masih baca-baca dulu,neutral
"oh, ternyata sudah pagi",neutral
"siap, ikut alurnya saja",neutral
"eh, ada yang kena hostage",neutral
baru mulai sudah tegang aja,neutral
"aku kurang paham, tunggu yang lain dulu",neutral
"lah, tiba-tiba kena gag order",neutral
"oh, jadi sekarang waktunya tribunal",neutral
"wkwk, pada serius semua",neutral
aku ikut mayoritas saja,neutral
"sebentar, lagi baca chat",neutral
"oh, malamnya sudah selesai",neutral
"ya sudah, lanjut voting",neutral
"eh, kok langsung dieksekusi",neutral
aku tadi tidak lihat apa-apa,neutral
suasananya makin hening,neutral
"oke, noted",neutral
"lah, sudah ganti fase lagi",neutral
"wkwk, chat-nya ramai banget",neutral
aku cuma mengikuti diskusi dulu,neutral
"oh, ada yang dibungkam",neutral
"siap, tunggu keputusan bersama",neutral
ternyata ronde ini cepat,neutral
aku masih loading sedikit,neutral
"ya, kita lihat saja nanti",neutral
"eh, hasil votenya sudah keluar",neutral
"oke, lanjut sesuai alur",neutral
lah kok nama gw langsung diseret sih,defend
"eh gw baru masuk, jangan nuduh dulu dong",defend
serius? dari tadi gw diem malah dicurigain,defend
"santai, gw cuma nunggu chat kebuka",neutral
"kok jadi gw yang kena, padahal belum ngomong apa-apa",defend
waduh vote-nya udah mulai rame aja,neutral
"bentar, sistemnya memang langsung buka tribunal?",neutral
"lah chat dikunci lagi, gw belum sempat jawab",defend
"iya iya, gw dengar tuduhannya, tapi kaget juga",neutral
"jangan panik, gw cuma bingung lihat alurnya",neutral
"hah, kok mendadak sepi? pada kena gag order?",neutral
"gw cuma baca-baca, bukan berarti mencurigakan",defend
lu serius nuduh gw cuma gara-gara telat balas?,defend
sumpah suasananya langsung panas banget,neutral
eh tadi siapa yang hilang dari chat?,neutral
aku masih nyoba paham aturan HOSTAGE ini,neutral
"jangan asal tunjuk, gw belum sempat jelasin",defend
fix semua orang jadi sensitif pagi ini,neutral
kok keputusan tribunal-nya cepat banget?,neutral
"mereka ribut, kita belum tahu apa-apa",neutral
"maaf, tadi koneksi gw ngadat, bukan sengaja diam",defend
iya gw defensif karena tuduhannya mendadak banget,defend
"kalau cuma karena gw online terakhir, itu aneh sih",defend
"lah, gw jawab kok malah dianggap ngeles?",defend
"tunggu, aku baru lihat pesan yang tadi",neutral
"chat-nya ramai, tapi gw malah makin bingung",neutral
"sus, baru ronde awal udah saling curiga",neutral
gw tidak paham kenapa nama saya muncul di voting,neutral
"oke, aku catat dulu, jangan langsung eksekusi",neutral
hah serius target pagi ini siapa?,neutral
"oke, chat siang dibuka ya",neutral
"lah, langsung masuk fase tribunal aja",neutral
"waduh, satu orang jadi korban malam ini",neutral
gue kira tadi masih fase diskusi,neutral
sistemnya sunyi banget pas malam,neutral
"oh, jadi chat memang dikunci saat malam",neutral
kaget juga lihat pengumuman pagi-pagi,neutral
HOSTAGE ini tegang juga ternyata,neutral
"sip, semua sudah bisa ngobrol lagi",neutral
aku belum terbiasa sama aturan tanpa ekonomi,neutral
"lah, kok bisa langsung dieksekusi",neutral
notifikasi paginya bikin deg-degan,neutral
"oke, kita baca hasil tribunal dulu",neutral
"wkwk, baru mulai sudah ramai",neutral
"eh, tadi siapa yang kena hostage?",neutral
aku masih nyatet urutan fasenya,neutral
"fix, suasananya lebih hening dari lobby biasa",neutral
ternyata tidak ada polisi di game ini,neutral
"oh, tiap role punya aksi malam sendiri ya",neutral
"santai dulu, chat-nya baru kebuka",neutral
gw tadi kira tombolnya error,neutral
"waduh, satu vote langsung menentukan nasib",neutral
lumayan bikin panik pengumuman mendadak,neutral
kalian dengar pengumuman sistemnya juga?,neutral
aku cek aturan lagi sebentar ya,neutral
mode malamnya benar-benar senyap,neutral
"eh, nama perannya unik juga",neutral
"oke, semua sudah hadir sepertinya",neutral
"sumpah, efek tribunalnya bikin kaget",neutral
"lanjut ngobrol santai dulu, guys",neutral
"waduh chatnya kekunci ya, gue ketinggalan",neutral
eh ini sudah masuk pagi atau masih malam?,neutral
"bentar, tadi siapa yang jadi korban?",neutral
"maaf baru nyambung, kita lagi bahas apa?",neutral
"lah kok mendadak tribunal, aku belum baca semua chat",neutral
"sistemnya langsung eksekusi kalau vote terbanyak, kan?",neutral
"oh, jadi malam itu semua aksi diam-diam, ya",neutral
"kok sepi banget, pada kena gag order?",neutral
"wait, aku tadi sempat disconnect, ada kejadian apa?",neutral
ini cooldown stalker maksudnya nunggu dua ronde?,neutral
baru sadar ada fase siang sama malam di game ini,neutral
"reaksi kalian kocak juga, aku masih loading konteks",neutral
"kirain ada polisi, ternyata memang tidak ada ya",neutral
"oke, aku baca ulang dulu, chat-nya cepat banget",neutral
siapa yang barusan ngomong? tampilannya kelewat,neutral
"fix aku telat masuk, bisa ulang ringkasannya?",neutral
"lah, pagi-pagi langsung voting aja?",neutral
"aku kurang nangkep, korban malam ini siapa?",neutral
"ohh, jadi target guard tidak boleh sama dua malam beruntun",neutral
"chat mendadak dibungkam, itu fitur game atau error?",neutral
"santai, aku cuma ngikutin dulu alurnya",neutral
"kok nama pemainnya banyak, aku belum hafal",neutral
tadi ada pengumuman sistem? aku kelewatan,neutral
"ini ronde keberapa sekarang, ya?",neutral
wkwk aku baru paham kenapa chat-nya tiba-tiba tutup,neutral
"sebentar, aku masih bedain fase tribunal sama diskusi",neutral
"kalau vote seri, sistemnya gimana? aku belum lihat",neutral
"ternyata konsepnya hostage doang, kukira ada ekonomi juga",neutral
"aku dengerin dulu deh, info di sini kepotong-potong",neutral
"eh, kok semua langsung panik? aku baru buka chat",neutral
lah baru mulai udah masuk fase malam aja,neutral
"chat-nya kekunci, tunggu pagi dulu ya",neutral
"waduh siang datang, ramein diskusi yuk",neutral
eh kok langsung masuk tribunal,neutral
kaget juga tiba-tiba ada yang kena hostage,neutral
buset notifnya muncul mendadak banget,neutral
"santai, aku masih loading baca situasinya",neutral
lah kok aku kena gag order,neutral
chat gw mendadak nggak bisa dipakai,neutral
"oh ini fase malam, pantesan sepi",neutral
ternyata nggak ada ekonomi sama sekali di game ini,neutral
baru ngeh kalau semua aksi malam itu buta,neutral
eh ada yang di-guard ya kayaknya,neutral
si stalker bisa peek malam ini atau masih cooldown,neutral
"aku kira tadi langsung voting, ternyata masih diskusi",neutral
"waduh waktunya mepet, belum selesai ngobrol",neutral
kok pagi-pagi suasananya udah tegang,neutral
"hostage lagi, semoga korbannya selamat",neutral
lah siapa yang barusan dibungkam,neutral
gw cuma baca chat sambil nunggu ronde jalan,neutral
"oke, sistemnya sudah pindah ke tribunal",neutral
nggak nyangka ronde ini secepat itu,neutral
eh nama gw muncul di daftar vote,neutral
aku belum paham kapan skill bisa dipakai,neutral
fix suasananya lebih sunyi pas malam,neutral
"mereka pada diem, mungkin lagi mikir",neutral
kita tunggu hasil voting aja dulu,neutral
oh jadi yang vote terbanyak langsung dieksekusi,neutral
sumpah notif sistemnya bikin kaget,neutral
"yaudah, lanjut ronde berikutnya",neutral
"waduh langsung masuk fase malam, belum siap",neutral
"lah kok chat-nya dikunci, kirain masih bisa ngobrol",neutral
"pagi juga, semoga belum ada yang disandera",neutral
"eh ada notifikasi hostage, kaget gw",neutral
anjir cepet banget fasenya ganti,neutral
gw tadi belum selesai baca chat,neutral
"oke, tribunal dibuka lagi",neutral
suara kalian putus-putus atau cuma gw?,neutral
"santai dulu, jangan pada spam",neutral
lah siapa yang kena gag order?,neutral
"chat mendadak sepi, berasa ditinggal",neutral
fix sistemnya bikin deg-degan,neutral
malam kedua ya? waktu cepet banget,neutral
eh tombol vote-nya sudah muncul,neutral
gw kira ronde belum mulai,neutral
"seru juga format gamenya, simpel tapi tegang",neutral
kok suasananya langsung serius begini,neutral
tadi ada suara efek hostage bukan?,neutral
"aku masih nyimak dulu, belum punya komentar",neutral
"bentar, aku baca log sistemnya",neutral
"wah, satu orang nggak bisa ngomong",neutral
"oke, semua sudah kembali ke tribunal",neutral
kita tunggu yang lain masuk dulu,neutral
"lu juga baru join, kan?",neutral
"mereka pada diam semua, aneh juga",neutral
aku kira malam bakal lebih lama,neutral
eh pilihan vote-ku sudah terkirim belum?,neutral
"sistemnya responsif juga, baru klik langsung pindah",neutral
nggak nyangka ronde ini selesai secepat itu,neutral
"ya sudah, lanjut saja sesuai fase",neutral
"lah, chat-nya langsung dikunci pas malam",neutral
"serius, pagi-pagi sudah masuk tribunal?",neutral
kok suara chat bisa tiba-tiba hilang?,neutral
"waduh, ternyata targetnya selamat",neutral
ini ronde kedua atau masih ronde pertama?,neutral
"eh, kenapa fase siangnya cepat banget selesai?",neutral
"sistemnya memang tidak punya ekonomi sama sekali, ya?",neutral
"lah, ternyata tidak ada polisi di game ini",neutral
aku kira semua role bisa bicara saat malam,neutral
"kok hasil voting langsung dieksekusi, tidak ada banding?",neutral
gag order itu munculnya mendadak banget,neutral
"sebentar, tadi siapa yang dibungkam?",neutral
"fix, aturan malamnya agak bikin bingung",neutral
"oh, jadi Stalker tidak bisa mengintip tiap malam?",neutral
serius harus ganti target guard setiap malam?,neutral
aku baru sadar fase tribunal langsung setelah pagi,neutral
kok mayoritas langsung yakin begitu saja?,neutral
"hmm, pernyataan itu kedengarannya terlalu pasti",neutral
"lah, kenapa semua orang mendadak diam?",neutral
"aku kira Hostage cuma nama game, ternyata mekanik juga",neutral
jadi Hitman bisa bikin orang tidak bisa chat?,neutral
"sumpah, pergantian fasenya cepat sekali",neutral
"eh, tadi ada notifikasi apa?",neutral
kenapa hasil malamnya tidak dijelaskan lengkap?,neutral
aku masih mencerna aturan role-nya,neutral
lu yakin sistemnya memang bekerja begitu?,neutral
mereka langsung ramai lagi setelah chat dibuka,neutral
"waduh, satu pemain langsung hilang dari ronde",neutral
"kok voting-nya terasa mendadak, ya?",neutral
"baik, sekarang kita tunggu hasil pagi saja",neutral
"waduh malamnya langsung dikunci, tegang juga",neutral
"baru mulai udah disuruh tenang, susah banget",neutral
eh ini fase tribunalnya mulai jam berapa,neutral
"wkwk chat-nya mendadak senyap, berasa ditinggal",neutral
aturan gag order-nya unik juga ya,neutral
"lah, langsung eksekusi kalau vote terbanyak?",neutral
"aku masih baca aturan, tunggu sebentar",neutral
fix game ini bakal bikin orang panik,neutral
"siang rame, malamnya sunyi total",neutral
"oh, jadi stalker cuma bisa peek berkala",neutral
"guard-nya nggak boleh target yang sama dua malam, ya",neutral
"waduh ada yang kena gag order, kasihan juga",neutral
"gw kira ada ekonomi, ternyata zero economy",neutral
hostage ini konsepnya simpel tapi bikin deg-degan,neutral
"kok waktunya cepat banget, belum sempat nyatet",neutral
"santai dulu, jangan spam chat semua",neutral
"eh suara chat-nya balik lagi, mantap",neutral
"malam selesai, hasilnya bikin kaget sih",neutral
"aku baru pertama main HOSTAGE, mohon maklum",neutral
wkwk yang tadi rame sekarang pada menghilang,neutral
ternyata nggak ada polisi sama sekali di game ini,neutral
"oke, sekarang waktunya debat atau langsung voting?",neutral
lu pada sudah paham semua role belum?,neutral
"mereka serius banget mainnya, aku jadi ikut tegang",neutral
kita tunggu sistemnya kasih hasil dulu,neutral
"sistemnya bilang target aman, lega juga",neutral
"gila, satu malam berasa lama banget",neutral
aku masih bingung bedain fase siang dan malam,neutral
"ya ampun, tribunalnya langsung jalan",neutral
"seru juga, tiap ronde suasananya berubah",neutral
"lah chat-nya tiba-tiba dikunci, masuk malam ya",neutral
"buset pagi lagi, cepet banget fasenya",neutral
"aku baru join, ini langsung mulai atau gimana?",neutral
kok ada yang kena Hostage semalam?,neutral
"waduh, suara chatku hilang mendadak",neutral
"santai dulu, sistemnya lagi pindah ke fase Tribunal",neutral
eh votingnya sudah dibuka belum?,neutral
kok nama pemainnya berkurang satu?,neutral
serem juga notif sandera muncul pagi-pagi,neutral
"lah, siapa yang baru saja kena Gag Order?",neutral
"gw kira masih fase malam, ternyata udah siang",neutral
"chat-nya sepi banget, pada ke mana semua?",neutral
"oh, jadi malam nggak bisa ngobrol sama sekali",neutral
sumpah kaget lihat hasil pagi ini,neutral
ini ronde pertama atau sudah masuk ronde berikutnya?,neutral
"kok tombol vote-ku belum muncul, ya?",neutral
"waduh, satu orang langsung hilang dari daftar",neutral
"aku masih baca aturan, tunggu sebentar",neutral
fix suasananya makin tegang tiap pagi,neutral
"eh, notifnya muncul lagi, ada yang ditahan?",neutral
mereka sudah mulai voting atau belum?,neutral
kita tunggu semua orang muncul dulu kali,neutral
lah kok chat aku nggak terkirim?,neutral
"ternyata fase siang cuma sebentar, ya",neutral
gw baru paham kalau eksekusinya langsung jalan,neutral
"ini sistemnya memang tanpa ekonomi, kan?",neutral
"oh, ternyata role-nya nggak kelihatan dari awal",neutral
"kok malamnya sunyi banget, nggak ada yang bisa ngomong",neutral
aku agak kaget lihat hasil Tribunal tadi,neutral
"ya ampun, baru mulai sudah banyak yang panik",neutral
"kok malamnya langsung dikunci, baru juga mau ngetik",neutral
"lah, korban pagi ini siapa? gw ketinggalan info",neutral
fix suara notifikasinya bikin kaget tiap ronde,neutral
aku masih belum terbiasa sama nama fase Tribunal,neutral
eh chat gw tadi sempat nge-lag atau memang dikunci,neutral
"serius, satu ronde berasa lama banget",neutral
gw tetap bilang tampilan HOSTAGE ini simpel tapi bikin tegang,neutral
"lah kok tiba-tiba masuk fase malam, padahal baru ngobrol",neutral
"aku kira bakal ada fase ekonomi, ternyata benar-benar kosong",neutral
sumpah tombol aksinya kecil banget di layar gw,neutral
ini game makin ramai kalau semua orang mulai panik,neutral
"kok pagi cepat banget datangnya, rasanya baru merem",neutral
"gw dari awal tetap suka istilah Gag Order, kedengarannya keren",neutral
"eh, suara sistemnya muncul lagi",neutral
kita sudah masuk Tribunal atau masih nunggu pemain lain,neutral
aku masih yakin ikon malamnya paling gampang dikenali,neutral
"lah, chat dikunci lagi? baru mau balas panjang",neutral
"mereka pada diam semua, suasananya jadi aneh",neutral
fix ronde ini berasa lebih cepat dari biasanya,neutral
gw tetap pilih baca aturan dari awal daripada nebak-nebak,neutral
"oh, jadi yang vote terbanyak langsung dieksekusi",neutral
kok nama role-nya muncul sebentar doang tadi,neutral
"aku kira Stalker bisa peek tiap malam, ternyata ada cooldown",neutral
"eh, ada yang tahu kenapa layar gw belum pindah fase",neutral
"seru juga ya, tiap pagi selalu ada pengumuman baru",neutral
gw masih ngotot bilang warna role-nya kurang kontras,neutral
"lah, satu orang kena Gag Order? baru ngeh",neutral
kamu lihat timer malamnya? kayaknya makin pendek,neutral
aku tetap belum hafal urutan fase di game ini,neutral
"santai dulu, gw cuma kaget lihat hasil Tribunal",neutral
tadi siang aku cuma baca chat sampai fase diskusinya selesai,neutral
chat langsung terkunci begitu fase malam dimulai,neutral
aku baru sempat mengirim aksi sebelum timer malam habis,neutral
pagi tadi sistem menampilkan hasil voting tribunal,neutral
namaku sempat muncul di daftar suara yang masuk,neutral
tadi aku kena Gag Order dan chatku mendadak tidak bisa dipakai,neutral
aku bisa chat lagi setelah fase tribunal dimulai,neutral
semalam aku tidak melihat pesan siapa pun karena chat memang dikunci,neutral
barusan ada notifikasi satu pemain menjadi korban hostage,neutral
aku masih menunggu hasil aksi malam waktu ronde berganti pagi,neutral
tadi koneksiku sempat terlambat saat voting dibuka,neutral
gw cuma sempat nulis satu pesan sebelum mulut gw dibungkam,neutral
"pas fase malam mulai, semua nama target masih tertutup di layar gw",neutral
aku mengikuti voting sampai sistem mengumumkan pemain yang dieksekusi,neutral
lu tadi sempat mengirim pesan sebelum chat dikunci,neutral
aku belum melakukan apa-apa waktu pemberitahuan pagi muncul,neutral
notifikasi aksi malam masuk setelah hitungan waktunya selesai,neutral
di ronde ini aku hanya melihat urutan fase dari sistem,neutral
"tadi aku mencoba mengetik, tetapi tombol chat sedang terkunci",neutral
hasil tribunal muncul otomatis setelah waktu voting habis,neutral
aku sempat berpindah dari halaman diskusi ke halaman aksi malam,neutral
gw lihat timer malam berjalan sampai angka nol,neutral
pagi ini daftar pemain berubah setelah eksekusi tribunal,neutral
aku tidak menerima pesan baru selama fase malam berlangsung,neutral
barusan sistem menampilkan bahwa satu pemain disandera,neutral
aku mengirim pilihan target lalu menunggu ronde selesai,neutral
"di awal ronde, semua pemain masih tercatat dalam daftar",neutral
aku sempat membaca chat terakhir sebelum masuk ke tribunal,neutral
fase siangnya selesai tanpa ada pesan tambahan dari aku,neutral
sampai pagi tadi aku hanya mengikuti instruksi yang muncul di layar,neutral
