teks_chat,label_intent
"dari pola ngomongnya A paling mencurigakan, dia terus dorong vote tanpa bukti jelas",accusing
"B langsung kena Gag Order pas mau jelasin alibinya, fix ada Hitman yang takut kebongkar",accusing
"menurut urutan kejadian, C paling diuntungkan dari hostage semalam, gw curiga dia Hitman",accusing
"A dari tadi cuma ikut arus dan menghindari pertanyaan, perilakunya sus banget",accusing
"Gag Order ke D muncul tepat setelah dia menyebut nama pelaku, kemungkinan besar C Hitmannya",accusing
"gw perhatiin B selalu mengubah tuduhan saat argumennya dibantah, itu pola Hitman banget",accusing
"kalau lihat timing vote, A sengaja mengalihkan fokus dari dirinya ke pemain yang pasif",accusing
"C terlalu cepat menyimpulkan target tanpa data, menurutku dia sedang membangun narasi palsu",accusing
"si D paling diuntungkan dari korban malam ini, jadi dia kandidat Hitman terkuat",accusing
"bukan sekadar feeling, A konsisten menghindari pembahasan soal siapa yang kena hostage",accusing
"B mendadak membungkam C setelah C mulai menyusun kronologi, gw tuduh B sebagai Hitman",accusing
"dari semua pemain, C punya penjelasan paling tidak konsisten soal aksinya",accusing
"A kelihatan sengaja memancing konflik lalu diam saat orang lain saling vote, mencurigakan banget",accusing
"kalau Hitman punya akses Gag Order, timing ke B tadi terlalu tepat untuk dianggap kebetulan",accusing
"gw lihat D selalu membela A tanpa alasan objektif, kemungkinan mereka satu kubu jahat",accusing
"C terus menekan pemain yang informasinya terbatas, itu strategi aman buat menghindari sorotan",accusing
"menurut analisis gw, B mengarang alibi setelah melihat arah diskusi, bukan dari informasi asli",accusing
"A paling cepat menuduh setelah fase pagi dibuka, seolah sudah tahu siapa yang harus ditekan",accusing
D jadi tersangka utama karena argumennya berubah total setelah Gag Order dipakai,accusing
"si B terlalu tenang ketika korban muncul, responsnya terasa seperti sudah memperkirakan hasilnya",accusing
"C menolak semua hipotesis tapi tidak menawarkan alternatif, gaya debatnya cuma mengaburkan jejak",accusing
"dari pola voting ronde sebelumnya, A selalu membantu pemain yang akhirnya selamat dari tuduhan",accusing
"Gag Order tadi kelihatan dipakai untuk memotong informasi penting, dan B punya motif paling kuat",accusing
"D mengklaim punya logika, tapi tidak pernah menjelaskan hubungan antara bukti dan tuduhannya",accusing
gw curiga C karena dia baru aktif setelah target diskusi sudah aman dari vote,accusing
"A terlalu fokus menuduh pemain yang tidak bisa membalas, ini bisa jadi upaya memanfaatkan situasi",accusing
"B punya alibi yang cuma bergantung pada asumsi, belum ada kejadian yang benar-benar mendukung",accusing
"kalau dibandingkan dengan pola chat awal, D sekarang lebih agresif dan defensif secara bersamaan",accusing
si C kemungkinan Hitman karena setiap pertanyaan penting selalu dijawab dengan tuduhan balik,accusing
"aku menilai A paling berbahaya, dia mengontrol arah diskusi tanpa memberikan informasi baru",accusing
"aku ikut suara mayoritas, si Raka paling mencurigakan dari chatnya",accusing
"kalau ditanya, aku curiga ke Bima; jawabannya muter terus",accusing
"sus, sejak ada Gag Order ke Nia, Riko malah cepat nuduh orang lain",accusing
"aku nggak punya bukti kuat, tapi Dito diem terus kayak Hitman",accusing
"menurutku Sari mencurigakan, apalagi dia menghindar waktu ditanya",accusing
"ya, aku ikut vote Arga, dari tadi tuduhannya nggak jelas",accusing
"yang kena Gag Order tadi kayaknya sengaja dibungkam, curiga ke Fikri",accusing
"gw cuma ngikut mayoritas, tapi Vino paling sus dari responsnya",accusing
"kalau lihat chat tadi, Lala lebih mungkin Hitman daripada yang lain",accusing
"aku curiga sama Reno, dia muncul cuma pas ada yang mulai dituduh",accusing
"si Tio terlalu cepat ikut nuduh, biasanya yang begitu patut dicurigai",accusing
"nggak yakin sih, tapi Maya dari tadi jawab seperlunya banget",accusing
"menurutku pelaku Gag Order ada di pihak Jovan, geraknya terlalu pas",accusing
"aku ikut kecurigaan ke Seno, alasannya berubah-ubah terus",accusing
"Ayu kelihatan panik waktu ditanya soal malam tadi, fix mencurigakan",accusing
"gw nggak banyak ngomong, tapi pilihan gw tetap ke Damar",accusing
"kalau mayoritas pilih Kiki, aku ikut; chat dia memang paling aneh",accusing
"si Beni mungkin Hitman, dia terus mengarahkan vote ke orang lain",accusing
aku curiga ke Caca karena dia sengaja menghilang setelah Gag Order,accusing
"sus banget si Eko, tiap diskusi cuma ikut tuduhan terakhir",accusing
"dari pola chatnya, Fani kayaknya lagi nutupin sesuatu",accusing
"aku nggak bisa memastikan, tapi Gilang paling layak dicurigai",accusing
yang nyuruh fokus ke korban Gag Order tadi kemungkinan besar Hadi,accusing
"gw lihat Iqbal terlalu tenang, padahal situasinya udah kacau",accusing
"kalau harus pilih sekarang, aku tuduh Jaka sebagai Hitman",accusing
"si Karel jawabnya aman banget, malah jadi kelihatan sus",accusing
"aku ikut pendapat kalian, tapi Luki memang paling mencurigakan",accusing
menurutku Miko sengaja bikin debat berantakan supaya lolos vote,accusing
"dia yang paling keras nuduh Nando, bisa jadi cuma pengalihan",accusing
"aku curiga ke Oki; setelah Gag Order, dia langsung mengubah arah pembicaraan",accusing
"jangan lempar tuduhan ke gw, yang paling mencurigakan justru si Raka dari tadi ngeles terus",accusing
"gw bukan hitman, pola chat Dimas yang berubah-ubah itu lebih sus banget",accusing
"kalau gw hitman, ngapain gw terus terang begini? fokus ke Nia yang mendadak diem",accusing
"tuduhan ke gw lemah banget, si Bimo malah keliatan ngarahin vote dari awal",accusing
"fix bukan gw, Ardi yang langsung nuduh tanpa bukti malah kayak lagi cari kambing hitam",accusing
"jangan asal vote aku, kejadian Gag Order tadi jelas menguntungkan Seno",accusing
"gw civilian, dan yang paling mungkin hitman itu Lala karena jawabannya muter-muter",accusing
"kalian salah sasaran kalau ngejar gw, perhatiin Yuda yang selalu ikut vote terakhir",accusing
"bukan aku pelakunya, si Tio terlalu cepat membela diri padahal belum dituduh",accusing
"kalau mau cari hitman, cek Rani, dia konsisten bikin orang lain saling curiga",accusing
"gw heran kenapa semua nuduh gw, padahal Fajar yang paling sering menghilang saat diskusi",accusing
"jangan ketipu gaya kalemnya Kiki, dia justru paling mencurigakan sejak korban pertama",accusing
"aku sudah jelasin posisi gw, sekarang lihat Doni yang jawabannya berubah setelah Gag Order",accusing
"yang ngegas ke gw itu malah Beni, menurutku dia sedang nutupin perannya sendiri",accusing
"gw bukan hitman, sus, tapi Vina jelas memanfaatkan kekacauan buat dorong vote ke gw",accusing
"argumen kalian ke gw nggak nyambung, si Oji yang paling mungkin punya agenda jahat",accusing
"kalau benar gw hitman, kenapa tuduhan pertama selalu gw patahkan? Caca lebih suspicious",accusing
"jangan fokus ke aku terus, Reza dari tadi cuma ikut opini mayoritas tanpa analisis",accusing
"Gag Order itu bukan bukti gw, malah Hendra yang paling diuntungkan karena lawannya dibungkam",accusing
"gw nggak ada alasan nyandera siapa pun, tapi Siska kelihatan tahu terlalu banyak",accusing
"fitnah ke gw gampang banget dibantah, sementara Gilang terus menghindari pertanyaan soal malam",accusing
"yang bener aja, aku defensif karena dituduh, bukan karena hitman; periksa pola chat Wawan",accusing
"si Maya dari awal pasif lalu tiba-tiba ikut menekan gw, itu lebih aneh",accusing
"gw bersih, dan menurutku Jaka sengaja memancing reaksi supaya vote beralih ke aku",accusing
"jangan langsung eksekusi gw, lihat dulu Nando yang selalu muncul setelah ada korban",accusing
"tuduhan kalian cuma asumsi, sedangkan perilaku Putri jelas menunjukkan dia sedang mengatur narasi",accusing
"bukan gw yang bikin diskusi kacau, Riko yang terus lempar tuduhan tanpa dasar",accusing
"kalau ada hitman di sini, kemungkinan besar Sari, karena dia paling aktif mengarahkan tribunal",accusing
"aku sudah jawab semuanya, sekarang giliran Edo jelaskan kenapa dia diam saat Gag Order terjadi",accusing
"gw menolak tuduhan ini, tapi justru dari cara Aldi memelintir omongan gw kelihatan dia mencurigakan",accusing
"dari awal si A cuma ikut arus, nggak pernah buka analisis, menurut gw dia hitman",accusing
"si B langsung nuduh orang lain begitu diskusi mulai panas, gaya banget nutupin jejak",accusing
"fix si C mencurigakan, dia paling cepat nyari kambing hitam tiap pagi",accusing
"gw ambil alih dulu, pola diamnya si D ditambah jawaban muter-muter cukup buat target vote hari ini",accusing
"si E kena Gag Order tepat setelah nuduh si F, timing-nya terlalu pas, gw curiga pelakunya E",accusing
"jangan kejebak pembelaan si G, dia baru aktif setelah ada yang mulai menekan namanya",accusing
"menurutku si H Hitman, sejak malam pertama dia cuma mengarahkan vote tanpa bukti jelas",accusing
"si I kelihatan panik waktu ditanya soal korban malam, jawabannya berubah-ubah",accusing
"gw rasa hitmannya si J, dia sengaja bikin diskusi melebar biar kita nggak fokus ke dirinya",accusing
"si K tadi mendadak membungkam si L, lalu langsung mendorong vote ke orang lain, ini pola yang mencurigakan",accusing
"kalau kita rangkum, si M paling banyak dapat keuntungan dari kekacauan ini, vote dia",accusing
"si N terlalu konsisten pura-pura netral, padahal semua pemain sudah kasih pendapat",accusing
"aku menuduh si O, dia menghindari pertanyaan inti dan malah menyerang balik",accusing
"lu perhatiin nggak, si P selalu muncul setelah ada tuduhan lalu ikut vote terakhir, fix mencurigakan",accusing
"si Q dari tadi cuma mengulang opini orang lain, kemungkinan besar dia sedang menyamarkan perannya",accusing
bukti terkuat sekarang mengarah ke si R karena dia langsung menggiring kita menjauh dari si S,accusing
"si T kelihatan tahu terlalu banyak soal target malam, gw rasa dia Hitman",accusing
"jangan vote acak, fokus ke si U yang tiba-tiba agresif setelah Gag Order terjadi",accusing
"si V bilang tidak melihat apa-apa, tetapi langsung menuduh si W tanpa alasan, itu red flag",accusing
"gw sudah baca alurnya, si X yang mulai konflik lalu pura-pura jadi penengah, dia target utama",accusing
"si Y makin dibela oleh si Z tanpa dasar, bisa jadi mereka sedang saling melindungi sebagai Hitman dan partnernya",accusing
menurut saya si A paling mencurigakan karena selalu menghindari komitmen saat diminta memilih,accusing
"si B tadi menekan si C, tetapi setelah dibalas langsung mengubah topik, perilaku Hitman banget",accusing
"aku minta semua fokus ke si D, dia mendapat kesempatan membungkam pemain lalu memakai kekacauan itu untuk menuduh",accusing
"si E terlalu cepat menyimpulkan korban malam sebagai target tertentu, dari mana dia bisa seyakin itu",accusing
"lu jangan terpancing drama si F, justru dia yang paling aktif mengatur arah vote tanpa data",accusing
"si G muncul dengan pembelaan panjang sebelum ada yang menuduh, seolah-olah sudah menyiapkan alibi",accusing
"hasil pengamatan chat sejauh ini paling berat ke si H, dia pasif saat aman dan agresif saat terpojok",accusing
"si I terus memelintir ucapan orang lain, gw yakin dia sedang menebar fitnah sebagai Hitman",accusing
"kita eksekusi si J hari ini, karena setelah Gag Order dia langsung menguasai diskusi dan mengarahkan target",accusing
"Baru nyambung sekarang, dari tadi Rian paling rajin lempar tuduhan tapi jawab konteksnya kabur, fix dia Hitman",accusing
"Tunggu, tadi siapa yang kena Gag Order? Naya langsung diam dan Bimo malah mengatur arah vote, Bimo paling mencurigakan sebagai Hitman",accusing
"Gw telat baca chat, tapi pola Dito jelas banget, dia muncul cuma pas mau menggiring kita ke vote, curiga Hitman",accusing
"Bisa ulang kronologinya? Dari yang sempat gw tangkap, Sela yang minta orang dibungkam lalu nuduh Arga, jangan-jangan Sela Hitman",accusing
"Aku baru sadar, tiap diskusi mulai panas Vino selalu menghilang, terus muncul buat ikut vote terakhir, dia kemungkinan besar Hitman",accusing
"Lu boleh jelasin ulang, kenapa Tio langsung nuduh korban Gag Order? Bagi gw itu gerakan Hitman banget",accusing
"Awalnya gw nggak ngikutin, tapi sekarang kelihatan Fara konsisten memelintir ucapan orang, sus dia Hitman",accusing
"Kalau aku tidak salah, Raka tadi satu-satunya yang membela pemain yang kena Gag Order, lalu pindah tuduhan mendadak, Raka patut dicurigai sebagai Hitman",accusing
"Chat tadi cepat banget, gw ketinggalan, tapi Gilang yang paling diuntungkan dari diamnya Kiki, Gilang Hitman ya",accusing
"Sebentar, siapa yang mulai isu soal Luki? Oh, ternyata Jovan, geraknya seperti Hitman yang sedang cari kambing hitam",accusing
"Baru baca ulang, alasan Mira berubah setelah Gag Order muncul, ini mencurigakan, menurutku Mira Hitman",accusing
"Gw belum paham semua vote, tapi Niko sengaja bikin kita fokus ke orang yang bungkam, kayaknya dia Hitman",accusing
"Tolong recap singkat, kenapa Oka tahu target vote sebelum diskusi selesai? Dia terlalu siap, fix Hitman",accusing
"Dari pengamatan sepotong-sepotong, Wulan paling sering menghindari pertanyaan langsung, aku nuduh Wulan sebagai Hitman",accusing
"Lu lihat nggak? Begitu satu orang kena Gag Order, Bayu langsung memimpin narasi, buat gw Bayu pelakunya",accusing
"Aku tadi AFK sebentar, tapi setelah baca ulang, Seno yang mengubah topik tiap kali ditanya soal malam sebelumnya, Seno sus sebagai Hitman",accusing
"Kalau konteksnya benar begitu, Tegar punya motif paling jelas, dia membungkam Rosi lalu mendorong vote ke orang lain, Tegar Hitman",accusing
"Maaf baru ikut, tapi kenapa semua orang melewatkan respons Caca? Dia defensif sebelum dituduh, kemungkinan dia Hitman",accusing
"Gw masih nyusun kronologi, tapi satu hal jelas, Aldi selalu muncul setelah orang lain selesai berdebat dan tinggal ikut arus, Aldi curiga Hitman",accusing
"Bentar, tadi yang pertama menyebut nama Yuda siapa? Fikri kan? Sekarang Fikri malah pura-pura bingung, fix dia Hitman",accusing
"Dari chat yang kebaca, Intan sengaja memancing konflik lalu menghilang saat dibalas, aku menilai Intan adalah Hitman",accusing
"Bisa ulang bagian Gag Order-nya? Kalau Deni yang memanfaatkannya buat menutup suara lawan, dia paling mungkin Hitman",accusing
"Tadi aku belum menangkap, tetapi Rara terus menuduh tanpa bukti dan menolak klarifikasi, Rara kelihatan seperti Hitman",accusing
"Sus, baru ngeh kenapa Reno ngotot banget vote Nisa padahal alasannya belum jelas, Reno kayaknya Hitman",accusing
"Kita mungkin sudah melewatkan petunjuk ini, setiap target tuduhan Hadi aman, sementara dia selalu lolos dari sorotan, Hadi bisa jadi Hitman",accusing
"Mereka tadi bahas apa sih? Setelah kuikuti ulang, cuma Lala yang langsung mengunci satu nama, Lala terlalu agresif, curiga Hitman",accusing
"Aku ketinggalan dua halaman chat, tapi dari rekamannya Dava paling diuntungkan saat Miko kena Gag Order, Dava lu Hitman",accusing
"Mohon ulangi konteksnya, tetapi perubahan sikap Putri setelah tribunal tadi terasa dibuat-buat, saya menuduh Putri sebagai Hitman",accusing
"Gw nggak mau asal vote, cuma Kresna konsisten bikin kita saling curiga tanpa memberi info, buat gw dia kandidat Hitman terkuat",accusing
"Baru nyambung sekarang, yang terus minta kita mengulang info sambil menghindari jawaban itu Sari, jangan-jangan dia Hitman",accusing
"dari tadi si X paling rajin nuduh tapi nggak pernah kasih alasan, fix hitman",accusing
"lu yang pertama kali panik pas korban disebut, jangan-jangan hitman",accusing
"si B mendadak diam setelah Gag Order keluar, mencurigakan banget",accusing
"gw curiga sama C, narasinya berubah tiap ada yang nanya",accusing
"kalau memang civilian, kenapa lu ngotot banget nutupin si D?",accusing
"si A tadi sengaja mancing vote ke orang random, gaya hitman banget",accusing
"yang nge-Gag Order si E pasti lagi nyari kambing hitam, cek dia dulu",accusing
"eh F, kok lu langsung tahu target malam tanpa ada yang cerita?",accusing
menurutku G paling mencurigakan karena jawabannya terlalu aman,accusing
"jangan keburu percaya si H, dia aktif cuma buat mengarahkan voting",accusing
"gw lempar nama I, reaksinya tadi terlalu defensif buat warga biasa",accusing
"si J kelihatan seperti mengatur alur diskusi, kemungkinan besar hitman",accusing
"lu bilang cuma civilian, tapi dari tadi mainnya malah kayak sutradara",accusing
"Gag Order ke si K terasa sengaja banget, pelakunya pasti takut dibongkar",accusing
"si L tiba-tiba ikut vote terakhir tanpa analisis, itu langkah hitman banget",accusing
"fix M adalah tersangka utama, dia selalu muncul saat tuduhan mulai panas",accusing
"kalau N bukan hitman, coba jelaskan kenapa dia membela orang yang mencurigakan",accusing
"gw nggak beli alasan O, terlalu rapi buat orang yang katanya bingung",accusing
"si P paling cepat nuduh balik setelah ditanya, kena bait dikit langsung kebuka",accusing
"dari pola chat, Q kelihatan sedang mengarahkan kita menjauh dari target asli",accusing
"kamu jangan pura-pura netral, komentar kamu justru paling menguntungkan hitman",accusing
"si R mendadak agresif setelah satu pemain dibungkam, kayak takut info bocor",accusing
aku menuduh S karena dia cuma bicara saat voting mulai dekat,accusing
"yang terus mengganti target itu T, menurutku dia sedang mencari korban aman",accusing
"si U terlalu fokus membela diri dan tidak membahas kejadian malam, sus banget",accusing
"lu bilang Gag Order nggak penting, padahal itu petunjuk paling jelas buat baca hitman",accusing
"V tadi menuduh dua orang sekaligus lalu kabur dari debat, pola provokasi murahan",accusing
"kalau W memang warga, kenapa dia langsung percaya alibi si X?",accusing
aku rasa Y sengaja memancing keributan supaya perhatian tidak tertuju kepadanya,accusing
"si Z paling mungkin hitman, komentarnya konsisten mengacaukan arah tribunal",accusing
"dari cara lu ngarahin voting tanpa bukti, gw curiga lu Hitman",accusing
"si Dito dari tadi jawabnya muter-muter, fix dia nyembunyiin sesuatu",accusing
"kok tiap ada yang mulai nuduh Naya, lu langsung alihin topik? mencurigakan banget",accusing
menurutku Raka paling mungkin Hitman karena dia konsisten memancing keributan,accusing
"yang kena Gag Order barusan justru pemain yang paling dekat membongkar lu, kan?",accusing
"lu terlalu cepat nuduh orang lain setelah chat gw dibungkam, sus banget",accusing
siapa pun yang pakai Gag Order ke Beni kemungkinan besar sedang nutupin jejak,accusing
"gw lihat pola voting Sari selalu mengikuti mayoritas, tapi dia yang mulai provokasi dari awal",accusing
"Aldi diam terus, lalu muncul cuma buat nuduh orang; gw rasa dia Hitman",accusing
"jangan asal vote, tapi sejauh ini Fikri paling mencurigakan dari isi chatnya",accusing
"lu bilang punya info, tapi nggak pernah kasih alasan jelas; gaya banget kayak Hitman",accusing
"si Tia sengaja bikin dua orang saling tuduh, menurut gw itu strategi Hitman",accusing
"chat mendadak sepi setelah Arman kena Gag Order, gw curiga pelakunya ada di pihak dia",accusing
"Reno terlalu fokus membela satu orang, bisa jadi mereka satu kubu sama Hitman",accusing
"kalau bukan lu yang nyandera, kenapa dari tadi lu paling panik waktu bahas korban?",accusing
"gw nggak yakin sama Vina, responsnya berubah setelah fase malam",accusing
"si Joko baru aktif saat voting dimulai, kemungkinan dia lagi cari target aman",accusing
"lu terus menekan pemain yang nggak bisa membalas karena Gag Order, itu kelihatan banget kayak taktik Hitman",accusing
"menurut pengamatan chat, Dena lebih banyak mengatur arah diskusi daripada mencari fakta",accusing
"fix, Bagas mencurigakan; setiap tuduhan ke dia selalu dibalas dengan serangan balik",accusing
"yang paling diuntungkan dari gagalnya diskusi tadi itu si Kiki, gw tuduh dia Hitman",accusing
aku rasa Surya sengaja menyebarkan info setengah matang supaya kita salah voting,accusing
"lu bilang netral, tapi semua komentar lu selalu membela pemain yang sama",accusing
"si Maya kelihatan terlalu siap dengan alibi, padahal belum ada yang nuduh dia",accusing
"Gag Order ke Wawan muncul tepat setelah dia menyebut nama lu, jadi dugaan gw jelas ke lu",accusing
"kalau lihat urutan chatnya, Niko yang paling mungkin mengatur fitnah ini",accusing
gw curiga sama Lala karena dia terus menghindari pertanyaan soal aksi malam,accusing
"pemain yang paling keras menuduh tanpa bukti biasanya sedang menutupi perannya sendiri, dan itu lu",accusing
"si Faris sengaja menunggu semua orang bicara sebelum ikut vote, biar aman dari sorotan",accusing
"berdasarkan kejadian pagi ini, aku menilai Tono adalah kandidat Hitman paling kuat",accusing
"Mayoritas nuduh B tapi pola diamnya A lebih mencurigakan, jangan-jangan A Hitman",accusing
"Kok C langsung paling vokal sejak awal, biasanya yang terlalu ngatur begini justru Hitman",accusing
"D kena Gag Order pas mulai nunjuk E, menurutku D sengaja membungkam dia sebagai Hitman",accusing
"Gag Order tadi terlalu pas buat mengalihkan perhatian, si F kayaknya Hitman",accusing
"F ngotot banget minta kita vote G tanpa bukti jelas, gw malah curiga F",accusing
"Kalau G benar Civilian, kenapa dia terus menghindari pertanyaan soal Hostage semalam",accusing
"Semua orang ikut tuduhan ke H, tapi gw justru curiga H karena dia yang pertama memancing keributan",accusing
"I cuma mengulang opini mayoritas tanpa analisis, sus banget kalau bukan Hitman",accusing
"J menghilang saat diskusi panas lalu muncul buat ikut vote, pola macam itu bikin dia tersangka utama",accusing
"K baru aktif setelah arah voting jelas, fix dia sedang menunggu momen aman sebagai Hitman",accusing
"L terlalu cepat percaya klaim Stalker, bisa jadi dia Hitman yang numpang informasi orang lain",accusing
"M nuduh N tanpa alasan lalu langsung minta vote, M kelihatan sedang mengatur Tribunal",accusing
"N kena Gag Order setelah menekan M, jadi aku lebih percaya M adalah Hitman",accusing
"O terus mendorong kita eksekusi P tetapi tidak pernah menjelaskan alasannya, O patut dicurigai",accusing
"P bilang semua orang sus padahal dia sendiri paling defensif, menurutku P Hitman",accusing
"Q memanfaatkan kekacauan setelah korban Hostage diumumkan, gaya mainnya terlalu oportunis buat Civilian",accusing
"R selalu menghindari pertanyaan soal target malam, dia mungkin Hitman yang takut salah bicara",accusing
"S langsung menuduh T hanya karena T diam, itu terasa seperti fitnah dari Hitman",accusing
"T berubah pendapat tiap kali mayoritas bergeser, aku curiga dia sedang mencari posisi aman",accusing
"U mengklaim punya info tapi sengaja tidak menyebut sumbernya, jangan-jangan dia Hitman",accusing
"V terlalu dominan di chat dan memotong semua argumen, bisa saja itu cara Hitman mengontrol diskusi",accusing
"W pura-pura netral tetapi selalu mengarahkan vote ke X, buatku W lebih mencurigakan",accusing
"X menuduh tiga orang sekaligus tanpa bukti, kayaknya dia sedang menebar kabut sebagai Hitman",accusing
"Y terus bilang ikut mayoritas, padahal belum pernah kasih observasi sendiri; sus banget, Y",accusing
"Z seolah sudah tahu siapa yang bakal kena Hostage, dari mana informasinya kalau bukan Hitman",accusing
"Si A paling diuntungkan waktu B kena Gag Order, jadi jangan buru-buru percaya A itu Civilian",accusing
"B terlalu cepat membela C setelah C dituduh, mungkin mereka satu kubu dan C adalah Hitman",accusing
"C mengubah topik setiap kali dibahas soal aksi malam, aku rasa dia sedang menyembunyikan peran Hitman",accusing
"D bilang tidak percaya siapa pun tapi diam-diam mengarahkan vote ke E, menurutku D dalangnya",accusing
"E terus menekan pemain yang kritis lalu memakai kerumunan sebagai tameng, fix E mencurigakan sebagai Hitman",accusing
"dari tadi si Raka paling sering mancing keributan, feeling gw dia Hitman",accusing
"Nisa langsung kena Gag Order pas mau bongkar teori, sus banget kalau bukan ulah Hitman",accusing
"gw curiga sama Bima, jawabannya muter terus kayak lagi nutupin role",accusing
"si Dito tiba-tiba membungkam Lala, fix dia punya akses Gag Order",accusing
"menurutku Arga terlalu cepat nuduh orang lain, kemungkinan besar dia Hitman yang panik",accusing
"vibes Tia dari awal sudah mencurigakan, dia cuma ikut arus biar aman",accusing
"kalau bukan Reno yang Hitman, kenapa dia langsung defensif waktu nama dia disebut",accusing
gw rasa Sari sengaja bikin chat kacau supaya kita salah vote,accusing
"si Fajar diem sepanjang diskusi, terus muncul pas voting, ini pola Hitman banget",accusing
"Gag Order ke pemain paling vokal itu jelas bukan kebetulan, Dimas patut dicurigai",accusing
aku menuduh Kiki karena teorinya berubah total setelah ada korban malam,accusing
"lu perhatiin nggak, Yuda selalu menghindari pertanyaan soal target malam",accusing
"fix Vina Hitman, dia paling diuntungkan waktu Nando dibungkam",accusing
"tebakan liar gw, Hitman ada di antara yang buru-buru ikut vote ke Eko",accusing
"Rian terlalu tenang setelah serangan malam, jangan-jangan dia tahu targetnya",accusing
"si Maya kelihatan seperti sedang mengarahkan kita ke kambing hitam, kemungkinan dia Hitman",accusing
"kalau Beni benar Civilian, harusnya dia nggak secerdik itu membaca situasi",accusing
"gw nggak punya bukti kuat, tapi gerak-gerik Caca paling mencurigakan sejauh ini",accusing
"Doni tadi sengaja memotong pembicaraan Sela, bisa jadi dia pakai Gag Order buat nutup info",accusing
"menurut saya, pola voting Gilang terlalu rapi untuk warga biasa",accusing
"si Putri baru aktif setelah satu orang kena Gag Order, timing-nya mencurigakan banget",accusing
"jangan terpancing teori Bayu, justru dia mungkin Hitman yang sedang bluffing",accusing
"gw pasang dugaan ke Intan, semua tuduhannya terasa seperti sudah disiapkan",accusing
"kalau Tono bukan Hitman, kenapa dia terus membela pemain yang paling mencurigakan",accusing
"Siska kelihatan tahu terlalu banyak soal kejadian malam, gw rasa dia dalangnya",accusing
"Rafi menghindari vote yang jelas dan malah bikin isu baru, sus behavior banget",accusing
"teori gw, Hitman sengaja memilih Wawan untuk diserang lalu menuduh orang lain",accusing
"Naya paling ngotot mengontrol arah diskusi, biasanya yang begini sedang menyembunyikan role",accusing
aku curiga pada Aldi karena dia langsung menuduh setelah chat seorang pemain dibungkam,accusing
"si Luthfi dari tadi cuma ikut suara mayoritas, menurut gw dia Hitman yang main aman",accusing
"Dari tadi lu ngeles terus, fix lu Hitman",accusing
Siapa yang kena Gag Order tadi? Menurut gw Raka pelakunya karena dia paling diuntungkan,accusing
"Begitu Nia kena Gag Order, Ardi langsung mengarahkan vote ke dia. Sus banget",accusing
"Gw percaya Dito dulu, tapi Arman dari awal cuma ikut arus. Dia Hitman",accusing
"Jangan pecah suara, kita fokus ke Sari. Alasannya berubah-ubah sejak korban disandera",accusing
Lu aktif banget nuduh orang lain tapi nggak pernah kasih analisis. Kelihatan banget Hitmannya,accusing
"Setelah Gag Order muncul, Bima langsung mengarahkan vote ke korban. Dia tersangka utama gw",accusing
Aku mencatat Tono satu-satunya yang membela pemain yang kemudian disandera. Kemungkinan besar dia Hitman,accusing
"Mereka kompak menekan Reni tanpa alasan jelas, tapi Fajar yang paling agresif. Gw curiga dia Hitman",accusing
Vina selalu memaksa kita mengunci satu nama dengan bukti minim. Ini pola Hitman,accusing
"Gw dan kamu pegang satu suara dulu, targetnya Jaka. Dia terus menghindari pertanyaan soal sandera",accusing
"Kalau kita mau aman, vote Lala. Dia mengubah pendapat tepat setelah Gag Order",accusing
"Aku tidak yakin pada Reno. Dia tahu detail malam yang seharusnya tidak dia ketahui, Hitman banget",accusing
"Deni bilang tidak melihat apa-apa, tapi langsung tahu siapa yang dicurigai. Dia pasti Hitman",accusing
Gaya chat Miko terlalu mengatur dan memecah kita. Menurutku dia Hitman,accusing
Orang yang paling diuntungkan dari diamnya Seno ya Galih. Aku tuduh Galih Hitman,accusing
"Dari pola voting, Yuda konsisten melindungi pemain mencurigakan. Kita arahkan vote ke dia",accusing
"Lu baru muncul setelah diskusi panas lalu ikut vote mayoritas. Ini bau Hitman, bro",accusing
Respons Kiki saat ditanya soal korban terlalu cepat dan seperti sudah disiapkan. Dia Hitman,accusing
Jangan percaya Damar yang terus minta kita ganti target tanpa alasan. Fix dia pengendali Hitman,accusing
Gag Order ke aku muncul tepat setelah nuduh Wawan. Buatku Wawan pelakunya,accusing
Rina menghilang saat semua butuh penjelasan lalu muncul buat nuduh orang lain. Sus banget sebagai Hitman,accusing
"Gw Stalker dan semalam Peek Bagas. Identitasnya Hitman, ikut vote dia",accusing
"Gw punya info dari Peek, Nando itu Hitman. Kalau percaya, kita satukan suara",accusing
"Dia selalu membela diri sebelum ada yang menuduh, seperti sudah hafal skenarionya. Hendra Hitman",accusing
Oki terus mengalihkan bahasan dari korban. Menurut gw dia sengaja menutupi jejak sebagai Hitman,accusing
Beni menuduh dua orang sekaligus lalu menarik semua omongannya. Dia sedang mengacaukan voting sebagai Hitman,accusing
"Caca paling cepat mengarahkan vote ke warga. Jangan ikuti dia, Caca Hitman",accusing
Pola diam lalu muncul saat voting itu mencurigakan banget. Aku curiga berat sama Eko sebagai Hitman,accusing
"Kalau aliansi kita mau bertahan, keluarkan Fani sekarang. Sejak awal dia memelintir chat dan memanfaatkan Gag Order",accusing
"dari awal gw udah curiga sama Raka, cara dia ngeles fix banget gaya Hitman",accusing
"si Bimo tiba-tiba kena Gag Order pas mulai nuduh dia, menurut gw itu Hitman",accusing
"lu boleh kasih seribu alasan, tapi pola chat Deni tetap paling mencurigakan buat gw",accusing
"yang paling keras nuduh orang lain justru Siska, fix dia lagi nutupin peran Hitman",accusing
"gw tetap vote Arman, dia dari awal ngunci pembelaan tanpa alasan jelas",accusing
"pas diskusi mulai panas, Tio langsung diam setelah pakai Gag Order, itu bukan kebetulan",accusing
"menurutku Naya Hitman, responsnya selalu muncul setelah ada korban malam",accusing
"bukti baru apa pun tidak mengubah pendapat gw, Fajar tetap target utama",accusing
"si Rian terlalu cepat mengarahkan vote ke orang lain, kelihatan banget lagi menggiring",accusing
"dia bilang cuma Civilian, tapi chat-nya kaku dan selalu menghindari pertanyaan inti",accusing
gw curiga berat sama Lala karena dia konsisten membela pemain yang mencurigakan,accusing
"kalau bukan Hitman, kenapa Joko mendadak membungkam Vina lewat Gag Order?",accusing
"dari ronde pertama sampai sekarang, teori gw tetap sama: Beni adalah Hitman",accusing
"Mira paling mencurigakan karena tuduhannya berubah-ubah, sementara alibinya kosong",accusing
"lu bisa bilang itu salah baca situasi, tapi menurut gw Dika tetap pelaku utamanya",accusing
"si Yuda kelihatan panik tiap nama Hitman dibahas, fix dia tidak bersih",accusing
"aku tidak percaya pembelaan Tania, timing chat-nya terlalu pas setelah penyanderaan",accusing
"yang diam bukan berarti aman, tapi gaya Reza dari tadi terlalu mengontrol diskusi",accusing
"Gag Order ke pemain paling vokal itu jelas upaya membungkam saksi, dan pelakunya pasti Seno",accusing
"gw sudah lock ke Putri sejak awal, semua gerak-geriknya makin menguatkan dugaan itu",accusing
"meski vote kemarin meleset, aku tetap yakin Galih adalah Hitman",accusing
si Hani sengaja mengulang tuduhan yang sama buat mengalihkan perhatian dari dirinya sendiri,accusing
"argumen Kevin terdengar rapi, tapi justru terlalu dibuat-buat untuk ukuran Civilian",accusing
"menurut gw Wawan pelakunya, dia selalu muncul setelah orang lain selesai bicara",accusing
"jangan terdistraksi sama pengakuan Stalker itu, target gw tetap Riko",accusing
"dia mengaku punya teori kuat, padahal isinya cuma lempar nama dan kabur dari diskusi",accusing
Sari yang paling mungkin Hitman karena dia tahu kapan harus diam dan kapan memicu vote,accusing
"aku tetap menuduh Doni, bahkan kalau semua orang di sini memilih percaya padanya",accusing
perubahan sikap Eko setelah Gag Order tadi terlalu mencurigakan untuk dianggap kebetulan,accusing
"buatku jelas, Vero Hitman-nya; pola pembelaan seperti itu sudah kelihatan sejak ronde pertama",accusing
"si A dari awal ronde cuma muncul pas voting, gw nuduh dia Hitman",accusing
"chat gw barusan kena Gag Order setelah nyebut si B, jadi gw lapor B sebagai Hitman",accusing
"si C langsung membungkam gw waktu aku mulai jelasin kejadian malam, dia Hitman",accusing
"aku lihat si D paling dulu menuduh orang lain setelah fase pagi, menurutku dia Hitman",accusing
"si E tidak ikut menjawab pertanyaan soal target malam dan langsung mengalihkan topik, gw tuduh dia Hitman",accusing
"setelah aku sebut nama si F, chatku mendadak dibungkam, jadi F yang aku laporkan sebagai Hitman",accusing
"si G dari tadi jawabannya berubah antara satu chat dan chat berikutnya, dia Hitman",accusing
"gw belum pernah lihat si H memberi penjelasan soal aksinya, sekarang gw tuduh dia Hitman",accusing
"si I langsung minta semua vote ke si J tanpa membahas kejadian, aku laporkan I sebagai Hitman",accusing
"tadi cuma si K yang aktif setelah chat dibuka, lalu Gag Order muncul di aku, K Hitman",accusing
"si L membungkam chatku tepat setelah aku menyebut dia, jadi gw tuduh L Hitman",accusing
"dari percakapan ronde ini si M terus menghindari pertanyaan tentang malam tadi, dia Hitman",accusing
"si N tadi bilang belum bicara, padahal namanya muncul beberapa kali di chat, gw lapor N sebagai Hitman",accusing
"aku kena Gag Order setelah menulis bahwa si O terlihat pasif, O yang aku tuduh Hitman",accusing
"si P langsung mengubah arah voting ketika namanya mulai dibahas, menurut catatanku dia Hitman",accusing
"gw perhatikan si Q tidak menjelaskan siapa yang dia curigai sampai akhir diskusi, Q Hitman",accusing
"si R menuduh si S tanpa menyebut kejadian yang mendukung, kali ini gw laporkan R sebagai Hitman",accusing
"chat si T muncul sesaat sebelum Gag Order aktif di aku, jadi T yang gw tuduh Hitman",accusing
"si U beberapa kali memotong penjelasan pemain lain, aku menuduh U sebagai Hitman",accusing
"dari awal si V mengikuti voting mayoritas tanpa memberi keterangan, dia Hitman menurut laporan gw",accusing
"si W membungkam aku ketika aku sedang menyampaikan urutan kejadian, gw laporkan W sebagai Hitman",accusing
"aku melihat si X menghindari pertanyaan tentang pemain yang hilang pagi ini, X Hitman",accusing
"si Y baru ikut bicara setelah target voting terbentuk, lalu ikut vote, aku tuduh Y Hitman",accusing
"setelah nama si Z disebut di chat, Gag Order masuk ke akun aku, Z yang gw laporkan",accusing
"si A tidak menjawab saat ditanya soal perubahan vote-nya dan langsung menekan vote, aku tuduh A Hitman",accusing
"barusan si B menuduh dua orang sekaligus tanpa menjelaskan kejadian malam, dia Hitman yang gw laporkan",accusing
"si C membalas chatku dengan Gag Order tepat setelah aku menyebut pola diamnya, C Hitman",accusing
"aku mencatat si D selalu muncul setelah ada pemain lain yang lebih dulu dituduh, jadi D yang aku laporkan sebagai Hitman",accusing
"si E mengaku tidak melihat apa pun tetapi langsung menentukan siapa yang harus dieksekusi, gw tuduh E Hitman",accusing
"dari rangkaian chat tadi, si F menghindari semua pertanyaan dan memakai Gag Order ke aku, F Hitman",accusing
"gw bukan Hitman, dari awal pola vote gw konsisten dan nggak pernah ngarahin orang secara maksa",defending
"tuduhan itu belum punya bukti, kalian cuma nyimpulin dari gw yang paling banyak nanya",defending
"sumpah aku civilian, kalau mau cek lihat aja kontribusi argumenku dari ronde pertama",defending
"aku bukan pelakunya, tadi malah chatku kena Gag Order saat mulai membahas pola vote",defending
"kalau gw Hitman, ngapain gw buka urutan aksi yang justru bikin diri gw gampang dicurigai",defending
"jangan buru-buru eksekusi aku, alasanmu baru berdasarkan feeling dan belum nyambung sama kejadian malam",defending
"gw Stalker, semalam sudah Peek si B dan hasilnya dia bukan Hitman",defending
"aku Spy, tadi malam aku Guard si C, jadi jangan jadikan kegagalan serangan sebagai bukti aku jahat",defending
"kalian boleh curiga, tapi tolong bedakan fakta dengan asumsi sebelum vote aku",defending
"aku nggak menghindar, dari tadi pertanyaanku fokus ke siapa yang paling diuntungkan dari kekacauan ini",defending
"kalau tuduhannya karena aku telat bicara, itu bukan bukti role; aku sedang merapikan urutan informasinya",defending
"gw nggak pernah pakai Gag Order, jadi aneh kalau sekarang semua kesalahan komunikasi diarahkan ke gw",defending
aku tetap pada argumen awal: pola vote-ku tidak berubah dan tidak mengikuti dorongan mayoritas,defending
"bukan aku yang menebar fitnah, cek saja siapa yang pertama kali memotong diskusi tanpa alasan",defending
"si A salah baca, gw memang mencurigai dia, tapi itu beda dengan menuduh tanpa dasar",defending
"aku bukan Hitman, justru sejak awal aku minta semua klaim diuji silang",defending
"kalau aku pelaku, keputusan paling aman bukan malah membiarkan jejak analisis seperti ini terbuka",defending
"tuduhan ke aku muncul setelah aku menyanggah teori si D, bukan karena ada bukti baru",defending
"gw bisa jelasin setiap vote-ku, sementara yang menuduh malah belum konsisten soal targetnya",defending
"aku civilian biasa, jadi wajar kalau informasiku terbatas; jangan paksa aku tahu aksi malam",defending
"role claim-ku Spy, dan target Guard-ku malam lalu bukan orang yang sama dengan malam sebelumnya",defending
"aku nggak sedang membela diri dengan panik, aku cuma meluruskan bahwa kronologi kalian keliru",defending
jangan eksekusi berdasarkan siapa yang paling vokal; lihat kecocokan ucapan dan hasil tribunal,defending
"gw tidak punya alasan untuk mengarahkan vote ke si B, karena sejak awal dia sudah jadi target mayoritas",defending
"kalau aku Stalker, cooldown Peek-ku memang belum siap ronde ini, jadi tidak ada info tambahan yang bisa kuberi",defending
"aku tetap kooperatif dan jawab semua pertanyaan, sedangkan tuduhan itu cuma diulang-ulang tanpa perkembangan",defending
"bukti terkuat saat ini bukan chat-ku, melainkan perubahan sikap si E setelah korban malam muncul",defending
"gw bukan Hitman, dan timing tuduhan ini terlalu pas setelah argumenku mulai mengarah ke pelaku sebenarnya",defending
"aku mengakui analisisku bisa salah, tapi salah analisis tidak otomatis berarti aku role jahat",defending
"kalau kalian menilai objektif, kontribusiku lebih banyak membandingkan pola daripada menggiring eksekusi",defending
"bukan gw, dari tadi cuma jawab kalau ditanya",defending
"santai, gw civilian biasa, nggak punya skill apa-apa",defending
"tuduhan ke gw belum ada buktinya, jangan asal vote",defending
"bukan aku hitman, semalam juga cuma nunggu fase pagi",defending
"gw diem bukan berarti jahat, emang mainnya pasif",defending
"kalau cuma karena gw telat jawab, jangan langsung nuduh",defending
"sumpah bukan gw, tadi chat gw juga sempat kena gag order",defending
"aku nggak nyandera siapa pun, role-ku civilian",defending
"lu boleh curiga, tapi alasan nuduh gw masih tipis",defending
"gw cuma ikut suara mayoritas, bukan berarti gw hitman",defending
"bukan dia yang perlu dicurigai, gw sendiri bukan hitman",defending
"serius, aku nggak punya info selain dari diskusi ini",defending
"dari awal gw konsisten, coba cek lagi sebelum vote",defending
jangan lempar tuduhan ke gw cuma karena aku jarang ngomong,defending
"gw bukan stalker, jadi memang nggak punya hasil peek",defending
"kalau mau eksekusi gw, minimal kasih alasan yang jelas",defending
"aku tadi diam karena nggak yakin, bukan karena nutupin sesuatu",defending
"fix bukan gw, role-ku nggak bisa nyerang siapa pun",defending
"gw nggak lihat kejadian malam, jadi jangan dipaksa ngarang",defending
"tuduhan itu ngaco, aku dari tadi cuma ngikutin alur",defending
"bukan aku pelakunya, kalau ragu tanya yang lain dulu",defending
"gw civilian, mau percaya atau nggak terserah kalian",defending
"aku nggak pernah pakai gag order, cek pemain lain aja",defending
jangan karena gw vote terakhir terus dibilang mencurigakan,defending
"gw cuma jawab seperlunya, sesuai gaya mainku dari awal",defending
"kalau ada bukti konkret, sebutin, jangan cuma bilang feeling",defending
"aku bukan spy, tapi jelas bukan hitman juga",defending
"gw nggak punya alasan bunuh siapa pun, jadi jangan arahkan vote ke gw",defending
"yang nuduh gw malah berubah-ubah, coba perhatiin itu",defending
"tenang, aku siap ikut keputusan mayoritas, tapi gw bukan hitman",defending
"gw bukan hitman, dari awal cuma fokus baca pola chat kalian",defending
"tuduhan ke aku masih asumsi doang, belum ada bukti yang jelas",defending
"santai, aku civilian dan nggak punya skill malam sama sekali",defending
lu nuduh gw cuma karena gw diem? itu alasan yang lemah banget,defending
"fix bukan aku pelakunya, semalam aku nggak bisa nyandera siapa pun",defending
"jangan asal vote aku, argumen kalian belum nyambung",defending
"aku bukan hitman, coba cek siapa yang paling sering mengarahkan vote",defending
"dia nuduh aku buat ngalihin perhatian, jangan langsung kemakan omongannya",defending
"gw cuma salah baca situasi, bukan berarti gw jahat",defending
"kalau aku hitman, ngapain dari tadi malah bantu cari pola pelaku?",defending
"tuduhan itu nggak berdasar, aku konsisten dari ronde pertama",defending
"aku nggak pakai gag order, jadi jangan kaitkan chat yang hilang dengan aku",defending
"lu boleh curiga, tapi jangan eksekusi orang cuma karena feeling",defending
"aku Stalker, tapi belum bisa peek lagi karena masih cooldown",defending
"gw Spy, semalam guard target yang sekarang masih hidup",defending
"sumpah aku bukan pelaku, posisi vote-ku dari tadi juga jelas",defending
"jangan putarbalikkan ucapan gw, tadi gw cuma kasih analisis",defending
"aku memang sempat mencurigakan, tapi itu karena info yang aku punya terbatas",defending
yang nuduh aku malah belum menjelaskan aksinya sendiri,defending
"kalau kalian eksekusi aku, kalian bakal kehilangan warga yang benar",defending
"gw nggak kabur dari pertanyaan, jawab aja satu-satu kalau mau",defending
"menurutku tuduhan ke aku muncul karena aku beda pendapat, bukan karena bukti",defending
"aku tidak punya alasan untuk menyandera siapa pun, peranku hanya civilian",defending
"lu bilang gw defensif, ya jelas karena tuduhan kalian ngawur",defending
"aku sudah jelaskan kronologinya, tolong jangan dipelintir lagi",defending
"bukan aku yang mengunci chat dia, jangan jadikan itu alasan menuduhku",defending
mereka cuma ikut arus vote tanpa memeriksa kontradiksi,defending
"gw siap jawab semua pertanyaan, tapi jangan langsung cap gw hitman",defending
aku membela diri karena namaku diseret tanpa bukti yang valid,defending
"kalau ada bukti konkret soal aku, keluarkan sekarang, jangan cuma spekulasi",defending
"gw bukan hitman, tadi malah aktif ngerapihin alur diskusi; sekarang cek yang dari awal ngeles, si D lebih mencurigakan",defending
"sumpah aku civilian, nggak punya aksi malam; jangan buang vote ke aku, kita arahkan ke pemain yang jawabannya berubah-ubah",defending
"tuduhan itu nggak masuk akal, aku dari tadi konsisten; yang perlu diuji justru si R karena terus dorong namaku tanpa bukti",defending
"bukan aku yang nyandera malam tadi, ya; kalau mau cari hitman, fokus ke pemain yang paling diuntungkan dari kekacauan ini",defending
"gw nggak menghilang, cuma baca semua argumen dulu; sekarang kesimpulanku si K paling mencurigakan, bukan gw",defending
"aku Stalker, semalam sudah Peek si M dan dia aman; jadi jangan paksa vote ke aku, kita pindahkan target ke sus yang lain",defending
"kalau aku Hitman, ngapain dari awal memimpin diskusi dan membuka pola voting? Cek si T yang cuma ikut arus",defending
"fitnah banget, gw nggak pernah pakai Gag Order; yang membungkam pemain lain itu malah si N, coba kita sorot dia",defending
"aku sudah menjelaskan posisi dari awal dan tidak ada yang berubah; tuduhan ke aku lemah, jadi vote paling logis jatuh ke si B",defending
"bukan aku pelakunya, malam tadi aku nggak punya cara buat nyandera siapa pun; mari fokus ke klaim palsu si V",defending
"lu boleh curiga, tapi jangan asal eksekusi; aku Civilian dan siap jawab semua pertanyaan, sementara si A terus menghindar",defending
"gw dituduh cuma karena paling vokal, padahal itu bukan bukti; kita jangan terpancing, targetkan pemain yang pasif dan kontradiktif",defending
"aku tidak membela diri dengan panik, aku pakai fakta: semua prediksiku sejauh ini tepat; yang meleset terus itu si J",defending
"santai, aku bukan Hitman; kalau kalian teliti, si P yang pertama kali mengarahkan tuduhan ke aku tanpa dasar",defending
"tuduhan si C terasa dibuat-buat, karena aku justru membantu menemukan pola; sebelum vote, periksa alibi dia dulu",defending
"gw nggak kena Gag Order karena bersalah, itu cuma taktik buat membungkam pembelaanku; jangan kasih si L ruang buat mengontrol narasi",defending
"aku tetap pada klaimku sebagai Spy, semalam aku Guard si H; kalau dia selamat dari serangan, berarti aku bukan target yang tepat untuk dieksekusi",defending
"bukan aku yang bikin tim kehilangan arah; sejak awal si Q memecah suara, jadi kita harus pertimbangkan dia sebagai Hitman",defending
"aku bisa salah analisis, tapi bukan berarti jahat; mari bandingkan semua jawaban dan lihat siapa yang paling sering ganti cerita",defending
"jangan langsung ikut vote mayoritas, aku sudah kasih alasan yang jelas; si W lebih sus karena muncul hanya saat mau menuduh",defending
"gw nggak punya alasan membunuh siapa pun, role gw Civilian; sekarang cukup bahas bukti dan arahkan vote ke si E",defending
"kalau kalian eksekusi aku, informasi kita makin minim; tahan vote itu dan periksa klaim si S yang tidak sinkron dengan kejadian malam",defending
"aku tidak sedang mengalihkan isu, aku menjawab tuduhan lalu menyimpulkan: si Y paling mungkin Hitman dari pola dorongannya",defending
"lu bilang aku terlalu mengatur, padahal memang harus ada yang menyatukan diskusi; aku membela diri karena tuduhan lu kosong",defending
"semalam aku bukan pelaku penyanderaan, dan tidak ada bukti yang mengarah kepadaku; jangan biarkan si G memanfaatkan kepanikan",defending
"aku sudah kasih semua informasi yang boleh dibuka sebagai Stalker; Peek-ku punya cooldown, jadi jangan paksa aku mengintip lagi malam ini",defending
"gw tidak membungkam siapa-siapa, chat yang tiba-tiba berhenti itu bukan ulah gw; cek pemain yang paling berkepentingan menutup suara",defending
"bukti terhadapku cuma karena aku aktif, itu lemah banget; pemain jahat justru bisa bersembunyi di balik sikap pasif si U",defending
"aku siap kalau mau diperiksa lewat alur diskusi, tapi vote ke aku sekarang terlalu gegabah; si Z punya lebih banyak kontradiksi",defending
"bukan aku yang perlu kalian eksekusi pagi ini; aku sudah membela diri dengan konsisten, sekarang kita kunci target ke si F",defending
"sumpah gw baru nangkep tuduhannya, tapi bukan gw hitman",defending
"konteksnya ulang dong, kok tiba-tiba nama gw naik? gw cuma civilian",defending
"gw telat baca chat, bukan berarti gw lagi nutupin sesuatu",defending
"bukan aku, dari awal aku cuma ngikutin info yang kepotong-potong",defending
"kalau dibilang gw hitman, bukti peek-nya mana? jangan asal tunjuk",defending
"gw civilian biasa, jangan eksekusi cuma gara-gara gw lambat nyambung",defending
"tunggu, tadi yang nuduh gw siapa? gw baru masuk diskusinya",defending
"gw memang lebih banyak diem, tapi itu karena lagi nyusun kronologi",defending
"semalem gw gak bisa lihat role orang, jadi jangan paksa gw jawab kayak stalker",defending
"aku bukan stalker, informasi yang aku punya cuma dari chat siang",defending
"kalau ada korban malam, itu belum tentu ulahku, jangan langsung kunci ke gw",defending
"chat gw tadi sempat kena gag order, jadi wajar kalau respons gw telat",defending
"gw gak pernah ngaku punya info role, kenapa sekarang malah gw dicurigai?",defending
"ulangin argumen lu pelan-pelan, gw belum paham bagian yang bikin gw sus",defending
"vote gw ke dia ada alasannya, bukan berarti gw satu tim sama hitman",defending
"fix kalian salah baca gerakan gw, gw cuma belum sempat ikut alur",defending
"aku baru sadar target malamnya siapa, dari tadi memang ketinggalan info",defending
"jangan potong omongan gw, gw lagi jelasin kenapa alibi gw masuk akal",defending
"gw bukan hitman, kalau iya ngapain gw malah minta konteks terus?",defending
"lu bisa jelasin lagi tuduhan awalnya? gw mau jawab yang tepat, bukan ngarang",defending
"dari ronde kemarin gw gak punya akses aksi apa pun, gw civilian",defending
"mereka nuduh gw karena diam, padahal pemain lain juga belum kasih bukti jelas",defending
"sumpah aku tidak menyerang siapa pun, peranku bukan hitman",defending
"gw baru baca bagian itu sekarang, jadi jangan anggap gw menghindar",defending
"kalau masalahnya gw telat vote, itu karena konteksnya berubah terus",defending
siapa yang bilang gw tahu target malam? gw cuma menebak dari percakapan,defending
"jangan asal bilang gw sus, aku cuma belum ngerti urutan kejadiannya",defending
"aku bisa jelasin, tapi tolong ulang siapa yang pertama kali mengaitkan namaku",defending
"gw gak punya alasan buat gag orang atau nyebar fitnah, tuduhan ini ngaco",defending
"sebelum vote gw, cek dulu alibinya siapa yang paling bolong",defending
"lah kok gue terus yang dituduh, yang paling ribut malah lu dari tadi",defending
"sumpah bukan gw Hitman, semalam gw cuma diem karena nunggu pola",defending
"kalau gw jahat, ngapain gw malah dorong vote ke orang yang mencurigakan?",defending
"tuduhan lu lemah banget, cuma gara-gara gw telat chat langsung dibilang Hitman",defending
"aku bukan Hitman, coba cek siapa yang paling diuntungkan dari eksekusi ini",defending
"fix kalian gampang banget dipancing, gw baru ngomong sedikit langsung diserang",defending
"gw Civilian, dan justru kamu yang muter-muter tiap ditanya target",defending
"bukan aku yang pakai Gag Order, jangan asal lempar tuduhan tanpa bukti",defending
"kalau dia yakin gw jahat, suruh jelasin alasan lengkapnya, jangan cuma teriak",defending
"gw nggak takut di-tribunal, tapi eksekusi tanpa dasar bakal bikin kita rugi",defending
lu nuduh gw karena fakta atau karena gw nggak ikut arus?,defending
"santai, gw memang provokatif, tapi itu bukan bukti gw Hitman",defending
"aku sudah kasih alibi dari awal, kenapa sekarang ceritanya diubah?",defending
yang aneh itu mereka langsung kompak vote gw tanpa bahas kejadian malam,defending
"gw bukan Stalker, jadi jangan tuntut gw punya hasil Peek yang nggak mungkin",defending
"kalau gw Hitman, target Hostage semalam harusnya bikin posisi gw lebih aman, bukan begini",defending
"dia nuduh gw terus, padahal belum pernah jawab kenapa dirinya mencurigakan",defending
"bukti kalian cuma gw aktif di chat, berarti pemain aktif otomatis jahat?",defending
"aku nggak akan ikut mengaku role cuma karena dipaksa, itu malah jebakan Hitman",defending
gw rasa tuduhan ini sengaja dilempar buat ngalihin perhatian dari pelaku asli,defending
"lu boleh curiga, tapi jangan bikin kesimpulan dari satu kalimat doang",defending
"kalau memang gw pelakunya, tunjukkan pola aksi malam yang nyambung, bukan asumsi",defending
"mereka panik banget pas gw balik nanya, kok jadi gw yang dianggap bersalah?",defending
"gw nggak pernah klaim bisa Guard, jadi jangan pelintir ucapan gw",defending
"aku tetap di pihak warga, cuma cara bacaku memang lebih keras dari kalian",defending
"saya menolak tuduhan itu, tidak ada bukti yang menghubungkan saya dengan Hostage",defending
yang minta gw diam malah paling takut kalau diskusi dibuka lebar,defending
"gw siap di-vote kalau alibiku terbukti palsu, tapi sekarang tuduhannya masih kosong",defending
"jangan ketipu gaya ngomong gw, fokus ke siapa yang mengarahkan voting",defending
"lu bisa eksekusi gw sekarang, tapi kalau salah jangan pura-pura bilang nggak ada yang ngingetin",defending
"aku bukan hitman, tadi cuma salah baca situasi",defending
"jangan langsung vote gw, belum ada bukti yang jelas",defending
sumpah bukan aku yang nyandera semalam,defending
"gw civilian biasa, dari awal cuma ngikutin diskusi",defending
"tuduhan ke aku masih asumsi doang, jangan asal eksekusi",defending
"aku nggak diem karena mencurigakan, tadi lagi nyimak alur chat",defending
"bukan gw yang pakai Gag Order, cek lagi siapa yang dibungkam",defending
"kalau aku Hitman, ngapain malah bantu cari pola serangan?",defending
gw nggak punya alasan buat nutup-nutupin informasi,defending
"jangan keburu percaya sama tuduhan dia, aku bisa jelasin kronologinya",defending
"aku Stalker, semalam sudah Peek satu pemain dan hasilnya bukan aku yang jahat",defending
"fix aku bukan target yang harus dieksekusi, tuduhannya terlalu dipaksakan",defending
"gw memang telat ngomong, tapi itu bukan bukti kalau gw Hitman",defending
"aku cuma salah pilih kata, bukan berarti lagi bikin alibi palsu",defending
"lu boleh curiga, tapi tolong kasih dasar yang lebih kuat",defending
"aku nggak nyandera siapa pun, malam tadi aku nggak punya aksi itu",defending
jangan lempar kesalahan ke aku cuma karena aku beda pendapat,defending
"kalau mau vote aku, minimal jelaskan bukti konkretnya",defending
"gw bukan sus, dari tadi malah konsisten jawab semua pertanyaan",defending
"tuduhan ini muncul setelah aku beda suara, bukan karena fakta",defending
"aku Spy, tapi target guard-ku bukan orang yang sama seperti malam sebelumnya",defending
"aku sudah jujur dari awal, nggak ada yang perlu aku sembunyikan",defending
"dia salah baca gerakanku, aku bukan Hitman",defending
jangan eksekusi aku cuma gara-gara aku jarang chat,defending
"gw nggak dapat informasi Peek malam ini, jadi wajar kalau belum bisa nuduh siapa-siapa",defending
"aku tetap ikut diskusi kok, cuma nggak mau asal menuduh pemain lain",defending
"kalau aku jahat, harusnya aku nggak akan membuka kemungkinan ini",defending
bukti yang dipakai buat nuduh aku belum cukup buat Tribunal,defending
"aku bukan pelindung yang gagal, targetku semalam memang tidak diserang",defending
tolong bedakan antara main aman dan bermain sebagai Hitman,defending
"gw bukan hitman, tuduhan lu cuma karena gw beda pendapat doang",defending
"santai, aku civilian, jangan ikut mayoritas kalau buktinya cuma aku telat ngomong",defending
kenapa langsung vote aku? dia yang nuduh belum kasih alasan jelas,defending
"gue bukan sus, dari awal justru dia yang ngarahin diskusi terus",defending
"kalau aku hitman, ngapain tadi ngebantah rencana vote yang gampang itu?",defending
"aku stalker, peek-ku belum bisa dipakai lagi, jadi jangan paksa aku kasih info palsu",defending
"bukan aku yang bikin hostage malam ini, cek pola tuduhannya dulu sebelum eksekusi",defending
"lu boleh curiga, tapi tuduhan tanpa timeline itu lemah banget",defending
"aku spy, semalam guard si C dan dia selamat, jadi jangan asal lempar nama",defending
"stop ikut suara terbanyak, mereka cuma keras bukan berarti benar",defending
"aku nggak di-gag, tapi bukan berarti semua omonganku otomatis valid; yang penting bukti",defending
"dia nuduh aku karena aku nolak ikut vote dia, itu bukan bukti aku hitman",defending
"fix bukan gw, dari tadi targetku konsisten dan alasannya kebuka",defending
"kalau aku jahat, kenapa aku malah minta cek pemain yang dominan itu?",defending
"jangan pakai alasan aku terlalu diam buat eksekusi, itu bukan bukti kuat",defending
"aku cuma civilian, salah baca situasi iya, tapi bukan berarti hitman",defending
"tuduhan ke aku berubah-ubah terus, kelihatan banget cuma cari kambing hitam",defending
"aku nggak percaya klaim dia mentah-mentah, tapi itu juga bukan alasan buat ngegas vote aku",defending
"semalam aku nggak punya aksi, jadi jangan kaitkan aku dengan hostage",defending
"kalian boleh vote aku, tapi jelaskan dulu bukti spesifiknya, bukan sekadar vibes",defending
"aku sempat di-gag pas mau jawab, jadi wajar kalau penjelasanku telat, bukan karena ngeles",defending
"yang paling vokal nuduh aku justru belum jelasin aksinya sendiri, kok aku yang disorot?",defending
"aku bukan stalker, jadi info identitas itu memang nggak ada di tanganku",defending
"jangan eksekusi pemain cuma karena dia beda gaya chat, itu bukan logika",defending
"gw udah jawab semua pertanyaan, kalau masih dibilang sus ya kasih satu kontradiksi yang jelas",defending
"aku spy dan guard-ku bukan ke orang yang sama dua malam beruntun, mekaniknya jelas",defending
"bukan berarti aku defensif karena hitman, aku cuma nggak mau tribunal asal-asalan",defending
"kalau mayoritas cuma ikut suara pemain paling dominan, hitman malah enak ngumpet",defending
"aku tetap curiga sama si D, tapi membela diri bukan berarti aku nuduh balik tanpa dasar",defending
"cek siapa yang pertama kali lempar namaku dan siapa yang langsung ikut, pola itu lebih penting",defending
"gw bukan Hitman, dari awal malah paling sering ngajak bahas pola vote",defending
"tuduhan ke gw terlalu spekulatif, lu belum punya bukti apa-apa",defending
"santai, gw Civilian dan cuma lagi nunggu ada info yang lebih jelas",defending
kalau gw Hitman ngapain sengaja bikin teori yang malah narik perhatian ke diri sendiri,defending
"bukan gw yang nyandera malam tadi, coba cek siapa yang paling diuntungkan",defending
"aku tidak bersalah, tuduhan itu hanya berdasarkan dugaan tanpa bukti",defending
"lu nuduh gw karena gw diam, padahal chat gw tadi kena Gag Order",defending
"fix bukan gw, Stalker seharusnya bisa cek identitas gw kalau cooldown-nya sudah siap",defending
"gw Spy, semalam nge-Guard dia, jadi jangan asal lempar nama ke gw",defending
"kalau gw Spy, wajar dong target kawalan nggak bisa sama dua malam berturut-turut",defending
"aku Stalker, tapi informasi yang kupunya belum bisa kubuka semuanya sekarang",defending
"jangan terpancing, gw cuma bikin asumsi buat ngetes reaksi kalian",defending
"teori gw memang liar, tapi itu bukan berarti gw Hitman",defending
"gw bukan sus, kalian aja yang panik karena teori gw kena",defending
"dia nuduh gw buat ngalihin perhatian, menurut gw justru dia yang mencurigakan",defending
"gue cuma salah baca situasi, bukan berarti langsung jadi tersangka utama",defending
"kalau mau eksekusi gw silakan, tapi kalian bakal kehilangan pemain yang masih netral",defending
bukti bahwa gw Hitman mana? Jangan cuma karena gaya ngomong gw beda,defending
"dari pola voting, gw malah nggak dapat keuntungan kalau pemain itu mati",defending
"sumpah bukan aku pelakunya, semalam aku bahkan tidak punya alasan menyerang siapa pun",defending
"gw masih konsisten dari ronde pertama, yang berubah malah cerita kalian",defending
tuduhan ini terasa seperti gertakan murahan supaya gw panik dan salah ngomong,defending
"kalau aku Hitman, kenapa harus membela diri sepanjang ini di depan semua orang",defending
"mereka terlalu cepat percaya sama satu teori, padahal belum ada konfirmasi Stalker",defending
"gw diem bukan karena sus, tapi karena lagi nyusun siapa yang paling mungkin bohong",defending
"yang nuduh gw harus jelasin motifnya, bukan cuma bilang feeling",defending
"aku tidak mengaku punya role penting, tetapi jelas aku bukan pihak jahat",defending
"lu boleh curiga, tapi jangan pakai spekulasi itu sebagai alasan eksekusi",defending
"gw yakin ada yang sengaja framing gw, karena timing tuduhannya terlalu pas",defending
"kalau logika kalian benar, harusnya pelaku justru orang yang paling aman dari tuduhan",defending
"gw bukan Hitman, dari awal malah ngajak kita cari pola bareng",defending
"tuduhan lu belum ada buktinya, jangan asal lempar vote ke aku",defending
"santai, aku bukan pelaku; tadi malam aku cuma jadi target yang gagal disandera",defending
"kalau aku Hitman, ngapain dari awal bantu bongkar alibi mereka?",defending
"bukan gw sus, yang diem dan ngeles itu justru lebih mencurigakan",defending
"aku civilian, belum punya skill apa-apa, jadi jangan paksa aku ngaku aneh-aneh",defending
"fitnah banget, chat gw tadi jelas konsisten dari ronde pertama",defending
"jangan vote aku cuma karena beda pendapat, cek dulu siapa yang paling diuntungkan",defending
"gw bukan Spy, tapi juga bukan Hitman; jangan asal menyimpulkan dari satu chat",defending
"tuduhan ke aku lemah banget, sementara alibi si D malah berubah-ubah",defending
"sumpah bukan aku yang pakai Gag Order, tadi chatku normal terus",defending
"kalau kalian percaya aku, kita bisa fokus cek dua pemain yang paling mencurigakan",defending
"aku memang sempat salah baca situasi, tapi itu bukan bukti aku pelaku",defending
"lu nuduh gw karena gw vokal, padahal gw justru bantu nyusun kandidat vote",defending
"bukan dia yang perlu dibela, aku sendiri bisa jelasin semua keputusan tadi",defending
"aku Stalker, tapi Peek-ku belum bisa dipakai lagi ronde ini, jadi jangan tuntut info palsu",defending
"gw udah bilang targetku semalam, dan timing-nya cocok sama hasil pagi ini",defending
aku tidak menyembunyikan apa pun; silakan cocokkan semua pernyataanku dengan log chat,defending
"jangan ikut arus vote, aku punya alasan jelas kenapa pilih si B",defending
"fix bukan aku, kalau mau cari Hitman lihat siapa yang sengaja mengalihkan topik",defending
"aku paham kenapa kalian curiga, tapi tuduhan ini tidak didukung kejadian apa pun",defending
"gw tadi membela si C karena alibinya masuk akal, bukan karena kami satu tim jahat",defending
"kalau aku Hitman, mestinya aku diam dan biarkan kalian saling curiga",defending
"lu boleh cek ulang, dari awal aku konsisten ngajak bentuk aliansi kecil",defending
"aku bukan orang yang melakukan penyanderaan, voting ke aku malah buang ronde",defending
"jangan percaya klaim mendadak itu, aku bisa mempertanggungjawabkan semua chatku",defending
"gw memang telat respons karena baca ulang diskusi, bukan karena lagi cari alibi",defending
"aku tidak pernah menyuruh siapa pun menutup suara, jadi jangan kaitkan aku dengan Gag Order",defending
"kalau mau eksekusi, pilih berdasarkan pola, bukan karena aku jadi target tuduhan pertama",defending
"percaya atau tidak, aku siap buka semua alasan pilihanku supaya kita tidak salah eksekusi",defending
"gw bukan Hitman, dari awal targetku cuma baca pola, bukan nyari kambing hitam",defending
"Tuduhan ke aku ngaco, aku Civilian dan tidak punya aksi malam sama sekali",defending
"santai, gw bukan sus, tadi cuma telat jawab karena chat lagi rame",defending
"kalau aku Hitman, ngapain dari awal aku minta Stalker buka info",defending
"bukti yang kalian pakai masih asumsi doang, jadi gw tetap yakin aku bukan pelakunya",defending
"aku tidak menghilang, tadi chatku kena Gag Order, jangan langsung nuduh",defending
"gw udah jelasin posisi gw dari awal dan jawabannya tetap sama, aku bukan Hitman",defending
"jangan cuma lihat aku paling vokal terus dianggap jahat, gw memang begini kalau lagi analisis",defending
"siapa pun yang nuduh aku, tolong kasih alasan konkret, bukan sekadar karena feeling",defending
"aku Civilian, jadi wajar kalau malam tadi tidak punya laporan aksi apa pun",defending
"fix bukan gw pelakunya, pola kejadian ini malah mengarah ke orang lain",defending
"gw tetap di teori awal, tapi itu bukan berarti gw Hitman, cuma analisisku belum berubah",defending
"aku tidak membela diri berlebihan, kalian memang belum punya bukti yang nyambung",defending
"jangan eksekusi aku cuma karena tadi salah baca situasi, salah analisis bukan tanda Hitman",defending
"kalau mau curiga, silakan, tapi gw tegaskan peranku bukan Hitman",defending
"tuduhan ini terlalu maksa, dari ronde pertama sampai sekarang cerita gw konsisten",defending
"aku tidak punya alasan buat menyandera siapa pun, gw bukan Hitman",defending
"chatku memang keras, tapi gaya ngomong bukan bukti aku role jahat",defending
"gw sudah bilang target analisisku dari awal, dan aku tidak akan pura-pura ganti teori demi selamat",defending
"yang berubah-ubah justru kalian, jangan lempar kesalahan itu ke aku",defending
"aku bukan Stalker atau Spy, cuma Civilian yang kebetulan terlalu fokus ke satu tersangka",defending
"kalau aku pelaku, harusnya aku tidak akan minta semua orang cek alibi malam",defending
jangan jadikan aku tersangka hanya karena aku menolak teori yang menurutku lemah,defending
"aku tetap yakin diriku bersih, bukti baru itu belum cukup buat membalik kesimpulanku",defending
"gw bukan sus, cuma kelihatan mencurigakan karena dari tadi ngotot sama satu nama",defending
"kalian boleh vote aku, tapi tuduhannya tetap tidak masuk akal dan aku bukan Hitman",defending
"aku tidak sedang mengalihkan isu, aku cuma membantah tuduhan yang memang salah sasaran",defending
"pernyataanku dari awal tidak berubah, jadi jangan bilang aku gugup atau cari aman",defending
"yang bisa kalian buktikan cuma aku keras kepala, bukan aku pelaku penyanderaan",defending
"aku tetap berdiri di teori ini, tapi peranku sendiri jelas Civilian",defending
"gw bukan Hitman, semalam aku cuma main sebagai Civilian",defending
"aku tidak menyandera siapa pun tadi malam, peranku bukan Hitman",defending
"tadi siang aku kena Gag Order, jadi memang tidak sempat menjelaskan",defending
"semalam aku pakai Guard ke pemain sebelah, itu saja aksiku",defending
"aku Stalker, Peek-ku baru bisa dipakai lagi setelah cooldown selesai",defending
"bukan aku yang bikin korban malam ini, aku tidak punya skill Hostage",defending
"gw dari awal cuma ikut diskusi dan voting, belum melakukan aksi malam",defending
"aku Civilian, jadi tidak ada aksi malam yang bisa kulakukan",defending
"aku tidak diam karena menyembunyikan peran, chat-ku tadi memang terkunci",defending
semalam target Guard-ku berbeda dari malam sebelumnya sesuai aturan,defending
"gw kena bungkam mendadak pas mau jawab, makanya penjelasan gw kepotong",defending
aku belum pernah memilih target untuk disandera selama permainan,defending
"peranku Spy, tadi malam aku mengawal satu pemain",defending
"aku bukan Hitman, tidak ada pilihan Hostage di kemampuan yang kupunya",defending
"dari sisi aku, tadi malam hanya ada aksi Peek dan hasilnya sudah kusampaikan",defending
aku tidak bisa menjawab lebih cepat karena terkena Gag Order di fase siang,defending
gw cuma Civilian dan belum pernah melakukan tindakan malam,defending
"aku mengawal orang yang berbeda malam ini, bukan target yang sama dua kali",defending
"tuduhan itu muncul saat chat-ku sedang dibungkam, jadi aku belum bisa merespons",defending
"aku Stalker, tetapi Peek-ku sedang cooldown pada ronde ini",defending
"semalam aku tidak keluar melakukan apa pun, aku hanya menunggu fase pagi",defending
"bukan aku pelaku Hostage, peranku tidak memiliki kemampuan tersebut",defending
"aku sudah menjelaskan urutan aksiku, malam pertama Guard dan malam berikutnya tidak melakukan aksi",defending
"gw belum memberikan vote sebelum tribunal dibuka, jadi bagian itu bukan dari gw",defending
"aku tidak menghilang dari diskusi, namaku hanya terkena pembungkaman",defending
peranku Civilian dan sampai sekarang belum mendapat kemampuan tambahan,defending
"aku memakai Guard semalam, bukan Hostage, karena dua kemampuan itu berbeda",defending
"aku tidak mengubah cerita, dari awal aku menyebut diriku sebagai Spy",defending
tadi malam aku tidak bisa mengawal target yang sama lagi karena ada batasan aturan,defending
"aku hanya melaporkan hasil Peek yang kudapat, tidak ada aksi lain dari pihakku",defending
"gw Spy, tadi malam aku Guard C karena pola geraknya paling rawan",bluffing
"aku Stalker, hasil Peek malam pertama nunjukin B itu Civilian",bluffing
"jangan eksekusi aku, role-ku Civilian dan tuduhan ke aku cuma asumsi",bluffing
"fix aku Spy, target Guard-ku diserang tapi masih selamat",bluffing
"dari urutan voting, gw yakin aku Stalker dan D bukan Hitman",bluffing
"lu boleh cek argumen gw, aku Peek E dan identitasnya aman",bluffing
"aku bukan Hitman, aku Spy yang gagal Guard karena salah baca target",bluffing
"gw Civilian, cuma ngikutin data chat dan belum lihat bukti role",bluffing
"klaimku jelas, aku Stalker dan cooldown Peek-ku masih aktif",bluffing
"si F nuduh tanpa dasar, padahal gw Spy dan semalam Guard dia",bluffing
"aku Stalker, pola diamnya G sudah cukup buat bikin dia tersangka utama",bluffing
"jangan termakan Gag Order, aku Civilian dan cuma menyusun kronologi",bluffing
"gw Spy, alasan gw pilih H buat di-Guard sudah berdasarkan voting ronde lalu",bluffing
"aku sudah Peek I, hasilnya dia bukan Hitman, jadi jangan buru-buru vote",bluffing
"role-ku Civilian, tapi analisis chat menunjukkan J lebih mencurigakan daripada aku",bluffing
"kalau kalian eksekusi aku, kalian kehilangan Spy yang bisa lindungi target malam ini",bluffing
"aku Stalker asli, semalam identitas K berhasil aku lihat",bluffing
"gw bukan pelaku Hostage, aku Spy dan target Guard-ku kebetulan tidak diserang",bluffing
"secara objektif aku Civilian, tuduhan ke aku belum punya bukti mekanis",bluffing
"aku Peek L di ronde sebelumnya, dia aman dari status Hitman",bluffing
"lu salah baca sikap gw, aku Spy yang sengaja nunggu pola serangan",bluffing
"aku Stalker, dan hasil pengamatanku bikin M lebih layak masuk Tribunal",bluffing
"gw Civilian biasa, tidak punya skill malam, jadi jangan paksa aku kasih hasil Peek",bluffing
"aku Spy, malam kemarin Guard-ku ke N karena dia paling mungkin jadi target",bluffing
"klaim Stalker-ku konsisten dari awal, hasil Peek O cocok dengan pola chatnya",bluffing
"aku bukan Hitman, kalau mau objektif bandingkan timeline aksiku dulu",bluffing
"gw sudah Guard P, jadi kalau dia selamat dari serangan itu bukan kebetulan",bluffing
"aku Civilian, voting-ku ke Q murni karena argumennya berubah-ubah",bluffing
"sebagai Stalker, aku bisa pastikan R bukan warga biasa",bluffing
aku Spy dan tidak akan membuka target Guard supaya Hitman tidak membaca pola,bluffing
"gw civilian, ikut vote mayoritas aja",bluffing
"aku Spy, semalam jagain si B dan dia aman",bluffing
"santai, aku Stalker, tapi hasil peek-ku belum bisa dibuka",bluffing
"bukan Hitman, dari awal aku cuma ngikutin diskusi",bluffing
"kalau ditanya role, aku civilian biasa kok",bluffing
"gw Spy, target guard semalem bukan si C",bluffing
"aku sempat peek si D, dia bukan Hitman",bluffing
"enggak, gw bukan Stalker, cuma lagi pasif aja",bluffing
"role-ku Civilian, jadi aku ikut suara terbanyak",bluffing
"aku Spy, tapi nggak mau sebut target guard dulu",bluffing
"bukan aku Hitman, tadi cuma salah baca situasi",bluffing
"gw Stalker, hasil intip si E aman",bluffing
"aku warga biasa, kalau mayoritas vote F ya ikut",bluffing
"serius aku Spy, cuma guard-ku gagal baca gerakannya",bluffing
"bukan role jahat, aku Civilian doang",bluffing
"gw peek si G, dia kelihatan bersih",bluffing
"aku bukan Hitman, dari tadi cuma nunggu arahan",bluffing
"kalau role-ku, ya Stalker. hasilnya belum penting",bluffing
"aku Spy, semalem jagain orang yang tepat kok",bluffing
"fix bukan aku, role-ku cuma civilian",bluffing
"gw Stalker, tapi cooldown-ku masih jalan",bluffing
"aku ikut vote kalian aja, aku Civilian",bluffing
"bukan Hitman, aku cuma jarang ngomong",bluffing
"semalem aku guard si H, jadi dia harusnya aman",bluffing
aku peek si I dan dia nggak kelihatan jahat,bluffing
"role-ku Spy, kalau nggak percaya ya terserah",bluffing
"gw warga biasa, belum punya info apa-apa",bluffing
"aku Stalker, cuma belum mau nuduh siapa-siapa",bluffing
"bukan aku yang pakai Gag Order, aku Civilian",bluffing
"aku Spy, tapi sekarang ikut keputusan mayoritas",bluffing
"gw bukan hitman, role gw spy dan semalam gw guard si Raka",bluffing
"jangan asal nuduh, aku stalker dan peek-ku semalam nunjukin dia civilian",bluffing
"sumpah gw cuma civilian, dari tadi malah bantu baca gerak-gerik kalian",bluffing
"tuduhan lu ngawur, gw spy bukan hitman, target guard gw semalam jelas selamat",bluffing
"aku stalker, cooldown-ku baru kepakai ronde ini, jadi jangan bilang aku ngarang",bluffing
"kalau gw hitman, ngapain gw sekeras ini buka info sebagai stalker",bluffing
"gw udah peek si Dimas, hasilnya aman, jadi yang maksa vote dia patut dicurigai",bluffing
"bukan gw pelakunya, role gw civilian dan gw nggak punya skill malam sama sekali",bluffing
"lu nuduh gw cuma karena defensif, padahal gw spy yang lagi nyari pola serangan",bluffing
"aku bukan hitman, semalam aku guard si Naya, cek aja siapa yang selamat",bluffing
"jangan dipelintir, gw stalker dan info gw valid, si Bimo bukan hitman",bluffing
"fitnah banget, gw civilian biasa, malah dari awal gw yang konsisten nanya bukti",bluffing
"gw spy, makanya gw diem tadi malam sambil nentuin siapa yang perlu dijaga",bluffing
"kalau mau vote gw silakan, tapi kalian bakal kehilangan stalker yang punya info",bluffing
"siapa pun yang nuduh gw hitman lagi nutupin jejak, role gw jelas spy",bluffing
"aku sudah peek si Ardi dan dia aman, jangan bikin keputusan dari asumsi doang",bluffing
"gw cuma warga, nggak ada alasan buat gw tahu target sandera malam tadi",bluffing
"lu salah sasaran, gw stalker dan baru bisa peek lagi di ronde berikutnya",bluffing
"bukan gw yang gag order dia, gw civilian dan nggak punya skill apa pun",bluffing
"jangan baper sama gaya debat gw, role gw spy, bukan hitman",bluffing
"semalam gw guard si Sinta, jadi kalau ada serangan gagal itu bukan kebetulan",bluffing
"gw stalker asli, info peek gw soal si Jovan bisa jadi dasar voting",bluffing
"tuduhan ini lemah banget, aku civilian dan dari awal tidak pernah menghilang saat diskusi",bluffing
"kalau gw hitman, harusnya gw nggak bakal ngaku punya hasil peek sekarang",bluffing
"role gw spy, jadi wajar gw fokus nanya siapa yang kemungkinan jadi target",bluffing
"gw udah cek si Tio lewat peek, dia bukan hitman, jangan asal eksekusi",bluffing
"aku nggak nyandera siapa pun, aku civilian yang cuma bisa ikut vote pagi",bluffing
"lu nuduh gw karena gw bantah terus, padahal gw stalker yang lagi jagain info",bluffing
"gw spy dan semalam pilih guard si Kiki, jadi tuduhan ke gw jelas nggak masuk akal",bluffing
"jangan lempar kesalahan ke gw, role-ku civilian dan argumen kalian belum ada buktinya",bluffing
"gw Stalker, semalam peek Raka dan dia bukan warga biasa, jadi vote Raka dulu",bluffing
"aku Spy, tadi malam jagain Naya dan dia aman, tapi Dito gerakannya paling mencurigakan",bluffing
"sumpah gw Civilian, belum punya skill apa-apa, dari pola chat Bima yang paling layak kita eksekusi",bluffing
"fix gw Stalker, hasil intipanku nunjukin Sari mencurigakan, jangan buang vote ke pemain lain",bluffing
"gw bukan Hitman, aku Spy yang gagal baca serangan semalam, sekarang fokus kita harus ke Vino",bluffing
"dengerin dulu, gw Stalker dan sudah cek Tio, dia bukan pihak kita, langsung arahkan vote ke dia",bluffing
"aku warga biasa, tapi kalau lihat alurnya Raka jelas sedang nutupin peran Dito, vote Dito",bluffing
"gw Spy, malam pertama lindungin Bima dan tidak ada serangan, menurutku Naya yang paling berbahaya",bluffing
"bukan gw Hitman, peranku Stalker, dan dari info semalam Sari kelihatan sebagai target utama",bluffing
"kita jangan melebar, gw Civilian dan kesimpulanku Vino terlalu sering lempar tuduhan tanpa dasar",bluffing
"gw punya info sebagai Spy, Dito aman semalam, jadi sekarang semua vote ke Raka",bluffing
"aku Stalker, hasil peek belum bisa kubuka semua, tapi Bima jelas bukan pemain netral",bluffing
"kalau kalian percaya aku Spy, jangan sentuh Naya dulu, yang perlu ditekan sekarang itu Tio",bluffing
"gw warga, tapi sengaja baca diam-diam, pola Sari konsisten banget kayak Hitman, eksekusi dia",bluffing
"fix bukan gw yang nyandera, aku Stalker dan sudah dapat jejak kuat mengarah ke Vino",bluffing
"aku Spy yang jaga Raka tadi malam, jadi Raka bukan prioritas, kita pindahkan vote ke Dito",bluffing
"gw Civilian dan siap ambil risiko, Bima paling sering menghindar saat ditanya, vote dia",bluffing
"semua tenang, aku Stalker, Tio terindikasi jahat dari peek-ku, jangan kasih dia kesempatan kedua",bluffing
"sumpah role-ku Spy, semalam aku cover Naya, sekarang Raka yang perlu kita keluarkan",bluffing
"gw bukan Hitman, cuma Civilian, tapi Vino dari awal sudah menggiring opini ke target yang salah",bluffing
"aku Stalker dan info yang kupunya cukup jelas, Sari lebih mencurigakan daripada Bima, ikut vote Sari",bluffing
"jangan terjebak framing, gw Spy, Dito aman, jadi fokus eksekusi kita harus ke Tio",bluffing
"peranku Civilian, tapi aku ambil alih arah diskusi: semua cek ulang alibi Raka dan vote dia",bluffing
"gw Stalker, semalam peek Bima dan hasilnya tidak bersih, langsung kunci suara ke Bima",bluffing
"aku Spy, tidak mungkin aku Hitman, dan dari semua pemain Naya paling banyak kontradiksi",bluffing
"warga, dengar rangkumanku: Sari pasif, Vino provokatif, tapi Dito yang paling layak divote",bluffing
"gw punya peran Stalker, Tio bukan target aman, jadi jangan pecah suara ke pemain lain",bluffing
"bukan aku pelakunya, aku Civilian yang lihat Raka terus mengubah cerita, eksekusi Raka sekarang",bluffing
"aku Spy dan sudah menjaga Vino, kalau dia selamat bukan kebetulan, target kita berikutnya Bima",bluffing
"gw Stalker, hasil intipanku mengarah ke Naya sebagai ancaman, cukup debatnya dan vote Naya",bluffing
"eh tunggu, tadi yang kena hostage siapa ya? gw Spy, malam ini bisa guard orang lain",bluffing
"ulang konteks dong, semalam siapa yang di-peek? aku Stalker, targetku kemarin aman kok",bluffing
"gw bukan Hitman, serius, role gw Civilian biasa dan baru ngeh alurnya sekarang",bluffing
"bentar ya, chatnya tadi kelewat, aku Spy dan semalam nge-guard si Dito",bluffing
"kalau gak salah gw Stalker, semalam intip si Nara dan dia bukan Hitman",bluffing
"eh yang dituduh siapa tadi? gw Civilian, cuma telat baca diskusinya",bluffing
"sumpah role gw Spy, jangan eksekusi gw dulu, malam ini baru bisa bantu guard",bluffing
"gw Stalker, tapi cooldown peek-ku masih jalan, jadi belum bisa kasih info baru",bluffing
"maaf baru nyambung, aku bukan Hitman, aku cuma Civilian yang ngikut vote mayoritas",bluffing
"siapa yang mati pagi ini? gw Spy, semalam target guard-ku gak diserang kok",bluffing
"fix aku Stalker, cuma hasil peek semalam belum sempat aku sampaikan",bluffing
"tadi ada yang kena Gag Order ya? aku Civilian, jadi gak bisa jelasin banyak",bluffing
"ulang dari awal sedikit dong, gw Spy dan semalam jagain si Bima",bluffing
"aku bukan pelaku, role-ku Stalker, kemarin peek si Tio hasilnya aman",bluffing
"eh bentar, kita lagi curiga ke siapa? gw Civilian biasa, jangan salah baca diemku",bluffing
"gw Spy beneran, kalau Hitman nyerang targetku semalam pasti gagal",bluffing
"sori ketinggalan, aku Stalker dan baru ingat kalau peek-ku cooldown satu ronde",bluffing
"bukan gw Hitman, role gw Civilian, dari tadi cuma nyusun ulang infonya",bluffing
"siapa yang di-hostage tadi malam? aku Spy, tapi target guard-ku bukan dia",bluffing
"gw Stalker, semalam sempat intip si Rafi, hasilnya dia bukan Hitman",bluffing
"tunggu, vote sebelumnya ke siapa? aku Civilian dan belum punya bukti apa-apa",bluffing
"serius aku Spy, jangan dipotong dulu, tadi mau bilang siapa yang aku guard",bluffing
"kayaknya aku telat masuk diskusi, tapi role gw Stalker dan info peek-ku valid",bluffing
"eh ulang nama pemain yang dicurigai, aku Civilian bukan Hitman",bluffing
"gw Spy, semalam nge-guard orang yang sama kayak ronde lalu? enggak kok, aman sesuai aturan",bluffing
"aku Stalker, cuma belum bisa peek lagi karena cooldown, jadi jangan paksa kasih nama",bluffing
"bentar, korban malam tadi siapa? gw Civilian dan gak ngerti kenapa dituduh",bluffing
"sumpah role-ku Spy, kalau kalian eksekusi aku kita kehilangan pelindung",bluffing
"aku bukan Hitman, aku Stalker, cuma tadi kelupaan ngomong hasil intip",bluffing
"gw Civilian kok, telat baca chat bukan berarti lagi nyusun fitnah",bluffing
"gw Spy, semalam aku nge-guard B dan dia selamat dari serangan",bluffing
"sumpah aku Civilian, tapi kelakuan C dari tadi kayak Hitman banget",bluffing
"aku Stalker, hasil peek-ku D aman, jadi jangan asal vote dia",bluffing
"kalau gw Hitman, harusnya tadi malam E udah jadi sandera, kan",bluffing
"jangan percaya F, gw Spy dan semalam dia nolak dikawal",bluffing
"gw bukan Hitman, gw Stalker yang udah cek G sejak ronde kemarin",bluffing
"aku cuma Civilian, tapi H terlalu cepat nuduh orang buat ukuran warga",bluffing
"fix gw Spy, target guard-ku semalam ternyata diserang Hitman",bluffing
"aku peek I, role dia Civilian, jadi yang maksa vote dia mencurigakan",bluffing
"serius, gw Stalker dan J kelihatan punya role jahat dari hasil intip",bluffing
"bukan aku yang nyandera, aku Spy dan tadi malam jagain K",bluffing
"kalau mau aman, ikuti aku; gw Stalker dan L sudah terbukti bukan Hitman",bluffing
"aku Civilian asli, cuma M yang panik setiap kali ditanya peran",bluffing
"gw Spy, tapi guard-ku gagal karena targetnya bukan orang yang sama seperti klaim N",bluffing
"semalam aku peek O, dia aman, jadi tuduhan ke dia cuma pengalihan",bluffing
"jangan sok yakin, aku Stalker dan sudah tahu siapa Hitman di antara kita",bluffing
"gw bukan Spy palsu, aku benar-benar jaga P semalam dan dia lolos",bluffing
"kalau kalian vote aku, kalian justru bantu Hitman; aku Civilian biasa",bluffing
"aku Stalker, dan dari pola omongannya Q paling mungkin pelaku sebenarnya",bluffing
"sumpah demi ronde ini, gw Spy; R cuma pura-pura tidak pernah diselamatkan",bluffing
"aku sudah peek S, role-nya aman, tapi T jelas sedang cari kambing hitam",bluffing
"gw Civilian, enggak punya skill apa-apa, justru itu kenapa analisis gw netral",bluffing
"percaya aku, aku Stalker dan semalam lihat U bukan warga biasa",bluffing
"aku Spy yang guard V, jadi kalau ada serangan gagal, pelakunya pasti dekat sini",bluffing
"bukan gw Hitman, kalau iya ngapain gw terang-terangan nuduh W dari awal",bluffing
"aku Civilian, tapi X kelihatan terlalu hafal cara kerja skill Spy",bluffing
"gw Stalker dan hasil peek-ku bilang Y aman, yang ngegas vote dia malah sus",bluffing
"aku Spy, malam pertama jagain Z, jadi klaim dia sebagai korban itu bohong",bluffing
"enggak mungkin aku Hitman, aku Stalker dan sudah punya satu nama dari hasil peek",bluffing
"kalau kalian masih ragu, vote aku saja setelah aku bilang: gw Civilian, bukan pelaku",bluffing
"gw civilian ya, dari tadi cuma nyari pola vote kalian",bluffing
"sumpah aku Spy, semalam aku guard si Raka tapi kayaknya nggak diserang",bluffing
"aku Stalker, hasil peek semalam si Bima aman",bluffing
"jangan lempar ke aku, roleku warga biasa dan belum punya info apa-apa",bluffing
"fix gw Spy, target guard gw semalam masih hidup sampai pagi",bluffing
"aku bukan Hitman, aku Stalker dan tadi malam ngecek si Naya",bluffing
kalau aku Hitman ngapain dari awal malah bantu baca voting,bluffing
"semalam aku jaga si Dito sebagai Spy, jadi dia harusnya bisa dipercaya",bluffing
"gw civilian murni, cuma kelihatan mencurigakan karena lagi ngamatin chat",bluffing
"aku punya info dari Peek, si Jovan bukan warga biasa",bluffing
"lu salah nuduh, role gw Spy dan aku sudah pilih target guard buat malam ini",bluffing
"dia terlalu maksa nuduh gw, padahal aku Stalker yang baru dapat hasil intip",bluffing
"santai aja, aku Civilian kok dan nggak punya skill malam",bluffing
"kalau mau aman jangan vote aku, gw Spy yang lagi nutupin target penting",bluffing
aku Stalker dan hasil cekku nunjukin si Sasa aman dari tuduhan,bluffing
"bukan aku pelakunya, semalam aku cuma guard satu orang sebagai Spy",bluffing
"roleku warga, tuduhan ini muncul karena aku telat ikut diskusi",bluffing
"gw ngaku Stalker, semalam peek si Ardi dan dia bukan Hitman",bluffing
"aku Spy asli, makanya dari tadi lebih fokus lindungi pemain yang dicurigai",bluffing
"jangan percaya narasi itu, aku civilian yang kebetulan vote-nya beda",bluffing
siapa pun Hitmannya pasti mau bikin aku kelihatan mencurigakan padahal aku Stalker,bluffing
"semalam aku guard kamu, jadi kalau ada serangan berarti targetnya memang kamu",bluffing
"aku bukan pembunuhnya, role yang aku pegang cuma Civilian tanpa aksi malam",bluffing
"hasil peek-ku bilang si Fajar aman, jadi jangan asal eksekusi dia",bluffing
gw Spy dan sengaja nggak buka target guard dari awal biar nggak gampang dibaca,bluffing
"kalian boleh cek alibiku, aku Stalker dan baru sekali pakai Peek",bluffing
"aku warga biasa, perubahan vote-ku tadi cuma karena argumen si Kiki lebih masuk akal",bluffing
kalau aku Hitman harusnya aku nggak akan sejelas ini ngaku sebagai Spy,bluffing
semalam aku intip si Lala dan identitasnya bukan Hitman,bluffing
"percayalah aku Civilian, yang aneh justru orang yang terus memancing vote ke aku",bluffing
"gw Stalker, semalam gw peek si Raka dan hasilnya dia Civilian, tapi jangan langsung telan info ini mentah-mentah",bluffing
"sumpah aku Spy, tadi malam aku guard Nisa, jadi klaim Hitman mereka agak maksa",bluffing
"jangan ikut mayoritas dulu, gue Civilian dan tuduhan ke gue cuma modal asumsi",bluffing
"aku Stalker, target peek-ku aman, tapi anehnya kalian malah percaya pemain yang paling berisik",bluffing
"gw Spy, semalam jagain Dito, kalau dia selamat harusnya klaim gw dipertimbangkan",bluffing
"lu yakin gw Hitman cuma karena gw beda pendapat? Gw Civilian biasa, sus banget logikanya",bluffing
"klaim gw jelas, aku Spy dan sudah guard satu orang tadi malam, jangan asal eksekusi",bluffing
"gw Stalker, tapi info peek ini belum tentu kalian suka, si Bima bukan Civilian",bluffing
"mayoritas belum tentu benar, aku cuma Civilian dan dari awal belum punya skill apa-apa",bluffing
"saya Stalker, hasil pengintaian saya mengarah ke pemain yang sekarang paling dominan di chat",bluffing
"jangan gampang percaya sama yang nuduh gw, aku Spy dan target guard-ku bisa jadi bukti",bluffing
"fix kalian salah baca, gw Civilian, sedangkan yang terus mengarahkan vote itu lebih mencurigakan",bluffing
"aku bukan Hitman, aku Stalker; semalam sudah peek satu orang, tapi belum mau buka semua info",bluffing
"kalau kalian mau eksekusi gw, silakan, tapi ingat aku Spy yang tadi malam melakukan Guard",bluffing
"gw heran kenapa klaim dia langsung dipercaya, padahal gw Civilian dan argumennya bolong",bluffing
"aku Spy, bukan Hitman, jadi jangan pakai gaya debatku sebagai bukti tunggal",bluffing
siapa bilang yang paling vokal pasti benar? Gw Stalker dan justru punya info berbeda,bluffing
"gw Civilian, tapi klaim Stalker si Rian kedengarannya dibuat-buat banget",bluffing
"aku sudah peek semalam sebagai Stalker, hasilnya tidak sesuai narasi mayoritas di sini",bluffing
"jangan maksa vote gw, gue Spy dan tadi malam guard target yang sekarang kalian bela",bluffing
"kalau aku Hitman, ngapain dari tadi ngebantah opini populer? Aku Civilian, pikir lagi",bluffing
"gw Stalker, si Tio bukan orang bersih seperti yang kalian kira, tapi jangan percaya gw mentah-mentah",bluffing
"klaim Spy-ku bukan asal ngomong, aku benar-benar memilih target Guard tadi malam",bluffing
"lu semua terlalu cepat setuju, gw Civilian dan justru pemain yang memimpin diskusi ini lebih sus",bluffing
"saya Stalker, tetapi saya tidak akan membocorkan target peek tanpa alasan yang kuat",bluffing
"aku Spy, kalau targetku tidak diserang bukan berarti klaimku otomatis palsu",bluffing
"gw bukan Hitman, cuma Civilian yang mempertanyakan kenapa semua orang ikut satu tuduhan",bluffing
semalam gw peek sebagai Stalker dan dapat hasil yang bertentangan dengan klaim si paling yakin,bluffing
"jangan langsung percaya counterclaim dia, aku Spy dan sudah menjalankan Guard semalam",bluffing
"mereka bilang gw mencurigakan karena diam, padahal aku Civilian; yang terlalu dominan malah belum tentu aman",bluffing
"gw stalker, semalam aku peek si Raka dan dia hitman",bluffing
"jangan vote aku, aku spy dan tadi malam sudah guard si Naya",bluffing
"sumpah gw civilian, tapi feeling gw si Dimas itu hitman",bluffing
"aku stalker asli, target peek-ku semalam aman, jadi jangan curiga ke aku",bluffing
"lu semua salah fokus, gw spy yang jagain korban tadi malam",bluffing
"fix si Bimo hitman, aku dapat info langsung dari kemampuan stalker",bluffing
"bukan gw pelakunya, peran gw civilian dan dari awal cuma baca pola",bluffing
"aku yakin banget aku spy, semalam aku guard si Tio meski hasilnya belum kelihatan",bluffing
"kalau gw hitman, harusnya dari tadi sudah ada yang kena gag order",bluffing
"gw stalker, dan hasil peek-ku bilang si Sari bukan civilian",bluffing
"jangan terpancing tuduhan mereka, aku spy yang lagi nutupin target penting",bluffing
"siapa pun yang vote aku bakal nyesel, gw punya role stalker dan bukti malam",bluffing
"aku civilian biasa, cuma teori gw si Fajar lagi pura-pura jadi spy",bluffing
"semalam gw guard si Lala, jadi kalau dia selamat itu bukan kebetulan",bluffing
"santai, aku stalker dan sudah tahu salah satu dari kalian hitman",bluffing
"gw bukan hitman, aku spy yang gagal guard karena targetnya pindah strategi",bluffing
"menurut info yang aku dapat sebagai stalker, si Rio jelas bukan warga biasa",bluffing
"aku berani klaim spy sekarang, dan hitman pasti bakal panik lihat ini",bluffing
"kalau mau aman, vote si Joko saja, aku sudah peek dia sebagai hitman",bluffing
"gw civilian, tapi klaim spy dari si Maya terlalu cepat dan mencurigakan",bluffing
"aku stalker beneran, cooldown-ku kepakai buat ngecek pemain yang paling mencurigakan",bluffing
"jangan bungkam gw, aku spy dan tuduhan ini cuma usaha hitman mengalihkan perhatian",bluffing
"si Niko itu hitman, gw tahu dari hasil peek semalam",bluffing
"aku bukan target empuk, peranku spy dan aku sudah memilih siapa yang dijaga",bluffing
"fix aku civilian, sedangkan si Oki cuma bluffing jadi stalker",bluffing
"kalian boleh curiga, tapi gw pegang role spy dan belum membuka semua info",bluffing
"semalam aku mengintip si Putri, hasilnya dia terdeteksi sebagai hitman",bluffing
"kalau aku hitman, kenapa dari tadi justru aku yang paling aktif nuduh orang",bluffing
"aku stalker, jadi klaim role si Reno itu kelihatan palsu banget",bluffing
"tolong jangan eksekusi aku, aku spy dan masih bisa menyelamatkan kita malam ini",bluffing
"gw Spy, semalam jagain Raka. Kalau dia diserang harusnya aman, jadi jangan vote dia dulu",bluffing
"aku Stalker, semalam peek Dito dan hasilnya Civilian. Kita tekan pemain lain aja",bluffing
"sumpah aku bukan Hitman, role-ku Spy. Lu bisa jadi partnerku buat ngawasin pola vote mereka",bluffing
"gue Stalker, target intipanku aman. Jangan buru-buru curiga ke gue cuma karena infonya belum kebukti",bluffing
"kalau kalian butuh anchor, aku Spy. Vote bareng aku ke Naya, geraknya paling mencurigakan",bluffing
"jangan eksekusi aku, aku Spy dan masih bisa guard satu orang malam ini. Kita kerja sama dulu",bluffing
"gw Stalker asli, tapi info peek belum bisa dibuka semua. Untuk sekarang percaya sama analisis gw",bluffing
"aku Spy, semalam cover si Bima. Kalau dia tiba-tiba selamat, berarti claim-ku valid",bluffing
"lu percaya gw aja, role gw Stalker. Siapa yang mau jadi partner buat ngebaca vote bareng?",bluffing
"bukan aku Hitmannya, aku cuma Spy yang lagi cari satu orang buat diamankan",bluffing
"semalam aku peek Ardi, hasilnya bukan Hitman. Jangan ikut arus vote ke dia, ya",bluffing
"gue punya role Stalker, jadi dari awal sengaja ngamatin kalian. Si Rani paling janggal",bluffing
"aku Spy dan bisa bantu cover kamu malam ini, asal kita satu suara pas tribunal",bluffing
"fix aku bukan pembunuh, aku Stalker. Ada satu hasil peek yang bikin aku yakin ke Fajar",bluffing
"kalau aku Hitman, ngapain terang-terangan claim Spy begini? Percaya dulu, kita amankan pemain yang mencurigakan",bluffing
"gw role Spy, jangan vote gw sekarang. Kita butuh dua orang yang saling back-up sampai pagi",bluffing
"aku Stalker, cooldown-ku baru jalan jadi belum bisa peek lagi. Tapi claim ini valid, sumpah",bluffing
"siapa pun yang mau aliansi, ikut aku. Aku Spy dan target guard-ku tadi malam aman",bluffing
"lu jangan percaya claim random mereka, gw Stalker yang udah punya hasil intipan jelas",bluffing
"aku bukan Civilian biasa, role-ku Spy. Malam ini kita bisa susun target perlindungan bareng",bluffing
"dengerin aku, semalam aku peek si Joko dan dia aman. Vote kita pindah ke orang yang paling pasif",bluffing
"gue Stalker, dan dari pola chat gue curiga berat sama Wina. Tolong dukung vote gue",bluffing
"aku Spy, tapi jangan sebut-sebut target guard-ku. Cukup percaya kalau aku punya alasan bela dia",bluffing
"kalau kalian mau selamat, bentuk duo sama aku. Aku Stalker dan bakal kasih info peek berikutnya",bluffing
"gw bukan Hitman, role gw Spy. Yang dari tadi maksa vote cepat itu sus banget",bluffing
"aku Stalker, sudah cek satu orang dan hasilnya aman. Kita jangan buang vote ke pemain itu",bluffing
"percaya aku sekali ini, aku Spy. Kalau prediksiku salah, besok kalian boleh vote aku",bluffing
"gue claim Stalker karena memang punya info malam. Si Deni aman, jadi cari tersangka lain",bluffing
"aku Spy yang lagi nyari partner tetap. Kamu bantu dukung vote-ku, nanti aku cover kamu",bluffing
"fix role-ku Stalker, bukan Hitman. Ikut analisis aku dan kita bisa bersihin mereka satu-satu",bluffing
"jangan geser vote ke gue, gw Stalker dan peek gue nunjukin Dimas Hitman",bluffing
"sumpah aku Spy, semalam jagain Naya, jadi jangan nuduh aku",bluffing
"gw Civilian murni, role gw gak punya skill, yang mencurigakan itu Bimo",bluffing
"fix gue Stalker, peek ronde lalu baca Kiki sebagai Hitman",bluffing
"kalian salah fokus, aku Spy dan tadi guard Rian, dia bukan musuh",bluffing
"gak mungkin aku Hitman, gw Civilian dari awal dan tetap yakin Tio sus",bluffing
"roleku Spy, jangan debat lagi, semalam aku lindungi Sasa",bluffing
"gw Stalker, hasil intipnya jelas Vero Hitman, bukan gw",bluffing
"aku bukan Hitman, aku cuma Civilian, bukti kalian ke gw gak nyambung",bluffing
"kalau mau eksekusi gw silakan, tapi aku Spy dan Arga target guard-ku",bluffing
"gw udah bilang dari awal aku Stalker, peek ke Fajar hasilnya merah",bluffing
"aku Civilian, gak punya alasan buat nyamar, justru Raka yang paling mencurigakan",bluffing
"jangan pindah target, gw Spy dan semalam nge-guard Lala",bluffing
"gue Stalker asli, percaya deh, identitas Miko udah kebaca Hitman",bluffing
"mau ada bukti apa lagi, aku Civilian dan teori gue tetap Bayu itu Hitman",bluffing
"gw Spy, bukan Hitman, tadi malam target guard-ku selamat karena dia diserang",bluffing
"aku Stalker dan gak bakal cabut tuduhan ini, Nino jelas musuh",bluffing
"sumpah role gw Civilian, dari tadi cuma bantu baca pola mereka",bluffing
"fix aku Spy, kalau kalian vote gue berarti kasih win gratis ke Hitman",bluffing
"gw Stalker, cooldown-ku memang ada, tapi hasil peek ke Rere valid banget",bluffing
"aku bukan sus, roleku Spy, dan gue yakin Dito yang harus dieksekusi",bluffing
"jangan termakan fitnah, gw Civilian biasa dan gak punya skill malam",bluffing
"gue Stalker, semalam peek ke Wawan hasilnya Hitman, pendapat gue gak berubah",bluffing
"aku Spy, udah jelas dari cara aku ngebela target guard kemarin",bluffing
"kalau kalian masih nuduh gw Hitman, berarti kalian abaikan fakta aku Civilian",bluffing
"gw Civilian dan tetap kunci vote ke Jaka, dia terlalu maksa ikut arus",bluffing
"role gue Stalker, Elsa ketahuan jahat dari peek gue, selesai",bluffing
"aku Spy, semalam nge-guard Gita, jadi jangan asal lempar tuduhan ke aku",bluffing
"gak ada ceritanya gw Hitman, aku Civilian dan dari awal curiga sama Oki",bluffing
"gw Stalker beneran, hasil intipku bilang Pasha Hitman, jangan bikin teori baru",bluffing
"gw stalker, semalam gw peek si Raka dan hasilnya civilian",bluffing
"aku spy, tadi malam aku guard si Naya",bluffing
"saya civilian, dari awal belum memakai skill apa pun",bluffing
"gw stalker, ronde lalu gw intip si Dimas",bluffing
aku semalam jaga si Vina sebagai spy,bluffing
"gw bukan hitman, role gw stalker dan peek gw masih cooldown",bluffing
"saya warga biasa, tadi malam hanya menunggu fase pagi",bluffing
"gw spy, target guard gw semalam si Bimo",bluffing
"aku stalker, hasil peek semalam menunjukkan si Tio aman",bluffing
"gw civilian, belum pernah melakukan aksi malam",bluffing
saya berperan sebagai spy dan malam tadi mengawal si Jeno,bluffing
"gw stalker, pekan lalu gw sudah peek si Sari",bluffing
"aku bukan pelaku malam, role aku civilian",bluffing
"gw guard si Fani semalam, aku pegang role spy",bluffing
"saya stalker, aksi peek saya dipakai di ronde sebelumnya",bluffing
"gw warga biasa, chat malam tadi juga terkunci buat gw",bluffing
"aku spy, malam pertama target guard aku si Aldi",bluffing
gw stalker dan tadi malam gw cek identitas si Wawan,bluffing
"saya civilian, tidak ada tombol aksi yang muncul di sisi saya",bluffing
"gw role spy, semalam gw pilih si Kiki buat dijaga",bluffing
"aku stalker, cooldown peek-ku baru aktif lagi ronde ini",bluffing
"gw bukan hitman, aku cuma civilian yang ikut voting",bluffing
"saya mengaku sebagai spy, target perlindungan saya malam tadi si Rian",bluffing
"gw stalker, ronde ini gw sudah melakukan peek ke si Bela",bluffing
"aku civilian, sepanjang malam tidak memilih target apa pun",bluffing
"gw spy, semalam aku guard si Oka",bluffing
saya stalker dan sebelumnya sudah melihat role si Yuda,bluffing
"gw warga biasa, sampai pagi cuma menunggu hasil tribunal",bluffing
"aku spy, aksi malamku tadi adalah menjaga si Caca",bluffing
"gw stalker, hasil peek-ku semalam ada di si Farel",bluffing
"semalam ada yang kena sandera, Spy jaga siapa?",probing
"Stalker, kalau sudah peek, target lu siapa dan hasilnya apa?",probing
"gw mau cocokkan pola, siapa yang punya aksi malam tadi?",probing
"Spy, lu bisa jelasin alasan milih target guard semalam?",probing
siapa yang tadi malam merasa jadi target Hitman?,probing
"kalau ada yang di-guard, coba sebutkan targetnya biar urutan aksinya jelas",probing
"Stalker, cooldown lu sudah kepakai atau belum?",probing
"lu yang klaim Spy, malam pertama guard siapa?",probing
ada yang bisa konfirmasi dirinya diserang tapi selamat?,probing
"aku butuh info objektif, siapa target Peek dan kapan dilakukan?",probing
"yang diam tadi malam, sebenarnya punya role aktif atau civilian?",probing
"siapa saja yang mengaku melakukan aksi malam, dan targetnya apa?",probing
"kalau target sandera tidak mau terbuka, kita bisa cek siapa yang paling diuntungkan",probing
"Stalker, identitas yang lu lihat semalam sesuai dugaan awal nggak?",probing
"Spy, kenapa lu tidak guard pemain yang paling dicurigai?",probing
ada yang mengalami efek Gag Order kemarin? Siapa pelakunya menurut kalian?,probing
"gw pengin tahu, target guard semalam dipilih berdasarkan bukti apa?",probing
siapa yang punya informasi identitas asli tapi masih menahan diri?,probing
apakah ada pemain yang berubah perilaku setelah fase malam?,probing
lu civilian murni atau punya aksi malam? Jawab biar jalur analisisnya jelas,probing
"kalau memang ada serangan, siapa yang paling mungkin jadi target Hitman?",probing
"Stalker, target peek lu pemain yang sama dengan dugaan mayoritas atau beda?",probing
"Spy, guard tidak boleh berulang, jadi malam sebelumnya lu lindungi siapa?",probing
siapa yang terakhir aktif sebelum chat malam dikunci?,probing
"ada yang bisa jelaskan kenapa target malam itu dipilih, bukan pemain lain?",probing
"aku minta semua role aktif sebutkan targetnya, meski informasinya masih bisa diperdebatkan",probing
"siapa yang punya alibi berbasis aksi malam, bukan sekadar klaim?",probing
"kalau lu benar Spy, hasil guard semalam seharusnya bisa mempersempit daftar tersangka, kan?",probing
"apakah ada yang sudah memakai cooldown Peek, atau belum ada klaim valid?",probing
"target sandera malam tadi siapa, menurut pola pilihan Hitman?",probing
siapa yang tahu kenapa tidak ada korban pagi ini?,probing
"Jangan asal nuduh gw hitman, kalau lu Spy semalam jagain siapa?",probing
"Gw udah bilang bukan pelakunya, sekarang jawab dulu siapa yang lu lindungi tadi malam",probing
"Kalau tuduhan ke aku sekuat itu, Stalker sebenarnya ngepeek siapa semalam?",probing
"Kok gw terus yang disorot, ada yang bisa jelasin target Guard malam pertama?",probing
"Sebelum vote aku, coba sebutin siapa yang punya info hasil Peek",probing
"Gw defensif karena dituduh tanpa bukti, memang siapa yang disandera tadi malam?",probing
"Lu yakin banget aku Hitman, emang Spy tahu siapa yang dia kawal?",probing
"Jangan lempar fitnah doang, siapa yang gerakannya ketahuan dari hasil intip?",probing
"Kalau aku benar Hitman, kenapa target semalam bisa selamat? Ada yang nge-Guard dia?",probing
"Gw mau klarifikasi, siapa yang mengaku punya info role dari Peek?",probing
"Tuduhan kalian muter di aku terus, ada yang bisa buka info siapa target Stalker?",probing
"Sebelum ngegas ke gw, coba tanya Spy semalam dia jagain siapa",probing
"Aku bukan Hitman, tapi yang aneh itu siapa yang tahu terlalu banyak soal aksi malam?",probing
"Kalau ada yang bilang aku pelaku, dasar informasinya dari siapa dan dia Peek siapa?",probing
"Lu nuduh gw karena apa, ada hasil pengintaian atau cuma baca chat doang?",probing
"Jangan eksekusi orang cuma karena feeling, siapa yang bisa konfirmasi korban semalam diserang?",probing
"Gw siap jawab, tapi Stalker juga harus bilang kapan terakhir kali dia Peek dan siapa targetnya",probing
"Kalau Spy memang aktif, kenapa sampai sekarang belum jelas siapa yang dia lindungi?",probing
"Kalian fokus ke aku, padahal belum ada yang nanya siapa target Hostage malam tadi",probing
"Aku bantah tuduhan ini, sekarang siapa yang punya petunjuk valid dari fase malam?",probing
"Biar jelas, ada yang melihat pola target Guard atau hasil Peek yang bisa dibagikan?",probing
"Kalau lu bukan Hitman, jelasin dong siapa yang menurut lu disandera dan kenapa",probing
"Gw curiga sama tuduhan ini, siapa yang pertama kali mengarahkan vote ke aku?",probing
"Jangan berlindung di balik asumsi, ada Spy yang bisa menyebut target pengawalannya?",probing
"Aku tidak punya alasan buat nyandera siapa pun, tapi kalian tahu tidak siapa korban malam ini?",probing
"Kok saksi malam pada diam, Stalker semalam dapat identitas siapa?",probing
"Kalau memang ada bukti aku Hitman, tunjukkan hasil Peek atau info Guard-nya",probing
"Gw mau dengar urutan aksi kalian, siapa yang pertama kali tahu ada serangan malam?",probing
"Tuduhan ke aku makin maksa, siapa yang bisa memastikan target Spy tidak diserang?",probing
"Sebelum nama gw dinaikkan ke Tribunal, coba gali dulu siapa yang punya info rahasia",probing
"oke, sebelum vote ke si A, Spy semalam nge-guard siapa? kita cocokkan sama pola serangannya",probing
"Stalker, kalau peek-mu sudah siap dipakai, kasih satu info sekarang biar kita arahkan vote ke si B",probing
"si C dari tadi nuduh orang tanpa dasar, ada yang tahu dia ngapain semalam?",probing
"gw mau kunci alurnya dulu, siapa yang punya info malam dan kenapa belum buka suara?",probing
"Spy jangan langsung sebut role, cukup kasih tahu target guard semalam siapa supaya kita bisa cek klaim si D",probing
"si E, lu bilang lihat sesuatu malam tadi, detailnya apa dan siapa yang menurutmu mencurigakan?",probing
"kalau memang kamu Civilian, jelaskan kenapa dari awal terus dorong vote ke si F",probing
"Stalker, hasil peek ronde lalu masih relevan nggak? sebut identitas yang paling bisa bantu kita eksekusi target",probing
"yang kena Gag Order tadi siapa? sebelum kita vote si G, jelaskan apakah dia sempat menyampaikan info penting",probing
"kita jangan muter-muter, si H mengaku punya peran apa dan dasar klaimnya dari mana?",probing
"Spy, target guard-mu malam ini siapa? jangan asal jawab karena kita perlu bandingkan dengan korban sebelumnya",probing
"si A tiba-tiba menghilang pas ditanya aksinya, ada yang bisa konfirmasi posisi atau klaimnya?",probing
"gw curiga si B cuma ikut arus, B jawab langsung: semalam lu pilih ngapain?",probing
apakah ada yang tahu siapa target serangan semalam? info itu bisa bantu kita sempitkan vote ke si C,probing
"Stalker, lu sudah pernah peek si D belum? kalau iya, kasih hasilnya sekarang sebelum tribunal ditutup",probing
"si E, kenapa lu yakin si F Hitman? sebutkan urutan kejadian yang bikin lu sampai pada kesimpulan itu",probing
"kita butuh pengakuan yang jelas, siapa yang bisa menjamin si G bukan Hitman?",probing
"Spy yang masih hidup, kasih petunjuk target guard-mu tanpa membocorkan identitas kalau memang takut ketahuan",probing
"si H, lu tadi kena diam mendadak atau memang sengaja tidak ikut diskusi? jelaskan sebelum kita arahkan vote",probing
"gw rangkum, si A tidak punya alibi dan si B klaimnya berubah; B, siapa yang lu lindungi atau intai semalam?",probing
"ada yang melakukan Peek di ronde ini? kalau ada, jangan simpan sendiri karena si C mulai jadi target utama",probing
"si D, lu voting siapa kemarin dan alasan sebenarnya apa? jawabanmu bakal menentukan arah vote kita sekarang",probing
"kalau si E benar Spy, target guard sebelumnya harus bisa dijelaskan; E, siapa yang kamu kawal?",probing
"Hitman mungkin lagi mainkan fitnah, jadi si F jawab: siapa pemain pertama yang kamu curigai dan kenapa?",probing
"si G terlalu cepat menuduh, ada bukti malam yang mendukung atau cuma feeling? buka informasinya sekarang",probing
"kita fokus ke tiga nama dulu, si H termasuk karena alibinya kosong; H, apa aksi malam-mu?",probing
"Stalker, cooldown-mu masih aktif atau sudah bisa Peek lagi? jawab itu dulu sebelum kita memilih si A",probing
"si B, kalau lu memang Civilian, siapa pemain yang paling layak kita selidiki dan apa alasannya?",probing
"ada yang dijaga Spy semalam? targetnya penting untuk membaca siapa yang mungkin jadi sasaran Hitman, jadi silakan klarifikasi",probing
"gw ambil kesimpulan sementara: klaim si C paling lemah; C, siapa yang bisa memvalidasi ceritamu dari fase malam?",probing
"eh gw baru masuk, semalam siapa yang di-Guard Spy?",probing
"bentar, konteksnya siapa yang kalian curigai dari aksi malam tadi?",probing
"gw ketinggalan, Stalker udah Peek siapa belum?",probing
"kalau ada Spy, tadi malam lu jaga siapa? jangan jawab umum dong",probing
"ulang ya, target Hostage semalam siapa dan ada yang lihat sesuatu?",probing
"dia bilang civilian, tapi ada yang sempat cek identitasnya?",probing
"gw baru nyimak, siapa yang terakhir kelihatan sebelum chat dikunci?",probing
"Spy, target Guard lu aman nggak? bisa kasih petunjuk sedikit?",probing
semalam Hitman nyandera siapa? gw belum nangkep pengumumannya,probing
"yang kena Gag Order tadi siapa, dan kenapa dia dibungkam?",probing
"ada Stalker yang sudah dapat hasil Peek ronde ini, atau belum?",probing
"aku belum paham alurnya, siapa yang punya info paling kuat soal malam tadi?",probing
"lu yakin lihat aksinya, atau cuma nebak dari timing?",probing
"kalau bukan lu yang dijaga, siapa yang menurutmu dilindungi Spy?",probing
"gw lupa, Guard bisa ke target yang sama lagi nggak? berarti target tadi siapa?",probing
"sebelum voting, boleh ulang siapa yang punya alibi malam?",probing
ada yang tahu siapa pertama kali dituduh Hitman tadi?,probing
"kamu semalam bertindak ke siapa, atau role-mu memang nggak punya aksi?",probing
"gw telat baca, siapa yang mendadak diam setelah Gag Order aktif?",probing
"Stalker, hasil Peek-mu ke siapa? kalau belum boleh sebut role, kasih arahan",probing
yang selamat dari serangan itu siapa? apa ada kemungkinan di-Guard?,probing
"eh ulang dari awal, korban Hostage tadi malam siapa ya?",probing
"kalau ada yang di-Guard, kenapa orang itu dianggap aman? siapa targetnya?",probing
"gw masih nyusun info, siapa yang tahu identitas asli pemain lain?",probing
Hitman bisa Gag Order mendadak kan? tadi yang dibungkam siapa sebenarnya?,probing
ada alasan kenapa lu ganti target Guard malam ini? target sebelumnya siapa?,probing
"jangan buru-buru vote, siapa yang terakhir kasih info valid?",probing
"aku belum lihat buktinya, Peek itu dilakukan ke siapa dan kapan?",probing
kalian dapat info dari mana kalau dia target serangan? siapa yang jaga?,probing
"fix gw ketinggalan, malam tadi masing-masing ngapain dan siapa targetnya?",probing
lu yang dijaga Spy semalam siapa? kok pede banget dari tadi,probing
"Spy, kalau memang ada, semalam lu guard siapa?",probing
"jangan cuma nuduh, coba bilang dulu siapa yang kamu lindungi tadi malam",probing
siapa yang tiba-tiba selamat dari sandera? ada yang mau ngaku dijaga?,probing
"gw mau cek, ada yang tahu target Guard semalam nggak?",probing
"kalau lu Spy, kenapa orang yang dicurigai malah nggak diserang Hitman?",probing
"aneh, dia selamat padahal paling mencurigakan; siapa yang jagain?",probing
"Spy jangan pasif, kasih petunjuk tipis soal target guard lu",probing
"kalian yang semalam hampir disandera, ada yang merasa dapat perlindungan?",probing
siapa di sini yang yakin dirinya di-Guard? jelasin alasannya,probing
"lu bilang aman, itu karena feeling atau ada Spy yang jagain?",probing
"kalau target Spy bukan kamu, kenapa kamu bisa lolos semalam?",probing
ada yang sengaja minta dijaga semalam? responsnya menarik nih,probing
gw curiga orang yang terlalu cepat mengaku aman; semalam lu di-Guard siapa?,probing
"Spy, jangan buka identitas, cukup sebut apakah targetmu masih hidup",probing
siapa yang paling mungkin jadi target Guard tadi malam menurut kalian?,probing
"kalau kamu benar Stalker, ada nggak pemain yang terlihat dilindungi?",probing
Hitman kelihatan gampang panik; siapa yang gagal disandera semalam?,probing
"jangan ngeles, dari semua pemain siapa yang menurut lu dijaga Spy?",probing
"kamu diam terus, apakah karena tahu siapa target Guard semalam?",probing
"fix ada yang selamat karena Guard, tapi kenapa nggak ada yang angkat tangan?",probing
siapa yang malam ini nggak bisa dijaga lagi karena sudah di-Guard kemarin?,probing
"kalau Spy mengawal orang yang sama dua malam, berarti dia bukan Spy dong?",probing
"aku cuma mau tahu, korban yang gagal diambil Hitman itu siapa?",probing
"lu nuduh dia Hitman, tapi bukannya dia mungkin baru saja diselamatkan Spy?",probing
ada yang punya alasan kenapa target paling mencurigakan masih hidup pagi ini?,probing
"kalau tidak ada yang mau mengaku, siapa yang paling diuntungkan dari Guard semalam?",probing
"mereka yang langsung defensif biasanya tahu sesuatu; siapa yang kamu jaga, sus?",probing
"boleh jujur sedikit, apakah lu menerima perlindungan dari Spy tadi malam?",probing
"kalau kamu Spy, pilihan target Guard-mu semalam siapa dan kenapa?",probing
"sebelum vote, gw pengin tahu siapa yang kalian lindungi atau intip tadi malam",probing
"lu ngaku Spy, tapi semalam guard siapa? jangan cuma klaim doang",probing
"kalau benar kamu Stalker, siapa yang kamu peek di ronde terakhir?",probing
"aneh, semua langsung percaya dia Civilian; ada yang tahu siapa yang dijaga semalam?",probing
"gw mau tanya, target guard kamu siapa tadi malam dan kenapa?",probing
siapa yang bisa memastikan klaim Spy itu? target yang dia lindungi masih hidup?,probing
"jangan ikut suara mayoritas dulu, ada yang bisa sebut hasil peek Stalker?",probing
"kalau kamu memang Stalker, kenapa baru buka info sekarang? siapa yang kamu intip?",probing
"dia terlalu dominan nuduh orang, coba jelasin semalam kamu ngapain dan targetmu siapa",probing
"katanya ada yang diserang Hitman, siapa yang merasa hampir jadi hostage?",probing
"lu bilang aman karena dijaga, memang siapa Spy yang nge-guard lu?",probing
"aku belum percaya klaim itu, target perlindunganmu semalam siapa sebenarnya?",probing
"yang ngaku tahu role orang, buktinya apa? siapa hasil peek kamu?",probing
"kok semua kompak nuduh B? siapa yang punya info malam, bukan sekadar feeling?",probing
"kalau Spy tidak boleh guard target yang sama, semalam dan sebelumnya kamu jaga siapa?",probing
"gw curiga sama yang paling keras ngomong, ada yang bisa tanya aksi malamnya langsung?",probing
kamu dapat info dari mana bahwa dia bukan Hitman? hasil peek atau asumsi?,probing
siapa yang semalam tidak bisa dijadikan target guard? jelasin urutan pilihanmu,probing
"jangan jawab aman saja, Spy biasanya punya target; kamu lindungi siapa tadi malam?",probing
"kalau klaim Stalker valid, ronde sebelumnya kamu peek siapa dan hasilnya apa?",probing
"ada yang benar-benar tahu korban hostage semalam, atau kita cuma nebak-nebak?",probing
lu nuduh dia karena apa? kamu sempat peek dia atau cuma ikut arus?,probing
"yang bilang dirinya Spy, sebutkan target guard tanpa muter-muter",probing
kenapa info ini baru keluar setelah diskusi ramai? kamu peek siapa sebenarnya?,probing
"aku skeptis sama klaim ramai-ramai ini, siapa yang punya bukti dari fase malam?",probing
"kalau kamu warga biasa, kenapa yakin banget dia Hitman? dapat bocoran dari siapa?",probing
"target yang kamu jaga semalam masih hidup, atau kamu sengaja menghindari jawabannya?",probing
"siapa yang menurut kalian diserang malam tadi, dan dasar dugaan itu apa?",probing
"dia mengaku sudah peek, tapi identitas siapa yang terlihat belum disebut; siapa orangnya?",probing
bisa jelaskan siapa yang kamu cover tanpa sekadar bilang kamu Spy?,probing
"jangan langsung eksekusi karena tekanan mayoritas, siapa yang punya informasi paling konkret?",probing
Semalam yang dikawal Spy siapa? Jangan bilang lu lupa,probing
"Gw curiga target Hitman tadi malam bukan random, ada yang tahu siapa dijaga?",probing
"Kalau ada Spy di sini, kenapa belum kasih sedikit petunjuk soal target guard?",probing
Siapa yang paling yakin dirinya aman semalam? Biasanya yang tahu itu bukan warga biasa,probing
"Lu diem terus, jangan-jangan lu tahu siapa yang di-Guard tapi pura-pura bingung",probing
Ada yang bisa jelasin kenapa korban malam ini mungkin orang yang dijaga Spy?,probing
"Menurut gw Spy semalam jagain pemain yang salah, siapa yang sebenarnya kalian lindungi?",probing
"Yang ngaku punya info, coba sebut siapa yang kalian curigai dijaga tadi malam",probing
"Fix ada yang tahu pola guard, tapi sengaja nahan info. Siapa yang mau buka suara?",probing
Kamu tadi malam merasa aman atau ada alasan khusus buat khawatir?,probing
"Kalau kamu Spy, target guard-mu semalam siapa? Atau takut ketahuan?",probing
Gw lempar teori: Hitman gagal nyulik karena targetnya dijaga. Ada yang merasa jadi target?,probing
Siapa yang paling mungkin dipilih Spy sebagai target perlindungan semalam?,probing
"Jangan cuma nuduh, kasih tahu dong siapa yang menurut kalian dapat guard",probing
"Ada yang berubah sikap setelah malam pertama, mungkin dia tahu identitas orang yang dijaga",probing
"Kalau korban selamat, menurut kalian siapa yang kemungkinan besar di-Guard?",probing
"Lu bilang punya feeling, dasar feeling lu apa? Tahu siapa yang dikawal?",probing
"Aku mau cek reaksi kalian, siapa yang semalam berharap dirinya dijaga Spy?",probing
"Yang paling cepat nuduh biasanya punya info. Lu tahu siapa target guard, ya?",probing
Apakah ada yang sengaja mendekati Spy supaya dijadikan target kawalan?,probing
Gw curiga pemain yang santai banget itu target perlindungan. Ada yang mau bantah?,probing
Siapa yang bisa memastikan dirinya bukan target Hitman tadi malam?,probing
"Boleh spekulasi sedikit, Spy lebih mungkin menjaga siapa di ronde ini?",probing
"Kalau kalian jadi Spy, siapa yang bakal kalian Guard dan kenapa?",probing
Gue rasa ada satu orang yang tahu dirinya aman. Coba lihat siapa yang langsung defensif,probing
Ada yang semalam merasa aksinya gagal? Reaksi kalian bisa jadi petunjuk,probing
"Kalau Spy tidak mau bicara, minimal kasih sinyal siapa yang patut kita percaya",probing
Kenapa lu yakin korban bukan orang yang sedang dikawal? Ada info rahasia?,probing
"Menurut teori gw, orang yang minta dibela tadi malam mungkin sedang memancing guard",probing
Siapa yang paling mungkin punya alasan untuk merahasiakan target perlindungan Spy?,probing
"gw mau bikin duo yang bisa dipercaya, semalam lu nge-guard siapa?",probing
"kalau kamu Spy, tadi malam kamu jaga siapa?",probing
ada yang bisa kasih petunjuk target Guard semalam tanpa buka role?,probing
lu ngerasa siapa yang paling mungkin diserang Hitman malam tadi?,probing
"Stalker, kalau sudah Peek, pemain mana yang menurutmu paling aman?",probing
siapa yang dari awal paling aktif ngajak orang lain ikut voting?,probing
"aku lagi cari satu partner, lu punya info malam yang bisa dibagi?",probing
semalam ada yang kamu lindungi atau kamu intip nggak?,probing
"kalau bukan Spy, kenapa lu yakin pemain itu aman?",probing
"menurut kalian, korban Hostage tadi malam kemungkinan ditarget karena apa?",probing
"lu semalam melakukan aksi ke siapa, atau belum bisa cerita?",probing
ada yang lihat pola target Hitman dari dua ronde terakhir?,probing
"kamu percaya siapa sejauh ini, dan dasarnya dari info apa?",probing
siapa yang paling mencurigakan setelah Gag Order tadi?,probing
"kalau lu punya hasil Peek, boleh kasih alignment tanpa sebut peran?",probing
"gw pengin kerja sama sama satu orang, lu ada info valid soal pemain lain?",probing
siapa yang menurut lu sedang diproteksi Spy tadi malam?,probing
"yang diam setelah korban disandera itu siapa aja, ada yang aneh nggak?",probing
lu vote dia karena info malam atau cuma feeling?,probing
ada yang bisa jelasin kenapa target Guard-nya dipilih?,probing
"kalau kamu bilang dia aman, sumber keyakinanmu apa?",probing
"Stalker, cooldown Peek-mu sudah kepakai atau belum?",probing
siapa yang paling mungkin punya informasi tapi sengaja menahannya?,probing
semalam lu fokus ngawasin siapa dari pola chat-nya?,probing
"menurut lu, Hitman bakal pilih target yang vokal atau yang dipercaya?",probing
"aku butuh partner buat voting, lu sebenarnya curiga ke siapa?",probing
ada yang sempat dapat sinyal dari Spy soal orang yang dijaga?,probing
"kenapa lu membela dia terus, punya info rahasia atau cuma feeling?",probing
"dari semua pemain, siapa yang paling layak kita lindungi di voting ini?",probing
"kalau ada yang tahu identitas asli seseorang, bisa kasih clue sedikit?",probing
"lu Spy kan? Semalam lu jaga siapa, jangan muter-muter",probing
"gw tetap curiga ke lu, spill target Guard lu tadi malam",probing
"kalau memang Spy, siapa yang lu kawal semalam?",probing
"jangan alihin topik, target yang lu lindungi siapa?",probing
"fix teori gw lu Spy, sekarang buktiin dengan sebut orang yang dijaga",probing
"lu bilang punya info, tapi belum jawab semalam jagain siapa",probing
siapa yang lu Guard tadi malam? Jawab simpel aja,probing
"gw nggak peduli alibi baru, lu malam tadi cover siapa?",probing
"kalau lu Spy beneran, harusnya tahu siapa yang lu selamatkan",probing
"jangan cuma bilang aman, target pengawalan lu siapa?",probing
"menurut gw lu nyimpen role, jadi spill siapa yang dijaga",probing
"lu terlalu defensif, semalam lu pasang Guard ke siapa?",probing
"aku tetap pegang dugaan ini, kamu Spy atau bukan? Siapa targetmu tadi malam?",probing
"mereka bisa debat apa aja, tapi gw mau tahu siapa yang dikawal",probing
"lu ngaku pelindung tapi targetnya dirahasiakan terus, siapa orangnya?",probing
"bukti baru nggak ngubah pendirian gw, sebutkan target Guard lu",probing
"si A katanya selamat, itu karena lu jaga dia semalam bukan?",probing
"jangan jawab pakai teori, kasih tahu siapa yang kamu lindungi",probing
"gw curiga lu tahu serangan malam, target yang lu kawal siapa?",probing
"kalau cooldown bukan alasan, malam tadi Guard lu jatuh ke siapa?",probing
"lu bisa aja ngarang, tapi tetap jawab: siapa target Spy lu?",probing
"dari awal gw bilang lu Spy, sekarang konfirmasi siapa yang lu cover",probing
siapa yang lu pilih buat dijaga? Jangan bilang lupa,probing
"jawaban lu makin bikin sus, semalam lu nge-Guard siapa?",probing
"aku belum percaya alibimu, target perlindunganmu tadi malam siapa?",probing
"lu memang sengaja nutupin orang yang dijaga, ya? Sebut namanya",probing
"kalau lu bukan Hitman, bongkar info Guard lu semalam",probing
"gw sudah kunci teori ke lu, tinggal bilang siapa yang lu selamatkan",probing
target yang kamu lindungi semalam siapa? Ini penting sebelum voting,probing
"semua orang sudah kasih alibi, giliran lu jawab siapa yang dikawal",probing
"semalem siapa yang lu guard, kalau boleh sebut?",probing
"Spy, target Guard kamu tadi malam siapa?",probing
"aku mau catat, malam tadi ada yang kamu lindungi nggak?",probing
yang kena Hostage tadi malam sempat dijaga siapa?,probing
"gw belum dapat info soal Guard, Spy-nya bisa sebut target?",probing
tadi malam kamu jaga pemain yang mana?,probing
"kalau kamu Spy, siapa yang kamu kawal semalam?",probing
malam pertama kamu Guard siapa?,probing
"aku cuma mau cocokkan urutan aksi, target Guard tadi malam siapa?",probing
siapa yang berada dalam perlindungan Spy semalam?,probing
"yang di-Guard malam ini siapa, bisa kasih tahu?",probing
tadi malam ada yang kamu lindungi dari serangan Hitman?,probing
lu sempat pakai Guard ke siapa semalam?,probing
"Spy, kamu ganti target atau tetap jaga orang yang sama?",probing
malam tadi target perlindunganmu siapa?,probing
aku ingin tahu siapa yang dijaga sebelum fase Tribunal pagi ini,probing
ada yang menerima Guard semalam? targetnya siapa?,probing
kamu melakukan Guard ke pemain mana pada ronde tadi malam?,probing
"gw catat semua klaim, yang jadi target Guard siapa?",probing
siapa yang kamu pilih untuk dikawal saat chat dikunci?,probing
"semalam aku tidak tahu aksi malam, jadi Spy targetnya siapa?",probing
"kalau boleh terbuka, kamu Guard siapa di ronde sebelumnya?",probing
pemain yang kamu lindungi tadi malam masih hidup atau tidak?,probing
"target Guard malam lalu siapa, aku perlu urutan infonya",probing
"aku mau tanya langsung, siapa yang kamu kawal saat fase malam?",probing
tadi malam ada klaim Spy yang sudah menyebut target belum?,probing
lu jaga siapa sebelum pagi ini dimulai?,probing
target Guard kamu berubah dari ronde sebelumnya atau tidak?,probing
siapa nama pemain yang kamu lindungi semalam?,probing
"aku ingin menggali info aksi malam, Spy memilih siapa untuk dijaga?",probing
"jangan fokus ke gw dulu, pola diamnya si B lebih mencurigakan",deflecting
"kalau mau cari hitman, cek si C yang dari tadi cuma ikut vote",deflecting
"tuduhan ke gw belum ada buktinya, malah si D sempat ubah argumen mendadak",deflecting
"gw belum tentu salah, kenapa perilaku si A yang aneh malah dilewatin",deflecting
"lu nuduh gw karena apa, sementara si B jelas menghindari pertanyaan",deflecting
"kalau gw hitman, ngapain gw buka pola voting si C dari awal",deflecting
"bukan gw yang perlu dijelaskan, si D malah hilang setelah ada korban",deflecting
"fokus kalian salah arah, inkonsistensi terbesar justru ada di si A",deflecting
"aku bisa jawab tuduhan ini, tapi jelaskan dulu kenapa si B ganti target vote",deflecting
"jangan asal lempar ke gw, bukti perilaku si C lebih kuat mengarah ke hitman",deflecting
"kalau cuma karena gw beda pendapat, itu lemah; cek saja koordinasi si D",deflecting
"gw tidak sedang menghindar, tapi si A belum menjawab soal voting malam tadi",deflecting
"tuduhan ini terasa dipaksakan, sementara si B punya alasan paling minim",deflecting
"lu bilang gw mencurigakan, tapi siapa yang pertama membungkam diskusi tadi",deflecting
"aku warga biasa, jadi lebih masuk akal kita periksa klaim si C dulu",deflecting
"jangan terjebak narasi tentang gw, urutan vote si D jauh lebih janggal",deflecting
"kalau ada yang mau dieksekusi, si A lebih layak diprioritaskan dari gw",deflecting
"gw siap diuji, tapi si B terus menggiring opini tanpa data",deflecting
"yang menyerang gw sekarang cuma menguntungkan si C, coba lihat siapa yang paling diuntungkan",deflecting
"bukan berarti gw diam lalu hitman, si D malah aktif menutupi celah argumennya",deflecting
"tuduhan ke aku belum konsisten, sedangkan alibi si A berubah dua kali",deflecting
"kalian boleh curiga ke gw, tapi jangan abaikan pola vote si B yang selalu ikut mayoritas",deflecting
gw jawab setelah si C menjelaskan kenapa targetnya berubah mendadak,deflecting
"kalau analisisnya objektif, si D punya lebih banyak red flag daripada aku",deflecting
"jangan pakai satu ucapan buat menuduh gw, cek saja respons si A saat korban muncul",deflecting
"lu nyari kambing hitam karena gampang, padahal si B yang paling sering memelintir info",deflecting
"aku tidak menolak pemeriksaan, tetapi alasan si C menuduhku sama sekali tidak jelas",deflecting
"fix bukan gw yang paling mencurigakan, si D bahkan belum memberi kontribusi konkret",deflecting
"sebelum vote gw, bandingkan dulu klaim si A dengan hasil voting kemarin",deflecting
"kalau gw hitman, kenapa si B yang terus mendorong eksekusiku sejak awal",deflecting
"bukan gw, coba cek yang dari tadi maksa vote gue",deflecting
"kalau aku sus, kenapa si A diem terus dari awal",deflecting
"jangan fokus ke aku, gerak-gerik si B lebih aneh",deflecting
"gw cuma ikut vote mayoritas, yang mencurigakan malah si C",deflecting
"serius bukan aku, tadi si D paling cepat nuduh",deflecting
"kalau mau vote aku silakan, tapi si E lebih fix hitman",deflecting
"aku nggak punya info, coba tanya si F yang banyak ngarahin",deflecting
"yang harus dijelasin itu si G, bukan aku",deflecting
"gw pasif doang, sus-nya justru pemain yang dari tadi ngoceh",deflecting
"jangan asal lempar ke aku, lihat dulu siapa yang belok-belok",deflecting
"kalau aku hitman, ngapain dari tadi cuma ikut arus",deflecting
"si H lebih patut dicurigai, dia ganti target terus",deflecting
"bukan gue, tadi yang mulai framing itu si I",deflecting
"aku ikut keputusan kalian, tapi si J kelihatan paling panik",deflecting
"vote aku kalau yakin, cuma menurutku si K lebih merah",deflecting
"gw nggak tahu apa-apa, yang sok punya info malah si L",deflecting
"kok gue terus yang dibahas, si M juga belum kasih alasan",deflecting
"coba alihin ke si N, responsnya dari tadi nggak konsisten",deflecting
"aku warga biasa, yang main aman sambil nuduh itu si O",deflecting
"kalau bukan si P, ya si Q, tapi jangan langsung kunci aku",deflecting
"gw cuma jawab seperlunya, beda sama si R yang terlalu ngatur",deflecting
"yang nge-push vote paling keras biasanya patut dicek, tuh si S",deflecting
"aku nggak punya pembelaan panjang, tapi tuduhan ke si T lebih masuk",deflecting
"jangan keburu eksekusi aku, cek dulu siapa yang diuntungkan",deflecting
"si U dari tadi numpang suara, malah lebih mencurigakan",deflecting
"kalau mayoritas mau vote aku, ya sudah, tapi si V tetap sus",deflecting
"aku nggak bisa buktiin banyak, cuma si W yang kelihatan nutup-nutupin",deflecting
"yang nuduh gue tanpa dasar itu si X, mungkin dia yang panik",deflecting
"gw aman kok, fokus ke si Y yang terus ganti cerita",deflecting
"aku ikut alur aja, tapi menurut chat tadi si Z paling mencurigakan",deflecting
"lu nuduh gw terus, padahal dari tadi si A yang paling maksa vote ke gw",deflecting
"gw bukan hitman, coba cek kenapa si B malah diem pas ditanya",deflecting
"jangan lempar isu ke gw, timing si C jauh lebih mencurigakan",deflecting
"kalau argumen lu cuma karena gw telat chat, itu lemah banget, mending bahas si D yang ngilang",deflecting
"gw udah jelasin posisi gw, sekarang jawab dulu kenapa lu dari awal ngarahin semua orang ke gw",deflecting
"bukan gw yang aneh, si E malah ganti-ganti tuduhan tiap ada yang bantah",deflecting
"lu nuduh tanpa bukti, sementara si F jelas menghindari pertanyaan soal target malam",deflecting
"gw cuma defensif karena diserang, yang mulai bikin narasi itu si A",deflecting
"kalau gw Hitman, ngapain gw malah dorong diskusi terbuka? lihat si B yang terus bikin orang bingung",deflecting
"jangan asal vote gw, pola si C lebih cocok sebagai Hitman yang lagi cari kambing hitam",deflecting
"gw belum ngomong banyak bukan berarti jahat, si D justru terlalu aktif mengatur arah vote",deflecting
lu fokus banget ke gw sampai lupa si E tadi ketahuan kontradiksi,deflecting
"aku sudah jawab semua, sekarang giliran kamu jelaskan kenapa membela si F mati-matian",deflecting
"yang perlu dicurigai bukan gw, tapi orang yang pertama kali menuduh tanpa dasar",deflecting
"fix bukan gw yang cari aman, si A dari tadi numpang di balik suara orang lain",deflecting
"kalau mau cari Hitman, periksa si B yang selalu muncul pas voting doang",deflecting
"gw nggak akan nerima tuduhan kosong, coba lihat gerak-gerik si C yang terus lempar isu",deflecting
"argumen lu muter di gw terus, padahal si D punya alibi paling bolong",deflecting
"jangan jadikan gw target gampang, si E malah bungkam setelah ditanya soal peek",deflecting
"gw civilian, dan tuduhan ini cuma menguntungkan si F yang dari tadi memanas-manasi chat",deflecting
"lu bilang gw mencurigakan karena berubah pendapat, tapi si A malah ikut vote tanpa alasan",deflecting
"bukan gw yang menghindar, si B yang belum pernah kasih analisis jelas sejak ronde pertama",deflecting
"kalau kalian benar-benar mikir, pola si C lebih aneh daripada respons gw",deflecting
"gw dituduh cuma karena paling vokal, padahal si D sengaja pasif biar lolos radar",deflecting
"jangan terpancing narasi si E, dia yang sejak awal memelintir ucapan gw",deflecting
lu mau eksekusi gw berdasarkan feeling? mending cek dulu kenapa si F terus melindungi si A,deflecting
"aku tidak perlu mengarang pembelaan, tapi kalian perlu tanya siapa yang paling diuntungkan dari vote ke aku",deflecting
"gw memang salah baca situasi, tapi itu beda jauh dari jadi Hitman; si B justru sengaja mengarahkan salah",deflecting
"tuduhan ke gw terlalu dipaksakan, sementara si C punya perubahan sikap paling mencolok",deflecting
"kalau masih maksa vote gw, berarti kalian sedang membiarkan si D lolos tanpa diperiksa",deflecting
"gw udah jelasin alibi, sekarang mending cek si Raka yang dari awal ngarahin vote ke gw",deflecting
"jangan kejebak tuduhan kosong, lihat aja si Bimo yang paling panik sejak fase pagi",deflecting
"kalau gw hitman, ngapain gw seaktif ini? yang mencurigakan justru Dika karena terus numpang arus",deflecting
"tuduhan ke gw belum ada buktinya, sementara si Naya malah hilang tiap diskusi penting",deflecting
"kita jangan buang vote ke gw, fokus ke pemain yang jawabannya muter-muter, yaitu si Tio",deflecting
"gw bisa jawab tuduhan ini, tapi sebelum itu jelasin dulu kenapa si Adit ganti target mendadak",deflecting
"yang nuduh gw paling keras malah belum kasih analisis sama sekali, fix dia cuma cari kambing hitam",deflecting
"santai, posisi gw masih masuk akal; sekarang cek si Vina yang dari tadi ikut vote tanpa alasan",deflecting
"bukan gw sumber masalahnya, lihat pola si Reno yang selalu muncul setelah ada korban",deflecting
"daripada debat soal gw terus, mending kita eksekusi si Fajar yang alibinya paling bolong",deflecting
"gw terbuka buat dicek, tapi si Lala harus jelasin kenapa dia langsung lempar nama gw",deflecting
"kalau kalian mau objektif, target berikutnya jelas si Gita, bukan gw yang cuma menyusun analisis",deflecting
"tuduhan ini terasa dipaksakan, sementara si Yuda dari tadi sengaja bikin diskusi melebar",deflecting
"gw bukan target yang tepat, justru si Seno kelihatan banget lagi mengendalikan voting",deflecting
"jangan asal ikut suara mayoritas, cek dulu si Mira yang jawabannya berubah dua kali",deflecting
"siapa pun yang terus maksa vote gw, tolong jelaskan kenapa si Kiki yang lebih mencurigakan dilewatkan",deflecting
"gw udah kasih rangkuman situasi, dan dari semua nama si Ojan paling layak kita tekan sekarang",deflecting
"kalau memang ada bukti lawan gw, keluarkan; kalau tidak, kita pindahkan fokus ke si Wira",deflecting
"aneh, kenapa cuma gw yang disorot padahal si Beni bahkan belum kasih kontribusi satu pun",deflecting
"aku tidak akan terpancing, tapi pola diam lalu ikut vote milik Sari jauh lebih patut dicurigai",deflecting
"kamu boleh curiga ke aku, tapi jelaskan dulu aksi si Danu yang selalu aman setelah malam",deflecting
gw rasa tuduhan ini sengaja dibuat buat nutupin gerak-gerik si Riko,deflecting
"posisi gw sudah jelas, sekarang giliran Tania menjawab kenapa targetnya selalu berubah",deflecting
"kita jangan kasih Hitman celah dengan voting emosional, tekan si Bagas yang paling inkonsisten",deflecting
"dari tadi gw yang dibahas, padahal si Niko terus mengarahkan semua orang tanpa alasan jelas",deflecting
"kalau mau ambil keputusan cepat, coret gw dari target dan pindahkan vote ke si Elsa",deflecting
"dia nuduh gw karena takut dibongkar, jadi sekarang kita balik pertanyaan ke dia",deflecting
"gw siap diuji, tetapi yang harus menjelaskan diri sekarang adalah si Putra dengan alibi kosongnya",deflecting
"jangan biarkan narasi si Joko menguasai tribunal, menurutku dia yang paling layak dieksekusi",deflecting
"aku tidak menghindar, aku cuma menunjukkan bahwa si Lia punya pola perilaku yang lebih mencurigakan",deflecting
"lu fokus banget nuduh gw, padahal yang dari tadi ngilang itu si B",deflecting
"kalau gw Hitman, ngapain malah buka suara duluan? cek aja si D yang pasif",deflecting
"jangan kejebak sama pembelaan si C, dia yang paling cepat lempar nama gw",deflecting
"tuduhan ke gw gampang banget, coba jelasin dulu kenapa si A nolak kasih alibi",deflecting
"gw bukan target utama kalian, yang responsnya muter-muter itu justru lebih mencurigakan",deflecting
"kalian sibuk ngejar gw, sementara si E bebas banget ngarahin voting",deflecting
"kalau mau cari Hitman, lihat siapa yang diuntungkan dari gw dieksekusi, bukan cuma omongan gw",deflecting
"si F nuduh gw tanpa dasar, fix dia lagi nyiapin kambing hitam",deflecting
"aku tidak perlu membela diri panjang-panjang, lebih baik periksa kenapa si G terus menghindari pertanyaan",deflecting
"lu bilang gw mencurigakan, tapi sejak awal lu sendiri yang mengatur arah diskusi",deflecting
jangan asal vote gw sebelum si H menjelaskan kenapa dia berubah target mendadak,deflecting
"yang paling keras teriak biasanya punya alasan buat nutupin jejak, tanya si C dulu",deflecting
"gw dituduh karena aktif, tapi si D yang diam total malah dianggap aman, lucu juga",deflecting
"kalau kalian percaya gw Hitman, kenapa tidak bahas aksi si A yang selalu ikut vote terakhir",deflecting
"si B sengaja mancing reaksi gw, tapi dia belum jawab soal alibinya sendiri",deflecting
"bukan gw yang perlu ditekan, coba lihat siapa yang langsung membela si F",deflecting
"kalian keburu terpancing, tuduhan paling lemah justru datang dari si E",deflecting
"gw siap di-tribunal kalau si G juga ikut menjelaskan perannya, jangan cuma lempar nama",deflecting
"si H nuduh gw setelah chat-nya dibuka lagi, jangan-jangan dia cuma mau balikkan keadaan",deflecting
"kalau aku Hitman, kenapa target malam kemarin bukan pemain yang paling mengancamku?",deflecting
"lu boleh curiga sama gw, tapi pola voting si A jauh lebih aneh dari semua omongan gw",deflecting
"jangan termakan gaya sok yakin si B, dia belum kasih satu bukti pun tentang gw",deflecting
"yang minta gw dibungkam itu siapa? si C kan, mungkin dia takut pertanyaannya balik ke dia",deflecting
"gw cuma jawab tuduhan, kenapa kalian tidak mempertanyakan si D yang mulai nuduh tanpa dipancing?",deflecting
"si E terus mengarahkan kita ke gw, padahal dia sendiri belum pernah kasih posisi yang jelas",deflecting
"kalau si F benar Spy, harusnya dia tidak segugup ini saat ditanya siapa yang di-guard",deflecting
"tuduhan ini terlalu rapi, kayaknya si G sedang menutupi peran orang lain",deflecting
"aku tidak akan ikut drama si H, lebih baik kita cek siapa yang paling diuntungkan dari kekacauan ini",deflecting
"lu nuduh gw cuma karena gw beda pendapat, sementara si A dari tadi ikut arus tanpa alasan",deflecting
"jangan eksekusi gw dulu, si B yang mengubah fokus diskusi tiap kali alibinya ditanya",deflecting
kenapa gw terus yang disorot? dari tadi si Dimas malah pasif banget,deflecting
"jangan buru-buru vote aku, coba tanya si Raka yang jawabannya muter-muter",deflecting
"gw udah jelasin posisi gw, sekarang bahas kenapa Naya ngilang pas ditanya",deflecting
"kalau mau cari Hitman, cek pemain yang paling diuntungkan dari keributan ini",deflecting
"bukan gw yang aneh, justru si Bimo tiba-tiba nuduh tanpa bukti",deflecting
"lu fokus banget ke gw, padahal si Caca dari tadi ikut mengarahkan vote",deflecting
"aku bisa jawab tuduhan ini, tapi sebelumnya jelaskan dulu kenapa kamu ganti target mendadak",deflecting
"sus, jangan terpancing. Yang lebih mencurigakan itu mereka yang ikut vote tanpa alasan",deflecting
"kalau gw Hitman, ngapain gw bikin posisi sendiri kelihatan begini? lihat si Tio aja",deflecting
"tuduhan ke aku masih asumsi, sedangkan gerak-gerik Fajar dari ronde lalu lebih janggal",deflecting
"jangan lempar kesalahan ke gw cuma karena gw diam, perhatikan si Lina yang terlalu agresif",deflecting
"gw rasa kalian salah fokus, ancaman sebenarnya ada di antara yang ikut menekan gw",deflecting
"sebelum vote aku, coba minta si Reno jelasin kenapa dia terus membela orang yang sama",deflecting
"aku tidak menghindari pertanyaan, tetapi pola voting Ardi jauh lebih mencurigakan",deflecting
"lu bilang gw mencurigakan, tapi belum jawab kenapa semalam pilih target itu",deflecting
"yang mulai nuduh duluan justru si Wawan, mungkin dia sedang mengalihkan perhatian",deflecting
"fix ini pengalihan isu, gw diserang supaya kita lupa sama pemain yang pasif",deflecting
"kalau memang ada bukti, sebutkan. Jangan biarkan si Sari memimpin opini tanpa dasar",deflecting
"gw siap diinvestigasi, tapi setelah itu kita cek juga klaim palsu dari si Joko",deflecting
"menurutku tekanan ke aku tidak berdasar, sementara Niko terus mengubah ceritanya",deflecting
"aku bukan target yang paling masuk akal, lihat siapa yang paling sering mengarahkan tribunal",deflecting
"jangan cuma dengar suara paling keras, si Vina juga belum memberi penjelasan jelas",deflecting
"kamu boleh curiga ke aku, tapi alasan Beni ikut-ikutan vote lebih tidak masuk akal",deflecting
"gw udah terbuka dari awal, sekarang giliran si Galih menjelaskan aksinya",deflecting
"yang bikin situasi kacau bukan gw, tapi pemain yang sengaja memecah fokus kita",deflecting
"kalau aku benar Hitman, kenapa tuduhan pertama malah datang dari si Yuda?",deflecting
"coba bandingkan jawabanku dengan punya Rina, dia terus menghindari pertanyaan inti",deflecting
"gw ngerti kalian curiga, tapi jangan abaikan perubahan sikap si Aldi sejak pagi",deflecting
"daripada langsung eksekusi aku, lebih baik periksa pemain yang paling diuntungkan dari kematian tadi",deflecting
"aku akan menerima vote kalau perlu, tetapi pola defensif Sinta jauh lebih perlu dibahas",deflecting
"jangan fokus ke gw terus, cek dulu si R yang dari awal maksa vote",deflecting
"lu nuduh gw karena apa? yang lebih mencurigakan justru si B, dia paling dominan",deflecting
"kalau gw Hitman, ngapain terang-terangan begini? mending lihat gerak-gerik si D",deflecting
"kalian keburu ikut mayoritas, padahal si C jawabannya muter-muter dari tadi",deflecting
"bukan gw yang harus menjelaskan terus, si A malah hilang pas ditanya soal malam",deflecting
"tuduhan ke gw masih asumsi doang, coba bahas kenapa si E langsung ikut arus",deflecting
"gw skeptis sama analisis itu, yang lebih patut dicurigai ya pemain yang terus mengarahkan vote",deflecting
"kalau mau eksekusi, jangan asal karena gw beda pendapat, cek si F yang diam-diam ngikutin semua orang",deflecting
"lu bilang gw defensif, tapi si B juga menghindar setiap ditanya targetnya",deflecting
"jangan lempar kesalahan ke gw cuma karena argumen lu mentok, bahas si C dulu",deflecting
"gw bukan Hitman, tapi si D jelas terlalu cepat menyimpulkan siapa yang bersih",deflecting
"aneh, kenapa cuma gw yang disorot? si A sejak awal malah nyetir diskusi",deflecting
kalian yakin vote gw bukan karena ikut-ikutan? menurut gw si E lebih mencurigakan,deflecting
"kalau bukti lu cuma gw banyak ngomong, berarti si F yang pasif juga harus dicek",deflecting
"gw bisa jawab, tapi sebelum itu jelaskan kenapa si B berubah cerita dua kali",deflecting
"jangan percaya suara terbanyak mentah-mentah, si C yang paling keras nuduh malah belum kasih alasan",deflecting
"yang nge-push gw itu siapa? si D kan, padahal dia sendiri belum pernah kasih info jelas",deflecting
"fitnah gampang banget dilempar ke gw, sementara si A bebas karena cuma ikut pendapat mayoritas",deflecting
"lu curiga sama gw karena tidak ikut vote awal, tapi si E justru langsung mengunci target",deflecting
"saya rasa tuduhan ini terlalu cepat, mari periksa peran dan sikap si F terlebih dahulu",deflecting
"gw tidak sedang menghindar, gw cuma heran kenapa si B terus mengubah arah pembahasan",deflecting
"kalau memang gw sus, kenapa bukan si C yang dari tadi memimpin tekanan ke gw?",deflecting
"jangan jadikan gw kambing hitam, lihat si D yang selalu muncul saat voting mulai panas",deflecting
"pendapat lu belum membuktikan apa-apa, malah si A lebih mencurigakan karena terlalu yakin",deflecting
"gw siap menjawab, tapi si E yang menuduh harus menjelaskan kenapa dia membela si F",deflecting
"mayoritas belum tentu benar, apalagi si B kelihatan sengaja membentuk opini dari awal",deflecting
"lu bilang gw terlalu banyak bicara, tapi si C yang terus memotong orang lain juga mencurigakan",deflecting
"daripada eksekusi gw berdasarkan vibe, coba tanya si D kenapa dia menghilang saat diskusi penting",deflecting
"bukti terhadap gw lemah banget, sedangkan si A punya alibi yang berubah-ubah",deflecting
"aku tidak yakin dengan tuduhan ini, justru pola si E lebih mirip pemain yang sedang menutupi sesuatu",deflecting
"gw dituduh terus, padahal yang dari tadi ngilang pas diskusi itu lebih mencurigakan",deflecting
"kalau aku Hitman, kenapa semalam targetnya bisa selamat? Coba cek si Raka yang paling ngotot nuduh aku",deflecting
"jangan fokus ke gw dulu, lihat aja siapa yang paling cepat ikut vote tanpa alasan jelas",deflecting
"lu nuduh gw karena panik, atau emang mau nutupin gerak-gerik lu sendiri?",deflecting
"aku cuma civilian, tapi si Dimas dari tadi jawabannya berubah-ubah terus",deflecting
"katanya gw mencurigakan, padahal yang minta orang lain diam itu justru lu",deflecting
"fix ini pengalihan isu, si Naya nuduh gw biar perhatian nggak ke dia",deflecting
"kalau mau cari Hitman, jangan cuma lihat orang yang membela diri, cek si Bimo yang pasif banget",deflecting
"gw belum tentu benar, tapi pola si Tio lebih aneh daripada tuduhan kalian ke aku",deflecting
kenapa cuma gw yang disorot? Siapa yang pertama kali lempar nama gw tadi?,deflecting
"lu bilang gw defensif, tapi lu sendiri langsung nyerang tanpa bukti sama sekali",deflecting
"sumpah, yang paling mencurigakan malah si Fajar karena dia selalu ikut suara mayoritas",deflecting
"jangan terpancing sama omongan gw, tapi serius, gerakan si Sari lebih mirip Hitman",deflecting
"aku bisa jelasin posisiku, tapi sebelumnya tolong tanya kenapa si Joko diam saat dituduh",deflecting
"kalau gw benar Hitman, mestinya gw nggak akan sejelas ini nunjuk si Ardi",deflecting
ini kayaknya ada yang sengaja lempar gw buat nutupin Stalker atau Hitman asli,deflecting
"lu terlalu fokus ke satu target, padahal si Rina dari tadi mengarahkan vote ke siapa pun yang beda pendapat",deflecting
"gw nggak takut ditanya, tapi jawaban si Kevin soal malam pertama jauh lebih janggal",deflecting
"daripada debat soal gw, mending bahas kenapa si Lala tiba-tiba membela orang yang belum dituduh",deflecting
"aku memang belum punya bukti, tapi instingku bilang si Wawan sedang memancing kita",deflecting
yang nuduh gw pertama kali siapa? Biasanya Hitman mulai dari kambing hitam yang gampang,deflecting
"kalau kalian percaya gw mencurigakan, silakan, tapi jangan abaikan si Mira yang terus mengubah topik",deflecting
"gw dituduh karena aktif, sedangkan pemain yang pasif total malah dibiarkan, aneh nggak?",deflecting
"bisa jadi aku salah, tapi si Bayu kelihatan terlalu siap membalikkan semua tuduhan",deflecting
"jangan langsung eksekusi gw, cek dulu kenapa si Riko ngotot banget menggiring vote",deflecting
"katanya aku sedang bluffing, padahal yang paling banyak bikin asumsi tanpa dasar itu si Dito",deflecting
"kalau memang gw target utama, kenapa si Elsa buru-buru ikut mengunci suara ke gw?",deflecting
"aku nggak punya info pasti, tapi sikap si Galih setelah malam tadi jelas patut dicurigai",deflecting
"lu bilang pembelaanku lemah, sementara tuduhanmu ke gw bahkan nggak punya satu bukti pun",deflecting
"mungkin gw kelihatan mencurigakan, tapi menurutku Hitman sebenarnya sedang bersembunyi di balik si Hana",deflecting
"jangan ke gw terus, coba cek si Raka yang dari tadi ngilang pas diskusi",deflecting
"gw jawab tuduhan lu nanti, tapi kenapa si Bima diem banget sejak awal?",deflecting
"kalau mau vote gw, silakan, tapi pola si Dito jauh lebih mencurigakan",deflecting
"bukan gw yang bikin suasana kacau, justru si Naya terus mancing keributan",deflecting
"lu nuduh gw tanpa bukti, sementara si Seno bahkan belum kasih penjelasan sama sekali",deflecting
"fokus ke gw itu gampang, tapi coba tanya kenapa si Tia ganti-ganti target vote",deflecting
"aku bukan Hitman, yang perlu kalian sorot itu pemain yang mendadak defensif barusan",deflecting
"sus, jangan termakan tuduhan ke aku, cek dulu gerak-gerik si Vino",deflecting
"kalau aku benar Hitman, kenapa si Kiki dari tadi malah membela orang yang jelas mencurigakan?",deflecting
"gw bisa jelasin posisi gw, tapi si Aldi lebih layak diperiksa karena selalu ikut vote terakhir",deflecting
"tuduhan itu ngawur, coba kita bandingkan jawaban gw sama jawaban si Rere",deflecting
"aku siap dipercaya, tapi jangan abaikan si Fajar yang terus mengarahkan voting",deflecting
"lu bilang gw mencurigakan, padahal si Joko yang pertama kali lempar fitnah tanpa alasan",deflecting
"bukan waktunya nge-lock ke satu orang, menurutku perilaku si Maya lebih aneh",deflecting
"gw civilian, serius, jadi mending kita cari siapa yang pakai Gag Order kemarin",deflecting
"kalau kalian ragu sama aku, tanya si Danu kenapa dia berubah pendapat mendadak",deflecting
"jangan asal eksekusi gw, bukti paling kuat malah mengarah ke si Putra",deflecting
"aku tidak menghindar, tapi kenapa si Lala selalu muncul setelah arah voting jelas?",deflecting
"lu boleh curiga, cuma pola si Reza lebih cocok sebagai Hitman daripada gw",deflecting
"daripada debat soal aku, mari lihat siapa yang paling diuntungkan dari kekacauan ini",deflecting
"gw masih mau kerja sama sama lu, tapi kita harus waspada ke si Caca yang pasif banget",deflecting
"sumpah aku bukan pelakunya, justru si Iwan kelihatan seperti sedang mengalihkan perhatian",deflecting
"kalau cuma karena aku telat jawab, si Beni juga dari tadi menghilang tanpa alasan",deflecting
jangan biarkan si Oki lolos cuma karena semua orang sibuk nuduh gw,deflecting
"aku bisa jadi partner voting lu, tapi target kita seharusnya si Rani, bukan aku",deflecting
"fix bukan gw, perhatikan si Yudi yang langsung ikut menekan setelah tuduhan muncul",deflecting
"kalau kalian percaya aku, kita amankan dua suara dan arahkan vote ke si Sari",deflecting
"gw ngerti kenapa kalian curiga, tapi siapa yang menjaga si Tono sepanjang diskusi?",deflecting
"aku tidak punya alasan buat membela diri terus, coba minta penjelasan dari si Wawan",deflecting
"lu mau cari Spy atau Stalker, jangan cuma lihat gw, si Ega juga terlalu tahu banyak",deflecting
"lu nuduh gw terus, padahal yang dari tadi ngilang itu Raka, fokus ke dia dulu",deflecting
"bukan gw yang mencurigakan, lihat aja Vina paling cepat lempar tuduhan tiap pagi",deflecting
"kalau gw Hitman, ngapain gw terang-terangan debat begini? Cek si Dito yang pasif",deflecting
"tuduhan ke gw nggak nyambung, justru Arman yang jawabannya berubah-ubah",deflecting
"sus, jangan kejebak narasi dia, si Bima dari awal cuma ikut vote orang",deflecting
"gw tetap yakin targetnya Naya, pembelaan dia ke Riko terlalu niat",deflecting
"kalian salah fokus ke aku, yang perlu dijelaskan itu kenapa Sari diam saat ditanya",deflecting
"jangan balik nuduh gw, Tio malah langsung mengarahkan vote tanpa bukti",deflecting
"kalau mau cari Hitman, lihat pemain yang memanfaatkan Gag Order, bukan gw",deflecting
"aku sudah menjelaskan posisiku, sekarang giliran Fajar menjawab kenapa dia ganti target",deflecting
"fix bukan gw, pola main Lala dari ronde pertama jauh lebih mencurigakan",deflecting
"lu boleh curiga ke gw, tapi jangan abaikan Rio yang selalu muncul setelah tuduhan ramai",deflecting
"yang aneh itu bukan pembelaan gw, melainkan Kiki yang terus memotong diskusi",deflecting
"gw nggak akan pindah target, menurutku Jovan tetap Hitman dan tuduhan ke aku cuma pengalihan",deflecting
"kalau memang ada bukti, keluarkan sekarang; jangan malah menutupi gerak-gerik Mita",deflecting
"aku tidak melihat alasan untuk menuduhku, sementara Galih jelas menghindari pertanyaan",deflecting
"serius, kalian terlalu fokus ke chat gw, padahal Reno yang pertama kali melempar fitnah",deflecting
"bukan aku yang bikin suasana kacau, cek siapa yang tadi memakai Gag Order",deflecting
"lu bilang gw defensif, tapi Dena juga belum menjelaskan target votenya sama sekali",deflecting
"aku tetap pada analisis awal: Oka mencurigakan, dan tuduhan ke aku hanya upaya mengubah fokus",deflecting
"jangan asal eksekusi gw, lebih baik periksa pola vote Sinta dari dua ronde terakhir",deflecting
"gw sudah jawab konsisten dari awal, yang berubah justru alasan Bayu",deflecting
"kalau aku Hitman, harusnya aku diam saja; yang agresif mengarahkan vote itu Aldi",deflecting
"sus, tuduhan ini terlalu gampang, lihat dulu kenapa Niko tiba-tiba membela Rani",deflecting
"kamu terus menyerangku karena tidak punya bukti, coba tanyakan posisi Wawan",deflecting
"aku tidak akan mengalihkan topik, memang masalah utamanya ada di gerakan Putri",deflecting
"vote ke aku cuma buang kesempatan, sejak awal Yuda sudah menunjukkan pola Hitman",deflecting
"gw rasa kalian dimanfaatkan oleh tuduhan Fina, dia yang paling diuntungkan kalau aku mati",deflecting
"posisiku jelas sebagai warga, sekarang jelaskan kenapa Eko ikut vote tanpa alasan",deflecting
"aku tetap yakin Zaki adalah targetnya, pembelaan panjangnya ke aku justru makin mencurigakan",deflecting
"gw belum sempat jelasin, dari tadi yang dibahas malah si B terus",deflecting
"tadi malam gw nggak melakukan apa-apa, coba cek dulu pergerakan si C",deflecting
"kalau pertanyaannya ke gw, si D juga belum kasih penjelasan dari ronde awal",deflecting
"aku cuma ikut vote terakhir, yang mulai nuduh duluan tadi si E",deflecting
"bagian itu sudah aku jawab, sekarang giliran si F menjelaskan aksinya",deflecting
"gw masih di sini dari awal siang, tapi chat si G belum muncul sama sekali",deflecting
"daripada fokus ke aku, urutan aksi si H belum dibahas",deflecting
"aku tidak punya informasi soal itu, sementara si A tadi langsung mengubah topik",deflecting
"gw tadi sudah sebut posisi gw, yang belum terbuka justru si B",deflecting
"kalau mau bahas kejadian malam, tanya juga si C yang paling terakhir bicara",deflecting
"sumpah bagian gw cuma ikut diskusi, si D dari tadi mengarahkan vote ke orang lain",deflecting
"aku belum bisa menjawab detailnya, mungkin si E bisa menjelaskan kenapa dia diam",deflecting
"yang ditanyakan ke aku sudah lewat, sekarang ada gerakan si F yang belum dibahas",deflecting
"gw nggak melakukan aksi malam, tapi posisi si G juga belum jelas",deflecting
"kalau semua kembali ke gw, penjelasan si H soal targetnya kapan dibahas",deflecting
"aku sudah bilang aku civilian, sementara si A masih belum menyebut perannya",deflecting
"tadi gw hanya membaca chat, yang paling aktif mengubah arah diskusi si B",deflecting
"jawaban gw tetap sama, coba dengar dulu kronologi dari si C",deflecting
"aku tidak melihat kejadian itu, tetapi si D mengaku punya informasi malam",deflecting
"gw belum dapat kesempatan ngomong, si E sudah beberapa kali menyela",deflecting
"daripada langsung vote gw, cocokkan dulu cerita si F dan si G",deflecting
"aku cuma mengikuti hasil diskusi, keputusan awalnya datang dari si H",deflecting
"yang dibahas sejak tadi hanya nama gw, padahal si A belum menjawab pertanyaan",deflecting
"gw sudah menjelaskan rute gw, sekarang giliran si B cerita dia ke mana",deflecting
"aku tidak punya target malam itu, tapi si C tadi menyebut nama target dengan cepat",deflecting
"kalau alasan curiganya begitu, si D juga masuk dalam urutan yang sama",deflecting
"gw nggak menghindar, cuma informasi dari si E belum dikonfirmasi",deflecting
"aku sudah merespons tuduhan tadi, pembahasan bisa dialihkan ke aksi si F",deflecting
"posisi aku masih sama dari awal, sedangkan si G baru muncul setelah chat dibuka",deflecting
"saya belum dapat bukti apa pun, tetapi penjelasan si H juga belum lengkap",deflecting
"dari dua ronde terakhir, A selalu ikut vote mayoritas tanpa alasan jelas, menurut gw dia hitman dan layak dieksekusi",persuading
"B terlalu cepat nuduh C tapi nggak pernah kasih bukti, pola ini paling menguntungkan hitman, vote B aja",persuading
"kalau kita bandingkan chat-nya, D sering mengubah arah diskusi saat mulai mengarah ke dirinya, fix dia target utama",persuading
"gw perhatiin E aktif cuma pas voting, tapi pas analisis malam dia menghilang, mending eksekusi E sekarang",persuading
"F ngaku civilian tanpa menjelaskan perilaku malamnya, klaim kosong begini lebih mencurigakan daripada diam biasa, vote F",persuading
"jangan terpancing tuduhan acak, dari semua pemain G punya perubahan sikap paling signifikan, kita eksekusi G",persuading
"menurut urutan kejadian, H punya kesempatan dan motif untuk mengalihkan fokus setelah korban disandera, vote H",persuading
"aku belum yakin seratus persen, tapi bukti terhadap I paling konsisten dibanding kandidat lain, jadi pilih I",persuading
"J terus memotong argumen orang lain dan tidak menjawab pertanyaan inti, perilakunya mencurigakan, eksekusi J",persuading
"kalau J benar-benar civilian, harusnya dia bisa menjelaskan alibinya, karena gagal menjawab gw pilih J keluar",persuading
"K terlihat sengaja membangun konflik antara dua pemain lalu mundur dari diskusi, pola itu khas hitman, vote K",persuading
"lu lihat sendiri kan, L selalu ikut keputusan akhir tapi tidak pernah memulai analisis, gw rasa L sedang sembunyi dan harus dieksekusi",persuading
"M mengaku punya info penting tapi menahannya sampai voting, timing seperti ini terlalu menguntungkan hitman, pilih M",persuading
"dari rekam chat, N tiga kali mengarahkan tuduhan ke pemain yang sama tanpa data baru, ayo eksekusi N",persuading
"kita butuh keputusan berbasis pola, dan O paling sering mengganti posisi tanpa alasan, vote O hari ini",persuading
"P terlalu defensif ketika namanya disebut, padahal belum ada tuduhan spesifik, reaksinya bikin gw yakin dia hitman",persuading
"kalau kita biarkan Q hidup, diskusi berikutnya bakal tetap dipelintir, bukti paling kuat saat ini mengarah ke Q",persuading
"R punya alibi yang bertabrakan dengan pernyataan sebelumnya, kontradiksi itu cukup untuk menjadikannya target voting",persuading
"aku tidak melihat kontribusi analitis dari S, dia hanya menunggu warga lain saling serang, menurutku S harus keluar",persuading
"T mengklaim melindungi seseorang tetapi detailnya tidak cocok dengan kejadian pagi, jangan percaya klaim T dan vote dia",persuading
"A dan C sama-sama mencurigakan, tapi A lebih dulu memulai pengalihan isu, jadi prioritas eksekusi kita A",persuading
"B muncul membela D setiap kali D ditekan, hubungan voting mereka terlalu konsisten untuk diabaikan, pilih B",persuading
"C semalam aman bukan berarti bersih, justru sekarang dia aktif menggiring kita ke target lain, gw sarankan vote C",persuading
"D punya pola diam saat informasi penting muncul lalu ikut suara terbanyak, itu strategi aman buat hitman, eksekusi D",persuading
"E menuduh berdasarkan asumsi, sementara F menyertakan urutan kejadian yang bisa dicek, jadi warga sebaiknya vote E",persuading
"F terus mengklaim dirinya stalker tetapi tidak memberikan info yang bisa diverifikasi, klaim itu terlalu nyaman, keluarkan F",persuading
"G adalah satu-satunya pemain yang mendapat keuntungan dari kekacauan diskusi tadi, motifnya jelas, kita vote G",persuading
"H mengubah tuduhan setelah target awalnya membantah, berarti argumennya tidak punya dasar, jangan biarkan H lolos",persuading
"I beberapa kali memancing warga untuk voting cepat tanpa analisis, itu bisa jadi cara hitman menghindari pemeriksaan, eksekusi I",persuading
"J punya tiga pernyataan yang saling bertentangan, sementara pemain lain lebih konsisten, secara objektif J kandidat terkuat untuk dieksekusi",persuading
"kalau mayoritas condong ke Raka, gw ikut vote Raka aja",persuading
"menurut gw Dito paling mencurigakan, mending eksekusi dia",persuading
"iya, dari alurnya Nia paling janggal. Vote dia aja",persuading
"gw gak punya banyak info, tapi kalau harus pilih, Ardi dulu",persuading
"setuju sama yang lain, Bima aja yang dikeluarin pagi ini",persuading
"dia dari tadi cuma ngikut suara, sus banget, eksekusi Feri",persuading
"kalau tidak ada bukti lain, vote Sasa saja biar jelas",persuading
"mayoritas sudah ke Tono, aku ikut. Jangan pindah target",persuading
"Vina jawabannya muter-muter, menurutku dia paling layak ditribunal",persuading
"gak yakin seratus persen, tapi Reno paling aman buat kita eksekusi",persuading
"ikut suara terbanyak aja, targetnya Gil sekarang",persuading
"Kiki terlalu pasif pas ditanya, fix vote Kiki",persuading
"dari semua nama, Lala paling red flag. Habisi di voting ini",persuading
"aku setuju dengan dugaan ke Miko, pilih dia saat tribunal",persuading
"kalau lu semua sepakat, gw vote Juno. Geraknya paling aneh",persuading
"Oki gak pernah kasih alasan jelas, mending keluarkan dia",persuading
"mayoritas nuduh Pera, jadi kita eksekusi Pera saja",persuading
"menurut pengamatan chat, Seno kelihatan nutupin sesuatu. Vote dia",persuading
"gak usah melebar, fokus ke Tia dan eksekusi dia",persuading
"aku ikut keputusan tim, tapi Yuda memang paling mencurigakan",persuading
"dari tadi dia cuma numpang suara, Rafi layak di-vote keluar",persuading
"bila belum ada info dari Stalker, pilih Nando dulu",persuading
"Dena terlalu cepat mengarahkan vote, kemungkinan besar hitman. Eksekusi dia",persuading
"setuju, jangan kasih kesempatan kedua ke Wawan. Vote dia",persuading
"gw pasif aja, tapi kali ini Zaki jelas paling ganjil",persuading
"semua indikasi ke Iqbal, jadi ikut vote Iqbal",persuading
"kalau target lain belum kuat, Adit saja yang kita keluarkan",persuading
"dia berubah-ubah ceritanya, sus. Tribunal buat Karel",persuading
"aku tidak punya bukti keras, tetapi suara terbanyak sebaiknya ke Beni",persuading
"jangan pecah vote, kita samakan ke Maya dan eksekusi sekarang",persuading
"Jangan vote gw, alibi gw jelas dari awal; mending eksekusi Rian yang jawabannya muter terus",persuading
"Kalian jangan kejebak tuduhan kosong Dika, dia yang paling ngotot nuduh gw tanpa bukti, fix dia Hitman",persuading
"Gw bukan Hitman, sumpah. Fokus ke Sasa, dia mendadak diam tiap ditanya soal sandera",persuading
"Kalau mau aman, keluarkan Bimo sekarang; timeline omongannya bentrok semua dan gw bisa jelasin posisi gw",persuading
"Tuduhan ke gw gak masuk akal, justru Naya yang Gag Order-nya mencurigakan karena langsung membungkam diskusi",persuading
"Jangan asal vote aku cuma karena defensif, cek dulu Arga yang dari tadi menggiring nama gw tanpa dasar",persuading
"Gw warga biasa, dan menurut pola chat, Vino paling layak dieksekusi karena selalu ikut suara mayoritas",persuading
"Kalau gw Hitman, ngapain gw terang-terangan bongkar kontradiksi Tio? Vote dia aja, sus gerakannya",persuading
"Nama gw terus diseret buat nutupin kesalahan Lala, jadi sebelum salah eksekusi, keluarkan Lala dulu",persuading
"Kalian lihat sendiri, Fajar baru aktif setelah ada korban sandera; gw minta vote dia, bukan gw",persuading
"Bukti paling kuat ada di Kiki, bukan di gw. Dia ganti-ganti cerita soal siapa yang dia curigai",persuading
"Jangan biarkan Reno lolos cuma karena ngomong paling keras, dia yang paling mungkin sedang mengarahkan tribunal",persuading
"Aku sudah menjawab semua pertanyaan dengan konsisten, sementara Deni terus menghindar; vote Deni hari ini",persuading
"Gw gak punya alasan buat nyandera siapa pun, tapi Mila punya pola main aman banget. Menurutku dia Hitman",persuading
"Kalau kalian percaya logika, eksekusi Yuda; tuduhannya ke gw cuma asumsi dan timing-nya terlalu rapi",persuading
"Stop maksa nama gw masuk voting, yang mencurigakan itu Seno karena selalu muncul buat mengunci satu target",persuading
"Gw siap diperiksa lagi, tapi jangan kasih kesempatan kedua ke Tia yang buktinya berubah tiap ronde",persuading
"Menurutku target paling bersih buat dieksekusi sekarang adalah Bagas, bukan aku; semua argumennya cuma ikut arus",persuading
"Dia bilang gw berbohong, padahal jawabanku dari awal sama. Vote Galih yang terus memelintir ucapan gw",persuading
"Jangan termakan framing Wulan, dia sengaja bikin gw keliatan panik. Kalau mau cari Hitman, pilih Wulan",persuading
"Aku tidak sedang menghindar, aku sedang meluruskan fakta. Yang harus keluar itu Jefri karena alibinya kosong",persuading
"Fix bukan gw pelakunya, lihat aja siapa yang paling diuntungkan dari keributan ini: Kevin. Eksekusi dia",persuading
"Kalau benar-benar warga, kalian harus vote Rara sekarang; dia menuduh gw sebelum membaca kronologi",persuading
"Gw bisa menerima kalau dicurigai, tapi tuduhan Iqbal terlalu dipaksakan. Dia lebih layak masuk tribunal",persuading
"Jangan salah sasaran, ya. Dito dari tadi cuma nyalin opini orang lain dan menghindari pertanyaan spesifik",persuading
"Aku sudah kasih alasan yang jelas, sedangkan Putri cuma spam suruh vote gw. Itu pola Hitman banget",persuading
Kita jangan buang voting ke pemain yang defensif; keluarkan Eko yang terus mencari kambing hitam sejak pagi,persuading
"Kalau ada yang perlu dicurigai, itu Tami. Dia muncul pas momen penting lalu langsung menggiring nama aku",persuading
"Gw gak takut diinvestigasi, tapi Surya jelas takut dibahas. Setiap ditanya soal malam selalu ganti topik",persuading
"Daripada mengeksekusi orang yang cuma membela diri, vote Hendra yang ceritanya paling banyak bolong",persuading
"dari pola malam tadi dan cara Dimas ngeles, gw arahkan vote ke Dimas dulu",persuading
"kita jangan kebawa omongan panjang, rangkumannya paling janggal itu Naya, vote Naya",persuading
"Riko tiba-tiba nuduh orang tanpa dasar, menurut gw dia hitman, langsung eksekusi Riko",persuading
"aku sudah cocokkan alibi semua orang, cuma Sinta yang berubah-ubah, target voting kita Sinta",persuading
"stop debat muter-muter, indikasi terkuat ada di Beni, silakan semua vote Beni",persuading
"kalau dia benar civilian harusnya bisa jelasin aksinya, tapi Arga malah menghindar, kita keluarkan Arga",persuading
"gw ambil kesimpulan sementara: Tio paling diuntungkan dari kekacauan ini, vote dia sekarang",persuading
"jangan terpancing gag order atau fitnah, fokus ke respons Vina yang paling mencurigakan, eksekusi Vina",persuading
"dari awal Lala pasif lalu ikut vote terakhir, pola kayak gini sus banget, kita pilih Lala",persuading
"semua bukti memang belum sempurna, tapi kandidat paling kuat tetap Fajar, jadi arahkan vote ke Fajar",persuading
"kita butuh keputusan tegas sebelum tribunal selesai, dan menurutku targetnya jelas: Dito",persuading
"Gilang terlalu cepat membela pemain lain, fix ada koneksi dengan hitman, vote Gilang",persuading
"aku rangkum ya, alibi Rani bolong dan ceritanya tidak konsisten, mari eksekusi Rani",persuading
"jangan pecah suara ke banyak nama, mayoritas kita fokus ke Seno karena gerak-geriknya paling aneh",persuading
"kalau memang stalker, harusnya dia punya informasi, tapi Yoga malah mengaburkan diskusi, vote Yoga",persuading
"gw nggak mau buang tribunal lagi, dari semua kandidat Della paling mencurigakan, langsung lock vote Della",persuading
"pernyataan Kiki berubah setelah ada tekanan, itu red flag besar, kita sepakat keluarkan Kiki",persuading
"aku sudah dengar semua pembelaan, dan tidak ada yang menutup lubang alibi Wawan, target final kita Wawan",persuading
"bagi gw, pemain yang paling mungkin pakai gag order buat mengacaukan chat adalah Reno, vote Reno",persuading
"kita jangan asal ikut suara terbanyak, cek dulu siapa yang paling sering mengarahkan tanpa bukti: Maya, eksekusi Maya",persuading
"Niko muncul cuma saat harus nuduh orang, lalu menghilang dari diskusi, pola hitman banget, vote Niko",persuading
"situasinya sederhana, korban ada tapi alibi Putri tidak solid, jadi suara kita satukan ke Putri",persuading
"gw pimpin rangkumannya: Aldi punya motif, timing, dan respons paling mencurigakan, semua ke Aldi",persuading
"kalau kita salah baca ini, hitman bakal dapat malam gratis, jadi lebih aman keluarkan Sari hari ini",persuading
"Bram terus mendorong target lain tanpa menjawab tuduhan ke dirinya, menurutku itu cukup buat vote Bram",persuading
"aku tidak melihat bukti bersih dari Hendra, malah dia paling defensif sejak awal, mari pilih Hendra",persuading
"jangan biarkan suara tercecer, kandidat utama sudah jelas dari pola chat: Intan, vote Intan",persuading
"setelah semua kronologi disusun, hanya Kevin yang punya alibi bertabrakan, kita eksekusi Kevin",persuading
"dia bilang cuma civilian tapi tidak pernah membantu analisis, Fina terlalu aman bermainnya, arahkan vote ke Fina",persuading
"gw tutup diskusinya: tersangka paling kuat adalah Jaka, jangan pindah target dan langsung voting Jaka",persuading
"gw agak ketinggalan, tapi kalau tadi Bimo ketahuan bohong, mending eksekusi dia",persuading
"bentar, konteksnya siapa yang paling dicurigai? kalau Raka, gw ikut vote Raka",persuading
"setelah baca ulang chat, gerak-gerik Sinta paling janggal, kita eksekusi dia aja",persuading
"kalau benar Deni terakhir lihat korban, bukti itu cukup buat vote dia menurut gw",persuading
"gw baru nangkep alurnya, tapi Fajar terus muter-muter jawabannya, fix dia mencurigakan",persuading
"tolong ulang singkat, kenapa Nisa dianggap aman? soalnya gw malah mau vote Nisa",persuading
"dari potongan info yang gw punya, Aldi paling cocok jadi Hitman, gas eksekusi",persuading
"yang tadi diam saat ditanya soal malam itu siapa? kalau Joko, vote dia aja",persuading
"gw telat baca, tapi alasan Lala berubah-ubah, jangan kasih dia lolos dari tribunal",persuading
"kalau belum ada bukti lebih kuat, suara kita satukan ke Rio dulu biar nggak buang vote",persuading
"sebentar, berarti Tono ketahuan ngarang urutan kejadian? kalau iya, dia target paling aman buat dieksekusi",persuading
"aku baru masuk diskusi, tetapi dari logika yang ada, Maya paling layak dicurigai",persuading
"siapa yang tadi kena Gag Order? kalau Wawan, justru dia perlu kita periksa dan vote",persuading
"gw masih nyusun konteks, tapi Sari terlalu cepat nuduh orang lain, menurut gw itu red flag",persuading
"kalau Dika benar-benar Civilian, harusnya jawabannya konsisten, jadi gw pilih eksekusi Dika",persuading
"ulangin bukti buat Kiki dong, tapi sejauh ini gw condong vote Kiki",persuading
"kita jangan pecah suara, semua yang punya info tadi arahnya ke Bayu, eksekusi Bayu",persuading
"gw kurang ngikutin dari awal, tapi siapa pun yang bohong soal target malam layak divote, terutama Eko",persuading
"dari chat yang sempat gw baca, Putri paling defensif dan nggak membantu diskusi, vote dia",persuading
"kalau Stalker memang dapat info, kenapa Gilang masih dibela? gw rasa Gilang harus dieksekusi",persuading
"aku tertinggal sedikit, namun pola tuduhan Arman terlihat seperti pengalihan, mari pilih Arman",persuading
"bentar, jadi Rina tidak punya alibi sama sekali? kalau begitu jangan ragu eksekusi Rina",persuading
"gw nggak yakin seratus persen, tapi dibanding kandidat lain, Vino paling mencurigakan, vote Vino",persuading
"mereka tadi sudah menjelaskan, tetapi jawaban Sela tetap nggak nyambung, kita keluarkan Sela",persuading
"kalau kalian setuju pelaku sengaja memecah suara, nama pertama yang muncul itu Yoga, jadi vote Yoga",persuading
"gw baru paham sekarang, posisi Hani dari tadi cuma ikut arus, kemungkinan besar dia Hitman",persuading
"tolong recap sebentar, tapi sementara suara gw ke Rendi karena alibinya paling lemah",persuading
"menurutku kita tidak boleh menunda lagi, Karel terlalu banyak menghindar, eksekusi Karel",persuading
"fix, setelah konteksnya lengkap, Nando yang paling sering bikin tuduhan tanpa dasar, vote Nando",persuading
"gw mungkin telat nangkep, tapi kalau semua petunjuk mengarah ke Intan, ayo satukan vote ke Intan",persuading
"si Bima jawabnya muter terus pas ditanya role, vote dia aja",persuading
"dari tadi si Raka cuma ikut arus, hitman banget kelakuannya",persuading
"kalau lu memang civilian, kenapa paling cepat nuduh si Deni",persuading
"si Naya mendadak diem setelah ada yang bahas Gag Order, mencurigakan parah",persuading
"gw rasa si Fajar target eksekusi paling aman, alasannya nggak pernah konsisten",persuading
"jangan keburu percaya si Lala, dia sengaja bikin dua pihak ribut",persuading
"si Arga terlalu ngotot bela si Tio, kemungkinan mereka satu kubu",persuading
"kalau si Vino bukan Hitman, suruh dia jelasin urutan aksinya sekarang",persuading
"voting si Caca dulu, responsnya barusan keliatan kayak orang kepergok",persuading
"dia bilang punya info tapi nggak berani sebut nama, fix cuma ngarang",persuading
"si Joko paling untung dari kekacauan ini, menurut gw dia Hitman",persuading
lu semua nggak lihat pola? si Sari selalu muncul setelah ada tuduhan,persuading
mending eksekusi si Reno daripada buang vote ke pemain yang cuma pasif,persuading
"si Putri terlalu cepat mengaku aman, justru itu yang bikin sus",persuading
"kalau si Ilham Stalker beneran, harusnya dia berani buka hasil Peek",persuading
"gw pancing sedikit langsung si Kiki defensif, vote dia sebelum keburu dibungkam",persuading
"si Bagas dari awal cuma nyalin pendapat orang, gaya aman-aman Hitman banget",persuading
"jangan kasih si Wawan kesempatan muter cerita lagi, langsung masuk daftar eksekusi",persuading
"si Elsa nuduh tanpa bukti lalu kabur dari debat, kelakuan provokator palsu",persuading
menurut kalian siapa yang paling diuntungkan kalau kita salah vote? jelas si Hendra,persuading
"si Mira bilang semalam nggak ada apa-apa, padahal itu bukan info yang bisa dia tahu",persuading
"kalau si Galih berani, jawab kenapa target Guard kemarin malah selamat",persuading
"vote si Tania sekarang, dia kelihatan sengaja mancing kita pecah suara",persuading
"si Oki baru aktif setelah namanya disebut, reaksi paniknya terlalu jelas",persuading
"jangan terjebak omongan si Rian, dia cuma lempar tuduhan biar lupa sama dirinya",persuading
buat apa si Yuni ngotot ganti target kalau dia bukan Hitman,persuading
"si Daffa klaim punya peran tapi detailnya salah semua, eksekusi aja",persuading
"gw nggak percaya si Niko, dia menghindari setiap pertanyaan yang spesifik",persuading
"kalau kita mau menang, suara harus dikunci ke si Ayu sebelum dia pakai alasan baru",persuading
"si Kevin paling sering bikin warga saling curiga, fix dia dalang ronde ini",persuading
"si Dimas dari awal cuma ikut arus, tapi pas ditanya role langsung ngeles, vote dia aja",persuading
"menurut gw pola vote Rani paling mencurigakan, kemarin dia dorong Fikri lalu ikut menyelamatkan Bimo, eksekusi Rani",persuading
"jangan buang suara ke orang random, bukti paling kuat sekarang ngarah ke si Aldi",persuading
"fix Vina Hitman, alasannya berubah-ubah tiap kali ditanya, kita keluarkan dia siang ini",persuading
"gw bukan asal nuduh, tapi Tio terlalu cepat menuduh orang lain tanpa kasih alasan jelas, mending vote Tio",persuading
"kalau kalian percaya analisis gw, pilih Nanda; dia sengaja bikin diskusi muter supaya target aslinya aman",persuading
"si Reza dari tadi pasif banget dan baru muncul ketika voting dimulai, itu pola aman buat Hitman, coblos dia",persuading
"kita perlu satu keputusan tegas, dan dari semua nama, Siska paling banyak punya perilaku mencurigakan",persuading
"aku curiga sama Bayu karena dia terus menghindari pertanyaan soal aksinya semalam, vote Bayu dulu",persuading
"jangan terpengaruh pembelaan mendadak dari Lala, justru itu bikin dia makin kelihatan sus, eksekusi aja",persuading
"si Kiki tadi kena Gag Order tepat saat mulai menjelaskan alibinya, menurutku ada yang sengaja membungkam dia, fokus vote Yoga",persuading
"kalau Fajar benar-benar Civilian, harusnya dia tidak perlu menggiring kita sekeras ini, ayo keluarkan Fajar",persuading
"gw lihat Dito selalu nunggu orang lain buka suara sebelum ikut vote, kayaknya dia lagi cari arah aman, pilih Dito",persuading
"Maya mengaku punya info penting tapi tidak pernah berani menyebut sumbernya, cukup alasan buat mengeksekusi Maya",persuading
"pola komunikasi Riko terlalu rapi, dia selalu muncul untuk mengalihkan tuduhan dari pemain tertentu, vote Riko",persuading
"bagi yang masih ragu, bandingkan saja jawaban Sari dari awal sampai sekarang, jelas tidak konsisten, coblos Sari",persuading
"kita tidak punya banyak waktu, dan Gilang adalah kandidat paling masuk akal berdasarkan semua kejanggalan tadi",persuading
"dia bilang semalam mengawal seseorang, tapi detail ceritanya bertentangan dengan kejadian pagi ini, menurutku Hendra Hitman",persuading
"si Putri kelihatan sengaja memancing konflik antara dua pemain lain, jangan biarkan strategi itu berhasil, vote Putri",persuading
"aku lebih percaya data daripada gaya bicara, dan jejak voting Kevin paling menguntungkan pihak Hitman, keluarkan Kevin",persuading
"jangan vote aku dulu, target yang lebih mencurigakan jelas si Wawan karena dari tadi cuma numpang suara",persuading
"semua orang sibuk bahas Arman, tapi Lilis diam-diam mengubah arah voting dua kali, menurutku Lilis target sebenarnya",persuading
"kalau tidak ada bukti baru, suara gw tetap ke Niko; dia paling sering membela orang yang dicurigai",persuading
"Rara terlalu cepat mengklaim dirinya Spy, bisa jadi itu cuma umpan supaya kita tidak memeriksa dia, eksekusi Rara",persuading
"si Beni baru aktif setelah satu pemain kena Gag Order, timing-nya mencurigakan banget, vote Beni",persuading
"aku paham belum ada kepastian, tapi dibanding kandidat lain, Seno punya alibi paling lemah, jadi pilih Seno",persuading
"tolong jangan terpancing tuduhan Dhea, justru cara dia membalikkan semua argumen bikin dia kelihatan seperti Hitman",persuading
"menurut pola ronde ini, Rudi terus aman karena selalu ikut mayoritas di detik terakhir, kita harus mengeluarkan Rudi",persuading
"jika kalian setuju, satukan vote ke Tania supaya eksekusi kali ini tidak terpecah",persuading
"gw sudah cek ulang percakapannya, target paling logis tetap si Ucup; jangan kasih dia kesempatan lolos lagi",persuading
"mayoritas nuduh Raka cuma karena dia telat ngomong? bukti tipis, mending vote Dimas yang terus ngarahin diskusi",persuading
"gw gak ikut arus dulu, tapi alasan Nia paling bolong dari tadi, vote dia aja",persuading
"kalau Bima beneran civilian, kenapa dia buru-buru banget ngunci target? menurut gw eksekusi Bima",persuading
"jangan langsung percaya yang paling vokal, justru Sari kelihatan lagi menggiring kita, coblos Sari",persuading
"siapa pun yang terus bilang aman tanpa bukti patut dicurigai, dan itu jelas Riko, vote dia",persuading
"katanya mayoritas pilih Tono, tapi belum ada alasan kuat; gw lebih curiga sama Vina yang muter-muter",persuading
"Aldi dari tadi cuma numpang opini orang lain, sus, pola kayak gitu mencurigakan, eksekusi Aldi",persuading
"kalian yakin Dita bersih? dia selalu muncul setelah arah diskusi jelas, menurut gw Dita target paling masuk akal",persuading
"jangan keburu ikut spam chat Fajar, dia terlalu dominan dan malah nutup celah analisis, vote Fajar",persuading
"kalau gak ada bukti, lihat perilakunya: Reno menghindari semua pertanyaan, jadi jangan buang vote ke orang lain",persuading
"gw skeptis sama klaim Caca yang katanya punya info tapi gak pernah jelas, mending eksekusi Caca",persuading
"si Bayu kok enak banget nuduh orang lalu menghilang? itu lebih aneh daripada diam biasa, vote Bayu",persuading
"jangan percaya pembelaan spontan Lala, dia baru aktif setelah dituduh dan langsung menyerang balik, coblos Lala",persuading
"menurut gw Arman sengaja bikin diskusi berantakan supaya targetnya lolos, kita eksekusi Arman",persuading
"kalau Kevin memang warga, harusnya dia bisa jelasin urutannya; jawabannya ngeles terus, vote Kevin",persuading
"semua orang fokus ke Maya, padahal dia cuma ikut voting; yang benar-benar mengarahkan kita itu Joni, pilih Joni",persuading
"fix jangan asal ikut mayoritas, perhatikan Sinta yang terus ganti target setiap ada tekanan, eksekusi Sinta",persuading
"gw gak yakin sama pemain paling keras di lobby, dan sekarang yang paling keras jelas Reza, vote dia",persuading
"si Wawan terlalu cepat menyimpulkan orang lain hitman, bisa jadi dia lagi nutupin jejak sendiri, coblos Wawan",persuading
"alasan Putri cuma berdasarkan feeling, tapi dia maksa semua orang setuju; pola itu cukup buat vote Putri",persuading
"jangan terpengaruh kalau chat mendadak dibungkam, tetap lihat siapa yang diuntungkan; menurut gw targetnya Fikri",persuading
"kalau Nando aman, kenapa dia terus menghindari pertanyaan soal vote malam sebelumnya? eksekusi Nando",persuading
"gw tahu banyak yang bela Yuni, tapi pembelaannya cuma ikut-ikutan; cek logikanya dan vote Yuni",persuading
"si Galih bilang semua orang mencurigakan supaya gak ada fokus, itu strategi hitman banget, pilih Galih",persuading
"mayoritas mau eksekusi Elsa karena satu kalimat, tapi Danu punya pola lebih ganjil dan konsisten, vote Danu",persuading
"jangan kasih lolos pemain yang cuma aktif saat voting, seperti Intan; dari tadi kontribusinya minim tapi ikut menentukan target",persuading
"aku tidak percaya klaim aman dari Bagas tanpa penjelasan, apalagi dia langsung menuduh balik, sebaiknya Bagas dieksekusi",persuading
"si Rani kelihatan terlalu siap menjawab semua tuduhan, bukan berarti bersih; menurutku justru Rani yang harus dipilih",persuading
"kalau Tegar benar-benar mau cari hitman, dia gak akan menolak semua pertanyaan; ayo arahkan vote ke Tegar",persuading
"kita jangan eksekusi orang cuma karena suara terbanyak, lihat siapa yang mengatur arusnya: Niko, pilih Niko",persuading
"si B dari tadi ngeles terus, vote dia aja sebelum keburu malam",persuading
"feeling gw kuat banget A itu Hitman, ayo eksekusi sekarang",persuading
"C terlalu cepat nuduh orang, kayaknya lagi ngalihin fokus, coblos C",persuading
"kalau kalian bingung, paling aman vote D dulu, gerak-geriknya sus banget",persuading
"gw curiga E punya info lebih dari yang dia akui, fix dia bukan civilian",persuading
"jangan terpancing omongan F, dia malah diem pas ditanya, eksekusi aja",persuading
"menurut teori gw, G kena Gag Order karena hampir bongkar Hitman, vote pelakunya",persuading
"H dari awal ikut arus tanpa alasan jelas, buat gw itu tanda jahat, coblos H",persuading
"sumpah feeling gw bilang I Hitman, kalau salah ya risiko, tapi tetap vote I",persuading
"kita jangan buang waktu, J paling mencurigakan dari pola chatnya, keluarkan J",persuading
"lu perhatiin nggak, K selalu bela L, kemungkinan mereka satu kubu, mulai dari K aja",persuading
"aku rasa M sedang bluffing sebagai Stalker, jangan percaya dan pilih M",persuading
"N terlalu santai padahal ada korban, fix dia tahu sesuatu, vote N",persuading
"kalau O benar Spy, harusnya dia punya alasan jelas, bukan jawaban muter, eksekusi O",persuading
"P muncul cuma buat nuduh lalu menghilang, gaya Hitman banget, coblos P",persuading
"gw nggak punya bukti kuat, tapi Q paling layak dites lewat tribunal, vote Q",persuading
"R keliatan panik sejak namanya disebut, itu reaksi orang ketahuan, habisi R",persuading
"jangan vote random, fokus ke S yang dari tadi menggiring kita ke target lain",persuading
"teori gw T pelaku Gag Order semalam, ayo balikin tekanan ke T",persuading
"U terlalu konsisten ikut keputusan mayoritas, bisa jadi dia lagi nyamar, vote U",persuading
"kalau V warga biasa, kenapa jawabannya berubah-ubah? menurut gw eksekusi V",persuading
"W ngaku punya info tapi nggak pernah menyebut sumber, itu bluff murahan, coblos W",persuading
"aku lebih percaya insting daripada alasan X, dan instingku bilang dia Hitman",persuading
"Y paling sering memotong diskusi, mungkin takut ada yang membaca polanya, pilih Y",persuading
"A dan C saling menguatkan terus, tapi A lebih mencurigakan, kita eksekusi A",persuading
"B barusan langsung nuduh D tanpa dasar, jangan-jangan dia sedang cari kambing hitam, vote B",persuading
"sus, Z terlalu cepat mengaku civilian, biasanya yang buru-buru klarifikasi itu pelaku",persuading
saya mengusulkan tribunal kali ini fokus pada R karena alibinya paling lemah,persuading
"mereka yang terus menunda voting mungkin sedang menunggu kesempatan, mulai eksekusi dari S",persuading
"kalian boleh tidak setuju, tapi kalau mau peluang menang lebih besar, coblos T sekarang",persuading
"dari awal dia cuma ikut arus, menurut gw vote dia aja dulu",persuading
"gw percaya sama lu, tapi si R dari tadi muter-muter dan nggak jawab inti masalah",persuading
"kalau kita mau aman, eksekusi si B sekarang sebelum dia bikin kita saling curiga",persuading
"dia terlalu cepat nuduh orang lain, fix itu cara hitman nutupin jejak",persuading
"kita jangan pecah vote, semua arahkan ke si D biar tribunal kali ini jelas",persuading
"gw bukan asal nuduh, respons si K barusan paling janggal dibanding yang lain",persuading
"lu dan gw bisa pegang satu suara, ajak mereka vote si T yang dari tadi pasif banget",persuading
"menurut pengamatan gw, si N sengaja bikin diskusi melebar supaya target aslinya lolos",persuading
"kalau dia memang civilian, harusnya bisa jelasin alibinya dengan tenang, bukan malah menghindar",persuading
"jangan kasih kesempatan kedua buat si V, pola omongannya dari ronde lalu makin mencurigakan",persuading
"gw siap ikut keputusan kalian, tapi kandidat paling kuat buat dieksekusi tetap si A",persuading
"kita butuh satu target yang konsisten, dan semua bukti sekarang mengarah ke si H",persuading
"si C baru muncul pas voting mau dimulai, itu terlalu aman buat ukuran warga biasa",persuading
"percaya gw kali ini, si J kemungkinan besar hitman yang lagi cari kambing hitam",persuading
"daripada buang vote ke pemain diam, mending tekan si P yang jawabannya terus berubah",persuading
"aku melihat dia selalu membela orang yang dicurigai, jadi vote si M sebelum dia mengatur aliansi",persuading
"kalau kalian ragu, ikuti jejak voting si S, dia paling sering pindah arah tanpa alasan",persuading
"gw sama lu jangan terpancing drama, fokus eksekusi si E karena kontradiksinya paling jelas",persuading
"dia ngomong seolah tahu banyak, tapi tidak pernah kasih informasi yang bisa diverifikasi",persuading
"warga harus kompak pagi ini, satu suara ke si F dan jangan biarkan dia lolos",persuading
"si Q kelihatan panik sejak ditanya soal malam tadi, menurutku dia target yang tepat",persuading
"aku minta kalian percaya pada analisis ini, si W lebih mencurigakan daripada semua kandidat lain",persuading
"jangan ikuti vote mayoritas secara buta, perhatikan bahwa si L terus menggiring kita ke target aman",persuading
"fix kita salah kalau membiarkan si Y hidup satu ronde lagi, dia sudah terlalu banyak mengontrol diskusi",persuading
"lu yang masih netral, bantu kita jatuhkan si G supaya ronde berikutnya tidak makin kacau",persuading
"dia tidak membantah tuduhan dengan fakta, cuma menyerang balik, jadi vote dia sekarang",persuading
"kalau kita mau menemukan hitman, mulai dari si U yang selalu punya alasan untuk tidak berkomitmen",persuading
"satu hal yang konsisten cuma kecurigaan ke si Z, jadi jangan pecah suara",persuading
"aku rasa si I sedang menyamar sebagai civilian, voting dia paling masuk akal saat ini",persuading
"gw sudah pilih pihak yang paling bisa dipercaya, sekarang kita bareng-bareng eksekusi si O",persuading
"dari awal gw udah kunci ke Raka, geraknya paling cocok hitman, vote dia aja",persuading
"bukti baru itu nggak ngubah apa-apa, menurut gw Dimas tetap target eksekusi",persuading
"lu semua terlalu gampang kebawa omongan, fokus kita harus ke Sinta, dia paling sus",persuading
"fix Ardi hitman, pola diam lalu muncul pas voting itu terlalu jelas",persuading
"gw tetap pilih Naya, walau dia ngaku spy pun timing-nya nggak masuk akal",persuading
"jangan pecah suara, kita eksekusi Bimo sekarang karena dari ronde awal dia sudah mencurigakan",persuading
"si Citra terus menghindar dari pertanyaan, bagi gw itu cukup buat vote dia",persuading
"mereka boleh kasih seribu alasan, tapi target gw tetap Fajar sampai terbukti mati",persuading
"aku nggak percaya pembelaan Rian, dia terlalu cepat menuduh orang lain, vote Rian",persuading
"lu lihat sendiri kan, Tio selalu ikut suara mayoritas tanpa analisis, fix dia hitman",persuading
"jangan terdistraksi sama klaim stalker itu, kita tetap eksekusi Vina",persuading
"gw sudah baca polanya, Lala yang paling mungkin pakai Gag Order, habisin vote ke dia",persuading
"kalau kita ganti target sekarang, kita cuma bantu hitman, tetap ke Gilang",persuading
"menurut saya, sikap Bayu sejak awal paling tidak konsisten, jadi saya pilih Bayu",persuading
"sumpah fokus ke Rudi aja, semua bukti kecil mengarah ke dia",persuading
"siapa pun yang membela Deni ikut mencurigakan, tapi target utama tetap Deni",persuading
"aku tetap yakin Karin hitman, klaim civilian-nya terlalu terlambat",persuading
"nggak usah debat muter-muter, vote Miko dan selesaiin tribunal ini",persuading
"dia bilang semalam di-guard, tapi ceritanya nggak bisa diverifikasi, eksekusi Oki",persuading
"buat gw, diamnya Putri setelah chat dikunci itu tanda kuat, vote Putri",persuading
"kalian boleh beda pendapat, tapi target paling logis tetap Hendra",persuading
"jangan tertipu gaya santainya Sari, justru dia paling jago nyamar, eksekusi dia",persuading
"fix si Yuda pelakunya, perubahan ceritanya terlalu dipaksakan",persuading
"gw nggak akan pindah target, selama Joko masih hidup kita belum aman",persuading
"kalau Arman memang civilian, harusnya dari tadi bantu baca pola, vote dia sekarang",persuading
"aku sudah menetapkan pilihan dari awal, Riska harus keluar di ronde ini",persuading
"sus banget si Wawan terus lempar tuduhan tapi nggak pernah kasih alasan, langsung vote Wawan",persuading
"jangan biarkan klaim spy palsu menyelamatkan Tania, dia tetap kandidat hitman terkuat",persuading
"menurutku semua jalur analisis kembali ke Eko, jadi suara kita harus dikumpulkan ke Eko",persuading
"bukti tambahan itu cuma pengalih perhatian, gw tetap kunci target ke Lia",persuading
"round ini chat gw dibungkam pakai Gag Order sebelum sempat jelasin, jadi untuk tribunal gw ajak vote C",persuading
"semalam A jadi sandera, dan malam sebelumnya targetnya beda; kita samakan vote ke B pagi ini",persuading
"aku mencatat D tidak bisa bicara sepanjang diskusi karena Gag Order, jadi nama D aku masukkan untuk voting",persuading
"dari hasil Peek, aku dapat identitas E tadi malam; warga bisa ikut arah vote ke E",persuading
"malam kedua aku tidak mengawal target yang sama, lalu pagi ini F ditemukan sebagai sandera; vote kita arahkan ke G",persuading
"chat dikunci saat fase malam, pagi ini H jadi sandera; untuk tribunal saya mengusulkan semua memilih J",persuading
"aku sempat menyampaikan urutan aksi, lalu chat-ku langsung dibungkam; kali ini vote ke K saja",persuading
"semalam aku mengawal L dan tidak ada penyanderaan pada L, jadi untuk vote sekarang kita fokus ke M",persuading
"N tidak muncul dalam diskusi setelah terkena Gag Order, sekarang saya minta warga menyatukan suara ke N",persuading
"aku melihat identitas O lewat Peek di ronde ini, jadi warga bisa mengikuti pilihan vote yang diarahkan ke O",persuading
"pada pagi tadi P tercatat sebagai korban Hostage, dan sebelum itu Q memakai Gag Order; kita pilih Q di tribunal",persuading
"aku tidak melakukan aksi pada malam ini, tetapi urutan sandera mengarah ke R sebagai pilihan vote kita",persuading
"S baru berbicara setelah masa diskusi hampir selesai, jadi untuk eksekusi kali ini saya ajak pilih S",persuading
"tadi malam target Guard-ku selamat, sementara T menjadi sandera; suara saya untuk U dan silakan warga ikut",persuading
"V kena Gag Order tepat setelah menyebut urutan malam, jadi vote tribunal kita arahkan ke W",persuading
aku sudah menggunakan Peek pada X dan menyimpan hasilnya; pagi ini kita keluarkan X lewat voting,persuading
"ronde lalu Y menjadi sandera, ronde ini Z yang hilang dari pagi; kita satukan pilihan pada AA",persuading
"chat semua terkunci saat aksi malam, lalu BB muncul sebagai sandera; saya mengusulkan vote ke CC",persuading
"aku mencatat DD tidak mendapat kesempatan menjawab karena Gag Order, jadi nama DD saya ajukan untuk tribunal",persuading
"semalam aku Guard EE, tetapi korban pagi ini FF; warga, kita bisa menyamakan vote di FF",persuading
"hasil Peek-ku sudah ada untuk GG, jadi tidak perlu memecah suara; pilih GG di fase tribunal",persuading
"HH mengirim pesan terakhir sebelum chat dibungkam, setelah itu korban pagi muncul; saya minta vote diarahkan ke II",persuading
"aku tidak menjaga target yang sama dua malam berturut-turut, lalu JJ menjadi sandera; untuk voting pilih KK",persuading
"pada diskusi pertama LL masih bisa bicara, lalu mendadak terkena Gag Order; mari keluarkan LL sekarang",persuading
"aku melihat identitas MM saat Peek aktif, jadi warga dapat mengikuti vote ke MM tanpa membagi suara",persuading
"NN tercatat sebagai korban Hostage setelah malam tanpa percakapan, dan saya mengajak semua memilih OO",persuading
"aku sudah menyampaikan catatan aksiku, sementara PP tidak sempat memberi respons; suara saya dan warga ke PP",persuading
"target Guard-ku selamat malam tadi, kemudian QQ menjadi sandera; untuk tribunal saya mengarahkan pilihan ke RR",persuading
"SS terkena Gag Order saat giliran menjelaskan, jadi kita gunakan voting pagi ini untuk memilih SS",persuading
"aku punya hasil Peek untuk TT dari ronde sebelumnya, dan sekarang saya minta suara warga dikumpulkan ke TT",persuading
"gw civilian, sejauh ini cuma bisa bantu baca pola voting",claiming
"aku Spy, tadi malam aku pasang Guard ke Raka",claiming
"klaim Stalker, tapi Peek-ku baru bisa dipakai lagi dua ronde",claiming
"saya warga biasa, tidak punya skill malam dan tidak menyandera siapa pun",claiming
"fix gw bukan Hitman, role gw Civilian",claiming
"aku Stalker, hasil intipanku menunjukkan Dimas bukan warga biasa",claiming
"lu boleh curiga, tapi gw Spy dan tadi malam sudah Guard satu target",claiming
"dia ngaku Civilian, sedangkan gw yang pegang role Civilian di sini",claiming
"kami butuh percaya dulu, aku Spy dan bisa jelaskan pola Guard-ku",claiming
"gw Hitman, sekalian aja biar diskusinya nggak muter-muter",claiming
"saya mengklaim sebagai Stalker, informasi identitas baru saya simpan dulu",claiming
"role aku Civilian, jadi argumenku murni dari urutan aksi dan voting",claiming
"bukan sus, gw Stalker dan punya hasil Peek yang bisa diuji",claiming
"aku Spy, target Guard semalam selamat dari serangan Hitman",claiming
"lu bisa vote gw kalau mau, tapi klaim gw jelas: Civilian tanpa skill",claiming
"gw bukan Stalker atau Spy, aku cuma Civilian yang mengamati chat",claiming
"secara terbuka aku claim Spy, tetapi target Guard belum bisa kusebutkan",claiming
"dia bilang bisa Peek, padahal gw Stalker yang punya kemampuan itu",claiming
"aku Hitman, jangan buang waktu mencari alibi karena klaim ini memang sengaja terbuka",claiming
"role gw Stalker, cooldown Peek membuat info yang kubawa tidak selalu baru",claiming
"saya Civilian, jadi tidak punya akses ke fase malam sama sekali",claiming
aku ngaku Spy karena semalam ada satu pemain yang berhasil aku lindungi,claiming
"gw Stalker, hasil Peek-ku belum cukup buat langsung menuduh siapa pun",claiming
"kalau butuh klaim yang konsisten, aku Civilian dan tidak punya aksi malam",claiming
"fix aku bukan Hitman, role yang kudapat adalah Spy",claiming
"kami bisa cek klaimku dari pola korban, aku mengaku sebagai Spy",claiming
"aku Stalker; informasi role yang kupunya berasal dari Peek, bukan tebakan",claiming
"saya mengklaim Civilian, jadi kontribusi saya hanya analisis diskusi dan voting",claiming
"lu boleh anggap ini bluff, tapi gw claim Hitman dari awal",claiming
"role dia belum tentu benar, sementara gw secara jelas claim sebagai Civilian",claiming
"gw civilian, dari tadi cuma ngikutin alur diskusi",claiming
"aku warga biasa, belum punya info soal malam",claiming
"kalau mau jelas, role gw Spy",claiming
"saya Stalker, tapi peek saya masih cooldown",claiming
"bukan Hitman ya, saya cuma Civilian",claiming
"gw claim Spy, semalam gw jaga satu orang",claiming
"aku Stalker, info targetku belum bisa dibuka",claiming
"role aku Civilian, jadi jangan berharap banyak info",claiming
"jujur gw bukan siapa-siapa, civilian doang",claiming
"kalau mayoritas butuh claim, aku Spy",claiming
"yaudah, gw Hitman kalau itu yang mau kalian dengar",claiming
"aku yang Stalker, peek pertama sudah kepakai",claiming
"saya warga biasa, hanya mengikuti vote terbanyak",claiming
"gw claim civilian, gak punya aksi malam",claiming
"roleku Spy, tapi target guard belum mau kusebut",claiming
"aku bukan Stalker atau Spy, cuma Civilian",claiming
"kalau percaya, aku Spy di ronde ini",claiming
"gw Stalker, tapi hasil peek-ku belum lengkap",claiming
"aku claim Hitman, terserah mau percaya atau enggak",claiming
"saya Civilian, tidak ada alasan untuk menyembunyikan peran",claiming
"aku Spy, jadi jangan vote aku dulu",claiming
"gw warga biasa, dari awal cuma nunggu arahan",claiming
"role saya Stalker, cooldown peek baru selesai",claiming
"aku bukan pelaku, saya Civilian",claiming
"gw claim Spy, kalau mau ikutin silakan",claiming
"aku Hitman, sekalian biar jelas",claiming
"sejujurnya roleku Stalker, tapi infonya belum cukup",claiming
"gw civilian, ikut keputusan mayoritas aja",claiming
"kalau harus buka kartu, aku Spy",claiming
"aku cuma Civilian, gak bisa bantu banyak",claiming
"gw bukan Hitman, sumpah role gw Civilian dan tuduhan ke gw ngawur",claiming
"jangan asal vote gw, aku Spy dan dari awal cuma fokus guard",claiming
"lu nuduh gw karena diem? gw Civilian biasa, bukan penjahat",claiming
"fix gw bukan Hitman, role gw Stalker dan info gw belum kepake",claiming
"aku Spy, kalau mau cek logika jangan langsung lempar nama gw",claiming
"bukan gw yang nyandera, gw Civilian dan gak punya skill malam",claiming
"gw Stalker, semalam udah peek satu orang tapi hasilnya belum mau gw buka",claiming
"tuduhan itu gak berdasar, gw cuma Civilian yang lagi baca situasi",claiming
"santai, gw bukan Hitman. Role gw Spy dan gw bisa bantu cari pelakunya",claiming
"kalau gw Hitman, ngapain gw sekeras ini klarifikasi? gw Civilian",claiming
"aku klaim Stalker, jadi jangan anggap diamku sebagai tanda bersalah",claiming
"gw Spy, bukan orang yang kalian cari. Tolong bedain klaim sama asumsi",claiming
"siapa pun yang nuduh gw, role gw Civilian dan argumen kalian masih kosong",claiming
"gw gak punya akses nyandera, bro, gw Civilian murni",claiming
"aku bukan Hitman, aku Stalker. Semalam aku sudah pakai Peek ke salah satu pemain",claiming
"jangan kejebak framing, gw Spy dan tuduhan ke gw cuma pengalihan",claiming
"role gw Civilian, jadi jelas gw gak bisa melakukan aksi malam",claiming
"gw klaim Spy dari sekarang, kalau ada yang maksa vote gw berarti dia gak mikir",claiming
"lu boleh curiga, tapi gw Stalker dan punya alasan kenapa belum buka info",claiming
"aku cuma warga biasa, bukan Hitman dan bukan dalang semua ini",claiming
"gw Spy, tugas gw ngawal orang bukan nyandera. Jangan kebalik",claiming
"tuduhan ke gw makin gak masuk akal, role gw Civilian tanpa skill",claiming
"bukan gw pelakunya, aku Stalker dan siap jelasin hasil Peek kalau perlu",claiming
"gw berani claim di depan semua: aku Spy, bukan musuh kalian",claiming
"jangan asal cap gw Hitman, gw Civilian dan dari tadi cuma ngebantah fitnah",claiming
"role gw Stalker, makanya gw gak asal ikut vote sebelum punya info",claiming
"aku bukan penyandera, aku Spy yang main defensif dari awal",claiming
"gw Civilian, kalau mau eksekusi gw minimal kasih bukti yang bener",claiming
"fix bukan gw Hitmannya, gw Stalker dan klaim ini gak akan berubah",claiming
"kalian salah sasaran, gw Spy dan tuduhan ini cuma bikin Hitman aman",claiming
"gw gak takut claim, aku Civilian biasa dan siap dipertanggungjawabkan",claiming
"gw civilian, dari rangkuman chat Raka paling ngeles, kita vote dia dulu",claiming
"aku Spy, semalam nge-Guard Nisa dan gak ada alasan buat curiga ke dia, fokus vote Bima",claiming
"gw Stalker, hasil Peek semalam nunjukin Dito Hitman, jangan pecah suara, vote Dito",claiming
"sumpah aku bukan Hitman, cuma Civilian, tapi pola diamnya Fajar udah mencurigakan, kita arahkan vote ke dia",claiming
"claim dulu: gw Spy, target Guard-ku kemarin Sari, jadi sekarang kandidat utama kita Bayu",claiming
"aku Stalker dan sudah Peek Riko sebagai Civilian, jadi dari dua tersangka tadi vote Lala aja",claiming
"gw civilian biasa, gak punya aksi malam, tapi setelah nyusun kronologi Vino paling gak konsisten, coblos Vino",claiming
"biar jelas, aku bukan Hitman; aku Spy, dan menurutku Arman yang paling layak kita Tribunal hari ini",claiming
"gw claim Stalker, Peek-ku kena Nando dan dia Hitman, stop debat muter-muter, langsung vote Nando",claiming
"aku Civilian, tidak punya informasi malam, tapi klaim Gita berubah-ubah, jadi target voting kita Gita",claiming
"gw Spy, semalam aku Guard Tesa; sekarang aku ambil alih, jangan vote Tesa, tekan Ojan dulu",claiming
"claim terbuka, aku Stalker. Hasil intipku bilang Rena bukan Hitman, jadi voting kita geser ke Iqbal",claiming
"gw warga biasa, tapi dari semua chat cuma Kiki yang terus lempar tuduhan tanpa dasar, fix dia target kita",claiming
"aku bukan Stalker atau Spy, aku Civilian. Situasi paling masuk akal: vote Galih yang dari tadi menghindar",claiming
"gw Spy dan masih hidup, jadi dengerin rangkumanku: Tio paling janggal, kita eksekusi dia sekarang",claiming
"aku Stalker, Peek ronde ini menunjukkan bahwa Seno adalah Hitman; jangan buang suara ke pemain lain",claiming
"jujur aja, gw Civilian tanpa skill, tapi klaim Wulan soal malam tadi gak nyambung, vote Wulan",claiming
"aku mengaku sebagai Spy, semalam mengawal Damar, dan sekarang arah voting paling aman adalah ke Putri",claiming
"gw claim Stalker, Dika sudah kebaca Civilian dari Peek-ku, maka tersangka kita tinggal Reza, gas vote",claiming
"saya Civilian, tidak memiliki kemampuan malam, tetapi setelah menyimpulkan percakapan, Naya paling layak dicurigai",claiming
"gw bukan Hitman, gw Spy. Kalau kalian percaya, jangan sentuh Jovan; kita fokus Tribunal ke Elsa",claiming
"aku Stalker, hasil Peek-ku menemukan bahwa Bagas adalah Hitman, jadi tolong ikuti call ini dan vote Bagas",claiming
"claim-ku jelas: aku Civilian. Rafi terlalu cepat ikut arus, kita jadikan dia target utama",claiming
"gw Spy, Guard-ku semalam gagal memberi info pasti, tapi dari pola diskusi Ardi paling mencurigakan, vote Ardi",claiming
"aku Stalker dan sudah memastikan Mita bukan Hitman; jangan terpancing fitnah, arahkan semua vote ke Yoga",claiming
"sebagai Civilian, aku ambil alih rangkuman: klaim Kevin paling lemah dan dia target voting kita",claiming
"gw warga biasa, bukan role malam, tapi Lusi terus menghindari pertanyaan, fix kita Tribunal dia",claiming
"saya mengklaim sebagai Spy; berdasarkan alur diskusi, Beni paling mungkin Hitman, mari satukan suara ke Beni",claiming
"aku Stalker, Peek semalam membaca Caca sebagai Hitman, jadi tidak perlu menunggu lagi, eksekusi Caca",claiming
"gw Civilian dan gak punya skill, tapi bukti chat mengarah ke Hadi; semua vote Hadi biar gak pecah",claiming
"gw baru nyusul bacanya, jadi biar jelas aku Civilian, bukan Hitman",claiming
"kalau konteksnya belum lengkap, gw claim Spy dari awal ronde",claiming
"bentar, tadi siapa yang udah claim? gw Stalker, semalem belum sempat Peek",claiming
"sumpah gw bukan Hitman, peran gw Civilian biasa",claiming
"aku agak ketinggalan alur, tapi identitasku Spy dan aku siap dikawal balik",claiming
"kalau ada yang nanya role, gw Stalker, bukan asal nuduh",claiming
"gw baru paham sekarang, jadi sekalian claim: aku Civilian",claiming
"fix gw Hitman, eh bercanda, gw Civilian jangan langsung vote",claiming
"dari tadi chatnya kelewat, tapi gw mau terbuka, role gw Spy",claiming
"aku claim Stalker, cuma info Peek-ku belum bisa dipakai lagi",claiming
"yang baru masuk konteks, gw bukan pelaku, aku Civilian",claiming
"kalau kalian butuh claim jelas, gw Spy dan bukan orang yang pakai Gag Order",claiming
"gw telat baca dua halaman, tapi role gw Stalker, percaya atau enggak",claiming
"aku bukan Hitman ya, cuma Civilian yang masih nyusun kronologi",claiming
"eh ulang sedikit, siapa yang dicurigai? gw claim Spy dulu",claiming
"sejauh yang bisa gw bilang, aku Stalker, bukan warga biasa",claiming
"gw tadi AFK sebentar, tapi biar transparan role-ku Civilian",claiming
"kalau claim sekarang masih kepagian, tetap aja gw Spy",claiming
"aku baru sadar ini fase Tribunal, jadi sekalian bilang: aku Civilian",claiming
"gw ngikutin sepotong-sepotong, tapi role asli gw Stalker",claiming
"jangan salah baca, gw bukan Spy, role-ku Civilian",claiming
"kalau ada yang ngejar claim, aku Hitman, dan iya ini serius",claiming
"gw baru balik ke chat, claim-ku Stalker, semalam aku Peek seseorang",claiming
"tadi konteksnya ke-skip, tapi aku Spy yang belum pernah Guard orang yang sama",claiming
"sumpah role gw Civilian, cuma memang dari tadi lambat nangkep",claiming
"aku mau terbuka aja, role-ku Hitman",claiming
"bentar, sebelum voting dijelasin lagi, gw claim Spy",claiming
"gw cuma baca chat terakhir, tapi identitasku Stalker",claiming
"kalau belum ada yang catat, aku Civilian dan tidak punya skill malam",claiming
"telat ikut debat, jadi langsung jelas aja: gw bukan Hitman, gw Spy",claiming
"gw Civilian, tapi yang paling cepat nuduh biasanya lagi nutupin role",claiming
"aku Spy, jadi jangan berharap aku guard orang yang sama dua malam berturut-turut",claiming
"fix gw Stalker, semalam gw peek Raka dan dia bukan Hitman",claiming
"lu boleh vote gw, tapi gw ngaku Hitman beneran",claiming
"sumpah aku bukan Hitman, cuma Civilian yang nunggu kalian blunder",claiming
"gw claim Spy, kalau ada yang ngaku Spy juga berarti salah satu sedang ngarang",claiming
"dia bilang Stalker? gw duluan claim Stalker, jangan gampang kemakan omongan",claiming
"aku Stalker, tapi hasil peek belum kubuka; siapa yang langsung panik?",claiming
"gw Civilian, claim ini sengaja buat lihat siapa yang langsung nyamber",claiming
"kalau gw Hitman, ngapain terang-terangan? justru itu jebakannya",claiming
"aku Spy asli, yang pura-pura jadi Spy biasanya bakal salah sebut aturan guard",claiming
"gw bukan warga biasa, role gw bisa bikin Hitman salah langkah",claiming
"si A ngaku Civilian, gw juga; bedanya gw berani diuji dari tadi",claiming
"aku Hitman, ayo lihat siapa yang cukup berani vote gw",claiming
"gw Stalker, tapi cuma bisa peek tiap dua ronde, jadi jangan maksa hasil baru",claiming
"secara resmi gw Civilian, dan klaim ini lebih jujur daripada alibi kalian",claiming
"jangan percaya gw dulu, aku Spy yang sengaja pasang badan buat lihat respons",claiming
"gw claim Stalker, si B kelihatan terlalu takut waktu role ini disebut",claiming
"aku bukan Spy, tapi lucu juga lihat dua orang rebutan claim itu",claiming
"gw Hitman katanya? boleh, asal jelaskan kenapa kalian langsung percaya",claiming
"role gw Civilian, tapi kalau kalian butuh kambing hitam silakan mulai dari gw",claiming
aku Stalker dan sudah punya satu hasil peek; yang mau aman jangan banyak bacot,claiming
"gw Spy, jadi orang yang minta dikawal terus malah makin mencurigakan",claiming
"claim gw sederhana: aku bukan Hitman, tapi si paling vokal jelas sedang jualan sesuatu",claiming
"kalau ada Stalker lain, suruh dia sebut hasil peek; gw siap dibandingkan",claiming
"aku Civilian, dan cuma Hitman yang biasanya takut sama klaim terbuka begini",claiming
"gw ngaku Hitman buat mancing reaksi, tapi kok ada yang langsung defensif?",claiming
"role gw Spy, percaya boleh, cek logika omongan gw dulu",claiming
aku bukan warga polos; gw Stalker yang sedang menunggu target berikutnya,claiming
"gw Civilian asli, sementara yang terus minta dipercaya itu justru paling sus",claiming
"gw civilian, nggak punya skill malam jadi cuma bisa ikut analisis",claiming
"aku spy, semalam aku guard kamu dan targetku selamat",claiming
"saya stalker, tadi malam sudah peek satu orang tapi belum mau buka identitasnya",claiming
"bukan hitman, aku warga biasa yang cuma mengandalkan diskusi",claiming
"jujur, role-ku spy dan aku belum bisa guard orang yang sama dua malam berturut-turut",claiming
"gw stalker, hasil peek-ku ada tapi cooldown-ku baru kepakai ronde ini",claiming
"aku civilian, kalau ada yang ngaku punya info malam coba jelaskan detailnya",claiming
"dia bilang aku hitman, padahal gw spy dan semalam memang melakukan guard",claiming
"aku bukan role intel, cuma civilian yang berusaha baca pola voting",claiming
"secara terbuka aku claim stalker, tapi hasil peek belum tentu aman buat diumbar sekarang",claiming
"gw spy, jadi jangan langsung anggap aku mencurigakan kalau pilihanku kelihatan defensif",claiming
"aku warga biasa, nggak punya aksi malam dan nggak bisa memastikan identitas siapa pun",claiming
"role-ku stalker, aku sempat peek seseorang dan hasilnya akan kupakai buat voting",claiming
"aku claim civilian dulu, dari awal memang tidak pernah punya target malam",claiming
"saya adalah spy, tetapi target guard saya tidak akan saya sebutkan dulu",claiming
"gw bukan hitman, kalau chat gw kelihatan panik itu karena takut salah vote",claiming
aku stalker dan bisa mengonfirmasi satu identitas dari hasil peek semalam,claiming
"claim-ku jelas: aku civilian, jadi semua analisis datang dari percakapan siang",claiming
"lu boleh curiga, tapi gw sebenarnya spy yang sedang cari pola serangan",claiming
"aku bukan stalker atau spy, role-ku cuma civilian biasa",claiming
"saya claim sebagai stalker, namun kemampuan peek saya sedang cooldown",claiming
"gw civilian, nggak ada alasan buat pura-pura punya info malam",claiming
"aku spy, semalam aku guard pemain yang menurutku paling terancam",claiming
"role saya warga biasa; kalau ada yang mengaku punya hasil peek, minta buktinya",claiming
"aku terbuka soal role-ku, gw stalker dan sudah memakai peek di ronde sebelumnya",claiming
"bukan aku hitmannya, aku civilian yang kebetulan paling sering ngomong",claiming
"gw claim spy, tapi belum tentu target guard-ku mau aku bocorkan",claiming
"aku stalker, hasil intipku menunjukkan satu pemain bukan civilian biasa",claiming
saya civilian dan tidak memiliki kemampuan untuk menyandera atau melindungi siapa pun,claiming
"aku bukan hitman, role-ku spy dan malam ini harus pilih target guard yang berbeda",claiming
"gw civilian, tapi klaim hitman si Raka terlalu gampang dipercaya",claiming
"aku stalker, dan aku belum mau buka target peek-ku sekarang",claiming
"sumpah aku Spy, jangan asal vote cuma karena aku beda pendapat",claiming
"gw bukan hitman, cuma civilian yang curiga sama pemain paling vokal",claiming
"kalau semua percaya klaim Dito, ya hitman tinggal santai; gw Stalker",claiming
"aku klaim Civilian, tapi bukan berarti harus ikut suara mayoritas",claiming
"gw Spy, semalam guard-ku bukan orang yang kalian tuduh itu",claiming
"dia bilang Stalker tanpa bukti, sedangkan gw benar-benar Stalker",claiming
"fix gw bukan Hitman, klaim ini bukan buat cari aman doang",claiming
aku Hitman kalau kalian percaya pengakuan yang asal keluar itu,claiming
"gw civilian biasa, justru klaim Spy tadi menurutku terlalu rapi",claiming
"saya Stalker, tetapi hasil peek saya belum cukup untuk membuat kalian percaya",claiming
"jangan langsung telan klaim mayoritas, aku Spy dan punya alasan sendiri",claiming
"gw klaim Spy, tapi kalau kalian mau vote gw silakan cek siapa yang paling diuntungkan",claiming
"aku bukan Stalker, aku Civilian; kenapa semua yang diam langsung dicurigai?",claiming
"gw Hitman? enggak, itu cuma asumsi karena gw nentang argumen kalian",claiming
"aku Stalker, dan klaim orang yang langsung mengaku Spy itu mencurigakan",claiming
"bukan mau cari perhatian, gw benar-benar Civilian di ronde ini",claiming
"gw Spy, jadi jangan anggap pemain yang paling yakin otomatis benar",claiming
"aku klaim Stalker, tapi belum tentu orang yang ramai dituduh itu Hitman",claiming
"kalau klaimku bohong, kenapa harus percaya klaim dia yang lebih cepat?",claiming
"gw civilian, dan menurutku pengakuan role tanpa konteks itu malah red flag",claiming
"aku Hitman katanya? lucu, yang nuduh justru belum klaim apa-apa",claiming
"gw Stalker, tapi aku skeptis sama hasil peek yang langsung dijadikan vonis",claiming
saya Spy dan saya tidak akan mengaku target guard hanya demi terlihat meyakinkan,claiming
"aku Civilian, jadi jangan paksa aku ikut voting hanya karena kalian kompak",claiming
gw bukan Hitman; yang terus mendominasi chat belum tentu paling bersih,claiming
"aku klaim Spy, tapi klaim ini tetap boleh kalian pertanyakan",claiming
"gw Stalker, dan justru karena itu aku enggak percaya klaim role yang terlalu sempurna",claiming
"aku civilian biasa, sementara dia mengaku Spy tanpa menjelaskan apa pun",claiming
"gw Hitman kalau klaim role sekarang dianggap bukti mutlak, bukan analisis",claiming
"sumpah gw civilian biasa, gak punya aksi malam",claiming
"aku Spy, semalam aku guard Nisa; kalau dia selamat mungkin itu bukan kebetulan",claiming
"claim dulu, role gw Stalker dan peek-ku bilang Raka bukan Hitman",claiming
"fix aku bukan Hitman, aku warga yang cuma bisa ikut voting",claiming
"gue Spy asli, yang ngaku Spy setelah ini kemungkinan besar lagi bluff",claiming
"gw Stalker, tapi hasil intip semalam belum mau gw buka biar gak jadi sasaran",claiming
"jujur saja, saya Civilian; teori saya Dimas sedang menyamar sebagai warga",claiming
"kalau kalian butuh claim, aku Stalker dan cooldown-ku baru saja kepakai",claiming
"gw civilian, tapi feeling kuat si Bimo Hitman dari cara dia ngeles",claiming
"role gue Spy, semalam guard orang yang sama gak bisa diulang jadi jangan suruh gw jaga dia lagi",claiming
"aku klaim sebagai warga biasa, meski gaya mainku memang kelihatan mencurigakan",claiming
"bukan gertakan, gw Stalker dan hasil peek-ku mengarah ke Vina sebagai bukan Hitman",claiming
"dia bilang Civilian, padahal gw Civilian beneran; salah satu dari kami pasti bohong",claiming
"saya mengaku Spy, tetapi belum punya bukti target guard saya diserang",claiming
"gw Hitman? ya kalau itu yang mau kalian percaya, silakan salah vote",claiming
"roleku Stalker, jadi teori soal Fajar bukan asal lempar",claiming
"aku bukan warga biasa, aku Spy yang semalam pasang guard ke Kiki",claiming
"claim gw sederhana, Civilian dan gak punya alasan buat mengarang hasil malam",claiming
"kalau ada dua Stalker, gw yang asli karena peek-ku masih cooldown",claiming
"gue warga, tapi siap dicurigai; biasanya yang terlalu cepat ngaku Spy itu Hitman",claiming
"aku Stalker asli, semalam identitas Lala bukan Hitman, tapi jangan langsung percaya penuh",claiming
"gw Spy, dan kalau target semalam tiba-tiba aman, itu bisa jadi karena guard-ku",claiming
"role saya Civilian, jadi satu-satunya senjata saya sekarang adalah analisis",claiming
"lu boleh anggap ini bluff, tapi gw Stalker dan Nando kelihatan aman dari peek",claiming
"aku klaim Spy sebelum ada yang mendahului, semalam guard-ku bukan ke pemain yang sama seperti malam sebelumnya",claiming
"gw bukan Hitman, bukan Spy juga, cuma Civilian yang lagi mancing reaksi",claiming
"dia terlalu pede ngaku Stalker, padahal gw Stalker dan klaimnya gak sinkron",claiming
"secara resmi aku Civilian; kalau mati, minimal jangan jadikan claim palsu sebagai fakta",claiming
"gw Stalker, tapi bisa aja info ini jebakan; yang jelas peek-ku sudah kepakai ronde ini",claiming
"oke, aku ngaku Hitman kalau itu bikin kalian panik, tapi seriusnya gw Civilian",claiming
"gw claim Civilian, dari awal cuma ngamatin dan siap bantu voting",claiming
"gue Spy, kalau ada yang mau kerja sama bilang dari sekarang",claiming
"aku Stalker, info role baru bisa kubuka setelah peek",claiming
"sumpah aku bukan Hitman, roleku Civilian dan siap ikut analisis",claiming
"gw role Spy, malam ini bisa jaga salah satu dari kalian",claiming
"kalau kalian cari partner aman, aku Civilian dan nggak punya skill aneh",claiming
"claim Stalker di sini, jadi jangan asal vote orang yang belum kebaca",claiming
"aku Spy, percayakan satu target guard ke aku malam ini",claiming
"gw warga biasa, tapi bisa bantu susun vote biar nggak ngawur",claiming
"gue bukan Hitman, aku Civilian dan mau ikut aliansi kecil",claiming
"aku Stalker, belum tentu ngomong semua info sekarang demi keamanan",claiming
"roleku Spy, kalau ada yang kelihatan terancam kasih tahu aku",claiming
"gw claim aman sebagai Civilian, fokusku cari dua orang yang konsisten",claiming
"aku bukan penjahat, roleku Stalker dan bakal cek pemain mencurigakan",claiming
"gue Spy, kita bisa saling cover mulai ronde ini",claiming
"aku Civilian, nggak punya aksi malam tapi siap pegang hasil voting",claiming
"gw Stalker, jadi kalau ada yang mau dipercaya kita mulai dari data",claiming
"claim gw Spy, jangan eksekusi aku sebelum ada bukti yang lebih kuat",claiming
"aku warga biasa, tapi feelingku lumayan dan siap bantu kalian",claiming
"gue Stalker, role ini kubuka supaya kita bisa bikin trust dari awal",claiming
"gw bukan Hitman, aku Civilian yang bakal ikut keputusan mayoritas",claiming
"aku Spy, satu orang bisa kuproteksi malam ini jadi pilih yang penting",claiming
"roleku Stalker, kalau besok masih hidup aku bisa kasih info baru",claiming
"gue claim Civilian, cari satu partner dulu biar voting kita nggak pecah",claiming
aku Spy dan mau kerja sama sama pemain yang komunikasinya paling konsisten,claiming
"gw Stalker, jangan percaya klaim kosong sebelum dicek polanya",claiming
"aku Civilian murni, nggak ada skill malam jadi bantu lewat diskusi",claiming
"gue Spy, kalau kalian percaya aku kita amankan pemain yang paling berguna",claiming
"claim roleku Stalker, aku bakal bantu bongkar identitas Hitman",claiming
"gw warga biasa, pilih aku sebagai partner diskusi kalau butuh sudut pandang netral",claiming
"gw civilian murni, dan dari awal target gw tetap Dimas",claiming
"aku Stalker, semalam sudah Peek Raka dan hasilnya dia bukan Hitman",claiming
"sumpah role gw Spy, tadi malam aku Guard Naya",claiming
"gw bukan Hitman, gw Civilian dan vote gw nggak bakal pindah dari Bimo",claiming
"claim jelas: aku Stalker, teori gw soal Sinta masih paling masuk akal",claiming
"kalau kalian butuh kejujuran, gw Spy dan semalam ngejaga Fajar",claiming
"aku warga biasa, bukan pemain ber-role, tapi tetap yakin Tio Hitman",claiming
"gw Hitman kalau mau tahu, silakan eksekusi sekarang",claiming
"role gw Civilian, jangan coba alihin pembahasan ke Vina",claiming
"aku Stalker, dan hasil Peek-ku bikin gw tetap ngunci Ardi sebagai tersangka",claiming
"gw Spy, target Guard-ku semalam adalah Lala, jadi jangan asal nuduh dia",claiming
"saya Civilian biasa, pendapat saya sejak awal tetap: Rendi paling mencurigakan",claiming
"fix gw bukan Hitman, gw warga dan nggak akan cabut vote dari Sari",claiming
"aku claim sebagai Stalker; bukti Peek-ku belum berubah, jadi fokus kita tetap ke Yoga",claiming
"gw Spy beneran, semalam aku Guard Kevin, percaya atau tidak terserah",claiming
"role aku Civilian, dan semua argumen baru ini cuma bikin aku makin yakin sama teori awal",claiming
"gw Hitman, tapi kalau ini cuma dianggap bluff, ya sudah, kalian tanggung akibatnya",claiming
"aku bukan Spy atau Stalker, cuma Civilian yang dari ronde pertama curiga sama Wawan",claiming
"claim gw tetap sama: Stalker, dan Peek-ku mengarah ke Riko sebagai pemain aman",claiming
"gw Spy, malam kemarin aku pasang Guard ke Caca, jadi jangan paksa aku ganti cerita",claiming
"saya mengaku sebagai Civilian, dan saya tidak melihat alasan untuk mengubah pilihan terhadap Joko",claiming
"aku Stalker, bukan asal nuduh; hasil Peek-ku cukup buat mengunci nama Tegar",claiming
"gw warga biasa, bukan Hitman, tapi pendirian gw soal Niko tetap nggak berubah",claiming
"role gw Spy dan aku sudah menjalankan Guard, jadi klaimku konsisten dari awal",claiming
"aku Hitman, nih pengakuan terbuka; kalau berani langsung vote aku",claiming
"gw Civilian murni, semua orang boleh beda pendapat tapi target gw tetap Reza",claiming
"claim sekarang: aku Stalker, dan meski ada bantahan, aku tetap percaya Fina bukan orang bersih",claiming
"gw Spy, semalam Guard ke Aldi, jadi teori gw soal pelaku masih mengarah ke Mira",claiming
"aku cuma Civilian, tapi analisis pertamaku belum terbantahkan dan aku tetap pegang nama Bayu",claiming
"gw bukan role penting, cuma warga; tetap saja menurut gw Seno Hitman dan vote gw fix ke dia",claiming
"gw civilian biasa, malam tadi aku nggak punya aksi",claiming
"aku role Spy, semalam aku guard Raka",claiming
"roleku Stalker, aku pakai Peek ke Nisa di ronde pertama",claiming
"aku Hitman, tadi malam aku ambil satu sandera",claiming
saya warga biasa dan tidak melakukan aksi malam,claiming
"gw Spy, target guard-ku malam ini bukan orang yang sama seperti kemarin",claiming
"aku Stalker, hasil Peek semalam menunjukkan identitas Dito sebagai Civilian",claiming
"role aku Civilian, dari awal cuma ikut diskusi dan voting",claiming
"gw pegang role Spy, semalam aku mengawal satu pemain",claiming
"aku mengaku sebagai Stalker, Peek-ku baru bisa dipakai lagi setelah cooldown",claiming
"saya Hitman di ronde ini, aksi malam saya sudah dilakukan",claiming
"aku bukan role aktif, statusku Civilian",claiming
"gw Stalker, semalam aku intip identitas satu orang",claiming
aku Spy dan tadi malam memilih satu target untuk di-Guard,claiming
"role saya Civilian, jadi malam tadi chat saya terkunci tanpa aksi",claiming
"gw klaim sebagai Spy, malam pertama aku guard Bima",claiming
"aku Stalker, hasil intipan pertamaku sudah masuk",claiming
"aku Hitman, semalam ada satu pemain yang aku jadikan sandera",claiming
"saya warga biasa, tidak punya kemampuan Peek atau Guard",claiming
"role-ku Spy, target pengawalan semalam sudah berbeda dari target malam sebelumnya",claiming
"gw Civilian, sepanjang fase malam aku tidak memilih siapa pun",claiming
aku pegang role Stalker dan sudah memakai Peek di ronde ini,claiming
"saya mengaku Hitman, aksi Hostage saya terjadi semalam",claiming
"aku Spy, tadi malam aku menjalankan aksi Guard pada satu pemain",claiming
"role gw warga biasa, kontribusiku hanya dari chat dan vote",claiming
"gw Stalker, kemampuan intipku sedang cooldown satu ronde",claiming
aku Hitman di game ini dan punya aksi Hostage saat malam,claiming
"saya Civilian, tidak ada target yang bisa saya pilih saat malam",claiming
"aku role Spy, semalam aku mengawal pemain yang berbeda dari malam sebelumnya",claiming
"gw Stalker, aku sudah melihat identitas satu pemain lewat Peek",claiming
"Lah fase malam langsung chat dikunci, sunyi banget",neutral
Oalah HOSTAGE ternyata nggak pakai duit sama sekali,neutral
Kok pagi-pagi udah masuk Tribunal aja sih,neutral
Wkwk istilah Gag Order kedengarannya galak banget,neutral
"Baru baca aturan Spy, cooldown-nya lumayan juga",neutral
"Stalker cuma bisa Peek satu orang, simpel tapi tegang",neutral
Eh ternyata Hitman malamnya bisa nyandera satu korban ya,neutral
Hah semua aksi malam dilakukan buta ternyata,neutral
"Vote terbanyak langsung dieksekusi, tanpa debat tambahan?",neutral
Aku masih nyesuaiin alur siang dan malamnya nih,neutral
Warga biasa ternyata benar-benar nggak punya skill ya,neutral
"Sistemnya ringkas, tapi suasananya tetap bikin deg-degan",neutral
"Chat terkunci lagi, berarti waktunya nebak-nebak sendiri",neutral
"Oke, sekarang aku paham kenapa fase pagi disebut Tribunal",neutral
"Seru juga, tiap role ternyata punya fungsi yang beda",neutral
Lah target Guard nggak boleh sama dua malam berturut-turut toh,neutral
Fix aturan zero economy ini bikin fokusnya cuma ke pemain,neutral
"Waduh, satu orang dibungkam mendadak pasti bikin kaget",neutral
"Aku kira ada polisi, ternyata memang murni social deduction",neutral
Ternyata HOSTAGE ini nggak punya sistem uang atau brankas,neutral
"Pagi datang, semoga kali ini aku nggak salah baca situasi",neutral
"Wkwk namanya Stalker, tapi kerjanya malah ngintip identitas",neutral
"Baru mulai udah terasa tegang, padahal belum ada voting",neutral
"Fase siangnya ramai, fase malamnya malah hening total",neutral
"Oh, kalau Guard berhasil berarti target serangan bisa selamat",neutral
Gag Order bisa muncul mendadak? Kirain cuma aturan pasif,neutral
"Aku suka formatnya, informasinya sedikit tapi jelas",neutral
Jadi semua orang bertindak tanpa tahu pilihan pemain lain,neutral
"Tribunal-nya kejam juga, suara terbanyak langsung selesai",neutral
"Oke noted, HOSTAGE lebih banyak baca situasi daripada ngumpulin resource",neutral
"oh, sudah masuk fase siang ya",neutral
"iya, aku masih ngikutin aja",neutral
"chat malamnya dikunci, ya",neutral
"waduh, ada yang jadi hostage",neutral
"hah, cepat juga ronde ini",neutral
"oke, lanjut saja sesuai sistem",neutral
aku belum punya komentar,neutral
"sip, votingnya sudah dibuka",neutral
"kok pagi lagi, semalam berasa singkat",neutral
"ya sudah, aku ikut mayoritas",neutral
"lah, suara gw malah dibungkam",neutral
"astaga, langsung dieksekusi",neutral
aku baca dulu deh,neutral
"hmm, ramai juga chat-nya",neutral
"oh, ternyata targetnya selamat",neutral
"baik, saya menunggu instruksi berikutnya",neutral
"wkwk, notif hostage-nya bikin kaget",neutral
"ini ronde ke berapa, ya",neutral
"bentar, aku masih loading",neutral
"oke, aku ikut vote yang terbanyak",neutral
suara mayoritas sudah jelas?,neutral
"yah, chat ditutup lagi",neutral
aku cuma menyimak,neutral
kok ada yang tidak bisa chat,neutral
malamnya sudah selesai?,neutral
"ya, terserah kalian saja",neutral
"eh, hasil tribunalnya keluar",neutral
cukup mengejutkan hasilnya,neutral
aku belum paham alurnya,neutral
"lanjut, aku ikut saja",neutral
"lah kok fase malam langsung dimulai, gw belum siap",neutral
"eh chat-nya kekunci, padahal baru mau ngetik",neutral
"waduh, pagi-pagi sudah masuk tribunal aja",neutral
"kok nama gw muncul di layar, kaget banget",neutral
"santai, gw cuma baca chat dari tadi",neutral
"hah, kenapa tiba-tiba gw dibungkam",neutral
serius ini sistemnya langsung eksekusi?,neutral
"aku tadi cuma bengong, bukan ngapa-ngapain",neutral
"lah, baru ronde pertama sudah ramai begini",neutral
kok waktunya cepat banget habis,neutral
"eh, ada yang lihat pesan gw tadi?",neutral
"gw kira masih fase diskusi, ternyata sudah malam",neutral
"aduh, jangan kagetin begitu dong",neutral
"kamu ngetik apa tadi, chat-ku kelewat",neutral
"sumpah, tadi koneksi gw sempat nge-lag",neutral
"lah, kok suara chat mendadak sepi",neutral
"aku cuma ikut baca, belum sempat komentar",neutral
"waduh, keputusan votenya cepat juga",neutral
ini tombol tribunal memang langsung jalan ya?,neutral
gw kira masih ada waktu buat ngobrol,neutral
"eh, siapa yang baru keluar dari permainan?",neutral
"kok layar aksinya gelap semua, normal?",neutral
"fix, sistemnya bikin deg-degan banget",neutral
"tadi gw belum selesai nulis, keburu dikunci",neutral
"hah, ronde sudah selesai? Cepat amat",neutral
"saya hanya mengikuti alur permainan, kok jadi ramai",neutral
"lah, notifikasinya muncul mendadak banget",neutral
"aku tadi cuma salah pencet, bukan sengaja",neutral
"tenang, gw masih di sini dan baca semuanya",neutral
"eh, kok semua orang langsung diam",neutral
"oke, semua udah masuk room belum?",neutral
"waduh, chat-nya langsung kekunci pas malam",neutral
"lah, ternyata namanya HOSTAGE, tegang juga",neutral
ini tribunal paginya langsung voting ya?,neutral
"gw baru baca aturan, ternyata nggak ada ekonomi sama sekali",neutral
oh jadi Hitman bisa nyandera tiap malam,neutral
"buset, ada skill Gag Order juga",neutral
"kalau chat tiba-tiba diam, mungkin memang lagi kena sistem",neutral
aku masih adaptasi sama role-role di game ini,neutral
"siap, kita mulai diskusinya pelan-pelan aja",neutral
"eh, fase malamnya buta semua kan?",neutral
baru ronde pertama udah berasa mencurigakan suasananya,neutral
kok cepat banget waktunya habis?,neutral
"oke, berarti yang dieksekusi itu vote terbanyak",neutral
"gw kira ada polisi, ternyata memang murni social deduction",neutral
"nice, aturan Guard-nya cukup unik juga",neutral
"kalau target Spy sama dua malam, ternyata nggak boleh ya",neutral
"stalker cuma bisa Peek tiap dua ronde, noted",neutral
"lah, pagi-pagi langsung ada hasil sandera?",neutral
"santai dulu, jangan semua ngomong barengan",neutral
aku cek dulu siapa yang sudah hadir di room,neutral
"fix, game ini bakal ramai kalau mulai saling curiga",neutral
"eh, tadi ada yang kena Gag Order nggak?",neutral
"oke, semua sudah paham cara votingnya?",neutral
"seru juga, role-nya sedikit tapi informasinya terbatas",neutral
gw masih bingung bedain fase diskusi sama fase aksi,neutral
"kalau chat dikunci, berarti memang waktunya malam",neutral
"wah, atmosfernya langsung berubah pas masuk tribunal",neutral
kita tunggu semua orang selesai baca aturan dulu,neutral
"siap, ronde ini kita lihat alurnya dulu",neutral
"aku baru masuk, tadi bahas apa ya",neutral
"bentar, aku ketinggalan konteks dari awal",neutral
"eh, sistemnya sudah masuk fase malam?",neutral
"lah, chat-nya kok langsung dikunci",neutral
"aku belum sempat baca semua, ulang sedikit dong",neutral
ini yang disandera siapa tadi?,neutral
"oh, ternyata sekarang fase tribunal ya",neutral
"maaf, tadi ada pengumuman apa? aku kelewat",neutral
"gw masih loading, ronde ini udah mulai belum",neutral
eh serius ada yang hilang dari permainan?,neutral
"aku kira masih diskusi, ternyata sudah voting",neutral
"bentar, aturan Gag Order itu munculnya kapan?",neutral
kok nama orangnya mendadak nggak bisa chat?,neutral
gw baru paham kalau malam itu chat memang dikunci,neutral
"tadi target hostagenya siapa ya, lupa aku",neutral
"oh jadi pagi itu waktunya voting, baru ngerti",neutral
"aku agak telat bacanya, bisa ulang kronologinya?",neutral
"lah, kok langsung dieksekusi? votenya sudah selesai?",neutral
ini ronde kedua atau masih ronde pertama?,neutral
"aku cuma sempat lihat pesan terakhir, sebelumnya ada apa?",neutral
"eh, skill-nya dipakai malam ini atau siang?",neutral
gw kira semua role bisa ngomong saat malam,neutral
"maaf, koneksi gw ngelag, tadi sistem bilang apa?",neutral
"jadi sekarang tinggal nunggu hasil vote, kan?",neutral
"aku belum hafal urutan fasenya, maklum baru main",neutral
kok cepat banget pergantian siang malamnya,neutral
tadi siapa yang terkena efek diam? aku nggak lihat,neutral
"oh, baru ngeh kalau tiap fase punya aturan beda",neutral
"aku baca chat-nya kepotong, konteksnya mulai dari mana?",neutral
ini hasil pagi tadi sudah diumumkan belum?,neutral
"wah malamnya cepat banget, semoga nggak ada yang panik",neutral
"lah chat langsung dikunci, kirain masih bisa ngoceh",neutral
"buset, pagi-pagi udah masuk tribunal aja",neutral
"santai dong, baru mulai udah tegang semua",neutral
"eh suara siapa tadi, kok mendadak sunyi",neutral
gag order lagi? chat jadi sepi banget,neutral
wkwk yang langsung defensif lucu juga,neutral
"aku cuma baca chat, kok malah ikut deg-degan",neutral
"lah kok ada yang disandera, serem juga",neutral
ternyata fase malam benar-benar nggak bisa ngobrol ya,neutral
"waduh, satu orang langsung dieksekusi",neutral
fix suasananya makin panas nih,neutral
"gw baru masuk, udah pada nuduh aja",neutral
"kalian serius amat, ini baru ronde pertama",neutral
"eh sistemnya langsung ngunci chat, keren juga",neutral
sumpah tadi kaget pas lihat hasil tribunal,neutral
"kok pada diem, lagi mikir atau ngantuk",neutral
"wah ada yang kena gag order, kasihan juga",neutral
"tenang, jangan berebut ngomong dong",neutral
lah kok votenya bisa sebanyak itu,neutral
aku belum siap lihat pengumuman pagi,neutral
wkwk reaksinya pada beda-beda banget,neutral
seru juga lihat semua orang mulai curiga,neutral
"eh, siapa yang tadi tiba-tiba hilang dari chat",neutral
"jangan tegang-tegang, nanti salah pencet vote",neutral
mereka langsung ribut begitu fase siang dibuka,neutral
"gw kira malamnya bakal santai, ternyata enggak",neutral
"wah, aturan eksekusinya kejam juga",neutral
"kamu kok senyum-senyum sendiri, ada yang lucu",neutral
"oke, sekarang semua mendadak jadi detektif",neutral
kok fase malamnya lama banget ya,neutral
"lah chat gue mendadak kekunci, ini normal bukan?",neutral
"pagi semua, pada masih hidup?",neutral
waduh langsung masuk tribunal aja,neutral
"gue baru join udah disuruh voting, wkwk",neutral
eh tadi malam sunyi banget,neutral
sumpah kaget pas layar berubah ke fase pagi,neutral
ini game HOSTAGE tegang juga ternyata,neutral
lu pada dengar suara notifikasi tadi?,neutral
aku masih bingung bedain tiap fasenya,neutral
"oke, sekarang waktunya diskusi ya",neutral
lah kok satu orang hilang dari daftar?,neutral
"wkwk sistemnya langsung eksekusi, nggak ada basa-basi",neutral
"bentar, aku baca aturan dulu",neutral
kok chat-nya sepi banget hari ini,neutral
fix tombol voting-nya gede banget,neutral
"gue kira malamnya bisa ngobrol, ternyata dikunci",neutral
"oh, jadi tribunal itu pagi-pagi ya",neutral
kaget juga lihat jumlah pemain berkurang,neutral
semoga ronde ini nggak terlalu lama,neutral
"siap, kita mulai dari fase diskusi",neutral
eh ada notifikasi baru masuk,neutral
aku tadi hampir salah pencet tombol vote,neutral
wkwk musik malamnya bikin suasana makin serem,neutral
kok waktunya cepat banget habis?,neutral
lu semua udah paham cara kerja gag order?,neutral
oh ternyata ada skill yang bisa bikin chat diam,neutral
pagi-pagi begini langsung ramai,neutral
"gue cuma mau santai, malah tegang sendiri",neutral
"baik, lanjutkan diskusinya",neutral
"Lah, ini game beneran tanpa ekonomi sama sekali?",neutral
"Hah, Tribunal langsung eksekusi? Cepat banget.",neutral
"Kok malam langsung sunyi, chat memang dikunci ya?",neutral
Serius semua aksi malam dilakukan buta?,neutral
Baru tahu Spy nggak boleh guard orang yang sama dua malam beruntun.,neutral
"Wait, Stalker cuma bisa peek sekali tiap dua ronde?",neutral
Jadi Hitman bisa pakai Gag Order siang-siang? Kirain cuma nyulik malam.,neutral
"Hostage di sini maksudnya korban sandera, bukan misi penyelamatan?",neutral
"Nggak ada polisi, brankas, atau uang? Unik juga.",neutral
"Gw kira ada fase diskusi panjang, ternyata waktunya mepet.",neutral
"Ini suara mayoritas langsung menentukan eksekusi, ya?",neutral
"Kok tiba-tiba chat gw hilang, sistemnya lagi error atau apa?",neutral
"Hm, notif malamnya memang tidak muncul ke pemain lain?",neutral
Aku masih agak bingung bedanya Stalker dan Spy.,neutral
"Mereka bilang perannya cuma empat, benar begitu?",neutral
"Sus, kenapa fase paginya disebut Tribunal? Kedengarannya serius.",neutral
"Oke, jadi kalau target Spy diserang, dia bisa selamat?",neutral
"Loh, Hitman bisa membungkam orang tanpa peringatan?",neutral
"Fix, aturan game ini lebih sederhana daripada yang kukira.",neutral
Lu yakin nggak ada item tambahan di mode ini?,neutral
"Kita cuma debat lalu voting, tanpa sistem uang? Mantap juga.",neutral
"Eh, tadi siapa yang vote terbanyak? Aku kelewat.",neutral
"Kalau chat dikunci saat malam, kita memang tidak bisa komentar sama sekali?",neutral
"Aku kira semua role punya aksi malam, ternyata tidak juga.",neutral
"Hah, satu orang langsung dieksekusi kalau vote-nya paling tinggi?",neutral
"Sistemnya bilang target selamat, tapi kok tidak ada penjelasan detail?",neutral
"Oke, aku paham sedikit, meski masih terasa random.",neutral
Mereka serius menyebut ini social deduction murni?,neutral
"Gw baru masuk, ini ronde pertama atau sudah mulai dari tadi?",neutral
"Kalau tidak ada polisi, berarti memang cuma mengandalkan peran dan voting?",neutral
lah kok langsung masuk fase malam aja,neutral
wkwk baru mulai udah tegang begini,neutral
ini chat dikunci beneran ya,neutral
eh ada yang kena gag order ternyata,neutral
"buset, notif tribunalnya muncul juga",neutral
"gw masih nyimak dulu, belum nangkep alurnya",neutral
"oh jadi paginya langsung voting, ya",neutral
seru juga mekanisme hostage-nya,neutral
"lah, kok pemainnya mendadak diem semua",neutral
aku kira fase malamnya bakal lebih lama,neutral
wkwk suasananya makin panas aja,neutral
fitur peek ini cooldown-nya lumayan juga,neutral
eh tadi siapa yang kena mute?,neutral
kita tunggu penjelasan berikutnya dulu,neutral
baru ronde pertama sudah banyak drama,neutral
saya masih mencoba memahami urutan fasenya,neutral
kok waktunya cepat banget habis,neutral
"ya ampun, langsung ada yang dieksekusi",neutral
"gw kira bakal ada sistem uang, ternyata enggak",neutral
"oke, sekarang semua kembali ke chat",neutral
suasananya hening banget setelah pengumuman tadi,neutral
wkwk ini permainan bikin susah santai,neutral
"oh, ternyata target guard bisa selamat dari serangan",neutral
aku baru sadar votingnya langsung menentukan nasib,neutral
"lah, ronde berikutnya sudah dimulai lagi",neutral
"tenang, gw cuma baca-baca dulu",neutral
"chat-nya ramai, tapi informasinya belum banyak",neutral
eh aturan gag order-nya unik juga,neutral
"mereka pada sibuk debat, aku ikut pantau saja",neutral
"fix, sistem game ini lumayan bikin kaget",neutral
lah kok fase malamnya langsung dikunci,neutral
"waduh, pagi-pagi sudah masuk tribunal aja",neutral
ini game HOSTAGE ternyata tegang juga ya,neutral
"eh, chat gue mendadak nggak bisa dipakai",neutral
baru mulai sudah ada yang kena hostage,neutral
"kok votingnya langsung eksekusi, nggak ada rematch ya",neutral
"santai dulu, sistemnya masih loading di otak gw",neutral
lah ternyata nggak ada uang sama polisi di game ini,neutral
fase siangnya singkat banget berasa dikejar waktu,neutral
oh jadi malam semua orang aksinya diam-diam,neutral
kaget juga lihat hasil tribunal barusan,neutral
"chat terkunci, fix semua pada masuk mode serius",neutral
ini tombol vote-nya sudah muncul belum?,neutral
"waduh ada yang kena gag order, chat-nya hilang",neutral
baru ngerti kalau tiap role punya aksi sendiri,neutral
"giliran malam datang, suasananya langsung sepi",neutral
"eh ternyata nama gamenya HOSTAGE, bukan mode biasa",neutral
aku masih adaptasi sama alur siang dan malamnya,neutral
kok notifikasi sistemnya muncul mendadak begitu,neutral
"wih, tribunal pagi ini ramai banget",neutral
nggak nyangka game social deduction bisa sesunyi ini pas malam,neutral
lu pada sudah lihat hasil ronde tadi belum?,neutral
ternyata kalau sudah dibungkam memang nggak bisa ngetik,neutral
aneh juga voting langsung menentukan nasib pemain,neutral
"gw kira malamnya bisa ngobrol, ternyata chat dikunci",neutral
"oke, sekarang aku paham kenapa semua nunggu pagi",neutral
"sistem eksekusinya cepat banget, belum sempat cerna",neutral
"eh ada perubahan fase lagi, bentar",neutral
seru juga lihat semua orang panik pas tribunal,neutral
semoga ronde berikutnya aku nggak bingung lagi,neutral
"lah chat langsung dikunci, belum sempat ngetik",neutral
"buset, pagi-pagi langsung ada korban aja",neutral
"ini tribunalnya auto eksekusi yang vote terbanyak ya, serem juga",neutral
kok giliran malam selalu berasa lama banget,neutral
"waduh kena gag order, tombol chat gw beneran mati",neutral
"anjir, HOSTAGE ini tegang juga padahal ga ada duit atau polisi",neutral
"siapa yang bikin nama gamenya HOSTAGE, dari lobby aja udah intimidatif",neutral
"bentar, tadi fase siang sekarang udah malam lagi?",neutral
"gw masih loading, aturan guard-nya harus ganti target tiap malam kan?",neutral
"oh, peek stalker cooldown-nya dua ronde, baru ngeh",neutral
"yah, salah pencet emote lagi",neutral
"aku cuma numpang baca chat, kok suasananya langsung panas",neutral
"serius semua aksi malam dilakukan buta, unik juga",neutral
"fix, notifikasi pagi ini bikin jantung copot",neutral
"lu pada santai dikit, ini baru mulai",neutral
kami belum siap masuk tribunal secepat ini,neutral
"mereka pada ngetik barengan, layar gw jadi rame",neutral
"eh, chat gue dibungkam mendadak, ini fitur atau kutukan?",neutral
"aku kira ada fase beli item, ternyata memang kosong semua",neutral
"lah kok target voting langsung dieksekusi, ga ada banding?",neutral
"wah, role-nya cuma empat tapi tetap bikin pusing",neutral
"gw tadi mau balas, keburu fase siang selesai",neutral
"tenang, saya sedang membaca aturan satu per satu",neutral
nggak nyangka game tanpa polisi bisa setegang ini,neutral
"oh, jadi Hitman cuma bisa nyandera satu orang per malam",neutral
"halo semua, koneksi kalian aman?",neutral
suara tribunalnya sudah masuk semua belum?,neutral
"duh, aku ke-dc sebentar, ada yang terjadi?",neutral
"malamnya sunyi banget, rasanya kayak nunggu hasil ujian",neutral
gag order muncul tiba-tiba itu bikin kaget sih,neutral
"eh chatnya kebuka lagi, tadi malam memang dikunci",neutral
"pagi, aku baru masuk pas fase Tribunal",neutral
barusan sistem ngumumin satu pemain jadi hostage,neutral
tadi voting langsung selesai setelah suara terakhir masuk,neutral
aku belum kirim chat waktu fase malam,neutral
semalem gw cuma nunggu sampai ronde selesai,neutral
notif Gag Order muncul di layar aku,neutral
chat aku mendadak gak bisa dipakai sampai fase siang,neutral
ronde ini cepat banget masuk pagi,neutral
aku tadi sempat baca chat sebelum dikunci,neutral
suara Tribunal-ku sudah terkirim,neutral
aku belum menggunakan kemampuan malam ini,neutral
sistem bilang semua aksi malam sudah diproses,neutral
"pas pagi, jumlah pemainnya berkurang satu",neutral
aku baru sadar chat malam memang gak bisa dibuka,neutral
"lah, fase kedua sudah mulai aja",neutral
aku tadi dapat notifikasi aksi selesai,neutral
sekarang semua pemain bisa ngetik lagi,neutral
gw baru selesai baca riwayat chat ronde ini,neutral
"aku pakai Peek ke satu pemain, hasilnya langsung muncul",neutral
tadi malam aku melakukan Guard ke satu nama,neutral
aku tidak mengambil tindakan saat fase malam,neutral
barusan nama pemain yang dieksekusi muncul di sistem,neutral
"timer diskusinya tinggal sedikit, aku masih baca chat",neutral
"aku kena Gag Order, jadi tadi tidak bisa balas",neutral
"malam dimulai, chat langsung tertutup",neutral
Tribunal-nya selesai tanpa jeda tambahan,neutral
aku baru lihat notifikasi bahwa ada aksi malam,neutral
hari ini jumlah pemain aktif berubah,neutral
aku cuma merespons notifikasi ronde berikutnya,neutral
