teks_chat,label_intent
dari cara lu ngeles terus fix lu Hitman,accusing
si A paling mencurigakan dari tadi jawabannya muter terus,accusing
gw curiga sama dia karena selalu ikut vote tanpa kasih alasan,accusing
lu kok langsung nuduh orang lain pas diskusi baru mulai sus,accusing
si B tadi kena Gag Order pas mau jelasin sesuatu fix dia target Hitman,accusing
yang pakai Gag Order barusan pasti Hitman dan gw curiga ke si C,accusing
dia diem terus waktu ditanya soal korban semalam mencurigakan banget,accusing
si D terlalu cepat nuduh gw padahal belum ada bukti fix dia Hitman,accusing
menurut gw si E sengaja bikin keributan biar perhatian pindah dari dia,accusing
lu dari tadi cuma ikut arus vote gw yakin lu Hitman,accusing
si F jawabannya beda sama chat dia sebelumnya sus banget,accusing
gw rasa Hitman ada di antara orang yang maksa vote si B,accusing
dia tiba-tiba aktif setelah ada korban semalam fix mencurigakan,accusing
si G paling sering menghilang pas diskusi dan muncul saat voting,accusing
kok lu langsung tahu target Gag Order sebelum diumumin aneh banget,accusing
gw nuduh si H karena dia selalu membela orang yang mencurigakan,accusing
si I terlalu tenang setelah kejadian malam tadi kayak sudah tahu semuanya,accusing
dia sengaja mengalihkan topik tiap kali ditanya soal aksinya,accusing
lu jangan pura-pura bingung gw lihat pola chat lu dari ronde kemarin,accusing
si J paling mungkin Hitman karena vote-nya selalu aman sendiri,accusing
gw curiga sama lu karena semalam ada korban lalu lu langsung punya alibi,accusing
yang paling keras nyuruh eksekusi orang lain biasanya Hitman tuh,accusing
si K kena Gag Order setelah menuduh lu jadi gw makin yakin sama dugaan ini,accusing
lu bilang gak tahu apa-apa tapi tadi ngasih detail yang cuma Hitman mungkin tahu,accusing
si L dari tadi memancing kita buat vote target yang sama tanpa alasan jelas,accusing
gw rasa dia pakai Gag Order buat nutupin jejaknya sendiri,accusing
si M terlalu cepat membela diri padahal belum ada yang nuduh,accusing
cara lu jawab pendek-pendek banget kayak lagi nyusun alibi,accusing
dia terus ganti pendapat setiap kali ada pemain baru yang ngomong,accusing
si N mencurigakan karena selalu online tapi jarang ikut diskusi,accusing
gw yakin salah satu dari kalian yang maksa skip vote itu Hitman,accusing
lu nuduh gw cuma karena gw beda pendapat fix lu lagi cari kambing hitam,accusing
si O tadi kena Gag Order tepat setelah membongkar pola lu,accusing
dia pura-pura bantu analisis tapi semua kesimpulannya malah bikin warga saling serang,accusing
gw lebih curiga ke si P daripada target yang dia tuduh,accusing
si Q jawabannya terlalu rapi buat ukuran pemain yang katanya bingung,accusing
lu selalu muncul pas situasi mulai panas lalu menghilang lagi sus banget,accusing
si R tadi berubah sikap setelah tribunal pertama fix ada yang disembunyikan,accusing
gw nuduh dia karena alibinya cuma ikut kata-kata orang lain,accusing
kalau lu bukan Hitman kenapa langsung panik waktu nama lu disebut,accusing
si S jelas sedang mengarahkan vote ke warga biasa,accusing
dia sengaja bikin chat panjang supaya poin pentingnya gak kelihatan,accusing
lu paling diuntungkan dari korban malam tadi jadi gw curiga ke lu,accusing
si T selalu membela pemain yang akhirnya terlihat mencurigakan,accusing
gw rasa yang pakai Gag Order tadi adalah orang yang takut ketahuan,accusing
si U terlalu fokus nyari Stalker sampai lupa bahas korban semalam,accusing
dia nuduh orang berdasarkan asumsi tapi gak pernah kasih observasi,accusing
lu bilang mau bantu warga tapi keputusan lu malah bikin kita rugi terus,accusing
si V paling aneh karena pendapatnya berubah setelah lihat hasil voting,accusing
gw curiga si W Hitman karena dia langsung ikut vote target yang sudah lemah,accusing
kalau bukan lu yang punya Gag Order kenapa lu tahu timingnya tepat banget,accusing
si X dari tadi cuma mengulang tuduhan orang lain supaya kelihatan ikut membantu,accusing
dari tadi lu paling ngotot nuduh orang tanpa bukti fix lu hitman,accusing
si A mendadak kena Gag Order pas mulai bongkar alibinya jadi dia sus banget,accusing
menurut gw si B hitman karena jawabannya muter terus dari awal diskusi,accusing
lu kenapa buru-buru banget ngajak vote si C? malah keliatan kayak nutupin diri sendiri,accusing
si D diem terus waktu ditanya soal malam tadi fix mencurigakan,accusing
gw curiga sama si E karena dia selalu ikut vote terakhir tanpa kasih alasan,accusing
Gag Order ke si F jelas banget buat membungkam orang yang hampir nemu hitman,accusing
si G dari tadi gonta-ganti tuduhan kayak lagi nyari kambing hitam,accusing
kayaknya si H hitman deh soalnya dia paling panik pas ada yang bahas korban,accusing
lu terlalu defensif bro santai dikit malah makin keliatan sus,accusing
si I tiba-tiba aktif setelah ada korban jatuh kemungkinan dia hitman,accusing
aku nuduh si J karena alibinya berubah dua kali dalam satu diskusi,accusing
si K yang kena Gag Order tadi mungkin punya info penting dan sengaja dibungkam,accusing
kalau bukan hitman kenapa lu terus menghindari pertanyaan soal pilihan vote,accusing
si L dari awal cuma nunggu orang lain nuduh lalu ikut arus banget,accusing
gw rasa si M pelakunya karena dia langsung mengalihkan topik setelah nama korban disebut,accusing
si N keliatan banget bikin fitnah lewat Gag Order tadi jangan sampai kita ketipu,accusing
lu bilang lihat kejadian malam tapi role lu apa sebenarnya? jangan-jangan hitman,accusing
si O paling mencurigakan karena tiap ditanya jawabnya pendek dan nggak nyambung,accusing
fix si P hitman dia sengaja bikin chat ramai biar analisis kita buyar,accusing
aku nggak percaya sama si Q karena tuduhannya selalu muncul setelah orang lain kasih petunjuk,accusing
si R mendadak membela pemain yang jelas mencurigakan berarti kemungkinan satu tim,accusing
bro si S kenapa langsung vote tanpa diskusi? kelakuan hitman banget,accusing
menurutku si T pelakunya karena dia tahu detail malam yang seharusnya nggak diketahui,accusing
Gag Order barusan terlalu pas waktunya si U pasti takut kebongkar,accusing
si V dari tadi nyari alasan buat ngegiring vote ke orang lain,accusing
lu ngaku civilian tapi kontribusinya cuma bikin keributan sus banget,accusing
si W punya pola aneh selalu online pas ada kejadian lalu menghilang saat ditanya,accusing
gw curiga berat sama si X karena dia nggak pernah kasih dugaan yang konsisten,accusing
si Y mungkin hitman dia sengaja diam sampai situasi aman buat dirinya,accusing
kalau si Z benar-benar warga kenapa malah membela orang yang kena tuduhan kuat,accusing
si A terlalu cepat menyimpulkan target malam tadi padahal informasinya terbatas,accusing
aku rasa hitmannya si B karena dia paling keras menolak semua teori,accusing
si C kelihatan gugup setelah Gag Order dipakai ke si D jangan-jangan dia dalangnya,accusing
lu dari tadi nyerang semua orang tanpa arah ini strategi hitman banget,accusing
si E cuma muncul buat ikut voting lalu hilang lagi mencurigakan parah,accusing
gw yakin si F pelakunya karena dia terus maksa kita eksekusi si G tanpa bukti jelas,accusing
si H ngomongnya berubah setelah korban ditemukan berarti dia sedang menyesuaikan alibi,accusing
jangan percaya si I dia sengaja bikin kita fokus ke role lain,accusing
si J kelihatan punya informasi lebih dari yang seharusnya fix hitman,accusing
menurut saya si K adalah pelaku karena seluruh argumennya hanya untuk membungkam diskusi,accusing
si L paling aneh ketika ditanya soal vote dia malah menyerang balik,accusing
lu bilang nggak tahu apa-apa tapi langsung tahu siapa yang harus dicurigai sus banget,accusing
si M kayaknya pakai Gag Order buat nutupin jejak sendiri,accusing
aku nuduh si N karena dia selalu membela hitman tanpa sadar,accusing
si O terlalu tenang setelah ada korban mungkin dia sudah tahu rencananya berhasil,accusing
gw rasa si P sengaja memecah kita supaya vote warga lain,accusing
si Q dari tadi cuma mengulang tuduhan orang lain tanpa observasi sendiri,accusing
Gag Order tadi membungkam pemain yang paling kritis jadi pelakunya kemungkinan si R,accusing
si S jelas mencurigakan karena dia menghindari semua pertanyaan tentang aksi malam,accusing
fix si T hitman dia baru aktif setelah semua orang mulai saling tuduh,accusing
kita jangan terpancing si U dia kelihatan sedang menggiring tribunal ke target yang salah,accusing
gw bukan hitman ya sumpah dari awal cuma bantu diskusi,defending
tuduhan lu ngaco banget aku civilian biasa,defending
jangan asal vote aku cuma karena tadi telat chat,defending
gue nggak punya skill serangan sama sekali cek aja pola main gue,defending
bukan gw yang hostage semalam jangan lempar kesalahan ke sini,defending
aku bukan hitman role-ku warga biasa dan nggak bisa ngapa-ngapain malam,defending
lu salah orang bro gw dari tadi konsisten nuduh yang mencurigakan,defending
santai dulu jangan langsung eksekusi aku cuma karena beda pendapat,defending
sumpah aku bukan sus yang kalian kira,defending
gw nggak pakai gag order itu skill hitman bukan punya gw,defending
kalau aku hitman kenapa dari tadi malah bantu cari pola,defending
tuduhan ini lemah banget cuma berdasarkan aku diem sebentar,defending
aku civilian dan tidak memiliki informasi role siapa pun,defending
jangan vote aku sebelum dengar penjelasan lengkapnya,defending
gw bukan pelaku semalam posisi gw cuma warga biasa,defending
dia nuduh gw buat ngalihin perhatian dari dirinya sendiri,defending
aku nggak pernah bilang punya info role orang karena memang bukan stalker,defending
kalau kalian eksekusi aku tim warga malah rugi besar,defending
gw yakin tuduhan ke aku sengaja dibangun biar hitman aman,defending
aku nggak bisa hostage siapa pun jadi jangan salah sasaran,defending
serius bukan aku yang bikin korban hilang semalam,defending
lu boleh curiga tapi jangan langsung anggap gw hitman,defending
gw cuma salah baca situasi bukan berarti role gw jahat,defending
aku tetap terbuka untuk ditanya tapi tuduhannya harus ada dasar,defending
bukan saya pelakunya saya hanya civilian tanpa kemampuan malam,defending
jangan termakan fitnah dia dari tadi cuma nyari kambing hitam,defending
gw nggak kena gag order kok jadi bisa jelasin semuanya sekarang,defending
kalau aku hitman harusnya aku nggak akan sejelas ini membela diri,defending
tadi aku diam karena lagi baca chat bukan karena menyusun alibi,defending
role aku bukan spy maupun hitman jadi jangan berharap aku punya bukti malam,defending
aku tidak menyerang siapa pun dan tidak tahu target malam tadi,defending
fix tuduhan ke gw cuma asumsi tanpa bukti konkret,defending
sumpah demi tim warga gw bukan orang jahat di ronde ini,defending
lu salah analisis gw dari gaya chat doang,defending
aku nggak punya alasan buat menghilangkan pemain lain,defending
gw cuma ikut vote berdasarkan informasi yang ada bukan karena kerja sama hitman,defending
tolong jangan eksekusi aku hanya karena aku berbeda pilihan vote,defending
dia sengaja memelintir ucapan gw supaya aku terlihat mencurigakan,defending
aku bisa jelaskan semua tindakan tadi karena tidak ada yang kusembunyikan,defending
gw bukan stalker jadi wajar kalau nggak punya hasil peek,defending
jangan paksa gw mengaku sesuatu yang memang nggak gw lakukan,defending
aku tidak memakai skill apa pun malam ini karena role-ku civilian,defending
kalau mau cari hitman lihat pemain yang paling sering mengalihkan isu,defending
gw udah konsisten dari awal dan nggak pernah ganti cerita,defending
bukti terhadap aku cuma karena telat balas chat itu nggak cukup,defending
aku membela diri karena tuduhan ini bisa bikin warga salah eksekusi,defending
lu boleh curiga tapi cek dulu siapa yang paling diuntungkan dari vote ini,defending
gw bukan ancaman buat tim dan nggak punya akses ke aksi malam,defending
serius aku cuma pemain biasa yang berusaha bantu menemukan hitman,defending
jangan percaya dia mentah-mentah karena pembelaan gw ada alasannya,defending
aku menolak tuduhan itu karena semua faktanya tidak cocok dengan role-ku,defending
sumpah bukan gw hitman ya dari tadi gw cuma ikut diskusi,defending
gw civilian biasa jangan asal vote cuma gara-gara gw diem,defending
bukan aku pelakunya aku nggak punya aksi malam sama sekali,defending
lu salah nuduh gw coba cek alibi pemain lain dulu,defending
fix bukan gue hitman kalau gue jahat harusnya ada korban semalam,defending
gw bukan target yang mencurigakan cuma lagi baca situasi,defending
jangan eksekusi aku dulu tuduhan kalian belum ada buktinya,defending
aku Stalker dan semalam sudah Peek satu pemain hasilnya bukan aku yang jahat,defending
gw Spy bukan Hitman jangan buang vote ke orang yang salah,defending
aku cuma Civilian dan nggak bisa melakukan apa pun saat malam,defending
tuduhan itu ngawur gw bahkan nggak pakai skill malam,defending
kalian jangan termakan fitnah dia bisa saja sedang pakai Gag Order,defending
gw nggak gagap atau menghindar cuma chat gw tadi kemungkinan kena Gag Order,defending
bukan aku yang nyandera korban semalam cek pola votingnya dulu,defending
kalau aku Hitman kenapa dari ronde awal terus bantu cari pelaku,defending
gw tetap konsisten dari awal jadi jangan paksa eksekusi tanpa alasan,defending
sumpah alibi gw jelas semalam gw nggak punya tindakan,defending
yang nuduh gw malah lebih mencurigakan karena langsung mengarahkan vote,defending
aku menolak tuduhan itu karena tidak ada bukti yang menghubungkan saya dengan korban,defending
tolong jangan asal voting aku hanya karena gaya chatku santai,defending
gw bukan Hitman dan nggak pernah pakai Gag Order ke siapa pun,defending
lu bisa cek ucapan gw dari ronde pertama semuanya masih nyambung,defending
aku Spy dan tadi malam sudah Guard seseorang jadi bukan penyerang,defending
jangan salah paham aku diam karena sedang menunggu informasi dari Stalker,defending
gw nggak kabur dari pertanyaan cuma lagi kena mute mendadak,defending
kalau aku jahat harusnya aku nggak akan terang-terangan membela korban,defending
tuduhan ke aku terlalu cepat mari bahas aksi malamnya dulu,defending
bukan saya pelakunya saya justru sudah memberi petunjuk tentang pemain mencurigakan,defending
aku tidak memiliki kemampuan menyerang atau menyandera jadi jelas bukan Hitman,defending
gw cuma warga biasa jangan bikin tim kita rugi gara-gara salah vote,defending
dia nuduh gw tanpa dasar padahal jawabannya sendiri berubah-ubah,defending
saya tidak berbohong posisi saya tetap Civilian sejak awal permainan,defending
jangan percaya provokasi itu bisa jadi Hitman sedang mengalihkan perhatian,defending
gw aman kok bukan berarti gw jahat mungkin saja aku cuma belum punya info,defending
aku tidak bisa membuktikan semuanya tapi tuduhan terhadapku juga belum kuat,defending
lu salah baca situasi gw memang pasif tapi bukan berarti Hitman,defending
kalau kalian eksekusi gw sekarang tim bakal kehilangan warga yang tidak bersalah,defending
semalam aku tidak melakukan Peek karena skill Stalker masih cooldown,defending
gw bukan orang yang nyuruh vote terburu-buru justru dari tadi minta bukti,defending
bukan aku yang membungkam chat dia gw nggak punya skill Gag Order,defending
kalian perlu ingat semua aksi malam dilakukan buta jadi jangan asal simpulkan,defending
aku sudah menjelaskan peranku dan tidak ada alasan untuk menyembunyikannya,defending
sumpah gw nggak nyandera siapa pun target korban bukan ulah gw,defending
yang benar-benar mencurigakan itu pemain yang terus memelintir ucapan gw,defending
aku tidak bersalah dan siap menjawab pertanyaan satu per satu,defending
jangan jadikan gaya ngomongku sebagai bukti bahwa aku Hitman,defending
gw tadi kena Gag Order jadi wajar kalau penjelasan gw sempat kepotong,defending
kalau mau vote aku kasih alasan yang jelas jangan cuma ikut suara mayoritas,defending
aku sudah membantu menemukan pola pelaku jadi aneh kalau sekarang malah dituduh,defending
bukan gue yang menyerang target itu buktinya peranku tidak punya kemampuan ofensif,defending
gw tetap di pihak warga dan nggak akan buang vote buat orang yang belum terbukti,defending
sumpah gw civilian biasa bukan hitman,bluffing
aku spy dan semalam udah guard dia jadi jangan vote aku,bluffing
gw stalker bro tadi malam udah peek satu orang tapi belum mau buka,bluffing
fix gw bukan hitman role gw cuma civilian,bluffing
jangan nuduh gw ya aku spy yang lagi jagain tim,bluffing
semalam gw intip si Raka dan dia keliatan aman kok,bluffing
gw stalker asli jangan asal eksekusi,bluffing
aku civilian polos dari awal cuma ikut diskusi,bluffing
bukan gw pelakunya sumpah role gw spy,bluffing
lu salah besar kalau vote gw karena gw punya info dari peek,bluffing
gw udah guard target penting semalam jadi hitman gagal nyerang,bluffing
dia yang mencurigakan bukan gw karena gw stalker,bluffing
aku hitman? ngaco role gw civilian biasa,bluffing
gw spy dan bisa jamin target semalam selamat karena gw kawal,bluffing
jangan percaya tuduhan itu gw cuma warga biasa,bluffing
semalam gw peek dia dan hasilnya bukan hitman,bluffing
role gw stalker tapi cooldown masih jalan jadi belum bisa cek lagi,bluffing
gw bukan sus ya aku spy yang lagi bantu tim,bluffing
kalian jangan salah vote gw karena gw udah baca satu role tadi malam,bluffing
aku civilian dan dari tadi cuma nyari siapa yang paling mencurigakan,bluffing
fix yang nuduh gw itu hitman karena mau ngalihin perhatian,bluffing
gw guard si Dimas semalam jadi kalau ada serangan pasti gagal,bluffing
sumpah role gw stalker bukan hitman,bluffing
aku udah peek si Bima hasilnya dia aman tapi jangan sebut role lengkap dulu,bluffing
gw warga biasa dan gak punya skill malam sama sekali,bluffing
kalau gw hitman harusnya dari tadi gag order orang dong,bluffing
aku spy asli dan gak bisa guard orang yang sama dua malam berturut-turut,bluffing
gw stalker jadi info gw valid jangan langsung ngegas,bluffing
bukan aku yang nyandera korban semalam karena gw civilian,bluffing
dia ngaku spy tapi gw yang sebenarnya punya skill guard,bluffing
gw punya hasil peek yang bikin dia sus tapi belum waktunya dibuka,bluffing
aku cuma civilian jangan bikin tribunal salah sasaran,bluffing
role gw spy dan target yang gw kawal tadi malam masih hidup,bluffing
gw stalker bro percaya sama info gw kali ini,bluffing
hitman pasti lagi nyamar jadi civilian dan itu jelas bukan gw,bluffing
aku udah cek satu pemain lewat peek dan dia bukan ancaman,bluffing
gw bukan pelaku karena semalam fokus guard orang yang dicurigai,bluffing
jangan vote aku dulu gw masih bisa bantu dari sisi spy,bluffing
aku civilian tapi feeling gw si Ardi lagi bluffing parah,bluffing
gw stalker dan siap buka hasil intipan kalau kalian gak eksekusi gw,bluffing
yang bener aja masa gw dituduh hitman padahal gw spy,bluffing
semalam gw guard si Naya jadi hitman gak mungkin berhasil nyandera dia,bluffing
aku bukan hitman sumpah dari awal role gw warga biasa,bluffing
gw punya info malam sebagai stalker dan si Reno keliatan mencurigakan,bluffing
kalau kalian percaya gw spy jangan vote orang yang gw kawal,bluffing
aku cuma civilian yang kebetulan paling aktif baca chat,bluffing
gw udah peek seseorang tapi hasilnya aman dan itu bukan gw sendiri,bluffing
role gw jelas stalker bukan jahat jadi jangan asal lempar tuduhan,bluffing
hitman lagi pura pura jadi spy dan menurut gw dia itu si Joko,bluffing
aku spy asli kalau targetku diserang harusnya ada yang selamat malam ini,bluffing
gw gak punya alasan buat bohong karena gw civilian biasa,bluffing
gw civilian biasa kok jangan asal vote,bluffing
sumpah aku Spy dan semalam udah guard dia,bluffing
gw Stalker asli semalem peek si Raka hasilnya aman,bluffing
bukan Hitman ya guys gw cuma warga biasa,bluffing
aku udah cek role orang semalam dan dia bukan Civilian,bluffing
kalau gw Hitman ngapain dari awal bantu diskusi,bluffing
fix gw Spy target guard gw diserang tapi selamat,bluffing
gw Stalker cooldown jadi belum bisa peek lagi ronde ini,bluffing
jangan vote aku karena role gw penting buat tim,bluffing
sumpah lu salah nuduh gw bukan Hitman,bluffing
aku Civilian dan dari tadi cuma baca pola voting,bluffing
gw ngaku Spy semalam gw lindungin si Dimas,bluffing
si Bimo mencurigakan banget padahal gw Stalker dan udah peek dia,bluffing
bukan gw yang hostage semalem gw role pelindung,bluffing
gw punya info dari Peek tapi belum bisa buka semuanya,bluffing
kalau mau menang jangan eksekusi gw karena gw Spy,bluffing
aku bukan jahat guys roleku Stalker,bluffing
gw udah guard target yang benar jadi Hitman gagal nyulik dia,bluffing
yang nuduh gw itu kayaknya lagi nutupin role aslinya,bluffing
santai gw Civilian bukan dalang di balik semua ini,bluffing
semalem gw Peek dan hasilnya si Naya bukan Hitman,bluffing
gw Spy tapi belum mau sebut target guard biar gak dibaca Hitman,bluffing
jangan percaya dia gw Stalker dan punya hasil cek,bluffing
aku cuma warga biasa kenapa malah diserang terus,bluffing
fix bukan gw pelakunya semalem gw lagi jaga orang,bluffing
gw bisa buktiin kalau role gw Stalker dari info ronde lalu,bluffing
sumpah gw gak punya skill serang gw cuma Civilian,bluffing
siapa pun yang vote gw bakal bikin tim kehilangan Spy,bluffing
gw udah bilang dari tadi gw Stalker bukan Hitman,bluffing
target guard gw selamat jadi jelas gw Spy,bluffing
aku Peek si Reno dan dia kelihatan mencurigakan banget,bluffing
jangan termakan fitnah Gag Order gw gak bisa ngomong tadi,bluffing
gw kena bungkam mendadak karena Hitman takut role gw kebongkar,bluffing
bukan aku yang nyulik orang gw gak punya skill malam,bluffing
gw Civilian tapi analisis gw lebih masuk akal dari tuduhan kalian,bluffing
semalem aku guard si Tio jadi jangan vote dia dulu,bluffing
gw Stalker cooldown satu ronde jadi belum ada info baru,bluffing
kalau gw Hitman harusnya gw gak akan sejelas ini bela diri,bluffing
aku Spy dan bisa jadi targetku yang diserang semalam,bluffing
dia ngaku Civilian terlalu cepat fix patut dicurigai,bluffing
gw udah Peek dia hasilnya aman tapi geraknya masih aneh,bluffing
sumpah role gw bukan Hitman tolong jangan buang vote,bluffing
aku warga biasa yang penting jangan salah eksekusi orang,bluffing
gw guard dia semalam jadi kalau ada serangan berarti gw benar Spy,bluffing
jangan percaya klaim Stalker itu gw yang punya info Peek,bluffing
gw tahu siapa yang mencurigakan karena semalam berhasil intip,bluffing
Hitman pasti lagi nyari kambing hitam dan sekarang nuduh gw,bluffing
aku bukan pelaku hostagenya gw bahkan gak punya aksi jahat,bluffing
gw Spy asli dan role ini jangan sampai diketahui musuh,bluffing
kalau kalian eksekusi gw tim bakal kehilangan pelindung utama,bluffing
gw Civilian murni dan gak punya alasan buat bohong,bluffing
siapa yang lu jaga semalem sebagai Spy,probing
Spy semalem ngeguard siapa nih,probing
ada yang bisa kasih clue target yang dilindungi tadi malam,probing
lu jaga siapa semalem kalau emang Spy,probing
target yang lu kawal tadi malam siapa,probing
siapa yang menurut lu diserang Hitman semalem,probing
Spy jangan diem aja kasih info dong,probing
ada yang selamat dari serangan semalem gak,probing
semalem ada yang lu lindungin gak,probing
kalau lu Spy target guard lu siapa tadi malam,probing
siapa yang kelihatan aman setelah fase malam,probing
ada yang tahu siapa kemungkinan jadi target Hitman,probing
Stalker sudah peek siapa aja sampai sekarang,probing
lu semalem ngintip siapa dan hasilnya apa,probing
siapa yang udah dikonfirmasi role-nya sama Stalker,probing
Stalker jangan simpan info terus kita butuh petunjuk,probing
peek terakhir lu ke siapa,probing
ada yang bisa buktiin identitas pemain lain gak,probing
lu dapat role apa dari hasil peek semalem,probing
siapa yang lu curigai berdasarkan info malam,probing
yang di-guard semalem ada yang ngerasa diserang gak,probing
kalau ada serangan gagal targetnya siapa kira-kira,probing
siapa yang paling mungkin jadi sasaran Hitman tadi malam,probing
ada yang merasa dilindungi semalem atau cuma asumsi,probing
Spy bisa jelasin alasan ngeguard target itu gak,probing
kenapa lu pilih orang itu buat dijaga,probing
target guard lu ada hubungannya sama kejadian malam gak,probing
siapa yang menurut kalian punya info rahasia tapi belum buka suara,probing
lu diam karena kena Gag Order atau emang lagi nyimak,probing
siapa yang tadi kena Gag Order dan sebelum itu ngomong apa,probing
Hitman pakai Gag Order ke siapa tadi siang,probing
ada yang sempat dibungkam mendadak gak,probing
sebelum dibungkam lu lagi bahas siapa,probing
siapa yang paling diuntungkan dari Gag Order barusan,probing
lu punya info malam tapi takut spill ya,probing
ayo buka info role kalian pelan-pelan biar kelihatan polanya,probing
siapa yang bisa memastikan alibi malamnya,probing
semalem lu ngapain aja sesuai role lu,probing
ada yang targetnya berubah atau gagal melakukan aksi,probing
siapa yang belum pernah ditanya soal aksi malamnya,probing
lu ngepeek siapa atau memang bukan Stalker,probing
kalau kamu Spy siapa yang kamu kawal tadi malam,probing
apakah ada warga yang terasa aman karena dijaga,probing
siapa yang kalian lihat paling mencurigakan setelah malam berakhir,probing
ada info dari malam tadi yang belum dibagikan,probing
target aksi kalian semalam siapa tanpa perlu buka role dulu,probing
siapa yang punya alasan kuat untuk menyerang pemain tertentu,probing
apakah Hitman sudah memilih korban atau serangannya gagal,probing
yang kena hostage semalem ada yang mau cerita gak,probing
siapa yang terakhir berinteraksi dengan target sebelum malam,probing
gw mau tahu siapa yang lu lindungi semalem dan kenapa,probing
semalam siapa yang dijaga Spy? coba jujur,probing
Spy tadi malam nge-guard siapa? kasih clue dikit,probing
yang punya info malam pertama bisa buka suara nggak?,probing
siapa yang kalian lindungi semalam? jangan pada ngeles,probing
ada yang tahu target serangan Hitman tadi malam?,probing
Spy kalau masih hidup mending kasih petunjuk target guard,probing
Stalker sudah peek siapa malam ini?,probing
yang sempat mengintip identitas orang lain siapa?,probing
Stalker tolong bilang hasil peek lu biar kita nggak salah vote,probing
lu peek siapa semalam? jangan cuma diam,probing
ada yang di-guard tadi malam? merasa diserang nggak?,probing
siapa yang tiba-tiba selamat dari serangan Hitman?,probing
kalau ada yang gagal dibunuh semalam coba ngaku,probing
Spy guard orang yang sama lagi atau ganti target?,probing
target guard malam pertama siapa? ini penting buat baca pola,probing
Hitman semalam nyandera siapa? atau belum ada korban?,probing
ada yang merasa jadi target hostage tadi malam?,probing
siapa yang paling mungkin diserang berdasarkan aksi malam?,probing
"kita butuh info night action kalian satu-satu, mulai dari Spy",probing
yang punya role info jangan disimpan sendiri terus,probing
Stalker cooldown-nya sudah selesai belum? kalau sudah peek siapa?,probing
lu bilang punya info tapi targetnya siapa sebenarnya?,probing
siapa yang lu cek identitasnya semalam?,probing
kalau kamu Spy siapa yang kamu kawal tadi malam?,probing
ada alasan kenapa target guard kamu dipilih?,probing
kenapa lu yakin orang itu aman? ada hasil peek atau cuma feeling?,probing
siapa yang bisa memastikan si B bukan Hitman?,probing
ada yang melihat pola target Hitman dari malam sebelumnya?,probing
kalau Spy masih hidup kasih inisial target guard aja dulu,probing
Stalker jangan spill setengah-setengah deh peek lu ke siapa?,probing
siapa yang paling mencurigakan setelah aksi malam tadi?,probing
ada yang dapat perlindungan semalam? jawab jujur ya,probing
siapa yang tidak boleh di-guard lagi karena sudah dijaga kemarin?,probing
Spy kamu guard siapa di malam sebelumnya? jangan target yang sama lagi,probing
bisa jelasin kenapa kamu memilih orang itu buat dikawal?,probing
Hitman biasanya pilih target tertentu nggak? siapa yang paling diincar?,probing
yang kena Gag Order tadi sempat ngomong apa sebelum dibungkam?,probing
siapa yang menurut kalian punya informasi tapi sengaja menutup diri?,probing
kalau kamu Stalker kenapa belum kasih hasil peek?,probing
siapa yang identitasnya sudah kamu pastikan aman?,probing
ada yang tahu siapa target asli Hitman malam ini?,probing
jangan cuma nuduh dari vibe kasih tahu info malam kalian,probing
siapa yang kalian curigai karena gerakannya cocok dengan role Hitman?,probing
target guard dan target peek malam tadi siapa aja?,probing
kalau ada yang mengaku Spy bukti informasinya apa?,probing
kamu dapat info itu dari Peek atau cuma asumsi?,probing
siapa yang paling diuntungkan dari korban malam tadi?,probing
ada yang bisa cerita urutan aksi malam tanpa buka role langsung?,probing
siapa yang tadi malam kelihatan jadi sasaran tapi malah selamat?,probing
gw mau gali info dulu siapa yang punya aksi malam dan targetnya siapa,probing
sebelum voting siapa yang punya rahasia soal kejadian malam tadi?,probing
gw bukan hitman bro malah si Raka yang dari tadi ngarahin vote ke gw,deflecting
lu nuduh gw terus padahal yang paling mencurigakan si Dito karena diem aja,deflecting
jangan fokus ke gw dulu coba cek kenapa si Naya ganti-ganti alibi,deflecting
sumpah gw civilian biasa yang aneh itu justru si Bimo,deflecting
kalau gw hitman ngapain gw buka suara dari awal mending lihat si Sari yang pasif,deflecting
tuduhan lu ngawur banget si Fajar malah tiba-tiba ikut vote tanpa alasan,deflecting
gw gak ada skill aneh-aneh bro yang perlu dicurigai itu si Tio,deflecting
lu cuma lempar tuduhan biar perhatian pindah dari diri lu sendiri,deflecting
jangan asal vote gw lihat dulu siapa yang paling diuntungkan dari kematian semalam,deflecting
si Kiki lebih mencurigakan karena selalu ikut suara mayoritas,deflecting
gw bukan target yang tepat coba tanya si Rian kenapa dia terus bela si Vina,deflecting
kalau mau cari hitman jangan cuma dengerin omongan si Joko,deflecting
lu nuduh gw tanpa bukti padahal si Wawan dari tadi maksa banget,deflecting
yang gag order tadi malah bikin si Lala makin mencurigakan bukan gw,deflecting
gw cuma beda pendapat bukan berarti hitman si Oki justru ngeles terus,deflecting
fix yang panik itu si Nando bukan gw,deflecting
jangan keburu eksekusi gw mending perhatiin voting si Reta dari ronde kemarin,deflecting
gw gak ngerti kenapa gw terus diserang padahal si Ucup gak pernah kasih info,deflecting
siapa yang pertama nuduh gw coba cek dia sendiri jangan-jangan hitman,deflecting
lu bilang gw mencurigakan tapi si Yogi lebih sering hilang pas diskusi,deflecting
gw aman kok yang perlu diawasi itu si Caca karena alibinya tipis,deflecting
bukan gw yang nyari ribut dari tadi si Eko malah mancing semua orang,deflecting
kalau si Gita beneran stalker harusnya dia punya info bukan cuma nuduh gw,deflecting
gw cuma ngebela diri karena si Hani mulai nyari kambing hitam,deflecting
vote gw sekarang malah nguntungin hitman yang sebenarnya si Iwan,deflecting
jangan termakan provokasi si Jeni dia yang paling keras nyuruh eksekusi,deflecting
gw gak punya alasan bunuh siapa pun coba lihat pola vote si Koko,deflecting
yang berubah sikap setelah malam itu si Luki bukan gw,deflecting
lu fokus banget ke gw sampai lupa si Mita tadi gag order orang,deflecting
si Ojan lebih mencurigakan karena jawabannya selalu muter-muter,deflecting
gw bisa jelasin semuanya tapi kenapa si Pita malah terus motong chat gw,deflecting
kalau gw hitman harusnya gw diam bukan malah bantu analisis,deflecting
si Qori tiba-tiba nuduh gw setelah temennya mati itu sus banget,deflecting
jangan percaya si Rara dia cuma mindahin isu karena alibinya ketahuan,deflecting
gw bukan hitman serius yang ngatur arah vote itu si Seno,deflecting
si Tami kelihatan banget lagi cari target baru setelah tuduhannya gagal,deflecting
lu salah baca situasi si Udin yang paling diuntungkan dari tribunal kemarin,deflecting
gw cuma civilian dan gak punya info role siapa-siapa beda sama si Vero yang sok tahu,deflecting
coba tanya si Wira kenapa dia selalu muncul pas mau voting aja,deflecting
yang defensif dari tadi itu si Xena bukan gw,deflecting
si Yuda sengaja bikin gw kelihatan sus supaya dirinya aman,deflecting
gw gak pernah pakai gag order jadi jangan samain gw sama si Zaki,deflecting
kalau mau cari hitman lihat siapa yang paling cepat lempar nama orang lain,deflecting
tuduhan ini cuma pengalihan karena si Ardi takut identitasnya kebaca,deflecting
gw gak pernah klaim stalker yang ngaku begitu malah si Beni,deflecting
si Citra terlalu cepat percaya info palsu berarti dia patut dicurigai,deflecting
jangan eksekusi gw dulu karena si Danu jelas punya motif lebih kuat,deflecting
lu nuduh gw buat nutupin gerak-gerik si Evi yang dari malam gak pernah ngomong,deflecting
gw gak masalah diperiksa tapi vote si Fikri dulu karena dia paling mencurigakan,deflecting
sumpah yang main aman dan cuma ikut arus itu si Geri bukan aku,deflecting
"gw bukan hitman bro, yang dari tadi nuduh tanpa bukti itu malah mencurigakan",deflecting
"jangan fokus ke gw terus, si Raka dari awal juga ngilang pas diskusi",deflecting
"kalau gw hitman ngapain segitunya ngebela diri, coba cek si Dimas yang diem aja",deflecting
"tuduhan lu ngawur, mending bahas kenapa si Nia vote random kemarin",deflecting
"bukan gw yang aneh, justru lu yang buru-buru ngegas dari awal ronde",deflecting
"gw civilian kok, perhatian kalian salah target, si Bimo malah makin mencurigakan",deflecting
daripada nuduh gw tanpa dasar mending tanya si Sari soal aksinya semalam,deflecting
"lu nuduh gw karena panik ya, padahal yang gag order kemarin jelas bukan gw",deflecting
"sumpah gw bukan hitman, si Aldi yang terus ganti-ganti alasan itu lebih sus",deflecting
"kenapa gw terus yang dibahas, coba lihat si Fajar yang sama sekali nggak kontribusi",deflecting
"gw nggak punya alasan buat bohong, tapi lu sendiri belum jelasin kenapa vote si Rina",deflecting
"kalau mau cari hitman jangan cuma lihat yang vokal, pemain pendiam kayak si Tio juga patut dicurigai",deflecting
"bukan gw pelakunya, si Kiki malah menghindar tiap ditanya soal malam pertama",deflecting
"lu salah baca situasi, yang paling maksa eksekusi gw itu justru orang yang perlu kita cek",deflecting
"gw cuma ngasih analisis, kenapa malah gw yang diserang, coba perhatiin si Yuda",deflecting
"jangan lempar kesalahan ke gw, si Wawan dari tadi cuma ikut arus voting",deflecting
"aku tidak bersalah, tetapi sikapmu yang terlalu agresif justru lebih mencurigakan",deflecting
"saya warga biasa, sebaiknya kita menelusuri alibi pemain yang tidak aktif",deflecting
"tuduhan ini tidak berdasar, apakah kamu sudah menjelaskan tindakanmu pada fase malam",deflecting
"jangan abaikan si Maya hanya karena dia terlihat tenang, bisa jadi dia sedang menutup identitasnya",deflecting
"aku bukan Hitman, malah sejak awal si Reza yang mengarahkan semua orang untuk memilih target tertentu",deflecting
"kalau bukti kalian cuma karena gw banyak ngomong ya lemah banget, cek si Jono yang pasif",deflecting
lu bilang gw mencurigakan tapi belum jawab kenapa target lu selamat semalam,deflecting
"gw rasa kalian salah fokus, pola voting si Vina lebih aneh daripada pembelaan gw",deflecting
"bukan waktunya ngejar gw, bahas dulu kenapa si Eko mendadak menghilang setelah chat dibuka",deflecting
"sumpah demi tim gw aman, yang perlu diperiksa itu si Lala karena alibinya berubah-ubah",deflecting
"gw dituduh cuma karena beda pendapat, sementara si Doni ikut semua keputusan tanpa alasan",deflecting
"kalian mau eksekusi gw silakan, tapi jangan kaget kalau Hitman sebenarnya si Bagas",deflecting
"aku sudah menjelaskan posisiku, sekarang giliran dia yang menerangkan kenapa terus menghindari pertanyaan",deflecting
"yang bikin suasana kacau bukan gw, tapi si Nando yang dari tadi memotong semua analisis",deflecting
"lu terlalu cepat menyimpulkan, padahal si Putri punya riwayat vote yang paling mencurigakan",deflecting
"gw nggak pernah pakai Gag Order, tanya aja siapa yang paling diuntungkan dari pembungkaman itu",deflecting
"kalau aku Stalker pun aku nggak bakal buka identitas sembarangan, tapi perilaku si Seno jelas lebih sus",deflecting
"jangan percaya omongan si Riko mentah-mentah, dia yang pertama kali nuduh tanpa data",deflecting
"gw cuma salah baca satu hal bukan berarti gw Hitman, si Caca malah nggak punya kontribusi sama sekali",deflecting
daripada menghakimi saya sekarang lebih baik periksa inkonsistensi jawaban pemain lain,deflecting
"dia nuduh gw karena takut kebaca, coba lihat siapa yang paling diuntungkan kalau gw mati",deflecting
"fix bukan gw, si Oki kelihatan banget lagi mengarahkan voting ke target aman",deflecting
"jangan jadikan gw kambing hitam, bahas dulu kenapa si Tania selalu muncul setelah keputusan dibuat",deflecting
"lu curiga sama gw karena gw defensif, tapi si Arman juga defensif banget pas ditanya soal aksinya",deflecting
"gw nggak perlu ngarang cerita, yang bohong malah si Gita karena alibinya nggak nyambung",deflecting
"kalau memang mau menang jangan buang waktu eksekusi orang yang cuma banyak bicara, cek pemain yang pasif",deflecting
"aku memahami kecurigaan kalian, tetapi alasan yang sama juga berlaku untuk si Hasan",deflecting
"yang mulai tuduhan ini si Fikri dan sekarang dia malah diam, menurutku itu lebih mencurigakan",deflecting
"gw aman kok, jangan sampai Hitman memanfaatkan keributan ini buat menyingkirkan gw",deflecting
"lu nuduh gw buat nutupin jejak sendiri ya, karena voting lu dari tadi paling nggak konsisten",deflecting
"bukan gw yang bikin tim kehilangan arah, si Bela terus memecah fokus dengan tuduhan random",deflecting
"saya menolak tuduhan tersebut, dan saya menyarankan kita meninjau ulang perilaku pemain yang berubah setelah tribunal",deflecting
"gw udah kasih semua info yang bisa gw kasih, sekarang sorot si Kevin yang selalu ikut mayoritas",deflecting
kalau aku benar Hitman pasti nggak akan sebegitu terang-terangan membela analisis tim,deflecting
"jangan eksekusi gw cuma karena dia teriak paling keras, bisa jadi dia sedang mengalihkan perhatian",deflecting
si A dari tadi ngeles terus dan nggak kasih alibi jelas fix hitman,persuading
vote si B aja gerakannya paling mencurigakan sejak ronde pertama,persuading
menurut gw si C terlalu cepat nuduh orang lain buat nutupin jejaknya,persuading
jangan kejebak omongan si D dia kayaknya lagi pakai gag order buat bikin kita panik,persuading
si E diam terus pas diskusi padahal hitman biasanya main aman begitu,persuading
gw curiga berat sama si F karena alibinya berubah-ubah,persuading
kalau kita salah vote kali ini hitman makin bebas jadi eksekusi si G aja,persuading
si H paling sering menggiring vote tapi nggak pernah kasih bukti,persuading
fix si I sus dari cara dia membela si J tanpa alasan,persuading
vote si K sekarang sebelum dia sempat bikin kita saling curiga,persuading
aku rasa si L adalah hitman karena jawabannya selalu menghindar,persuading
si M tadi kena gag order dan menurutku itu bukan kebetulan,persuading
jangan vote acak si N paling mencurigakan dari pola chatnya,persuading
si O terlalu pasif buat ukuran civilian biasa kemungkinan dia hitman,persuading
gw nggak percaya si P dia nuduh orang hanya berdasarkan asumsi,persuading
kita harus eksekusi si Q karena dia terus memecah fokus diskusi,persuading
si R kelihatan tahu terlalu banyak padahal dia mengaku civilian,persuading
vote si S aja dia muncul cuma saat mau mengarahkan voting,persuading
menurutku si T sengaja bikin argumen berantakan supaya hitman lolos,persuading
si U paling sus dari semua pemain dan belum punya pembelaan kuat,persuading
kalau si V benar-benar spy harusnya dia bisa jelaskan alasan guardnya,persuading
si W mengaku stalker tapi klaim peek-nya nggak konsisten,persuading
gw yakin si X hitman lihat saja dia selalu ikut vote mayoritas,persuading
si Y terlalu agresif menekan pemain lain mungkin dia sedang menutupi perannya,persuading
kalian jangan tertipu si Z dari tadi cuma mengulang tuduhan tanpa bukti,persuading
aku usul kita eksekusi si A karena perilakunya paling tidak konsisten,persuading
si B jelas sedang cari kambing hitam supaya dirinya aman,persuading
vote si C dia bahkan nggak membantah tuduhan dengan serius,persuading
hitman pasti senang kalau kita terus debat tanpa target jadi pilih si D,persuading
si E terlalu cepat menyimpulkan bahwa semua orang aman itu mencurigakan,persuading
gw rasa si F bukan civilian karena dia paham pola serangan malam terlalu detail,persuading
si G tadi langsung mengarahkan voting ke si H tanpa alasan yang jelas,persuading
kita fokus ke si I dulu karena dia paling banyak bikin kekacauan,persuading
si J klaimnya sebagai spy terasa dibuat-buat dan datang di saat yang pas,persuading
menurut analisis chat si K punya pola defensif seperti hitman,persuading
jangan kasih kesempatan si L bicara lagi langsung vote dia,persuading
si M kemungkinan besar hitman karena terus memanfaatkan pemain yang kena gag order,persuading
vote si N aja dia selalu menunggu orang lain menentukan arah,persuading
si O bilang dia stalker tetapi belum pernah memberi informasi yang bisa diverifikasi,persuading
aku lebih percaya si P sebagai target eksekusi karena semua alibinya lemah,persuading
si Q makin dibela banyak orang justru makin sus menurut gw,persuading
si R terlihat sengaja menghindari topik soal aksi malam,persuading
kalau mau menang kita harus sepakat eksekusi si S sekarang,persuading
si T dari tadi cuma ikut arus dan itu gaya hitman yang takut ketahuan,persuading
gw sarankan vote si U karena dia paling sering mengubah pendapat,persuading
si V terlalu tenang setelah ada korban malam ini pasti dia tahu sesuatu,persuading
jangan pilih si W dia cuma civilian yang sedang kena fitnah,persuading
target paling masuk akal saat ini si X karena bukti chat mengarah ke dia,persuading
si Y belum memberikan kontribusi apa pun selain menuduh orang lain,persuading
fix kita eksekusi si Z sebelum hitman memakai gag order lagi,persuading
kalau kalian setuju kita bulatkan suara ke si A supaya tribunal kali ini nggak sia-sia,persuading
si A dari tadi ngeles terus pas ditanya role fix dia Hitman,persuading
vote B aja gerakannya paling mencurigakan sejak ronde pertama,persuading
jangan keburu percaya sama C dia cuma ikut arus biar aman,persuading
menurut gw D harus dieksekusi sebelum dia makin bebas bikin kacau,persuading
E terlalu aktif nuduh orang tapi nggak pernah kasih bukti,persuading
fix F Hitman lihat aja alasan dia selalu berubah-ubah,persuading
kalau kita salah vote G ronde ini Hitman bakal makin susah dihentikan,persuading
gw curiga berat sama H dia muncul cuma pas mau menggiring vote,persuading
tolong fokus ke I dulu karena jawabannya paling nggak konsisten,persuading
J kelihatan banget lagi cari kambing hitam buat nutupin perannya,persuading
daripada nebak-nebak mending kita eksekusi K yang paling mencurigakan,persuading
L dari tadi defensif banget padahal belum ada yang nuduh langsung,persuading
vote M sekarang dia kemungkinan besar dalang semua serangan malam,persuading
N ngaku punya info tapi omongannya muter-muter banget sus,persuading
gw yakin O cuma pura-pura bingung supaya lolos dari tribunal,persuading
P terlalu cepat membela Q jadi mereka bisa aja satu kubu,persuading
jangan buang vote ke pemain pasif R justru S yang aktif mengacau,persuading
menurut aku T adalah pilihan paling aman untuk dieksekusi hari ini,persuading
U ketahuan mengubah cerita setelah V kasih argumen kuat,persuading
kita harus kompak vote W kalau nggak Hitman bakal menang malam ini,persuading
X terus menghindari pertanyaan soal aksinya semalam,persuading
Y paling sering memancing debat lalu sembunyi saat diminta bukti,persuading
z bisa jadi Spy palsu karena klaimnya nggak nyambung sama kejadian,persuading
aku nggak percaya A2 yang baru muncul langsung nuduh orang lain,persuading
B2 keliatan sengaja bikin chat berantakan supaya target sebenarnya lolos,persuading
C2 selalu ikut vote mayoritas tanpa pernah punya pendapat sendiri,persuading
kalau dia benar Civilian harusnya jawabannya lebih jelas bukan malah menyerang balik,persuading
D2 punya pola mencurigakan tiap malam selalu ada alasan baru,persuading
gw rasa E2 adalah Hitman yang sedang cari target untuk Gag Order,persuading
F2 jangan dikasih kesempatan lanjut ronde karena buktinya sudah cukup,persuading
kalian lihat sendiri G2 paling panik waktu nama H2 disebut,persuading
vote I2 aja dia terlalu maksa kita pindah target,persuading
J2 kemungkinan sedang melindungi partnernya dengan nuduh K2,persuading
L2 kelihatan tenang bukan karena aman tapi karena merasa rencananya berhasil,persuading
aku minta semua fokus eksekusi M2 sebelum fase malam dimulai,persuading
N2 dari tadi cuma mengulang tuduhan tanpa menjawab kecurigaan ke dirinya,persuading
O2 paling masuk akal jadi Hitman karena jejak votingnya aneh,persuading
jangan sampai P2 lolos dia jelas sedang memainkan opini warga,persuading
Q2 terlalu cepat mengklaim aman padahal Stalker belum kasih info,persuading
R2 terus mengarahkan vote ke Civilian dan itu mencurigakan banget,persuading
sumpah S2 lebih layak dieksekusi daripada T2 yang sudah kasih penjelasan,persuading
kalau kalian masih ragu perhatikan U2 dia selalu muncul setelah konflik dimulai,persuading
V2 mungkin pakai Gag Order untuk membungkam orang yang hampir bongkar identitasnya,persuading
W2 harus keluar sekarang karena dia paling diuntungkan dari kekacauan ini,persuading
gw nggak mau ambil risiko biarkan X2 hidup sampai malam berikutnya,persuading
Y2 jelas bukan warga biasa cara bicaranya terlalu mengatur alur diskusi,persuading
z2 dari awal cuma pura-pura membantu padahal semua sarannya merugikan,persuading
ayo satukan vote ke A3 jangan terpencar atau Hitman bakal selamat,persuading
aku yakin B3 target yang benar lihat saja semua kontradiksi di chatnya,persuading
sebelum tribunal ditutup pastikan vote kita jatuh ke C3,persuading
gw civilian biasa jangan curiga dulu,claiming
sumpah aku Spy dan semalam aku jaga seseorang,claiming
aku Stalker bukan Hitman ya,claiming
fix gw Hitman kalau kalian berani percaya,claiming
gue ngaku Civilian murni dari awal,claiming
aku bukan sus dan role-ku Civilian,claiming
gw Spy tolong jangan vote gw pagi ini,claiming
dia bilang Stalker tapi sebenarnya gw yang punya info,claiming
aku Stalker dan baru bisa Peek malam ini,claiming
kalian boleh curiga tapi gw bukan Hitman,claiming
role gw Spy jadi jangan eksekusi aku dulu,claiming
saya warga biasa dan tidak punya skill apa pun,claiming
gw claim Civilian kalau ada yang mau bantah silakan,claiming
aku Hitman katanya tapi jelas itu cuma jebakan,claiming
fix aku Stalker bukan pengkhianat di sini,claiming
lu percaya aja gw Spy dan bisa Guard,claiming
gue bukan pelaku malam tadi role gue Civilian,claiming
aku claim sebagai Stalker dan siap kasih hasil Peek,claiming
gw Spy asli jangan sampai salah vote,claiming
role aku Civilian jadi jangan paksa aku buka info,claiming
sumpah demi tim gw bukan Hitman,claiming
aku adalah Spy yang bertugas melindungi warga,claiming
gw Stalker dan hasil intipanku bisa dicek nanti,claiming
kalian salah sasaran kalau vote aku karena aku Civilian,claiming
aku bukan sus role-ku jelas Civilian,claiming
gue berani claim Spy sekarang sebelum terlambat,claiming
gw Hitman asli katanya sih biar kalian panik,claiming
aku Stalker bukan orang yang kalian cari,claiming
role gw warga biasa jadi kontribusiku cuma analisis,claiming
saya mengklaim sebagai Spy dan siap dipertanggungjawabkan,claiming
aku bukan Hitman dan tidak punya akses Gag Order,claiming
gw claim Civilian siapa pun yang nuduh harus bawa bukti,claiming
lu bisa cek nanti aku Stalker bukan pembunuh,claiming
gue Spy dan malam kemarin sudah melakukan Guard,claiming
aku cuma Civilian jangan buang vote ke sini,claiming
fix yang ngegas ke aku itu bukan berarti gw Hitman karena aku Spy,claiming
role-ku Stalker dan aku punya alasan buat curiga ke dia,claiming
gw berani buka identitas aku Civilian,claiming
aku Hitman menurut kalian tapi sebenarnya aku Spy,claiming
sumpah gw bukan pelaku aku warga biasa,claiming
aku claim Stalker dari sekarang biar info tidak hilang,claiming
kalau perlu aku buka role sekarang aku Civilian,claiming
gw Spy jangan eksekusi aku sebelum malam berikutnya,claiming
gue bukan Hitman role asli gue Stalker,claiming
aku warga biasa dan tidak bisa melakukan aksi malam,claiming
role gw Spy jadi fokus cari orang yang mengaku palsu,claiming
aku Stalker dan klaim ini bukan buat cari aman,claiming
gw bukan sus aku Civilian yang dari tadi ikut diskusi,claiming
saya bukan Hitman melainkan Stalker,claiming
aku claim Spy kalau ada yang bisa membuktikan aku bohong silakan,claiming
gw civilian biasa bukan hitman,claiming
sumpah gue Spy dan semalam nge-Guard Raka,claiming
aku Stalker dan sudah Peek satu orang tadi malam,claiming
fix gue bukan Hitman cuma warga biasa,claiming
lu percaya aja aku Spy yang jagain tim,claiming
"gw Hitman, silakan kalau berani vote sekarang",claiming
aku claim Civilian dulu biar jelas posisi,claiming
dia ngaku Spy padahal gw Spy asli,claiming
gue Stalker tapi belum bisa buka hasil Peek,claiming
kami civilian semua jangan asal eksekusi,claiming
gw bukan sus dan role gw Civilian,claiming
saya mengaku sebagai Spy dan siap menjelaskan aksi malam,claiming
aku Hitman katanya? enggak lah gw warga biasa,claiming
role gw Stalker dan target Peek gw aman,claiming
lu jangan nuduh gw Hitman tanpa bukti karena gw Spy,claiming
gw claim Spy dari awal biar tidak ada yang salah paham,claiming
sumpah aku Civilian dan tidak punya skill malam,claiming
yang asli Stalker itu aku bukan dia,claiming
gue Hitman asli tapi jangan berharap gw gampang ketangkap,claiming
aku bukan role jahat gw cuma Civilian,claiming
gw Spy semalam ngejagain Dito jadi cek alibinya,claiming
dia bohong soal role karena gw Stalker asli,claiming
aku claim sebagai Stalker dan punya info penting,claiming
kalian boleh curiga tapi gw Civilian beneran,claiming
fix role gw Spy bukan Hitman,claiming
gw cuma warga biasa jangan dibungkam pakai Gag Order,claiming
aku Stalker dan Peek berikutnya masih cooldown,claiming
saya Civilian dan tidak terlibat aksi malam sama sekali,claiming
lu bisa percaya gw karena role gw Spy,claiming
gw Hitman jadi mending kalian salah vote aja,claiming
role gue Civilian siapa pun boleh cek dari pola main,claiming
aku Spy tapi belum mau sebut siapa yang aku Guard,claiming
yang ngaku Civilian itu mencurigakan karena gw Civilian asli,claiming
gw claim Stalker dan hasil intipanku ada di tangan,claiming
sumpah dia Hitman sedangkan aku Spy yang melindungi tim,claiming
aku bukan Stalker dan bukan Spy gw Civilian,claiming
gue role jahatnya Hitman jangan sok aman,claiming
kami para Civilian harus kompak cari Hitman,claiming
gw Spy asli kalau mati berarti tim kehilangan pelindung,claiming
aku Stalker dan bisa bantu bongkar identitas Hitman,claiming
dia cuma pura-pura jadi Spy karena gw yang pegang role itu,claiming
gue warga biasa tapi siap ikut keputusan Tribunal,claiming
claim gw jelas aku Hitman dan kalian sudah terlambat,claiming
aku Spy semalam gagal Guard karena targetnya kena serang bukan,claiming
gw Civilian jadi jangan berharap ada info dari fase malam,claiming
role gue Stalker dan malam ini belum bisa Peek lagi,claiming
lu boleh vote gw tapi ingat aku Spy yang asli,claiming
saya mengklaim sebagai Civilian dan tidak memiliki kemampuan khusus,claiming
gw Hitman yang selama ini kalian cari,claiming
aku role Spy dan siap jadi pelindung malam ini,claiming
dia ngaku Stalker tapi gw Stalker sebenarnya,claiming
anjir baru mulai udah tegang aja,neutral
chat siang dibuka lagi guys,neutral
malam ini chat dikunci ya,neutral
lah kok langsung masuk tribunal,neutral
gw masih loading suasananya,neutral
santai dulu baru debat,neutral
eh tadi siapa yang ngomong terakhir,neutral
kok sunyi banget pagi ini,neutral
waduh ada yang kena hostage ya,neutral
ternyata fase malam cepat juga,neutral
gw kira masih diskusi ternyata udah malam,neutral
sistemnya simpel tapi bikin panik,neutral
shadow heist ini lumayan bikin mikir,neutral
baru ronde pertama udah pada curiga,neutral
lah vote-nya seri ya,neutral
siapa yang belum ikut voting,neutral
tribunal dibuka guys siap-siap,neutral
kok nama gw muncul di layar,neutral
eh chat gw kekunci dong,neutral
lah siapa yang kena gag order,neutral
fiturnya unik juga bisa bisu mendadak,neutral
gw tadi mau ngetik malah nggak bisa,neutral
malam tanpa chat berasa sepi banget,neutral
semua aksi malam dilakukan diam-diam ya,neutral
oke kita tunggu hasil paginya,neutral
pagi lagi nih semoga jelas,neutral
waduh ada yang hilang dari ronde ini,neutral
ternyata yang selamat masih banyak,neutral
gw belum paham timing peek-nya,neutral
skill tiap role beda banget ya,neutral
spy bisa guard satu orang katanya,neutral
hitman bisa hostage di malam hari,neutral
stalker punya cooldown juga toh,neutral
cooldown-nya lumayan lama ternyata,neutral
civilian cuma bisa ikut diskusi ya,neutral
nggak ada ekonomi sama sekali di game ini,neutral
enak juga nggak ada sistem uang-urangan,neutral
jadi fokusnya murni baca gerak pemain,neutral
round ini berasa cepet banget,neutral
gw baru masuk langsung disuruh vote,neutral
lah kok pagi datang lagi,neutral
kayaknya servernya lancar hari ini,neutral
suara tribunalnya rame juga,neutral
aku masih nyimak dulu ya,neutral
kamu tadi sempat lihat pengumumannya nggak,neutral
dia dari tadi cuma baca chat,neutral
kita tunggu semua orang online dulu,neutral
mereka langsung ramai setelah chat dibuka,neutral
fix game ini bikin susah santai,neutral
seru juga lihat hasil aksinya,neutral
waduh malamnya langsung dikunci ya,neutral
lah kok udah masuk fase siang aja,neutral
anjir tribunalnya mulai sekarang,neutral
chatnya mendadak sepi banget,neutral
eh tadi malam ada yang berubah ya,neutral
gw masih loading aturan gamenya,neutral
santai dulu guys jangan pada panik,neutral
kok semua diem sih,neutral
lah suara chat gw hilang,neutral
ini yang gag order aktif bukan sih,neutral
buset suasananya tegang banget,neutral
baru ronde pertama udah pada curiga,neutral
gw kira malamnya bakal lebih lama,neutral
eh ada yang tahu kapan voting dibuka,neutral
wkwk sistemnya lumayan bikin deg-degan,neutral
kok nama pemainnya tinggal segini,neutral
lah langsung dieksekusi dong,neutral
aku masih bingung bedain fase siang sama malam,neutral
ini game beneran bikin overthinking,neutral
sabar ya kita baca situasi dulu,neutral
chat terkunci lagi guys,neutral
waduh ada yang kena hostage berarti,neutral
kok tidak ada notifikasi detailnya,neutral
mereka semua mendadak serius banget,neutral
gw cuma nunggu orang-orang mulai ngomong,neutral
fix suasananya lebih serem dari namanya,neutral
eh tadi siapa yang tiba-tiba hilang dari chat,neutral
aku baru masuk sudah ada tribunal,neutral
ini votingnya kelihatan semua ya,neutral
kamu dengar suara sistem juga tidak,neutral
wkwk baru mulai sudah heboh,neutral
kayaknya ronde ini bakal panjang,neutral
lah kok targetnya tidak kelihatan,neutral
semoga malam ini aman-aman saja,neutral
gw belum terbiasa sama cooldown skillnya,neutral
oh jadi malam itu semua chat memang dikunci,neutral
gila cepat banget proses eksekusinya,neutral
ada yang mau jelasin alur game singkat,neutral
aku kira Stalker bisa intip tiap malam,neutral
ternyata tiap ronde ada fase yang beda,neutral
kok tombol votenya belum muncul,neutral
lu jangan spam dulu sistemnya lagi jalan,neutral
ini benar-benar cuma adu omongan ya,neutral
wah pemainnya makin sedikit,neutral
sumpah efek malamnya bikin penasaran,neutral
tadi aku sempat kira koneksiku putus,neutral
eh sekarang sudah masuk pagi lagi,neutral
kami masih mencoba memahami mekaniknya,neutral
mereka ribut sementara aku baca chat,neutral
oke lanjut saja ronde berikutnya,neutral
si Raka dari tadi ngeles terus pas ditanya soal malam kemarin fix dia Hitman,accusing
gw curiga sama Naya karena dia tiba-tiba nuduh orang tanpa alasan jelas,accusing
chat si Dimas paling agresif tapi isinya cuma mancing keributan sus,accusing
si Bimo kena Gag Order pas mau bongkar info jadi kemungkinan dia dibungkam Hitman,accusing
menurutku Tio Hitman karena dia langsung ikut vote tanpa ikut diskusi,accusing
lu terlalu defensif dari awal ronde fix ada yang lu tutupin,accusing
si Vina paling mencurigakan karena ceritanya berubah-ubah terus,accusing
gw nuduh Ardi sebagai Hitman karena dia diam saat semua orang debat,accusing
yang pakai Gag Order ke Sari pasti takut kebongkar dan gw curiga itu si Reno,accusing
si Fajar tadi paling cepat mengalihkan topik pas ditanya target malam,accusing
fix si Lala Hitman karena tuduhannya ke orang lain terasa dipaksakan,accusing
aku rasa Bagas adalah Hitman karena dia selalu muncul setelah ada korban,accusing
si Caca mencurigakan banget dia cuma ikut arus vote dari tadi,accusing
gaya chat lu beda dari ronde sebelumnya apakah lu baru dapat role Hitman,accusing
gw yakin Hitman ada di antara yang membela si Joko terus,accusing
si Wawan kena Gag Order tepat sebelum kasih analisis penting jadi pelakunya harus dicurigai,accusing
Nina terlalu tenang melihat dua orang saling tuduh menurutku dia Hitman,accusing
si Aldi jawabannya muter-muter banget pas ditanya kenapa pilih target itu,accusing
lu yang paling diuntungkan dari korban malam ini jadi gw vote lu sebagai Hitman,accusing
si Siska dari awal cuma spam sus tanpa bukti kayaknya dia lagi nutupin jejak,accusing
aku menuduh Reza karena dia langsung tahu siapa yang kemungkinan dilindungi Spy,accusing
si Putri aneh banget baru aktif setelah diskusi hampir selesai,accusing
gw curiga Dito pakai Gag Order buat membungkam pemain yang mulai mendekati kebenaran,accusing
fix ini kerjaan si Galih dia dari tadi nyusun alibi terlalu rapi,accusing
si Maya terus menghindari pertanyaan soal pilihannya di ronde lalu,accusing
menurut gw Rian Hitman karena dia selalu mendorong vote ke target yang lemah,accusing
dia bilang tidak tahu apa-apa tapi kok analisisnya paling tepat soal serangan malam,accusing
si Yogi kelihatan panik pas namanya disebut dan itu red flag besar,accusing
gw rasa pelaku Gag Order adalah si Eko karena cuma dia yang punya alasan membungkam Tania,accusing
si Tania makin mencurigakan setelah tiba-tiba membela orang yang sudah dituduh,accusing
lu terlalu fokus cari Stalker padahal yang perlu dicari jelas Hitman,accusing
si Oki dari tadi nyari kambing hitam fix dia mafia di game ini,accusing
aku yakin Seno Hitman karena dia tidak pernah memberi pendapat yang benar-benar jelas,accusing
si Wira berubah sikap setelah malam kedua dan sekarang chatnya penuh pengalihan,accusing
gw vote si Intan dia paling mungkin melakukan Hostage semalam,accusing
si Deni selalu muncul untuk memperkeruh debat lalu menghilang saat diminta bukti,accusing
menuduh si Karin karena dia langsung percaya klaim role tanpa verifikasi,accusing
si Fikri bilang target malam aman padahal info itu cuma mungkin diketahui role tertentu,accusing
lu ketahuan bohong soal urutan vote kemarin jadi buat gw lu Hitman,accusing
si Mona kena Gag Order setelah mencurigai Bagus dan sekarang Bagus makin sus,accusing
fix si Bagus dalang semua ini dia selalu mengarahkan opini tanpa turun tangan langsung,accusing
gw tidak percaya sama klaim Civilian si Rudi karena dia terlalu hafal detail aksi malam,accusing
si Elsa paling mencurigakan karena selalu ikut vote terakhir,accusing
aku nuduh Yuda sebagai Hitman berdasarkan pola dia membela target yang salah,accusing
si Lia tiba-tiba menuduhku setelah aku menyebut nama dia ini jelas pengalihan,accusing
dia terus bilang semua orang sus tapi tidak pernah kasih analisis sendiri kemungkinan besar Hitman,accusing
si Niko sangat aktif saat diskusi biasa tapi diam ketika ada Gag Order mencurigakan banget,accusing
menurutku Sasa sengaja memancing konflik supaya suara tribunal terpecah,accusing
gw curiga sama Kevin karena dia tahu siapa yang tidak mungkin jadi korban malam ini,accusing
si Ayu jawabannya terlalu siap seperti sudah menyiapkan alibi sebelum ronde dimulai,accusing
lu kelihatan paling untung dari kekacauan ini jadi gw menuduh lu Hitman,accusing
si Raka dari tadi ngilang pas diskusi fix hitman,accusing
gw curiga sama Naya soalnya jawabannya muter terus,accusing
lu diem doang dari awal ronde kenapa sus banget,accusing
barusan gw kena Gag Order pas nuduh Dimas jadi dia patut dicurigai,accusing
si Bimo tiba-tiba nuduh gw setelah chat gw dibungkam fix dia hitman,accusing
menurutku Vina terlalu cepat ikut vote tanpa alasan jelas,accusing
dia aktif banget mancing keributan tapi nggak pernah kasih bukti,accusing
gw rasa si Tio hitman karena pendapatnya berubah-ubah terus,accusing
si Sari kelihatan panik waktu ditanya soal target malam,accusing
jangan percaya Arman dia cuma ikut suara mayoritas dari tadi,accusing
lu yang paling diuntungkan dari Gag Order tadi malam ya Dito,accusing
si Lala mendadak agresif setelah satu orang dibungkam aneh banget,accusing
fix Reza hitman gaya mainnya pasif tapi vote-nya selalu aman,accusing
aku mencurigai Maya karena dia selalu membela pemain yang mencurigakan,accusing
si Fikri jawabnya terlalu siap kayak sudah tahu kejadian malam,accusing
gw nggak yakin sama Kiki dia terus mengalihkan topik saat ditanya,accusing
Reno paling mencurigakan karena baru muncul saat voting dimulai,accusing
si Putri ngotot nuduh orang tanpa dasar mungkin dia sedang tebar fitnah,accusing
chat lu berubah banget setelah fase malam Beni sus,accusing
menurut gw Dena sengaja bikin diskusi kacau supaya hitman aman,accusing
si Aldi tadi kena Gag Order karena hampir membongkar pelaku,accusing
aku rasa pelaku sebenarnya Galih karena dia terlalu tenang saat dituduh,accusing
jangan sampai kita salah vote tapi si Wawan jelas paling mencurigakan,accusing
dia selalu online tapi nggak pernah kasih analisis berarti,accusing
gw lihat pola vote Sinta selalu menguntungkan pihak hitman,accusing
si Joko langsung nuduh balik tanpa membantah argumen gw,accusing
fix si Rani pelakunya dia cuma numpang di belakang opini orang lain,accusing
lu kenapa buru-buru mengunci vote ke Fajar sus banget,accusing
barusan chat Ardi dibungkam tepat setelah dia menyebut nama pelaku,accusing
si Niko kayaknya pakai Gag Order buat nutupin jejak sendiri,accusing
aku menuduh Tania karena ceritanya soal ronde malam tidak konsisten,accusing
gw curiga berat sama Yoga dia terlalu sering mengganti target tuduhan,accusing
si Caca nggak pernah membela diri dengan jelas pasti ada yang disembunyikan,accusing
kalau bukan hitman kenapa kamu terus menghindari pertanyaan itu,accusing
menurutku Bagas sengaja memecah suara supaya tidak ada yang dieksekusi,accusing
si Elsa paling mungkin hitman karena dari tadi memelintir ucapan orang,accusing
dia langsung menyerang pemain yang paling vokal kayak takut kebongkar,accusing
gw rasa Hendra dalang Gag Order tadi lihat timing-nya mencurigakan,accusing
si Intan berubah sikap setelah target malam selamat fix ada hubungannya,accusing
lu terlalu fokus nuduh aku padahal argumenmu kosong banget sus,accusing
aku yakin bukan kebetulan chat Jefri dibungkam setelah menuduh Riko,accusing
si Riko mendadak jadi pendiam setelah namanya disebut di diskusi,accusing
gw lihat Kevin cuma ikut arus dan itu sering banget jadi gaya hitman,accusing
Nina sengaja memancing voting cepat agar kita nggak sempat analisis,accusing
si Oki jawabannya paling tidak natural dari semua pemain,accusing
dia mengaku punya info tapi tidak pernah berani menyebut detailnya,accusing
fix si Pasha hitman karena tuduhannya selalu muncul setelah orang lain bicara,accusing
aku curiga sama Qori dia terlalu sibuk membersihkan namanya sendiri,accusing
si Rafi jelas sedang mengarahkan kita ke target yang salah,accusing
gw vote Seno dia paling sering bikin chat orang lain kelihatan mencurigakan,accusing
menurutku Tegar pelakunya karena dia selalu selamat dari tekanan voting,accusing
"sumpah bukan gw hitman, dari awal gw cuma civilian biasa",defending
"jangan asal vote gw, belum ada bukti jelas kalau gw hitman",defending
"gw gak nyandera siapa pun semalem, tuduhan lu ngarang banget",defending
"serius deh gw bukan sus, cuma tadi lagi baca chat",defending
kalau gw hitman harusnya gw gak bakal sejelas ini ngebela diri,defending
gw civilian dan gak punya skill malam jadi jangan paksa gw ngaku,defending
"tuduhan ke gw lemah banget, cuma karena gw telat ngomong bukan berarti hitman",defending
"bukan aku pelakunya, semalam aku tidak melakukan aksi apa pun",defending
kalian jangan langsung eksekusi aku cuma karena satu orang nuduh,defending
"gw gak pernah pakai Gag Order ke siapa pun, jadi cek lagi tuduhan kalian",defending
"aku bukan hitman, dari tadi justru bantu cari pola di chat",defending
"lu salah target kalau vote gw, bukti yang ada malah belum cukup",defending
sumpah gw gak nyerang siapa-siapa malam ini,defending
"jangan percaya fitnah itu, gw cuma warga biasa di game ini",defending
gw bukan sus cuma karena pendapat gw beda dari mayoritas,defending
kalau kalian eksekusi gw sekarang tim malah kehilangan civilian,defending
aku tidak bersalah dan tuduhan terhadapku hanya berdasarkan asumsi,defending
gw sudah jawab semua pertanyaan kalian dengan jujur,defending
si A nuduh gw tanpa dasar padahal dia sendiri dari tadi mencurigakan,defending
"bukan gw yang bikin korban malam ini, coba lihat pemain lain juga",defending
gw gak mungkin hitman karena semalam aksi gw gagal dan gak ada korban,defending
jangan alihin perhatian ke gw cuma gara-gara gw paling vokal,defending
aku Stalker bukan Hitman dan bisa bantu cari identitas kalau diberi waktu,defending
gw Spy dan tadi malam udah Guard seseorang jadi bukan gw pelakunya,defending
semalam gw Peek satu pemain dan hasilnya bukan gw yang dicurigai,defending
kalau aku Hitman aku tidak akan membela diri sekeras ini di Tribunal,defending
gw cuma salah baca situasi tadi bukan berarti peran gw jahat,defending
"lu bisa cek timeline chat gw, gw konsisten dari awal ronde",defending
"tuduhan ini cuma karena gw diam waktu chat dikunci, semua orang juga begitu",defending
gw bukan pelaku dan gak punya alasan buat nyandera siapa pun,defending
"jangan termakan omongan dia, Gag Order bisa dipakai buat bikin orang lain kelihatan bersalah",defending
aku tidak menggunakan skill apa pun malam tadi jadi jelas aku bukan Hitman,defending
gw ngerti kenapa kalian curiga tapi tetap aja bukti ke gw belum ada,defending
"santai dulu jangan langsung vote gw, kita bahas fakta satu-satu",defending
gw bukan sus hanya karena vote gw beda dari kalian,defending
kalau mau nuduh gw kasih alasan yang konkret jangan cuma bilang feeling,defending
aku memang kelihatan mencurigakan tapi peranku sebenarnya Civilian,defending
gw gak pernah komunikasi rahasia sama siapa pun karena fase malam chat dikunci,defending
yang nuduh gw malah berubah-ubah ceritanya sejak awal diskusi,defending
jangan eksekusi orang yang cuma aktif bertanya dan kasih analisis,defending
gw bersumpah bukan Hitman dan siap bantu voting pemain yang lebih mencurigakan,defending
kalau gw mati nanti kalian bakal kehilangan satu warga yang gak bersalah,defending
aku tidak membungkam siapa pun jadi tuduhan bahwa aku menyebar fitnah itu keliru,defending
gw tadi cuma mempertanyakan alibi dia bukan berarti gw sedang nutupin kesalahan,defending
jangan jadikan keterlambatan balas chat sebagai bukti gw Hitman,defending
aku sudah menyampaikan peranku dengan jujur dan tidak punya alasan untuk berbohong,defending
gw bukan target yang tepat karena semua tuduhan ke gw cuma asumsi,defending
kalian terlalu cepat percaya sama dia padahal alibinya lebih aneh dari gw,defending
aku civilian dan minta kalian fokus ke bukti bukan emosi,defending
fix bukan gw pelakunya karena semalam aku tidak punya skill untuk menyerang,defending
kalau masih ragu jangan vote aku dulu sampai ada informasi yang lebih kuat,defending
sumpah bukan gw Hitman cuma warga biasa,defending
gw dari tadi fokus nyari pola bukan nyusun rencana bunuh orang,defending
tuduhan itu ngarang banget aku belum kasih alasan buat dicurigai,defending
jangan asal vote aku cuma gara-gara tadi telat balas chat,defending
lu salah target aku bukan Hitman dan nggak punya skill serang,defending
aku Civilian kalau mau cek kontribusiku dari awal diskusi,defending
gw nggak diem mencurigakan gw cuma nunggu info yang jelas,defending
fitnah banget itu dia yang mulai nuduh tanpa bukti,defending
aku tidak bersalah karena semalam sama sekali tidak punya aksi,defending
jangan keburu eksekusi aku cuma beda pendapat bukan berarti jahat,defending
gw bukan sus justru dari tadi bantu analisis pola voting,defending
tuduhan ke aku lemah banget belum ada bukti konkret,defending
aku nggak mungkin Hitman karena argumenku konsisten dari awal,defending
lu cuma lempar tuduhan biar perhatian pindah dari diri lu,defending
sumpah aku belum pernah pakai skill apa pun di ronde ini,defending
kalau aku Hitman kenapa harus terang-terangan membela diri begini,defending
gw cuma salah baca situasi bukan berarti gw pihak jahat,defending
dia nuduh aku karena panik setelah ditanya soal target malam,defending
aku tetap di pihak warga dan siap menjelaskan semua tindakanku,defending
jangan percaya tuduhan kosongnya dia kita butuh bukti bukan asumsi,defending
gw bukan Stalker tapi itu bukan alasan buat langsung ngevote gw,defending
aku tidak pernah mengaku punya informasi yang tidak kumiliki,defending
lu salah paham sama chatku tadi maksudku bukan menuduh siapa-siapa,defending
aku cuma mengingatkan pola aneh kenapa malah aku yang dicurigai,defending
santai dulu jangan asal tribunal cuma karena gw kelihatan gugup,defending
gw yakin tuduhan ini sengaja dibuat buat mengalihkan fokus,defending
aku bukan Hitman dan tidak pernah memakai Gag Order ke siapa pun,defending
kalau kalian teliti justru votingku selalu mendukung warga,defending
tuduhan ini fix cuma kambing hitam karena dia nggak punya bukti,defending
aku sudah menjelaskan posisiku dari tadi tolong jangan dipelintir,defending
gw nggak punya alasan membunuh siapa pun aku cuma Civilian,defending
jangan eksekusi orang yang belum terbukti hanya karena chatnya singkat,defending
aku membela diri karena tuduhan kalian tidak sesuai fakta ronde ini,defending
dia terlalu cepat menunjuk aku padahal diskusi baru dimulai,defending
gw bukan pelaku malam tadi dan aku siap ikut cek alur kejadian,defending
kalian boleh curiga tapi jangan langsung menganggap aku Hitman,defending
aku nggak berusaha menghindar aku hanya meminta bukti yang jelas,defending
sumpah responsku tadi terlambat karena sedang membaca semua chat,defending
lu nuduh gw cuma dari satu kalimat itu nggak cukup buat eksekusi,defending
aku masih konsisten dengan pernyataan awal dan tidak menyembunyikan apa pun,defending
gw bantu cari Hitman bukan berarti setiap analisis gw harus dianggap mencurigakan,defending
tuduhan itu tidak berdasar aku tidak punya akses ke informasi malam,defending
aku warga biasa dan tidak tahu siapa yang diserang atau dilindungi,defending
jangan termakan provokasi Gag Order kalau argumennya tidak jelas,defending
gw bukan orang yang paling vokal tapi kontribusiku tetap ada,defending
aku tidak mengubah cerita dari awal sampai sekarang,defending
kalau kalian vote aku pihak warga malah kehilangan satu pemain penting,defending
dia menuduhku untuk menutupi gerak-geriknya sendiri menurutku,defending
aku serius bukan Hitman coba bandingkan semua pernyataanku,defending
gw cuma minta satu ronde lagi buat membuktikan kalau gw aman,defending
sumpah gw bukan hitman kok role gw civilian biasa,bluffing
gw stalker semalem udah peek satu orang dan dia aman,bluffing
aku spy dan tadi malam sudah guard pemain yang dicurigai,bluffing
jangan vote aku karena aku cuma warga biasa yang lagi cari petunjuk,bluffing
fix role aku spy bukan hitman seperti tuduhan kalian,bluffing
gw semalem peek si Raka dan hasilnya dia civilian,bluffing
kalau aku hitman harusnya dari tadi gw sudah bikin alibi yang lebih rapi,bluffing
aku stalker asli dan target intipku menunjukkan dia bukan hitman,bluffing
lu salah besar kalau nuduh gw hitman role gw cuma civilian,bluffing
gw guard si Dimas semalam jadi kalau dia selamat berarti info gw valid,bluffing
serius aku spy dan tidak mungkin aku membiarkan hitman menang mudah,bluffing
jangan percaya tuduhan itu aku role-nya stalker,bluffing
gw udah peek dia dan dia bersih tapi malah sekarang nuduh gw,bluffing
aku warga biasa tolong jangan buang vote ke aku,bluffing
fix yang maksa vote aku itu hitman yang sedang cari kambing hitam,bluffing
semalam aku guard kamu makanya kamu tidak kena serangan hitman,bluffing
gw bukan pembunuh role gw spy dan siap kasih info ronde depan,bluffing
kalau kalian eksekusi aku tim warga bakal kehilangan role penting,bluffing
aku stalker tapi cooldown peek-ku belum siap jadi belum bisa kasih nama,bluffing
sumpah demi tim aku civilian bukan spy palsu atau hitman,bluffing
gw sudah cek pola dia dari diskusi dan feelingku dia hitman,bluffing
aku spy dan target guard-ku tadi malam jelas bukan pemain yang nuduh aku,bluffing
lu semua jangan panik aku punya info peek yang bisa bantu tribunal,bluffing
role gw stalker dan hasil peek semalam membuktikan si Bimo aman,bluffing
aku tidak mungkin hitman karena dari awal aku paling aktif membela warga,bluffing
gw civilian tulen cuma kebetulan analisis gw lebih tajam dari kalian,bluffing
dia nuduh gw karena takut identitas hitmannya kebuka,bluffing
semalam gw berhasil guard target penting jadi serangan hitman gagal,bluffing
aku spy dan tidak akan membocorkan target guard supaya hitman tidak membaca pola,bluffing
santai aja role gw bukan jahat gw cuma stalker yang lagi kumpulin bukti,bluffing
gw peek si Naya dan dia bukan hitman tapi belum tentu role baik,bluffing
kalau aku benar hitman kenapa aku malah minta kalian cek alibi pemain lain,bluffing
aku warga biasa dan tuduhan ke aku terlalu dipaksakan,bluffing
fix dia lagi framing gw supaya tribunal salah eksekusi,bluffing
gw spy asli dan bisa jelasin kenapa targetku selamat pagi ini,bluffing
semalam aku intip satu pemain hasilnya aman jadi jangan asal vote,bluffing
aku stalker bukan hitman dan skillku cuma bisa dipakai tiap dua ronde,bluffing
tolong dengarkan dulu aku civilian yang kebetulan punya dugaan kuat,bluffing
gw guard si Ardi tadi malam karena feeling gw dia bakal diserang,bluffing
aku yakin hitman sedang menyamar sebagai spy dan sengaja mengarahkan vote ke aku,bluffing
role gw aman kok bukan hitman jangan termakan provokasi,bluffing
gw punya info dari peek tapi belum mau buka semuanya karena bisa dimanfaatkan hitman,bluffing
aku spy dan pilihan guard-ku kemarin sengaja bukan orang yang sama,bluffing
siapa pun yang dorong eksekusi gw kemungkinan besar sedang nutupin role jahat,bluffing
gw cuma civilian tapi bisa baca pola gag order dan tuduhan palsu mereka,bluffing
aku stalker semalam dan targetku terbukti bukan hitman,bluffing
jangan percaya dia aku sudah tahu dari awal kalau dia cuma pura-pura jadi warga,bluffing
kalau kalian vote aku tim warga bakal kehilangan satu-satunya spy,bluffing
gw bukan hitman sumpah gag order tadi bukan dari gw,bluffing
aku sudah guard pemain itu dan serangan malamnya pasti gagal karena perlindunganku,bluffing
sumpah gw bukan Hitman cuma Civilian biasa,bluffing
gw Stalker dan semalam udah Peek si Raka hasilnya aman,bluffing
jangan vote gw aku Spy tadi malam nge Guard kamu,bluffing
fix dia Hitman gw Stalker dan udah baca role dia,bluffing
aku bukan pengkhianat cuma warga yang salah nuduh,bluffing
semalam aku Guard si Bima jadi mustahil dia korban Hitman,bluffing
gw Spy asli jangan asal eksekusi sebelum dengerin penjelasan gw,bluffing
si Dito aman kok gw udah Peek dia tadi malam,bluffing
aku Stalker cooldown-ku masih aktif tapi targetku warga,bluffing
bukan gw Hitmannya gw cuma Civilian yang panik,bluffing
lu percaya aja gw Spy kalau nggak gw nggak mungkin tahu dia aman,bluffing
semalam gw ngawal si Naya dan ternyata dia selamat,bluffing
gw udah intip role si Fajar dia bukan Hitman,bluffing
jangan bungkam gw karena info gw paling penting di ronde ini,bluffing
aku Spy dan target Guard-ku diserang tapi berhasil selamat,bluffing
Hitmannya pasti orang yang nuduh gw dari awal bukan gw pelakunya,bluffing
gw Stalker asli cuma belum mau buka semua hasil Peek,bluffing
semalam aku cek si Tio dia Civilian jadi jangan vote dia,bluffing
gw warga biasa kalau mau eksekusi silakan tapi bakal rugi,bluffing
lu salah besar kalau ngira aku Hitman gw justru yang jagain tim,bluffing
aku sudah Guard pemain yang benar makanya tidak ada yang tumbang,bluffing
siapa pun yang klaim Spy selain aku kemungkinan besar Hitman,bluffing
gw Peek si Ardi dan role dia jelas bukan Hitman,bluffing
aku bukan Stalker palsu hasil bacaan gw bisa dipercaya,bluffing
fix gw Spy semalam targetku nyaris kena serangan,bluffing
kalau gw Hitman mana mungkin gw seberani ini buka role,bluffing
dia cuma pura-pura jadi Civilian padahal gw tahu role aslinya,bluffing
gw punya hasil Peek yang bikin si Rino kelihatan mencurigakan,bluffing
aku tadi malam melindungi si Sasa jadi dia bukan target yang gagal,bluffing
jangan termakan fitnah Gag Order itu gw masih pihak baik,bluffing
gw Stalker dan hasil intip terakhirku nunjukin si Yuda aman,bluffing
sumpah aku Spy bukan Hitman yang lagi cari kambing hitam,bluffing
si Wawan harus dipercaya karena semalam aku Guard dia,bluffing
gw cuma Civilian tapi analisis gw lebih masuk akal daripada klaim palsu lu,bluffing
aku sudah cek satu orang dan dia jelas bukan warga biasa,bluffing
kalau aku Hitman harusnya dari tadi sudah pakai Gag Order ke kamu,bluffing
role gw Stalker dan target Peek-ku ketahuan sebagai Spy,bluffing
jangan eksekusi aku karena gw satu-satunya Spy yang tersisa,bluffing
gw lindungi si Kiki tadi malam jadi kalau dia mencurigakan itu jebakan,bluffing
aku yakin si Beni Hitman karena hasil Peek-ku tidak mungkin salah,bluffing
bukan aku yang nyandera korban gw bahkan nggak punya skill malam,bluffing
gw ngaku Spy supaya kalian tahu siapa yang harus dijaga besok,bluffing
hasil pengintaian gw bilang si Lala aman dari tuduhan Hitman,bluffing
dia mengaku Stalker padahal gw yang benar-benar punya hasil Peek,bluffing
aku sudah Guard target penting tapi ada yang berusaha mengalihkan voting,bluffing
gw Civilian murni dan klaim role ini bukan pengalihan,bluffing
si Miko itu Hitman gw tahu dari Peek semalam,bluffing
kalau kalian vote gw berarti tim baik kehilangan Spy satu-satunya,bluffing
gw bukan pelaku penculikan semalam karena role gw nggak punya aksi itu,bluffing
aku Stalker dan sudah memastikan si Joko bukan ancaman,bluffing
lu boleh curiga tapi gw tetap Spy yang jagain tim ini,bluffing
siapa yang dijaga Spy semalam? kasih petunjuk dikit,probing
Spy jangan cuma diem dong semalam lu guard siapa?,probing
ada yang bisa klaim target guard malam tadi?,probing
Stalker semalam peek siapa? hasilnya apa?,probing
kalau ada Stalker coba buka info dari peek terakhir,probing
lu semalam ngintip siapa? jangan sampai info penting disimpan sendiri,probing
siapa yang kelihatan paling tahu kondisi malam tadi?,probing
target Hitman semalam siapa menurut kalian?,probing
ada yang merasa hampir diserang semalam?,probing
siapa yang tiba-tiba selamat padahal dicurigai Hitman?,probing
Spy kalau target lu diserang kasih kode dong,probing
lu bilang civilian tapi dasar klaimnya apa?,probing
yang ngaku Stalker peek pertama ke siapa?,probing
Stalker sudah pakai cooldown atau belum?,probing
malam tadi lu pilih siapa? jawab jujur ya,probing
kenapa lu yakin dia aman? dapat info dari mana?,probing
siapa yang paling mungkin dijaga Spy malam ini?,probing
ada yang bisa jelasin alibi aksinya semalam?,probing
lu tadi kena Gag Order atau cuma pura-pura diam?,probing
siapa yang chat-nya mendadak dibungkam? ada yang tahu alasannya?,probing
Hitman biasanya cari target aman atau yang vokal?,probing
menurut lu siapa target hostage semalam?,probing
kalau lu Spy kenapa orang itu yang lu guard?,probing
siapa yang punya info role paling jelas saat ini?,probing
Stalker hasil peek lu apa? jangan jawab aman doang,probing
ada yang ngeh siapa paling diuntungkan dari eksekusi kemarin?,probing
lu semalam ngapain sebelum chat dikunci?,probing
siapa yang lu anggap target paling mungkin diserang?,probing
kalau bukan Hitman lu bisa jelasin pilihan vote kemarin?,probing
kenapa lu langsung nuduh dia? ada info rahasia atau cuma feeling?,probing
siapa yang terakhir aktif sebelum fase malam dimulai?,probing
apakah ada yang dijaga dua malam berturut-turut? itu malah melanggar aturan,probing
Spy bisa konfirmasi apakah targetnya selamat karena guard?,probing
lu punya alasan apa buat bilang dia aman?,probing
Stalker cooldown lu sudah selesai belum sekarang?,probing
siapa yang menurut lu sebenarnya punya role pelindung?,probing
ada yang tahu kenapa korban semalam bisa jadi target?,probing
lu pilih siapa waktu malam? minimal sebut alasannya,probing
siapa yang paling menghindari pertanyaan soal aksinya?,probing
kalau lu Civilian kenapa info lu lebih banyak dari yang lain?,probing
ada yang semalam lihat pola mencurigakan dari target Hitman?,probing
siapa yang mungkin sengaja dipancing pakai Gag Order?,probing
lu dibungkam karena terlalu dekat sama kebenaran atau gimana?,probing
Stalker jangan bocorin semua tapi kasih tahu hasil peek lu,probing
menurut kalian siapa yang dilindungi tadi malam?,probing
siapa yang punya klaim role paling masuk akal?,probing
kalau Spy belum ngomong apa dia sedang menyembunyikan target?,probing
lu yakin dia aman karena hasil peek atau cuma asumsi?,probing
ada yang bisa bedain target hostage dengan pemain yang cuma dicurigai?,probing
siapa yang pertama kali mengusulkan vote dan apa dasarnya?,probing
kalau semua ngaku Civilian lalu siapa yang punya info malam?,probing
siapa yang lu guard semalam?,probing
Spy kalau ada boleh kasih clue target jagaanmu,probing
semalam ada yang diserang nggak? siapa yang tahu?,probing
gw mau cek nih ada yang merasa dilindungi tadi malam?,probing
Stalker sudah peek siapa aja sampai sekarang?,probing
siapa yang bisa memastikan targetnya selamat karena guard?,probing
ada yang punya info identitas dari fase malam?,probing
lu semalam jaga siapa atau cuma ngarang?,probing
kalau kamu Spy target guard pertama siapa?,probing
Stalker cooldown lu masih aktif atau sudah dipakai?,probing
siapa yang menurut kalian jadi target Hitman semalam?,probing
ada yang tiba-tiba merasa aman padahal dicurigai?,probing
gw pengin tahu siapa yang punya hasil peek valid,probing
yang ngaku Spy jelasin dong semalam ngeguard siapa,probing
apakah ada pemain yang seharusnya mati tapi ternyata selamat?,probing
lu dapat info role siapa dari peek kemarin?,probing
siapa yang terakhir kali kamu lindungi?,probing
kalau ada serangan semalam targetnya siapa menurutmu?,probing
ada yang bisa konfirmasi aksi malamnya tanpa buka role?,probing
Stalker ayo kasih petunjuk hasil intipmu kalau berani,probing
kenapa targetmu dipilih buat dijaga semalam?,probing
siapa yang kamu anggap cukup penting sampai harus di-guard?,probing
ada yang malam ini punya informasi baru soal identitas?,probing
lu beneran Spy atau cuma numpang klaim karena situasi?,probing
siapa yang bisa menjelaskan kenapa tidak ada korban pagi ini?,probing
kalau kamu Stalker sudah peek dua ronde lalu hasilnya apa?,probing
target guard semalam masih hidup kan?,probing
boleh tahu siapa yang kamu intip tanpa langsung menyebut rolenya?,probing
ada yang merasa dibungkam sebelum sempat cerita aksi malam?,probing
siapa yang paling mungkin jadi sasaran Hitman tadi malam?,probing
gw curiga ada Spy yang sengaja menyimpan info siapa targetnya,probing
kamu jaga orang yang sama lagi atau ganti target?,probing
siapa yang punya alibi paling jelas untuk fase malam?,probing
Stalker kalau hasil peek-mu aman berarti siapa yang dicek?,probing
ada yang tahu kenapa pemain itu bisa selamat?,probing
lu pilih guard berdasarkan siapa yang paling dipercaya?,probing
siapa yang klaim punya kemampuan tapi belum kasih bukti?,probing
bisa jelaskan urutan aksi malam kamu tanpa membocorkan semuanya?,probing
target peek kamu warga biasa atau role khusus?,probing
kalau tidak ada yang mati berarti guard berhasil atau Hitman gagal?,probing
siapa yang kamu lindungi dan kenapa bukan pemain lain?,probing
ada yang semalam melihat pola mencurigakan dari target tertentu?,probing
kamu sudah pakai Peek di ronde ini belum?,probing
siapa yang paling diuntungkan dari tidak adanya eksekusi malam?,probing
yang punya info malam tolong bilang apakah ada serangan,probing
lu dapat hasil peek yang bisa mempersempit tersangka nggak?,probing
kalau memang Spy siapa yang kamu guard pada malam pertama?,probing
ada alasan kenapa targetmu masih hidup sampai pagi?,probing
siapa yang bisa memastikan klaim Stalker itu bukan bluff?,probing
menurutmu siapa yang dijadikan Hostage oleh Hitman semalam?,probing
boleh gali sedikit info siapa yang kamu pilih saat fase malam?,probing
lu jangan fokus ke gw terus deh si Raka dari tadi paling mencurigakan,deflecting
bukan gw yang aneh coba cek aja si Dito dia malah diem terus,deflecting
kalau gw Hitman kenapa sih gw berani debat begini lihat aja si Bima,deflecting
jangan asal vote gw cuma karena tadi gag order kena ke gw si Naya lebih mencurigakan,deflecting
yang harus ditanya itu si Tio kenapa tuduhannya muter-muter terus,deflecting
gw bukan Hitman kalian malah ngelupain pemain yang dari awal pasif banget,deflecting
siapa tahu yang nyerang gw justru Spy gadungan coba perhatiin si Vina,deflecting
lu nuduh gw tanpa bukti padahal si Aldi yang klaim role duluan,deflecting
sumpah gw Civilian si Rian malah sering mancing keributan,deflecting
kalau mau cari Hitman jangan lihat gw doang si Sasa dari tadi jawabnya ngeles,deflecting
gw kena tuduh terus padahal yang paling mencurigakan jelas si Fajar,deflecting
jangan kejebak omongan gw cek aja pola vote si Karin,deflecting
si Lala tiba-tiba ikut vote terakhir itu lebih sus daripada gw,deflecting
gw cuma ngebela diri si Joko yang mulai lempar tuduhan duluan,deflecting
kalau gw jahat harusnya gw diam bukan malah bantu analisis si Riko,deflecting
yang pakai Gag Order tadi belum tentu korban bisa aja dia pura-pura,deflecting
si Mita terlalu cepat nuduh gw kayaknya mau nutupin sesuatu,deflecting
bukan gw yang bikin diskusi kacau si Ozi dari tadi provokasi,deflecting
lu semua salah target kalau vote gw si Poppy justru punya alibi paling lemah,deflecting
gw belum pernah dikawal bukan berarti gw Hitman lihat aja si Qori,deflecting
si Rendi ngaku Stalker tapi info Peek-nya samar banget fix mencurigakan,deflecting
daripada nuduh gw mending bahas kenapa si Seno ganti target vote,deflecting
gw cuma ikut arus tapi si Tami yang pertama kali ngarahin semua orang,deflecting
kalau ada serangan malam jangan langsung curiga ke gw bisa aja si Uli settingan,deflecting
si Vero malah hilang pas debat penting itu lebih aneh daripada respons gw,deflecting
bukan aku pelakunya coba periksa klaim si Wawan yang berubah-ubah,deflecting
kamu terlalu fokus ke aku padahal dia jelas menghindari pertanyaan,deflecting
saya tidak terlibat dalam serangan malam tetapi pemain itu terus mengalihkan topik,deflecting
jangan eksekusi aku hanya karena aku berbeda pendapat lihat pola si Yani,deflecting
menurutku tuduhan ke aku lemah sementara si Zaki punya banyak inkonsistensi,deflecting
gw bisa aja salah tapi si Beni jauh lebih layak dicurigai daripada gw,deflecting
lu bilang gw ngeles padahal si Caca yang tidak pernah kasih jawaban jelas,deflecting
kalau kalian percaya klaim itu berarti si Dena yang paling mungkin bohong,deflecting
aku sudah jelasin posisiku sekarang giliran dia menjelaskan kenapa memilih target itu,deflecting
jangan termakan drama gw rasa si Eko sengaja bikin kita saling vote,deflecting
gw aman kok yang perlu diperiksa justru si Fani yang terus mencari kambing hitam,deflecting
Hitman pasti senang kalau kalian vote aku sementara si Gita bebas berkeliaran,deflecting
aku bukan target yang tepat si Hadi terlalu agresif mengarahkan tribunal,deflecting
si Iwan mendadak berubah sikap setelah fase malam itu sus banget,deflecting
kalian curiga ke aku karena info si Jeni yang belum tentu benar,deflecting
gw cuma jawab pertanyaan jangan dibalik seolah-olah gw pelakunya si Kiki lebih mencurigakan,deflecting
si Luki pakai alasan yang sama dari tadi mungkin dia sedang menutup jejak,deflecting
kalau aku Hitman siapa yang gagal diselamatkan semalam coba tanya si Momo,deflecting
jangan percaya pemain yang paling keras nuduh bisa jadi si Niko sedang mengalihkan perhatian,deflecting
gw rela di-Peek kalau bisa tapi sekarang bahas dulu kenapa si Olla menghindar,deflecting
kamu menuduhku tanpa dasar sedangkan dia punya kesempatan paling besar melakukan Hostage,deflecting
si Paku yang mulai serang personal jangan biarkan dia memimpin voting,deflecting
bukan aku yang bikin target berubah si Qila tadi jelas mengarahkan semua orang,deflecting
kalau mau aman vote pemain yang klaim role-nya palsu yaitu si Raka bukan aku,deflecting
aku hanya Civilian dan kalian sedang dimanfaatkan oleh si Sari yang terlalu pintar bicara,deflecting
fix ini pengalihan isu karena si Tono terus menuduh gw tanpa bukti,deflecting
"gw bukan Hitman bro, malah dari tadi si Rian yang paling ngarahin vote ke gw",deflecting
"lu nuduh gw terus tapi belum kasih bukti sama sekali, coba cek si Dika yang diem aja",deflecting
kalau gw Hitman ngapain terang-terangan debat begini? Yang mencurigakan justru dia,deflecting
"jangan fokus ke gw dulu, semalam yang maksa semua orang skip itu si Bimo",deflecting
gw civilian biasa. Tanyain aja si Sasa kenapa ceritanya berubah-ubah,deflecting
"tuduhan ke gw terlalu gampang, kalian nggak lihat si Reno dari tadi mancing keributan?",deflecting
bukan gw yang aneh. Si Naya malah langsung nuduh tanpa nunggu diskusi,deflecting
"kalau mau cari Hitman jangan asal tunjuk gw, cek pemain yang paling pasif dulu",deflecting
gw nggak punya skill malam. Yang perlu dicurigai itu orang yang sok tahu hasil Peek,deflecting
lu bilang gw mencurigakan padahal dia lebih sering menghilang dari chat,deflecting
stop bahas gw terus. Si Arga tadi jelas banget membela orang yang belum tentu aman,deflecting
"gw nggak mungkin pakai Gag Order karena role gw bukan Hitman, tanya si Fikri aja",deflecting
yang mulai lempar tuduhan itu si Tio. Bisa jadi dia lagi nutupin jejak sendiri,deflecting
aku tidak menyerang siapa pun. Justru kamu yang sejak awal mengarahkan forum ke saya,deflecting
sebelum vote aku coba lihat kenapa si Lala terus ganti target,deflecting
gw dicurigai cuma karena telat balas? Siapa yang tadi malam ngaku punya info tapi nggak jelas?,deflecting
kalau aku Hitman pasti nggak akan sejelas ini. Menurutku si Vino lebih mencurigakan,deflecting
lu mau eksekusi gw tanpa alasan? Mending bahas si Kiki yang jawabannya muter-muter,deflecting
yang panik itu bukan gw tapi si Jefri. Dari tadi dia defensif banget,deflecting
gw cuma kasih analisis. Kalau ada yang bikin suasana kacau ya si Wawan,deflecting
jangan termakan framing dia. Bisa saja si Raka sengaja menjadikan gw kambing hitam,deflecting
aku tidak punya informasi malam ini. Namun perilaku si Mira jauh lebih janggal,deflecting
kalian terlalu cepat menuduhku sementara si Oki belum menjelaskan aksinya,deflecting
gw setuju cari Hitman tapi jangan lupa si Putri paling sering mengubah arah vote,deflecting
bukan aku yang membungkam chat tadi. Kalau ada yang punya Gag Order ya kemungkinan dia,deflecting
siapa yang paling diuntungkan kalau gw mati? Pikirin itu sebelum vote gw,deflecting
lu fokus ke role gw terus padahal si Aldi kelihatan sedang cover seseorang,deflecting
gw nggak pernah bilang punya Peek. Yang mengaku tahu identitas orang justru si Niko,deflecting
kalau tuduhanmu benar kenapa si Beni dari tadi ikut mengiyakan tanpa bukti?,deflecting
aku bisa menjelaskan posisi saya tetapi tolong cek juga kenapa dia tidak pernah ikut diskusi,deflecting
gw nggak nyembunyiin apa-apa. Yang jawabannya paling aman justru si Caca,deflecting
jangan langsung percaya sama si Yuda. Dia yang pertama kali menuduh gw tanpa alasan,deflecting
kalau aku Hitman harusnya aku diam dan ikut arus. Si Rendi malah terlalu sibuk mengatur vote,deflecting
yang aneh bukan respons gw tapi alibi si Seno yang baru muncul setelah ditanya,deflecting
lu bilang gw defensif? Coba lihat si Hana yang langsung nyerang semua orang,deflecting
aku sudah menjawab dengan jelas. Sekarang giliran si Galih menjelaskan kenapa targetnya berubah,deflecting
gw nggak punya alasan bunuh siapa pun. Yang perlu diawasi itu pemain yang pura-pura netral,deflecting
si Dito malah menuduh gw setelah namanya mulai disebut. Itu kelihatan banget kayak deflect,deflecting
jangan buang vote ke gw. Cari orang yang paling sering membela tersangka lain,deflecting
aku bukan pelaku dan tidak menggunakan Gag Order. Tuduhan ini lebih cocok diarahkan kepada si Fara,deflecting
gw cuma salah baca situasi. Tapi si Ilham sengaja banget bikin kita fokus ke gw,deflecting
kalau si Joko benar-benar Spy kenapa dia tidak pernah bilang siapa yang dia Guard?,deflecting
tuduhan ini lemah banget. Si Karin dari tadi ikut semua keputusan tanpa analisis,deflecting
gw nggak mungkin tahu identitas orang kalau bukan Stalker. Yang sok yakin justru si Luthfi,deflecting
kalian mau vote gw karena satu kalimat? Cek dulu si Maya yang terus memprovokasi,deflecting
aku rasa kalian sedang dipancing. Si Bastian terlalu cepat menyimpulkan bahwa saya Hitman,deflecting
gw nggak nyari ribut. Yang bikin diskusi melenceng itu si Tegar karena terus ganti topik,deflecting
"siapa pun bisa mengaku civilian. Jadi jangan cuma tekan gw, periksa juga alibi si Vero",deflecting
lu nuduh gw karena gw selamat malam ini? Bisa jadi Spy justru nge-Guard gw,deflecting
aku tidak akan mengalihkan isu. Tetapi alasan si Nanda menuduh saya memang belum masuk akal,deflecting
fix bukan gw. Kalau mau aman keluarkan si Riko yang dari tadi cuma ikut suara mayoritas,deflecting
si C dari tadi cuma ikut arus dan nggak pernah kasih alasan jelas fix mencurigakan,persuading
menurut gw kita eksekusi si D dulu karena jawabannya selalu muter,persuading
jangan buang vote ke pemain random si E paling sering bikin suasana kacau,persuading
si F terlalu cepat nuduh orang lain padahal belum ada bukti kuat,persuading
gw curiga berat sama si B karena dia diam terus pas diskusi,persuading
kalau kalian setuju kita fokus vote si A malam ini,persuading
si G kelihatan panik banget waktu ditanya soal aksinya,persuading
fix si H hitman karena tuduhannya berubah-ubah dari tadi,persuading
jangan percaya pembelaan si C dia baru aktif setelah dituduh,persuading
vote si D aja biar kita dapat petunjuk dari pola mainnya,persuading
menurut aku si E paling janggal karena selalu menghindari pertanyaan,persuading
gw rasa si F sedang menggiring kita supaya salah eksekusi,persuading
si B terlalu defensif untuk ukuran civilian biasa,persuading
kita harus kompak eksekusi si A sebelum dia terus mengacaukan diskusi,persuading
si H nggak punya alasan jelas kenapa menuduh si G,persuading
kalau si C memang innocent kenapa dari tadi nggak mau jelasin posisinya,persuading
sumpah pola bicara si D mirip hitman yang lagi cari kambing hitam,persuading
jangan terpancing omongan si E fokus saja ke kejanggalannya,persuading
gw yakin si F bukan spy karena klaim guard-nya nggak masuk akal,persuading
si G paling layak divote karena informasinya selalu telat,persuading
ayo arahkan vote ke si B dia terlalu aman dari tuduhan,persuading
si A terus memotong pembicaraan orang lain biar analisis kita berantakan,persuading
menurut kalian nggak aneh si H langsung ikut vote tanpa alasan,persuading
kita nggak boleh kasih kesempatan kedua ke si D kalau buktinya sudah sejelas ini,persuading
si E kelihatan seperti hitman yang sedang memanfaatkan konflik,persuading
gw mau vote si C karena responsnya terasa dibuat-buat,persuading
jangan vote gw lihat saja si F yang dari tadi cuma ikut mayoritas,persuading
si B kemungkinan besar jahat karena selalu mendorong target yang sama tanpa dasar,persuading
kalau kita salah pilih hari ini hitman makin bebas jadi eksekusi si G,persuading
si A punya pola aneh tiap ditanya selalu mengalihkan topik,persuading
aku lebih percaya analisis ini daripada pembelaan kosong si D,persuading
si H harus jadi prioritas vote karena dia paling aktif menyebar tuduhan,persuading
gw nggak melihat kontribusi si E selain bikin warga saling curiga,persuading
si F terlalu cepat membela si B jadi kemungkinan mereka satu kubu,persuading
kita semua lihat sendiri si C berubah sikap setelah fase malam,persuading
vote si G sekarang sebelum dia memakai narasi baru untuk lolos,persuading
si D mengaku punya info tapi tidak pernah menyebut sumbernya,persuading
menurutku si A sedang pura-pura bingung supaya tidak dicurigai,persuading
jangan biarkan si H mengontrol arah voting kita,persuading
si B paling mencurigakan dari timing tuduhannya yang selalu pas,persuading
gw usul eksekusi si E karena dia tidak membantu mencari pola sama sekali,persuading
kalau si F benar civilian harusnya dia lebih terbuka saat ditanya,persuading
si G jelas sedang cari aman dengan menunggu suara terbanyak,persuading
kita punya cukup alasan untuk mengeksekusi si C hari ini,persuading
si D kelihatan seperti sedang menyiapkan alibi sejak awal ronde,persuading
aku rasa si H adalah hitman karena agresif tapi minim bukti,persuading
si A jangan dipercaya dia terus memelintir ucapan pemain lain,persuading
ayo satu suara ke si B supaya kita tidak membuang ronde,persuading
si E terlalu tenang saat hampir semua orang saling menuduh itu aneh,persuading
gw yakin si F sedang menggiring opini warga ke target yang aman,persuading
si G sudah waktunya dieksekusi karena tidak ada kontribusi yang meyakinkan,persuading
"dari pola ngomongnya si A paling mencurigakan, mending vote dia",persuading
"si B dari tadi nuduh orang tanpa bukti, fix dia Hitman",persuading
"jangan keburu vote si C, tapi si D jelas banget ngelesnya",persuading
"gw rasa si A sengaja bikin kita bingung, eksekusi dia aja",persuading
"si B terlalu pasif sejak awal, kemungkinan besar dia Hitman",persuading
"kalau kita salah vote sekarang bakal bahaya, tapi si C paling layak dicurigai",persuading
"si D jawabannya muter terus, menurut gw langsung vote dia",persuading
"kalian sadar nggak si A selalu ikut suara mayoritas, itu mencurigakan banget",persuading
"fix si B dalangnya, dari tadi dia cuma manas-manasi warga",persuading
"gw nggak percaya sama alibi si C, mending kita eksekusi dia",persuading
"si A tiba-tiba diem setelah dituduh, itu tanda dia panik",persuading
"jangan buang vote ke pemain lain, fokus kita harus ke si D",persuading
"menurutku si B terlalu tahu situasi malam, vote dia sekarang",persuading
"si C kelihatan kayak lagi nutupin sesuatu, kita harus eksekusi dia",persuading
kalau si A bukan Hitman harusnya dia bisa jelasin dengan jelas,persuading
gw yakin si D pakai Gag Order buat mengacaukan diskusi,persuading
"si B paling sering mengubah pendapat, sus banget",persuading
"kita nggak punya banyak waktu, langsung keluarkan si C",persuading
dari semua pemain si A punya alasan paling lemah,persuading
"si D terus lempar tuduhan tapi nggak pernah kasih bukti, vote dia",persuading
"aku curiga berat sama si B, gaya mainnya cocok banget jadi Hitman",persuading
"si C terlalu cepat membela si A, jangan-jangan mereka satu tim",persuading
"lu lihat sendiri kan si D menghindari pertanyaan, fix ada yang disembunyikan",persuading
"jangan terpengaruh omongan si A, dia cuma mau menggiring kita",persuading
si B makin banyak bicara malah makin kelihatan bohongnya,persuading
kalau mau menang kita harus sepakat eksekusi si C,persuading
"si D dari awal cuma ikut arus, itu pola pemain jahat",persuading
gw vote si A karena responsnya paling nggak natural,persuading
kalian boleh beda pendapat tapi si B tetap target paling aman buat dieksekusi,persuading
"si C ngaku punya info tapi nggak pernah jelas, menurut gw dia Hitman",persuading
mereka yang membela si D juga mulai mencurigakan,persuading
"si A kayak sengaja menghilang saat diskusi penting, langsung vote aja",persuading
kita harus berhenti debat dan sepakat keluarkan si B,persuading
si C kelihatan terlalu tenang padahal ada korban tadi malam,persuading
"aku nggak mau ambil risiko, si D harus masuk Tribunal sekarang",persuading
si A terus nuduh pemain lain supaya dirinya aman,persuading
"lu jangan ketipu sama pembelaan si B, semuanya kedengaran dibuat-buat",persuading
menurut gw si C adalah tersangka terkuat dari pola votingnya,persuading
"si D selalu muncul setelah keputusan hampir bulat, dia cuma cari aman",persuading
kalau si A dibiarkan hidup kita bisa kalah malam ini,persuading
fix vote si B sebelum dia membungkam orang lain,persuading
"si C jelas sedang memainkan opini warga, eksekusi dia",persuading
gw rasa si D bukan Civilian karena informasinya terlalu tepat,persuading
"jangan pecah suara, semua pilih si A",persuading
si B sudah beberapa kali menghindari topik soal malam sebelumnya,persuading
aku yakin si C cuma pura-pura bingung buat menutupi perannya,persuading
"si D paling sering memancing konflik, itu kerjaan Hitman banget",persuading
kita nggak boleh kasih kesempatan kedua ke si A,persuading
"si B kelihatan panik waktu namanya disebut, vote dia sekarang",persuading
kalau kita percaya pola ini si C wajib dieksekusi,persuading
si D terlalu mencurigakan untuk dibiarkan sampai malam berikutnya,persuading
gw civilian biasa dan gak punya skill apa-apa,claiming
sumpah aku Spy dan tadi malam ngejaga satu orang,claiming
aku Stalker semalam sudah Peek satu pemain,claiming
fix gw bukan Hitman cuma warga biasa,claiming
lu boleh percaya atau enggak tapi gw Spy,claiming
"aku Hitman, eh bercanda jangan langsung vote",claiming
dia ngaku Civilian dari awal jadi agak mencurigakan,claiming
gw role Stalker dan info gw belum bisa dibuka sekarang,claiming
saya warga biasa dan tidak memiliki kemampuan malam,claiming
kami Civilian semua jangan asal eksekusi,claiming
aku bukan sus dan role-ku Civilian,claiming
gw Spy asli bukan klaim kosong,claiming
kalau mau tahu gw Stalker dan punya hasil Peek,claiming
lu bisa cek gw bukan Hitman karena gw Civilian,claiming
aku klaim Spy dari sekarang,claiming
role gw Stalker tapi cooldown Peek masih jalan,claiming
sumpah demi tim gw Civilian,claiming
dia bilang dirinya Spy tapi gw juga Spy asli,claiming
gw Hitman katanya siapa tahu ada yang percaya,claiming
aku tidak punya skill apa pun karena role-ku Civilian,claiming
fix aku Stalker dan semalam berhasil mengintip,claiming
gw bukan pembunuh ya role-ku cuma warga biasa,claiming
kalau aku mati nanti ingat gw sudah claim Spy,claiming
aku Civilian jadi paling cuma bisa ikut diskusi,claiming
lu jangan vote gw karena gw Stalker tim baik,claiming
gw klaim sebagai Spy yang tugasnya Guard pemain,claiming
dia mengaku Hitman tapi kayaknya cuma mancing reaksi,claiming
aku role Stalker dan belum mau sebut target Peek,claiming
saya mengaku sebagai Civilian dan tidak berbohong,claiming
gw bukan sus gw benar-benar Spy,claiming
role asli gw Civilian jangan dipaksa buka info lain,claiming
aku Hitman kalau kalian percaya ya silakan,claiming
gw Stalker bukan pengarang cerita random,claiming
si B ngaku Civilian tapi klaimnya telat banget,claiming
aku Spy dan tidak bisa Guard target yang sama dua malam berturut-turut,claiming
gw warga biasa jadi jangan berharap ada info malam dari gw,claiming
fix role gw bukan Hitman melainkan Stalker,claiming
kamu boleh curiga tapi aku tetap claim Civilian,claiming
mereka semua ngaku baik tapi aku satu-satunya Spy di sini,claiming
gw klaim Hitman cuma buat ngetes siapa yang panik,claiming
aku punya role Stalker dan info Peek akan kubuka nanti,claiming
sumpah gw Civilian bukan pemain jahat,claiming
lu percaya gw aja karena gw Spy yang lagi jagain tim,claiming
aku tidak bisa membungkam siapa pun karena bukan Hitman,claiming
gw claim sebagai warga biasa dari ronde pertama,claiming
dia tiba-tiba claim Spy setelah dituduh sus,claiming
aku Stalker dan bisa bantu bongkar identitas pemain,claiming
role-ku Civilian jadi voting kita harus hati-hati,claiming
gw Spy asli kalau Hitman mau bantah silakan,claiming
aku bukan Hitman dan tidak punya skill Gag Order,claiming
kami klaim sebagai tim Civilian yang sedang cari Hitman,claiming
gw civilian biasa jangan asal vote,claiming
sumpah aku bukan hitman aku cuma warga,claiming
aku spy dan semalam aku guard kamu,claiming
gw stalker semalem udah peek satu orang,claiming
fix gw hitman kalau berani vote aja,claiming
dia ngaku civilian tapi gerakannya sus banget,claiming
aku civilian dan dari tadi cuma ngikutin diskusi,claiming
gw spy jangan eksekusi orang yang aku jagain,claiming
kalian percaya aja aku stalker asli bukan ngarang,claiming
saya warga biasa dan tidak punya skill malam,claiming
aku bukan spy cuma civilian yang kebetulan selamat,claiming
gw klaim stalker dan hasil peek gw belum bisa dibuka,claiming
dia bilang dirinya spy tapi klaimnya berubah terus,claiming
aku hitman katanya tapi itu cuma bait ya,claiming
gw civilian murni kalau mati berarti salah besar,claiming
sumpah role aku spy dan target guard-ku masih hidup,claiming
aku stalker semalam peek dia hasilnya aman,claiming
jangan percaya gw hitman itu tuduhan ngawur,claiming
kita punya dua orang yang ngaku spy sekarang,claiming
gw bukan hitman bro role-ku civilian,claiming
aku mau terbuka dari awal aku adalah spy,claiming
dia mengaku stalker tetapi tidak pernah menyebut hasil peek,claiming
gw stalker asli dan punya informasi penting,claiming
aku civilian jadi jangan berharap ada info dari malam,claiming
fix dia bohong soal role karena aku spy yang asli,claiming
gw ngaku hitman biar kalian panik sedikit,claiming
aku tidak punya skill malam karena role-ku civilian,claiming
saya adalah spy dan siap menjelaskan target guard saya,claiming
gw peek dia semalam dan identitasnya bukan civilian,claiming
dia klaim warga tapi terlalu paham pola aksi malam,claiming
aku stalker dan cooldown-ku masih aktif ronde ini,claiming
bukan aku hitmannya role-ku cuma civilian biasa,claiming
gw spy tapi jangan minta guard target yang sama terus,claiming
aku klaim sebagai civilian karena memang tidak punya kemampuan,claiming
si A bilang dia spy padahal aku yang pegang role itu,claiming
gw hitman katanya cuma buat ngetes reaksi kalian,claiming
aku stalker semalam tidak melakukan peek karena cooldown,claiming
kalian boleh curiga tapi aku benar-benar civilian,claiming
gw role asli spy dan targetku berhasil selamat tadi pagi,claiming
dia mengaku hitman secara terang-terangan mungkin cuma cari perhatian,claiming
aku bukan stalker informasi itu bukan dari aku,claiming
gw civilian dan voting-ku berdasarkan alibi bukan role,claiming
aku spy jangan eksekusi pemain yang sedang aku lindungi,claiming
fix gw stalker karena tebakan identitasku selalu tepat,claiming
dia klaim civilian tapi langsung nuduh semua orang,claiming
aku mau claim sekarang role-ku adalah warga biasa,claiming
gw ngaku spy tapi belum tentu klaim ini jujur,claiming
saya tidak memiliki kemampuan malam karena saya civilian,claiming
aku stalker dan siap buka hasil peek kalau waktunya tepat,claiming
gw hitman palsu jangan langsung percaya klaim role,claiming
lah kok chat langsung dikunci,neutral
pagi juga semuanya,neutral
anjir rame banget sesi tribun ini,neutral
gw baru masuk udah mulai malam aja,neutral
eh tadi ada notifikasi hostage ya,neutral
kok suara sistemnya serem banget,neutral
wkwk nama gamenya Shadow Heist tapi tegang bener,neutral
aku masih nyesuaiin sama aturan gamenya,neutral
fase malamnya berasa cepet banget,neutral
siang gini enaknya baca chat dulu,neutral
lah kok tiba-tiba ada yang kena gag order,neutral
chat gw mendadak ilang anjir,neutral
fix sistemnya suka bikin kaget,neutral
ini semua pemain udah siap belum,neutral
gw kira tadi koneksi gw yang error,neutral
eh tribunalnya mulai sekarang ya,neutral
seru juga format voting langsung eksekusi,neutral
aku masih bingung tombol peeking ada di mana,neutral
kok malamnya sunyi banget ya,neutral
wkwk shadow heist lumayan bikin panik,neutral
si A tadi ngomong apa ya kok kelewat,neutral
chat dikunci lagi guys,neutral
gw baru mau ngetik malah masuk fase malam,neutral
notifikasi guard tadi muncul bukan sih,neutral
wah ada pemain yang kena gag order,neutral
sumpah efek suaranya bikin merinding,neutral
ini role-nya banyak juga ternyata,neutral
aku kira bakal ada uang atau brankas,neutral
ternyata game ini beneran tanpa ekonomi ya,neutral
lu pada udah paham alur siang malamnya,neutral
wkwk salah pencet vote bisa bahaya juga,neutral
pagi-pagi langsung disuruh tribunal,neutral
eh tadi ada yang bilang cooldown ya,neutral
cooldown peek-nya lama juga ternyata,neutral
gw suka bagian chat malam yang dikunci,neutral
suasana lobbynya mendadak serius,neutral
kok ronde ini berasa lebih panjang,neutral
aku cuma baca-baca dulu ya,neutral
wah efek hostage-nya muncul juga,neutral
siang datang lagi akhirnya,neutral
mereka pada heboh banget di chat,neutral
kita tunggu sistemnya selesai proses dulu,neutral
eh ternyata target guard bisa selamat ya,neutral
gw lupa kalau guard enggak bisa target sama dua kali,neutral
gamenya simpel tapi tetap bikin deg-degan,neutral
fix suara notifikasinya khas banget,neutral
aku masih belajar nama-nama role-nya,neutral
tribunal kali ini rame banget,neutral
jangan lupa chat dibuka lagi pas siang,neutral
mantap ronde baru sudah dimulai,neutral
semoga kali ini koneksinya lancar,neutral
wah malamnya lama juga ya,neutral
"chat langsung dikunci dong, kaget gw",neutral
pagi lagi ternyata,neutral
anjir langsung masuk tribunal,neutral
kok sunyi banget fase malamnya,neutral
gw kira masih bisa chat ternyata udah dikunci,neutral
shadow heist ini tegang juga ya,neutral
baru mulai udah disuruh voting,neutral
lah kok ada yang kena hostage,neutral
notifikasi paginya bikin kaget,neutral
gw masih bingung baca skillnya,neutral
oh jadi aksinya malam hari ya,neutral
siang begini chatnya rame banget,neutral
malam datang lagi guys,neutral
lah vote terbanyak langsung mati,neutral
oke sistemnya simpel juga,neutral
gw baru ngerti kalau chat malam dikunci,neutral
anjir ada yang kena gag order,neutral
kok mendadak dibungkam sih,neutral
tribunalnya berasa sidang beneran,neutral
gw kira ada uang ternyata zero economy,neutral
ternyata di game ini nggak ada polisi,neutral
role-nya lumayan banyak juga,neutral
hitman-nya serem juga kalau dipikir-pikir,neutral
spy bisa guard orang ya,neutral
stalker bisa peek identitas ternyata,neutral
cooldown dua ronde itu lumayan lama,neutral
nggak nyangka target guard bisa selamat,neutral
fase pagi selalu bikin deg-degan,neutral
gw belum sempat baca chat udah dikunci,neutral
fix ronde ini bakal panjang,neutral
kok semua orang langsung panik,neutral
aku masih santai kok di ronde ini,neutral
kamu juga bingung sama sistemnya ya,neutral
dia tadi tiba-tiba kena gag order,neutral
kita tunggu pagi aja deh,neutral
kami masih memahami aturan mainnya,neutral
mereka langsung heboh setelah tribunal,neutral
eh ternyata votingnya langsung eksekusi,neutral
sumpah efek hostage bikin kaget,neutral
gw baru tahu guard nggak bisa target orang yang sama terus,neutral
siang hari di sini berisik banget,neutral
malamnya malah hening total,neutral
suasana gamenya makin lama makin tegang,neutral
aku kira ronde pertama bakal santai,neutral
lah kok durasinya sudah habis,neutral
sistemnya lumayan unik juga sih,neutral
gag order muncul mendadak banget,neutral
semoga ronde berikutnya lebih jelas,neutral
oke lanjut aja kita lihat hasilnya,neutral
